# Blender 3.6.22
# www.blender.org
mtllib base3d.mtl
o base3d
v 0.570600 11.150304 -3.113805
v 6.968661 11.225162 4.324408
v 7.286321 11.301112 3.938217
v 7.110146 11.895775 4.009555
v 6.431659 10.474861 4.431673
v 4.846532 13.051558 3.646089
v 7.257565 12.354253 3.666507
v 5.223394 13.875973 3.399921
v 4.986929 13.219980 4.041375
v 6.050021 10.581405 4.087542
v 6.300899 13.774393 3.214127
v 6.551850 13.438642 1.588825
v 6.054028 10.948822 2.631129
v 6.814789 11.937527 1.382037
v 6.492989 12.696564 1.730355
v 5.796218 14.851385 3.604622
v 5.795527 14.621168 3.100404
v 5.294760 13.387058 2.831482
v 6.543624 13.873101 3.010924
v 4.571822 13.194244 2.724920
v 6.090330 14.022860 2.200750
v 6.394108 10.747961 4.987021
v 6.383032 11.017900 4.079454
v 6.001947 11.019637 4.655559
v 5.985100 11.184178 3.165720
v 6.487027 11.510491 1.458790
v 5.749859 15.470391 2.976312
v 6.164483 15.244943 2.518479
v 5.757477 14.027526 2.758911
v 6.371142 11.496168 1.783981
v 4.276016 9.726300 1.189817
v 6.170071 12.456505 1.416347
v 6.279804 13.458217 1.526130
v 6.039619 13.279422 0.893115
v 3.795952 9.500724 2.279870
v 4.035419 12.027215 0.675514
v 3.601494 11.896759 -0.938487
v 3.071382 10.779644 -3.021922
v 4.217574 12.458605 1.717434
v 4.635784 11.250000 -0.886271
v 3.685545 10.469179 -0.509909
v 3.227148 10.354851 -0.961427
v 4.016707 10.972527 -1.748195
v 2.623752 11.459282 -2.472463
v 2.717118 11.471468 -1.703210
v 5.129936 11.269441 0.309187
v 6.068764 12.341395 0.266162
v 6.035436 11.791592 0.259915
v 6.508940 11.957376 1.212193
v 3.790493 11.863954 2.208444
v 5.548466 11.994384 -0.702240
v 3.795518 12.413732 -1.670461
v 5.965347 11.362241 0.738476
v 4.775263 13.086637 0.575695
v 5.063305 13.000567 1.875412
v 4.286118 12.648720 0.217926
v 4.380418 12.962109 -1.397816
v 4.557274 12.749748 -0.489894
v 4.002415 11.010077 -3.079749
v 2.979210 10.665263 -1.422175
v 5.691552 15.411032 -2.514002
v 3.563890 11.157091 -3.433122
v 4.131311 11.521484 -3.656211
v 5.363260 15.412033 -3.133066
v 5.928765 14.816794 -4.622501
v 5.110005 13.421124 -2.930517
v 6.389048 15.206846 -3.751624
v 3.984613 14.789114 -4.853445
v 5.466472 14.714259 -4.540247
v 6.574135 13.165974 0.029930
v 6.235392 15.873305 -1.207538
v 6.354682 16.177511 0.971162
v 5.192359 11.467255 -1.392682
v 4.024430 12.681595 -1.051449
v 3.266629 10.295167 0.713377
v 3.712698 10.495622 0.494941
v 5.981851 10.847296 0.412932
v 5.557241 11.271233 -0.778532
v 4.973288 10.953918 0.077246
v 5.873157 11.840610 -1.047299
v 6.687866 11.342113 0.757806
v 4.848616 12.332582 -0.846574
v 4.653361 12.134117 -0.149978
v 4.503613 11.671844 -0.079904
v 4.095518 12.155352 -0.893344
v 5.630044 12.599789 0.493085
v 5.101563 11.648137 -0.952392
v 4.082701 11.713972 -0.993187
v 4.090554 11.357306 -1.884236
v 4.162467 11.477448 -0.733190
v 4.066539 12.309552 -4.261546
v 2.414223 11.136425 -3.608820
v 1.753236 11.157036 -3.194148
v 3.364403 10.436877 -6.122350
v 4.405758 10.854890 -5.767002
v 4.147046 12.717248 -5.752084
v 1.690684 10.279195 -5.487319
v 3.103712 14.225083 -6.666489
v 5.415046 16.402231 -5.393177
v 3.921205 11.049926 -4.526341
v 2.035016 10.366474 -5.889582
v 3.368018 15.983649 -6.016158
v 0.023894 13.123587 -6.752588
v 3.697018 14.487344 -6.152159
v 3.642740 12.720141 -6.702402
v 3.465708 10.486545 -6.459387
v 2.178298 12.500875 -7.138091
v 0.506347 12.657307 -7.325155
v 2.142407 10.684972 -5.663700
v 4.045585 10.627811 -6.393701
v 1.063809 11.011258 -6.085976
v 3.329713 10.865075 -5.143621
v 2.724237 12.962398 -7.071136
v 1.686676 12.546250 6.277669
v 1.630621 15.012005 6.514304
v -1.477893 15.834444 5.358424
v -0.586823 14.145319 5.165302
v 3.766145 14.112103 5.833236
v 4.971433 15.572327 5.325272
v -0.372663 12.064268 4.747381
v 4.224836 14.568359 5.226185
v 3.607865 13.983941 5.130131
v 3.995725 13.963541 4.546378
v 5.035870 16.224611 4.423865
v 3.580633 12.104565 3.198025
v 1.242751 12.301081 6.631984
v 3.609649 12.611869 4.699301
v 1.631840 12.518149 4.769160
v 2.887321 12.482272 4.359634
v 3.218220 13.002360 4.654836
v 4.219709 13.042433 3.204309
v 1.210602 10.814619 3.869614
v 0.216421 15.333204 5.180260
v 3.101053 13.310807 5.893337
v 4.211982 11.777475 3.588253
v 2.156314 14.672738 4.934559
v 1.925546 14.953268 6.758392
v 3.403171 14.207626 5.132235
v 3.258158 13.907394 5.779955
v 3.155783 11.627647 3.432442
v 3.739722 14.498238 5.571769
v 2.948171 13.502978 4.587805
v 1.203474 13.978686 5.060496
v 1.980965 16.036348 5.110019
v 3.222860 15.958246 5.381072
v 3.641521 15.164427 5.340905
v 3.210787 15.456574 5.685165
v 3.035915 15.338523 4.899588
v 2.340744 12.942622 6.396419
v 3.244844 14.880245 4.936199
v 4.571943 14.734582 3.994578
v 3.180291 15.889194 4.896972
v 4.534896 13.997972 3.798573
v 4.186378 14.620199 3.866853
v 3.375562 13.828489 4.954918
v 3.507704 11.276834 3.826894
v 2.974609 11.429510 3.189114
v 3.709065 11.258661 3.218427
v 3.150954 14.722151 4.672770
v 3.596375 13.873868 4.045310
v 3.159369 10.477421 -0.311192
v 1.940601 10.489612 2.551630
v 2.048522 9.155507 1.720791
v 1.507913 10.272890 0.121155
v 2.004633 9.664742 1.315754
v 1.481268 10.457088 0.338255
v 0.756168 10.854784 -2.335412
v 1.330752 10.385163 -1.209886
v 1.516923 10.550315 -0.453305
v 2.105514 10.130136 -1.142330
v 2.501327 10.513264 -0.019482
v 2.227814 10.871137 -0.327346
v 3.128053 9.722286 1.543900
v 2.047567 10.301552 -0.412944
v -0.496184 9.755003 1.946266
v 2.201430 9.992353 -1.640961
v 1.616009 10.097307 -1.453720
v -1.126631 10.761947 4.051127
v -1.135496 9.747780 2.790109
v 1.049706 9.995626 2.064253
v -2.647640 10.190800 3.282991
v 2.208178 10.527033 1.229737
v 3.383080 11.701044 2.759365
v -4.549357 10.434731 -5.140612
v -4.311170 10.621927 -4.533166
v -4.033530 9.741053 -2.905863
v -3.388683 9.933784 -3.038938
v -4.864984 11.639709 -5.443587
v -4.387146 11.276816 -6.209892
v -1.404688 10.092411 -7.286317
v -3.833074 12.302670 -5.852789
v -3.363875 10.614352 -6.859756
v -4.690560 15.044964 -6.065835
v -3.929903 10.822870 -4.470614
v -4.520486 11.045069 -5.203894
v -3.119985 13.308598 -6.030675
v -0.012178 10.252161 -6.001250
v 0.689652 10.264066 -2.548242
v -0.370017 9.728477 -3.292109
v -1.832137 11.082086 -4.803727
v 0.833604 11.377471 -6.838861
v -1.649515 13.256560 -6.397719
v -2.345357 15.374115 -6.476926
v -5.781808 14.853922 -5.587415
v -4.064122 10.410413 -4.214356
v -4.365254 10.858391 -4.595938
v -4.117886 10.122025 -4.640754
v -3.884060 11.839049 -5.693661
v -0.772900 10.689240 -6.267401
v 0.171346 10.981194 -6.183169
v -2.656432 10.687469 -7.473395
v -0.752641 11.269422 -7.534290
v -2.634923 10.327615 -2.699100
v -0.014483 10.614048 -2.613830
v -2.508168 10.813766 -6.425297
v -4.170043 10.406429 -1.743637
v -3.959550 10.715171 -4.102170
v -3.693043 11.109687 -3.266805
v -2.568179 9.700299 -2.989861
v -2.019184 11.141423 -3.488270
v -4.629334 11.640524 -5.309329
v -2.888870 11.333103 -7.112788
v -1.615999 10.653270 -2.925236
v -3.392996 11.469608 -5.495372
v -3.866503 11.183422 -5.846655
v -1.853388 10.017496 -3.216163
v -4.383935 10.910206 -2.918935
v -3.118793 10.645137 -2.718807
v -4.170376 10.765844 -4.450271
v -4.979413 9.984676 -4.273613
v -4.176536 10.136958 -2.443716
v -5.114333 11.236968 -5.006510
v -2.263394 14.040963 4.996246
v -4.641535 15.954250 4.144456
v -3.765514 15.039012 4.615440
v -3.734381 9.815119 1.745441
v -4.227473 11.537510 3.622071
v -6.230090 14.695354 2.935816
v -7.155053 12.458194 1.082808
v -6.479610 12.909283 2.558041
v -3.501150 9.813327 0.676048
v -3.937392 10.011497 0.033656
v -7.089756 13.222360 3.176474
v -6.908897 12.087293 2.810881
v -6.462090 11.974664 2.288791
v -2.188183 11.458304 4.334478
v -7.947935 12.840871 2.783614
v -6.431334 11.346119 1.327987
v -4.446639 10.495854 2.623159
v -8.753691 14.111068 1.637435
v -7.934827 12.163383 1.258342
v -7.204274 16.599766 3.570264
v -6.837667 16.302446 3.029060
v -9.238409 14.608743 1.875129
v -7.471714 12.463822 2.417453
v -6.912573 11.954249 1.065281
v -7.052354 11.008359 1.523528
v -6.859587 11.873426 2.114868
v -4.293059 10.224915 -0.796506
v -5.280446 10.380985 0.287481
v -6.723433 11.311145 1.507012
v -9.196533 12.321062 -3.205801
v -7.586521 12.028328 -4.852826
v -9.253708 15.143480 0.319591
v -7.570360 11.485210 -4.512710
v -8.920406 15.138718 0.096608
v -8.975390 14.844893 -0.424045
v -8.997965 11.606369 -3.247240
v -8.786711 13.694676 -0.030437
v -8.025968 11.455935 -3.079648
v -7.388221 12.390924 -2.777391
v -8.425087 14.052963 0.240374
v -8.841557 13.698184 1.052668
v -9.510778 13.323067 -1.417868
v -7.872458 13.675591 0.413363
v -8.812518 14.016775 -0.933294
v -6.562174 15.033516 -4.837625
v -8.230921 15.149247 -2.990684
v -7.686731 15.430909 -3.916466
v -8.168524 14.148600 -3.106236
v -8.314004 15.631732 -1.828382
v -6.602993 10.916369 -4.683386
v -6.591732 16.052402 -4.969546
v -7.614799 11.282692 -3.168928
v -8.343071 11.002644 -3.349747
v -9.655269 11.725960 -2.371489
v -8.124561 11.821339 -2.872626
v -9.190131 11.417727 -0.141729
v -8.892784 10.278806 0.022703
v -6.307228 11.672702 -1.715124
v -9.202891 16.028616 0.584826
v -6.502378 11.215262 -3.800959
v -7.250451 11.692136 -2.933911
v -5.697081 11.977523 -4.235363
v -8.799126 10.790298 -0.631501
v -5.346022 10.773594 -4.403838
v -7.558490 11.506643 -3.666783
v -7.403366 11.778217 -4.466547
v -7.130587 12.119432 -3.864273
v -7.214834 11.332088 -3.720264
v -7.866763 11.745480 -3.939320
v -7.092709 12.337962 -3.711744
v -8.563473 12.289778 -0.657137
v -5.626757 11.929955 -4.758786
v -6.515574 11.918798 -3.840635
v -4.263047 11.573002 -4.373420
v -7.896335 12.133302 -3.647759
v -7.492106 12.537371 -4.441632
v -7.878671 12.436800 -4.131568
v -7.913090 9.759522 0.474503
v -9.636818 12.112188 -0.921994
v -8.971882 11.227160 -1.866688
v -9.230165 13.910673 -1.891732
v -9.060165 14.727742 -1.636710
v -8.928784 12.999688 -0.733907
v -8.708019 14.963750 -0.758757
v -6.605377 12.369078 -3.289913
v -9.202736 13.963434 -1.271817
v -5.769583 10.383561 -4.428521
v -7.654381 13.002768 -0.228787
v -7.450035 12.871535 -1.192650
v -8.238535 12.998885 -0.692630
v -6.934475 12.819849 -2.035218
v -6.107642 12.231607 -2.715605
v -8.526193 13.588097 0.663262
v -9.582256 12.099083 -2.601310
v -6.022289 11.463589 -4.207589
v -6.720313 11.608883 -4.038070
v -9.399308 11.183504 -1.911879
v -8.842458 11.517687 -2.986898
v -8.388710 11.880007 -1.950321
v -8.683347 10.411306 -0.959970
v -8.575893 9.728339 0.160997
v -8.140531 10.214604 0.059956
v -8.328022 10.712051 -1.011852
v -4.455519 9.938342 -0.989200
v -6.612723 11.682032 -0.614154
v -9.455680 10.849334 -0.335872
v -5.744623 12.428696 -3.436490
v -5.235371 11.696162 -3.267920
v -5.341729 10.048035 -2.045393
v -7.427644 10.918975 -3.413987
v -6.953735 11.132236 -4.134403
v -5.399099 9.932774 -0.803798
v -5.025426 10.021833 -1.437792
v 6.020293 16.333691 3.035280
v 5.886129 16.269968 2.468561
v 7.243171 18.394674 3.832109
v 6.527262 18.958221 2.607481
v 6.300564 17.549307 2.358356
v 5.672746 16.942059 4.719722
v 7.777344 18.270895 3.698571
v 6.693179 17.956377 2.569791
v 6.338166 19.199125 3.248667
v 6.852068 18.162476 3.266260
v 6.697376 20.555256 2.947484
v 5.053920 21.185415 3.907531
v 7.944949 18.313160 2.846791
v 7.781364 17.526470 2.345184
v 7.603714 19.935551 2.689739
v 7.827288 17.312824 0.790417
v 7.147095 21.220749 2.554715
v 6.063500 21.674400 2.400914
v 5.592464 16.718769 4.294587
v 5.847225 17.678581 3.379632
v 7.522627 20.791159 1.306194
v 7.337195 17.784166 3.306267
v 6.105986 22.472031 2.154977
v 6.968773 16.651793 0.647927
v 7.261624 16.344360 -0.764059
v 7.654701 16.952057 -1.035332
v 6.616526 17.223272 1.016382
v 7.492725 19.990877 -2.379165
v 7.049109 21.098152 -2.652805
v 6.787055 21.984360 -0.440789
v 5.286974 15.775583 -3.957209
v 5.056624 16.084463 -3.807142
v 5.568470 16.596916 -3.605476
v 5.178236 16.625889 -3.617563
v 5.568161 16.956982 -3.087249
v 5.650250 17.236933 -4.289336
v 6.960705 22.080460 -3.814855
v 5.311210 17.912914 -3.368814
v 5.538305 18.457302 -3.480175
v 7.338936 17.669422 -2.678796
v 5.715348 18.047441 -3.549396
v 5.932977 19.446604 -3.129062
v 5.960351 18.694611 -3.964306
v 6.796525 15.876972 -3.661641
v 6.933298 20.658926 -4.198025
v 5.104389 20.388809 -3.914612
v 6.306834 21.095110 -3.291373
v 4.665531 20.859451 -3.782040
v 4.860773 21.401661 -3.225681
v 5.525866 19.180433 -3.214705
v 5.591131 20.525015 -2.909187
v 6.179115 20.632830 -2.661241
v 6.240262 20.962364 -4.011726
v 5.543102 20.828430 -3.205517
v 4.774860 19.785816 -6.276541
v 4.434070 16.514364 -4.609455
v 5.112095 17.677464 -5.716879
v 5.636320 17.391251 -5.721588
v 5.236401 16.702019 -4.983340
v 4.716630 21.591291 -4.790576
v 3.891204 22.101812 -6.394176
v 6.052314 21.732697 -5.643712
v 4.266040 21.679573 -5.899708
v 5.105475 21.958733 -6.303670
v 2.298225 17.103621 -6.019876
v 4.727594 17.862514 -4.251493
v 5.196204 21.402441 -5.057105
v 5.883465 19.495132 -4.721881
v 5.274442 18.228460 -6.051105
v 4.055231 19.262470 -4.725915
v 4.886941 19.506676 -3.881332
v 4.913423 18.830629 -5.690190
v 5.615251 19.900963 -5.041567
v 6.614306 21.464516 -5.017537
v 5.125998 19.625734 -6.431431
v 2.722709 21.289898 -5.041669
v 0.828877 21.565704 -5.777542
v 3.541095 17.327574 -5.200285
v 1.410990 18.599010 -5.954874
v 5.635361 21.047606 -4.705110
v 4.310699 20.832058 -6.204840
v 4.780773 20.095036 -5.564082
v 4.269753 20.531910 -5.814172
v 2.537084 16.603003 5.861484
v -1.585084 22.535925 4.737967
v 1.590972 18.658215 6.151173
v 1.597329 16.947584 5.433124
v 1.261296 18.376211 5.539766
v 1.561645 16.540281 6.342674
v 0.508739 19.971554 5.463325
v -0.612106 19.727551 5.390887
v -0.841237 20.010275 5.742814
v 3.279087 16.694075 5.352791
v 0.556931 20.768309 5.473013
v 0.915606 19.436115 5.853802
v 1.290507 18.194675 6.032261
v 1.837690 17.867279 5.377262
v -1.466092 17.315422 5.423650
v 1.468064 22.503471 4.750632
v 3.663860 22.599728 3.962743
v 1.793547 16.763332 5.771923
v 2.701484 16.550493 5.087304
v 2.766401 20.996944 5.129535
v 4.368235 17.846928 5.325144
v -3.961318 21.851625 -6.068863
v -2.420239 20.207922 -6.301775
v -4.207991 21.769691 -5.353921
v -5.835035 20.008030 -5.241373
v -3.312564 22.211826 -5.467692
v -5.831397 20.343016 -6.444209
v -5.584057 20.469975 -5.816721
v -5.557894 17.709188 -5.664736
v -4.439607 18.542944 -6.087081
v -0.972625 17.314426 -6.529590
v -3.292879 17.949152 -6.408537
v 1.346795 16.590652 -6.490469
v -5.875721 20.983177 -6.576457
v -1.823754 17.854706 5.799802
v -2.093620 16.227848 5.701154
v -6.690227 17.322468 3.391533
v -6.896154 19.054310 3.711031
v -3.078847 16.605854 5.002418
v -5.907179 20.612240 3.881526
v -5.225902 20.953514 4.165686
v -3.125801 22.668715 4.401888
v -3.443264 17.169182 5.377797
v -8.695814 20.146196 0.933511
v -4.428370 18.912586 4.951657
v -7.340419 19.914879 3.052708
v -8.800123 16.448647 2.259555
v -4.216065 18.090672 4.696962
v -6.231627 16.423609 3.462505
v -7.443602 16.306810 3.521408
v -8.695227 19.555937 1.214219
v -8.769609 20.176872 2.097795
v -8.542074 21.291445 1.529566
v -7.889873 17.145500 -3.305060
v -8.600142 16.113770 -0.409956
v -9.728825 20.150108 -3.136806
v -9.196003 20.251749 -3.624806
v -10.842894 20.967888 -3.839502
v -10.445756 19.721266 -1.789105
v -10.811242 21.356522 -3.494138
v -8.695071 17.978180 -1.090446
v -10.442511 20.633904 -3.384550
v -10.533898 21.109571 -2.745714
v -10.532553 17.380953 -3.410194
v -10.457308 17.878922 -3.305141
v -8.527640 18.500097 -2.251635
v -7.937605 18.025633 -3.344038
v -7.749616 18.379869 -3.281404
v -9.261593 17.018490 -3.705139
v -9.253581 16.151678 -4.658387
v -9.746099 20.935339 -3.809456
v -7.579776 16.516083 -3.730685
v -8.698371 21.622833 -4.458464
v -9.602729 20.869902 -2.865397
v -7.992782 21.901405 -4.214482
v -7.079675 20.766165 -4.913515
v -6.818958 20.676319 -5.428506
v -7.910312 20.430326 -5.865324
v -9.863672 18.172527 -4.303365
v -9.954456 17.598963 -2.572996
v -8.041464 17.525845 -5.089763
v -7.240547 18.375383 -4.451590
v -7.781950 18.157095 -4.629811
v -9.494198 17.729403 -2.637787
v -7.759466 18.605867 -3.604299
v -9.346729 18.038326 -3.078094
v -9.533129 18.261351 -1.489163
v -8.577373 18.175285 -3.924119
v -10.515977 21.788017 -4.660265
v -9.452040 21.386068 -2.591135
v -8.472464 17.754576 -4.335839
v -8.542184 19.198368 -4.620709
v -10.065937 16.804024 -4.926831
v -9.513554 21.725824 -4.777287
v -9.347729 17.284414 -0.110998
v -8.712603 21.945108 -3.246124
v -8.575585 22.032606 -3.950566
v -10.381126 21.334030 -1.732938
v -9.413713 21.478144 -1.727805
v -9.358800 19.006386 -0.559587
v -9.198898 18.507736 -0.959870
v -9.586696 18.632038 -0.970006
v -5.586519 22.669605 -5.696194
v -9.649937 20.711208 -2.269905
v -6.691504 19.394855 -4.846030
v -5.756630 20.515945 -5.446957
v -6.171509 19.741417 -5.827290
v -9.899497 21.510202 -1.676545
v -7.170154 18.591274 -5.716354
v -7.686295 20.555727 -5.572920
v -9.033026 19.617828 1.200320
v -10.157282 17.694122 -4.664422
v -9.482963 16.568699 -5.372755
v -8.057961 17.665310 -5.751991
v -9.097638 18.840738 -5.525719
v -7.596832 19.303814 -6.229971
v -9.548923 15.941566 -5.088604
v -6.809483 21.307991 -6.415897
v -9.224708 19.803349 2.124618
v -9.664516 20.384773 1.883002
v -9.067024 20.789957 2.074915
v -8.924987 22.012194 1.699463
v -9.894629 19.668650 1.058525
v -9.387785 16.227530 0.855992
v -10.483261 19.134577 -0.520284
v -9.787234 19.065636 0.110080
v -10.629532 19.223314 -1.485418
v -10.023618 21.167919 -0.133230
v -9.459391 21.628002 1.402632
v 10.605719 25.837845 -6.422083
v 10.942387 26.419216 -5.564212
v 9.175992 26.879644 -4.590366
v 10.695573 26.724051 -5.912849
v 10.932524 25.355774 -4.861620
v 10.182461 25.402838 -4.843714
v 9.163222 25.965170 -5.315438
v 8.858195 24.406889 -3.021558
v 9.161048 25.826283 -0.950302
v 9.596929 25.050753 -0.482391
v 10.232134 24.551189 -2.619604
v 9.162097 23.026743 -1.027934
v 9.681049 25.331091 -4.819292
v 8.418798 24.300909 -1.776629
v 9.823974 23.845331 0.381529
v 9.977682 25.127655 -1.847292
v 8.637125 24.817396 -2.132824
v 9.065510 26.781673 -2.060900
v 8.798341 25.353054 -2.448629
v 8.169999 25.619076 -3.233770
v 9.290537 23.551178 -1.968456
v 10.661143 26.095333 -3.666921
v 10.095091 26.878529 -3.838485
v 9.660115 23.467018 -1.624785
v 9.723861 24.866470 -4.136217
v 9.955665 23.806677 -1.189852
v 8.975375 24.253155 -2.573203
v 8.968933 25.288641 -3.080083
v 8.168130 26.769934 -4.584488
v 8.927752 26.254438 -4.499273
v 7.924284 26.508205 -4.249180
v 9.403872 25.327822 -5.485797
v 9.640270 23.923159 -2.667711
v 10.436890 25.247684 -5.207556
v 10.385453 24.889732 -4.280632
v 8.440976 26.788298 -9.227858
v 9.169491 27.569468 -9.508495
v 5.840222 26.822062 -8.553281
v 10.099216 27.077059 -6.360152
v 8.007563 27.124046 -7.559544
v 9.557971 26.660265 -5.442736
v 9.956245 25.230902 -6.518674
v 8.975868 25.164965 -5.802046
v 9.111278 26.263193 -7.843965
v 7.621323 25.752071 -8.578028
v 6.947457 24.968407 -7.733635
v 9.360082 27.994343 -8.702078
v 9.907095 26.761871 -7.968020
v 10.398883 26.898727 -7.027236
v 8.643623 28.109346 -8.003858
v 8.733153 26.734232 -6.654797
v 6.215384 27.828465 -8.011440
v 8.460029 27.582884 -9.667741
v 7.278064 27.359461 -9.028736
v 9.092555 26.722227 -5.948119
v 6.240456 24.301704 -6.759993
v 8.225900 25.122889 -5.506132
v 8.458915 25.688040 -5.751967
v 7.573358 24.843985 -5.568796
v 8.801879 24.428295 1.733341
v 8.528100 23.817862 1.848034
v 8.641575 24.560448 1.150240
v 7.923641 24.532164 1.396703
v 5.504252 22.638588 2.471860
v 8.893563 23.211464 0.813561
v 9.464888 23.690132 1.221642
v 2.707980 26.378099 -0.427769
v 3.609483 26.240885 -0.784313
v 4.937090 25.229008 -0.066037
v 5.664661 27.520727 -3.910053
v 0.523727 26.869238 -2.800236
v 5.455665 26.727098 -2.629058
v 2.526179 26.705713 -2.755138
v 5.012056 27.377266 -3.510821
v 8.448936 22.871105 -0.741572
v 6.453079 23.386421 -0.459330
v 7.132449 25.174309 0.070426
v 6.714577 23.215937 -2.006697
v 7.267178 23.122021 -1.102259
v 8.929068 24.731922 0.019941
v 6.263936 23.616695 0.799641
v 9.365155 24.188519 0.559301
v 6.926727 23.641897 -2.781816
v 6.313993 23.481247 -2.903222
v 7.364320 24.280003 0.850372
v 7.817564 23.537777 -1.573070
v 7.933388 24.587126 0.346262
v 8.451700 24.727877 -0.441310
v 6.810360 23.873520 -0.369976
v 6.773184 25.079998 -1.768970
v 6.490099 24.937717 -2.217087
v 6.065291 25.388927 -2.562081
v 5.547513 26.345318 -1.751475
v 6.558881 24.043560 -3.432732
v 5.098432 23.590260 -3.319167
v 7.987013 27.388697 -2.713587
v 5.195176 26.066143 -1.564380
v 5.487098 24.655743 -0.694571
v 5.441522 27.067026 -2.795753
v 5.900237 24.705948 -4.388919
v 6.667075 25.221153 -4.267286
v 7.583360 24.588280 -2.672636
v 7.147287 25.066450 -3.097850
v 8.137218 24.725437 -1.988588
v 5.713689 24.334934 -3.800600
v 7.358414 26.900875 -2.795665
v 6.695178 26.515873 -4.594068
v 7.114881 26.194771 -4.273823
v 5.271070 27.080971 -4.137075
v 6.035901 26.106180 -1.592100
v 5.413201 26.406601 -2.655118
v 6.730375 27.348995 -2.925538
v 5.526763 26.064320 -2.245153
v 6.510922 25.273417 -2.946758
v 3.154548 26.009056 -2.095291
v 4.661908 25.653528 -1.623126
v 2.563143 26.393791 -2.179328
v 6.770445 22.794758 -3.014577
v 4.503842 23.655849 -3.178823
v 6.300887 22.488533 -3.723646
v 4.479193 23.957790 -3.521140
v 5.507889 23.180092 -3.556882
v 5.218657 23.877253 -3.502873
v 4.029326 24.595873 -4.066692
v 3.942156 24.217976 2.219401
v 7.819153 26.429987 -2.292752
v 5.794155 23.940989 1.255114
v 4.779618 23.956230 1.191933
v 7.370478 25.325169 -2.362591
v 7.502620 26.035694 -2.747680
v 4.721285 23.500700 1.579256
v 3.952019 24.887508 0.527213
v 3.915934 24.455973 1.053818
v 4.912345 24.813560 0.996307
v 5.379891 25.255959 -1.412829
v 2.149853 25.998447 -0.588734
v 6.797502 23.400749 -1.753964
v 6.377029 23.780928 -1.053907
v 5.588425 22.508352 1.708693
v 7.602198 26.976770 -4.186115
v 7.610514 27.718321 -3.339414
v 5.909382 27.528131 -6.555673
v 6.016729 26.169285 -8.322392
v 3.552886 27.523127 -5.997515
v 1.239488 25.842909 -5.238739
v 4.736613 27.270132 -7.447612
v 0.935582 27.193342 -4.737652
v 5.560628 27.690504 -6.930756
v 1.547558 26.242153 -4.741285
v 2.244252 27.149004 -4.399035
v 3.115746 27.383020 -3.410178
v 1.623831 27.077593 -5.254371
v 2.137207 26.321497 -4.990181
v 3.885494 24.202660 -5.983016
v 2.815209 25.158323 -5.496990
v 3.445319 26.678797 -6.692677
v 3.996733 26.135252 -6.975831
v 2.066243 26.525713 -5.525779
v 4.078174 25.804764 -5.702401
v 3.490452 25.903162 -5.676953
v 5.236372 25.365135 -6.418359
v 3.740630 26.738255 -4.715543
v 3.587368 25.820807 -6.132580
v 6.741899 27.857683 -8.756819
v 5.563237 26.562691 -5.632977
v 6.287138 26.418156 -5.506057
v 5.426573 25.709782 -6.775146
v 3.899493 22.607170 -6.729097
v 3.099040 24.195789 -6.320372
v 2.667877 24.273203 -5.995668
v 1.382113 23.778358 -5.509956
v 3.474457 24.302486 -6.527734
v 2.711026 24.846140 -6.284873
v 1.510357 24.597622 -5.705792
v 4.056093 25.401447 -5.601556
v 4.305766 23.776756 -5.852927
v 5.271842 24.299923 -6.395939
v 3.665409 23.055864 -5.685116
v 3.350068 23.491110 -4.427790
v 4.096110 24.372137 -5.170382
v 3.638044 24.123304 -3.819191
v 3.357396 24.584789 -4.615613
v 2.727270 24.119827 -4.461554
v 6.201665 21.985819 -5.199109
v 3.482804 22.262793 -4.137462
v 4.817886 22.868267 -4.986778
v 4.982575 22.450909 -4.385467
v 4.510775 22.935482 -3.903809
v 4.399024 22.204031 -5.626661
v 2.731097 22.838917 -5.178958
v 4.926350 24.086767 -5.757726
v 3.422239 23.928421 -4.767798
v 2.474280 22.826855 -4.463651
v 1.487021 23.366161 -4.518373
v 6.402904 26.787655 -6.283855
v 7.491922 26.174610 -6.260384
v 7.494056 26.926565 -7.132892
v 2.710720 25.225286 -5.933426
v 4.553015 24.749359 -6.190851
v 6.809903 24.802505 -5.495132
v 5.920708 24.605059 -5.234302
v 4.097653 22.186127 -5.223155
v 7.054024 25.237402 -5.370796
v 6.729317 25.863342 -4.852519
v 0.526112 23.388315 4.357851
v 2.909690 24.225920 3.258183
v -0.294886 26.102404 0.729162
v 1.731357 26.929169 -1.521535
v 0.299349 26.740252 -2.223831
v 1.535358 25.562391 -0.830470
v 1.260838 26.588171 -1.228105
v -0.496555 26.032116 -2.397577
v -0.691980 26.298265 0.290047
v -0.936408 26.199347 -0.715912
v 1.373330 25.613581 0.130885
v 0.900181 26.601471 -2.741406
v -1.710068 26.252436 -0.469004
v -0.006470 25.727825 -1.368189
v -0.931041 25.838566 -1.039180
v -1.023962 25.781088 -1.920903
v -2.804691 26.002638 0.471343
v -0.997280 26.078770 -1.435814
v -0.873481 24.155016 4.171924
v 0.352311 25.592775 2.768387
v 0.390986 24.296709 4.029827
v -1.916896 25.940840 2.747670
v -0.193592 25.928795 0.392824
v -3.338873 25.923567 -0.837280
v 2.377259 25.432861 -0.751236
v 0.923580 25.581358 2.070655
v 0.932921 27.081366 -3.856189
v -2.439329 27.292576 -4.621903
v -4.330180 26.741222 -1.116252
v -3.622666 25.864128 -5.965467
v -2.809572 27.158556 -1.841113
v -2.019703 27.193745 -2.562180
v -1.074324 26.662466 -3.446249
v -2.925217 27.092978 -5.168392
v 0.003175 26.632336 -3.240940
v -2.038672 25.479362 -5.589476
v -4.293319 26.621216 -5.620979
v -2.486911 26.613968 -4.985873
v -1.508529 26.871948 -4.570114
v -2.656522 24.371592 -6.338657
v -2.431421 25.945347 -5.249503
v -3.303172 26.847357 -3.187835
v -2.656031 26.954844 -2.721784
v -3.162872 26.120682 -1.273567
v -0.180415 26.295746 -4.330467
v -0.346030 25.420929 -4.766177
v -5.070943 26.928030 -4.011349
v -1.244105 26.703669 -3.923951
v -5.325393 27.597412 -4.473059
v -5.275230 26.748070 -3.444431
v -3.373755 27.010281 -3.933498
v -1.400604 26.072201 -1.238468
v -1.132910 25.683489 -4.801837
v -4.581783 26.132099 -5.518676
v -3.380976 23.001751 -6.471660
v -2.784355 22.819298 -5.367446
v -2.911541 23.160357 -4.824199
v -4.092729 22.838734 -4.925381
v -4.469323 24.280523 -6.231699
v 0.512957 22.880634 -5.192976
v -3.569017 24.717688 -6.251167
v -3.555650 25.380949 -5.689913
v -3.818013 22.324024 -5.533401
v -1.234768 26.159840 -4.455183
v -4.726535 24.107166 -5.542500
v -1.149761 21.899292 -5.890544
v -4.997871 23.532040 -6.437917
v -3.086643 23.691351 -5.002136
v 0.654404 24.070589 -5.164383
v -4.916430 24.008404 -5.926346
v 1.283683 23.683237 -4.697223
v -2.844010 23.667850 -6.011857
v -4.937312 23.452448 -5.644451
v -2.772430 23.908178 -5.628180
v 0.001737 23.653366 -4.666949
v -1.076968 24.336441 -5.098976
v 0.277767 24.833050 -5.297634
v -1.743970 26.797245 -2.027948
v -0.933750 26.373970 -2.709658
v -0.565499 23.699991 -5.233230
v -4.111021 23.571938 -4.776888
v -1.401013 26.008892 -2.051419
v -1.463903 23.434969 -4.774478
v -1.754618 23.931799 -5.262019
v -6.059339 24.436117 -6.466416
v -5.742299 23.491467 -5.407169
v -4.945690 24.755135 -6.410501
v -2.064893 24.674212 -6.025537
v -0.548382 24.660158 -4.633662
v -1.743712 24.804455 -5.414989
v -6.409087 25.951103 -6.925796
v -5.243350 25.373039 -6.763882
v -6.606523 24.610996 0.247413
v -3.732335 24.066273 3.696239
v -2.325584 24.434372 3.997791
v -3.491097 25.519709 2.634615
v -6.097667 24.104712 1.888350
v -5.383120 23.784967 2.836970
v -8.367770 22.617508 1.293248
v -4.550964 25.460396 1.687326
v -7.243109 22.086575 1.870807
v -5.842111 24.986038 0.255342
v -8.286660 23.577610 1.077204
v -7.371234 23.595583 0.358655
v -6.463392 25.630999 -0.125697
v -4.189065 26.171942 -0.772745
v -11.296008 22.049641 -4.085287
v -7.522742 23.177011 -5.567962
v -5.166121 26.738791 -2.233141
v -6.247316 26.981426 -4.615229
v -5.037967 26.186417 -2.679689
v -5.722405 26.161331 -3.266098
v -6.275070 26.509922 -4.411341
v -10.182689 22.144302 -2.555331
v -9.211147 23.426420 -2.929534
v -4.685631 25.531166 -0.770719
v -8.649899 25.908152 -3.581481
v -7.765989 26.317286 -3.806358
v -8.471403 25.616882 -5.053651
v -7.578580 25.243927 -5.116817
v -10.519388 21.729786 -2.076717
v -10.883039 22.017916 -3.403381
v -9.255689 22.062666 -4.032088
v -8.945223 22.698971 -4.499169
v -7.349416 27.963892 -4.903166
v -6.110265 26.251740 -5.268439
v -7.049660 22.681578 -4.782715
v -10.305134 24.156218 -4.177303
v -11.103007 24.479397 -3.362758
v -7.904273 22.170317 -4.935258
v -9.628327 24.408428 -4.395270
v -8.283949 23.334261 -4.718047
v -7.582928 24.186460 -5.285993
v -7.946999 24.528755 -5.581767
v -9.027434 24.264982 -4.617199
v -9.553452 25.038483 -4.799780
v -9.620453 25.500446 -5.024096
v -7.265976 24.416700 -5.711417
v -7.166420 24.839020 -3.769223
v -10.957806 24.692596 -3.919228
v -11.739135 24.286787 -4.500631
v -7.891274 24.889580 -3.746966
v -8.067427 23.439732 -4.295789
v -7.633094 23.769196 -4.374768
v -10.373695 21.712246 -3.520246
v -10.184798 25.478092 -4.105234
v -10.991133 25.160761 -3.367826
v -10.998742 25.411404 -3.723671
v -9.432920 25.415813 -4.648385
v -10.251250 24.904303 -3.841269
v -7.981877 23.704691 -2.366911
v -9.382402 23.250414 -2.343302
v -7.043888 24.916235 -2.308650
v -7.617041 24.861591 -2.750555
v -8.115111 24.000292 -4.579136
v -6.884652 25.457245 -1.489442
v -10.209454 25.490629 -4.758009
v -8.860371 22.713947 1.261491
v -9.803550 22.271706 -1.795030
v -8.086780 22.221504 0.707683
v -6.363365 25.224319 0.119128
v -5.725367 25.021152 -0.260488
v -8.268682 25.463289 -3.362450
v -8.493209 23.706425 -2.271008
v -7.342796 25.001055 -3.310006
v -7.403202 25.274174 -3.487750
v -7.399792 24.472866 -4.351851
v -5.800870 24.086370 -5.797318
v -6.291751 27.835672 -5.754893
v -6.292609 22.194101 -6.029614
v -7.296468 24.510166 0.567781
v -8.315877 23.854496 0.521617
v -9.315992 22.352684 0.368906
v -8.437960 23.004465 -2.470520
v -7.006766 25.186567 -5.589208
v -11.452677 26.302744 -7.431381
v -10.468452 28.393759 -7.753016
v -10.881402 27.215092 -8.092436
v -9.967063 25.878630 -7.882506
v -9.771612 26.268402 -7.896289
v -8.003856 24.351301 -6.013890
v -10.077627 28.503450 -8.226675
v -10.401553 26.850161 -7.166151
v -10.652640 27.597464 -7.200368
v -6.392191 26.407738 -6.049050
v -9.324502 26.766960 -7.324185
v -10.875204 24.662188 -6.177892
v -7.124098 27.027479 -5.838201
v -9.292817 24.702328 -5.070681
v -9.129304 27.658949 -5.915295
v -7.355867 25.527559 -6.319633
v -8.016684 25.353579 -5.879423
v -8.445055 25.697073 -6.554605
v -8.493344 27.998373 -6.401723
v -11.222681 27.174400 -7.493331
v -11.589235 26.561419 -6.658781
v -6.175393 25.676357 -5.828311
v -9.466828 27.037149 -6.298328
v -11.128443 24.369804 -4.382262
v -7.907337 25.015734 -5.500345
v -9.950146 24.703609 -4.974850
v -7.620151 24.798479 -5.846373
v -10.426199 25.555069 -4.363622
v -10.613827 25.957565 -6.082148
v -12.207992 24.234814 -4.516803
v -11.343716 24.448971 -5.269930
v -10.466655 24.832653 -4.696035
v -11.160294 24.677555 -4.554597
v -9.771286 25.818607 -6.587034
v -8.576079 24.709631 -6.798554
v -6.981248 25.006472 -7.084537
v -11.640583 23.297680 -3.534942
v -12.165667 24.602772 -3.916590
v -12.084796 25.484152 -4.572220
v -12.470428 24.480610 -4.441977
v 8.696805 28.396023 -8.675810
v 8.188369 28.082819 -9.313718
v 7.196495 28.182533 -8.404275
v 9.034713 28.026669 -9.366499
v -5.624218 27.953133 -5.173286
v -7.620772 28.470306 -6.033855
v -7.901441 28.896589 -5.686784
v -8.635219 28.592989 -5.566194
v -8.711053 28.949554 -6.734845
v -9.309247 28.670622 -7.823324
v -10.063528 29.576294 -7.585426
v -9.432240 29.483072 -7.681643
v -10.209041 29.170183 -7.152201
v -9.301774 29.219288 -6.391010
v -8.793669 29.319199 -6.358854
v -9.856255 29.413330 -6.934952
v 8.421635 26.501446 -6.320300
v -4.016436 9.846823 -0.650705
v 6.153761 6.108330 -1.718449
v 7.100764 7.941004 -0.960723
v 5.728208 7.997617 -0.586816
v 3.875861 1.917692 -0.693425
v 3.244412 0.601488 -1.255653
v 5.538790 0.528241 -2.805108
v 6.515436 2.122365 -2.757444
v 3.651180 1.310271 0.497757
v 6.710253 0.221825 -1.595158
v 6.011355 1.299204 -0.910644
v 5.860044 1.383319 -4.592744
v 7.404953 6.979489 -1.125914
v 6.182079 1.519496 -3.478240
v 6.000216 0.707485 -2.813783
v 7.300741 3.556682 -0.343272
v 6.894058 7.902602 -0.469048
v 7.162816 3.339517 -1.066556
v 5.960171 0.724359 -1.806581
v 5.892882 0.586098 -2.363610
v 6.250632 0.804033 -1.259522
v 7.219141 0.338797 -1.024249
v 3.272124 0.800849 0.970519
v 7.299943 0.459119 -0.680334
v 8.239463 1.456059 -0.666557
v 4.013879 2.225898 0.407776
v 6.176473 5.795305 -0.300520
v 7.035717 1.270931 -0.111927
v 6.801794 0.449422 -1.045711
v 4.994738 0.342376 -4.041539
v -3.699106 1.074100 -7.610114
v -3.580593 0.138495 -9.048027
v -4.017481 0.098549 5.901896
v -2.566595 5.650753 -4.126195
v -1.270294 1.092048 -9.857274
v -1.816470 0.532726 -9.535588
v 0.586469 9.099660 1.328583
v -2.689117 0.373368 -9.297131
v -1.364290 1.212199 -8.972590
v -2.808794 0.527929 -9.162122
v -3.557786 1.553940 -7.583249
v 1.012848 9.526103 1.108307
v 0.832094 8.915610 1.544133
v -4.566516 0.769740 -7.600760
v -1.655014 0.777038 -8.045288
v 1.414026 9.436831 -2.117058
v -0.744319 3.239893 -7.590724
v 1.079442 9.691697 1.925757
v 3.822239 9.563725 -1.147872
v 4.504347 9.328419 0.072176
v 3.074827 9.038256 -1.413398
v -3.763663 3.486833 -6.032274
v 4.528566 9.582502 -0.236879
v 2.150389 9.541262 -1.590701
v 1.152395 1.264898 -9.168693
v 0.835984 8.911149 -2.898176
v -0.330370 9.144535 1.995046
v 4.476512 9.874744 0.423618
v -2.682296 0.038206 -8.001502
v 0.407996 1.720592 -10.067863
v -1.677875 2.340966 -6.854174
v -0.140589 2.424917 -9.018585
v -2.184755 2.000876 -7.210092
v -1.366030 0.476001 -8.266535
v 0.333412 0.508763 -9.765282
v -1.348576 2.786749 -6.860715
v -1.554991 3.611883 -6.145164
v 0.483608 6.008307 -5.077008
v 2.251591 6.703339 0.773503
v 0.979051 4.711842 -7.678394
v 0.469485 0.917357 -9.377851
v 1.804635 -0.067448 -5.994776
v 1.466819 4.221187 -8.167673
v 1.319964 3.525213 -8.051808
v -1.164301 0.275659 -9.085724
v -0.838673 3.727774 -6.368428
v -1.513870 5.486661 -4.905377
v 1.451116 4.774068 -7.148885
v -3.264771 4.697092 -4.344411
v -0.036809 5.604895 -4.857331
v 1.709164 4.218757 -7.783373
v 0.304667 3.399332 -8.260220
v 1.120335 5.502385 -6.967872
v 1.570997 3.904680 -7.613064
v -0.134823 3.784059 -8.475821
v 2.855798 5.026277 -8.158077
v 2.870410 0.363446 -3.528022
v 0.472216 3.710900 -9.201921
v 1.326811 4.550580 -6.795568
v 2.133588 2.888770 -8.362196
v 2.353904 4.496629 -8.974959
v 3.222712 5.306087 -7.338052
v 1.822614 5.831565 -6.518321
v 2.167272 5.407914 -5.621693
v 2.670010 4.573713 -6.824222
v 3.184690 4.911226 -6.898005
v 2.379309 1.686789 -8.097084
v 2.094840 1.249809 -8.522428
v 2.892101 1.989605 -8.654401
v -2.460100 8.604685 -3.335679
v 3.377676 0.877981 -9.213301
v 3.913229 2.018715 -8.887589
v 2.418644 0.091839 -7.902272
v 1.895089 0.463984 -8.823997
v -2.161301 5.924222 -4.004585
v -1.235829 8.445088 -3.578147
v -2.458409 6.853421 -3.491469
v -1.886552 7.453779 -3.544559
v -3.419167 5.625468 -2.679955
v -1.689550 6.679200 -3.924128
v -2.051873 6.929307 -3.443039
v -0.151055 7.368871 -4.075358
v -0.833442 6.209155 -4.201246
v 2.715955 1.176846 -7.996708
v 4.521248 2.408843 -8.379358
v 4.026592 4.693192 -6.058187
v 0.799028 1.508937 -8.920691
v 1.518921 3.860159 -9.059615
v 4.088387 3.602431 -7.317471
v 4.172616 1.186617 -9.409365
v 3.334327 0.819485 -8.424404
v 4.105526 1.123863 -8.586519
v 4.246212 4.102594 -6.595504
v 3.742169 0.354640 -8.132184
v 2.642580 0.909237 -6.729405
v 4.748860 0.936966 -8.834067
v 3.087779 0.024085 -7.429029
v 1.265850 6.557657 -4.243351
v 4.546780 0.574579 -7.547003
v 3.408462 0.106556 -7.225217
v 2.480776 0.152138 -7.146923
v 2.613429 0.658163 -6.308671
v 3.158267 0.130726 -7.030381
v 0.305575 8.135869 -3.450042
v 3.365301 1.205583 -6.032784
v 0.241987 6.370265 -3.890284
v 3.515093 0.442498 -8.518661
v 3.916549 0.565852 -7.428345
v 3.247247 0.769184 -6.488815
v 0.726505 8.668605 -3.173121
v 5.107038 0.397894 -7.539083
v 3.122451 5.398600 -5.481063
v 5.341578 0.179420 -7.035856
v 1.380226 6.653860 -3.661704
v 3.113573 5.921493 -4.726237
v 3.931157 0.797315 -6.435693
v 4.158336 1.144803 -5.706854
v 5.469089 2.522468 -5.958179
v 4.560555 1.148361 -5.526347
v 3.171030 1.242562 -5.547447
v 3.899771 5.788571 -3.738731
v 4.672384 3.499166 -6.515493
v 5.840801 4.398914 -4.199878
v 3.970239 0.274062 -6.551034
v 4.268002 1.957222 -4.902932
v 5.351323 2.666101 -7.443686
v 6.220466 3.313951 -4.806540
v 4.487159 0.418549 -6.275121
v 1.463267 8.461236 -2.450762
v 2.468244 0.132323 -4.076200
v 3.317713 1.365252 -4.258821
v 2.803762 0.674533 -5.146742
v 6.177173 2.111787 -5.470040
v 2.290605 7.852466 -1.706155
v 1.979531 7.367328 -2.803716
v 4.520031 0.440546 -5.501469
v 4.980660 1.375600 -5.239917
v 2.348710 8.392582 -2.056621
v 2.504604 6.719656 -2.550097
v 5.635396 -0.032168 -6.312151
v 4.829616 0.822876 -5.217535
v 5.018250 0.681956 -4.832312
v 2.288147 6.161393 -3.633426
v 5.802336 5.184993 -3.134402
v 5.666859 0.033183 -5.652019
v -4.860641 1.299747 -7.007144
v -5.181506 2.506859 -6.033832
v -4.912593 1.837759 -6.969758
v -5.128164 2.229322 -6.148815
v 4.997798 4.606027 -3.264947
v -5.278513 0.455441 -7.711550
v -6.925070 0.681804 -6.319976
v -7.161842 0.606975 -5.771307
v -6.686434 0.420018 -6.639883
v -5.547890 0.092285 -7.829757
v -6.399288 0.335947 -7.067338
v -5.997087 0.088072 -7.171438
v -7.446478 0.589426 -5.115484
v -4.825134 0.011542 -8.322281
v -6.396735 0.791383 4.074456
v -4.703158 0.103469 1.167830
v -7.412757 1.620864 4.449674
v -3.017802 3.368953 3.161215
v -6.133663 0.460862 0.895109
v -4.202253 3.892807 3.464341
v -3.008865 5.104026 2.858144
v -1.313467 5.323242 2.379996
v -1.398719 5.503530 1.742177
v -5.469117 -0.233628 4.259725
v -5.326888 0.504439 1.737968
v -5.122364 0.114701 2.194823
v -6.847246 1.378126 3.281651
v -5.898695 1.046816 3.015378
v -2.140332 5.152871 1.574247
v -5.830966 0.690693 2.240380
v -1.006290 6.142711 1.754376
v -1.498034 -0.296534 2.142217
v -5.552217 0.380388 3.099614
v -6.551979 1.368275 4.095206
v -4.964040 -0.007743 3.068291
v -1.392391 8.279305 2.686011
v -2.302648 5.314898 2.844761
v -4.443690 4.370021 2.247626
v -0.816748 7.854650 2.469283
v -6.023680 4.149858 1.968543
v -1.539143 7.687463 1.938474
v -2.441869 7.496686 2.151789
v -1.928570 7.637608 1.736155
v -1.477441 6.959774 1.760981
v -1.492803 8.811296 1.802099
v -6.581779 4.042375 4.005704
v -6.520885 3.898381 4.400105
v -1.717518 7.633258 2.513851
v -3.631071 6.527453 2.441571
v -6.451076 3.660749 4.296499
v -7.622886 1.565224 4.110954
v -2.607856 8.063131 1.311044
v -3.828662 5.460132 1.490322
v -1.393127 8.180795 1.421583
v -2.277025 8.825231 1.395550
v -2.313661 6.560150 1.318956
v -8.110253 2.183852 4.009393
v -7.660263 2.940138 4.690797
v -2.855328 5.626467 0.964006
v -6.396379 2.608413 4.456541
v -3.116925 5.957090 0.494722
v -1.891349 8.348397 1.288647
v -2.821197 6.373548 1.225372
v -4.687676 5.641526 2.362408
v -3.351329 5.304532 0.604120
v -7.134892 2.880615 5.188978
v -3.779702 7.675659 1.384514
v -4.357277 5.250727 1.137552
v -4.421600 6.876548 1.662463
v -4.773314 5.306775 1.855258
v -7.140156 1.466711 3.556365
v -5.714045 5.020946 2.118578
v -7.908509 1.129467 3.573493
v -7.672349 1.328717 3.356940
v -7.446762 0.825337 2.935186
v -3.051471 8.544211 1.289007
v -7.729123 1.550049 2.408355
v -7.285662 3.314413 2.287385
v -8.092488 1.702925 3.550185
v -7.695601 2.126003 3.517195
v -7.094229 0.844827 2.626093
v -6.550291 1.519273 2.278405
v -8.225856 1.964196 3.528399
v -1.648943 -0.310950 2.702785
v -4.201122 8.202203 0.794807
v -3.900850 8.610140 1.170672
v -4.443098 7.494209 0.551902
v -5.340058 5.411878 1.266238
v -7.182065 0.565895 1.765191
v -8.259261 0.763295 2.655295
v -3.437401 5.838475 0.924237
v -2.459990 9.228705 1.430199
v -4.045881 9.112211 0.980518
v -4.341928 7.740108 0.140793
v -7.640203 1.144373 2.032761
v -4.333324 8.407223 1.483321
v -4.469473 9.106874 -0.203080
v -5.468103 5.915362 1.287253
v -7.193377 0.912087 1.722190
v -4.438394 8.768389 0.878929
v -7.110813 1.417898 1.934383
v -4.661421 8.423805 0.891698
v -6.488294 4.087103 1.310072
v -7.362828 0.624272 2.021691
v -7.331961 0.745989 1.200280
v -8.194490 1.128991 2.491034
v -6.964017 0.417431 0.753700
v -7.235720 1.188344 1.185052
v -7.503870 0.099625 1.350099
v -4.769704 7.109705 0.176410
v -6.325413 3.694212 -0.023036
v -6.813684 0.059179 0.120428
v -4.579146 8.143906 0.263272
v -5.449562 8.182743 0.345956
v -6.331113 2.103296 -0.439588
v -8.179892 0.314743 1.535711
v -8.052178 0.314038 1.129807
v -5.501545 5.749924 0.094105
v -5.135471 5.199172 -0.470913
v -5.238411 6.186962 0.077234
v -6.062129 4.552394 0.410182
v -8.034345 0.132467 0.606125
v -5.721695 6.954786 0.121990
v -4.457972 8.765785 -0.555335
v -5.457938 6.401562 -0.217489
v -6.493169 1.327306 -0.810790
v -6.128098 7.774428 0.126563
v -6.699803 1.963268 -0.630619
v -6.444481 3.959699 -0.134331
v -4.693137 3.600815 -3.284864
v -6.005827 7.025742 -0.462252
v -5.908074 8.848591 -0.038862
v -6.195933 7.964488 -0.172969
v -5.325281 6.263148 -0.805723
v -6.345520 8.187808 0.026228
v -5.781030 8.048543 -0.659197
v -7.914913 6.308525 -0.392242
v -4.806946 6.597606 -2.320354
v -5.997525 9.582411 -0.728931
v -5.074146 5.009394 -1.604218
v -4.578817 5.860566 -1.749871
v -3.808383 6.033005 -2.654795
v -4.834624 6.134878 -1.561410
v -3.275180 6.631602 -2.652396
v -7.410411 0.068167 0.875163
v -4.596643 5.406528 -1.391115
v -6.395253 6.186189 -0.587517
v -5.325215 6.057326 -1.529443
v -4.378467 5.509807 -2.044525
v -7.126612 1.148947 -1.637014
v -5.613214 8.329851 -0.855024
v -6.187426 5.388076 -1.332345
v -2.900816 7.430362 -3.127262
v -5.611076 7.717609 -0.527306
v -3.754423 7.468147 -2.926331
v -3.363725 8.389815 -3.139981
v -7.323352 0.693684 -1.390622
v -4.926608 2.841819 -3.866715
v -5.482328 1.862611 -3.146272
v -4.976794 6.327098 -3.078741
v -8.030435 0.036524 -0.850513
v -4.276213 5.062871 -2.999795
v -6.478883 8.781805 -0.828114
v -5.906968 2.034311 -2.594068
v -4.433960 6.794828 -3.274942
v -8.479657 6.978488 -0.807806
v -6.286707 8.419397 -1.702584
v -3.472822 9.078033 -2.972602
v -6.736001 1.274634 -3.371214
v -3.960812 8.677225 -2.855373
v -7.287946 4.771519 -1.435718
v -6.596642 5.371375 -1.930604
v -8.387551 4.875190 -0.803742
v -6.257060 6.068560 -2.507338
v -4.784078 7.632826 -3.076295
v -7.980357 0.148972 -1.727806
v -3.958557 8.237171 -3.395262
v -4.420958 9.370944 -3.193233
v -5.293182 7.003927 -3.286330
v -9.192042 5.287804 -0.644551
v -6.354002 8.776501 -2.200159
v -4.886373 8.901266 -3.147232
v -5.374002 6.870335 -2.695574
v -6.338267 8.170926 -2.324051
v -5.975486 8.409359 -2.806637
v -6.536607 9.040443 -1.578721
v -8.287711 7.480607 -2.093410
v -5.654530 7.861462 -3.091980
v -5.784011 8.910576 -2.646575
v -7.456542 5.556522 -2.732845
v -8.491493 4.258093 -1.884991
v -5.970766 7.792239 -2.706566
v -9.112923 4.397938 -1.470511
v -4.873918 2.408318 -4.285191
v -9.341638 6.179037 -0.666057
v -5.622599 7.276167 -2.882703
v -7.887412 0.699771 -3.613016
v -7.868247 0.139486 -2.824260
v -7.957672 6.303416 -3.004922
v -7.594842 6.935126 -2.911885
v -9.608485 6.958869 -1.414509
v -10.185831 5.774969 -1.253664
v -7.829559 0.375602 -3.589648
v -9.546064 6.728115 -2.379736
v -8.613576 5.151110 -2.671813
v -7.436657 0.318339 -4.543913
v -9.926999 5.116913 -2.007977
v -10.138805 6.329146 -2.114168
v -9.358820 5.840837 -2.661520
v 5.492385 0.674824 9.193325
v 5.639032 1.468712 7.763881
v 5.666103 2.089642 9.501269
v 5.652888 2.630792 8.531054
v 4.919133 0.679984 9.849864
v 4.852791 -0.194222 8.474041
v 5.073967 0.819171 6.664187
v 4.145188 -0.122204 9.599839
v 3.907821 1.223601 10.187121
v 4.783766 3.216169 9.416595
v 5.708043 4.043670 7.435476
v 3.812584 3.584888 7.544701
v 7.278982 3.751570 6.226003
v 7.600481 3.185955 5.625669
v 4.641660 -0.055027 7.845421
v 4.742897 3.302697 7.621849
v 3.055860 0.312667 9.765850
v 5.393491 4.062869 6.241365
v 3.680148 2.873727 9.712216
v 2.728381 2.177187 9.570846
v 2.864864 -0.056282 8.386657
v 8.394502 2.870521 4.584541
v 6.736210 3.602323 6.236133
v 2.446010 0.536523 8.903415
v 2.286371 1.714911 9.111706
v 4.519627 3.491465 6.938235
v 2.247827 2.267037 8.332695
v 5.860153 4.149851 6.483643
v 2.611678 2.951180 8.019386
v 6.740242 3.432347 4.893789
v 2.045521 1.707972 8.051143
v 4.671223 0.415022 6.980978
v 2.273615 0.771152 7.146344
v 4.298430 -0.031142 7.425370
v 7.159678 3.325578 4.191582
v 6.945696 3.594899 4.097943
v 3.657743 0.136377 7.270168
v 4.481767 4.298188 7.386102
v 5.674685 4.462636 6.636556
v 5.268634 2.641694 6.439388
v 7.444038 3.802471 4.563369
v 3.435796 3.857338 7.754359
v 4.112691 3.766735 7.043760
v 4.934701 4.212482 7.062650
v 5.011120 3.832535 7.556637
v 7.109375 3.644879 4.524489
v 7.724277 3.513665 3.988815
v 3.751651 -0.166655 7.373144
v 3.079565 -0.154887 7.901788
v 3.076372 -0.099098 7.476500
v 2.019151 2.827698 7.868379
v 7.329402 3.350070 4.660525
v 1.762705 2.326117 7.967699
v 4.307517 0.237362 6.306854
v 4.229225 3.590926 4.222044
v 1.105378 0.782673 5.914695
v 2.764871 -0.020824 7.024958
v 1.815983 1.079969 5.976444
v 2.418081 0.661045 5.306278
v 5.646086 5.208902 4.791892
v 2.889812 4.314407 6.074291
v 4.214297 0.275848 5.824238
v 2.935186 5.287562 4.232882
v 8.987534 1.928930 2.439956
v 9.088197 1.847855 1.519176
v 4.044500 5.529904 4.486635
v 5.685836 3.555986 4.468262
v 7.503596 2.643324 2.227464
v 7.260035 3.243419 3.451717
v 7.153433 3.522331 3.632194
v 7.327958 3.457414 3.238707
v 7.489109 3.558582 3.595331
v 8.669905 3.457512 2.499836
v 7.972638 2.799169 2.243369
v 6.194873 3.409349 3.670113
v 3.816906 0.302117 5.339657
v 8.500022 3.621873 2.983321
v 7.486833 3.229580 3.602827
v 8.068532 3.619945 2.345227
v 7.089643 3.551667 4.011453
v 7.364182 3.371215 3.018914
v 6.689691 3.375043 3.774306
v 7.361053 3.520658 1.298150
v 6.392223 4.800159 4.472294
v 6.376098 5.677007 3.832700
v 4.695895 1.916471 3.790523
v 8.272308 3.991349 1.171390
v 4.495480 1.221978 3.563570
v 7.247911 3.204672 2.915313
v 5.899542 5.445785 3.514699
v 4.690820 2.802836 4.053452
v 4.748257 3.146705 2.934426
v 3.466290 0.255215 5.316901
v 7.940741 8.467488 2.591673
v 2.719402 0.133456 5.760080
v 4.714097 3.364799 3.951988
v 3.278561 0.464055 4.186775
v 3.813637 0.485511 3.429021
v 4.975142 2.103724 3.488669
v 7.268083 7.461110 2.722162
v 1.260046 1.009832 2.553789
v 1.537390 0.725468 3.301096
v 4.077374 5.762370 4.552195
v 4.719092 2.417754 2.968804
v 1.453560 0.649762 1.674296
v 0.634877 0.501962 4.513385
v 5.685968 5.899924 1.908474
v 3.477147 0.712770 2.894249
v 8.001122 7.843994 2.100166
v 7.293181 9.019391 2.718850
v 6.465465 8.152284 3.012602
v 2.520769 0.724914 2.624136
v 7.652903 7.951074 1.117478
v 6.039047 7.473095 2.743582
v 3.712077 8.467493 2.092109
v 6.908973 6.852154 2.112290
v 5.690722 6.439581 1.524234
v 4.327532 2.110667 1.490861
v 4.173295 1.221500 2.699592
v 4.081652 9.152361 1.864616
v 5.643178 6.197571 2.885693
v 8.008512 3.831066 -0.629233
v 7.772882 0.568714 -0.588355
v 2.624388 5.614974 4.300278
v 1.917357 5.320130 4.783190
v 1.764671 4.837464 4.902482
v 1.286882 5.999664 3.172655
v 0.620445 2.988925 5.614854
v 0.803337 3.584984 4.678488
v 0.970538 3.909585 5.737455
v 4.926368 6.540765 1.713581
v 1.908533 4.883124 4.063219
v 6.151164 9.002881 2.724751
v 0.652754 4.065306 4.289659
v 7.581677 5.025561 -0.093306
v 7.082533 7.060719 1.412510
v 7.462202 8.566378 0.995477
v 8.493920 2.110510 -0.308505
v 8.303220 4.358515 0.524509
v 5.071500 7.143361 1.911699
v 5.949898 6.960361 0.846973
v 5.106890 6.066674 1.716603
v 5.856122 6.828634 1.517851
v 3.493221 6.548013 1.877322
v 2.443729 0.546325 0.726485
v 5.036551 6.170141 1.028667
v 6.277838 7.680580 0.391681
v 6.184780 8.217699 0.217640
v 3.436754 7.759616 1.766973
v 7.846932 8.035211 -0.561448
v 6.660105 8.373297 -0.080614
v 7.101117 8.425423 -0.418983
v 2.933959 7.546557 2.537086
v 2.983100 6.534779 1.430568
v 3.245898 7.856704 2.580911
v 3.002003 7.153244 1.921772
v 4.940089 7.618088 0.155455
v 2.304319 8.214047 2.477438
v 5.919704 7.903674 -0.220272
v 3.750156 6.899383 1.440683
v 3.159806 8.985329 2.324902
v 2.495102 7.378636 2.149130
v 3.253166 7.138681 1.008118
v 5.552176 8.079626 0.147594
v 5.629631 9.005381 0.393896
v 2.519908 8.759027 1.922379
v 2.001732 7.605230 1.244288
v 2.861771 7.232480 1.026793
v 1.127403 8.073236 1.527614
v 1.755459 8.815928 1.852716
v -0.095526 8.025185 1.964492
v -0.101016 5.737810 1.974523
v 2.624365 7.852994 1.327381
v 0.283156 8.681906 2.345104
v 1.392906 6.272729 1.507836
v -0.667422 8.321875 2.535579
v -0.172668 7.372984 2.128300
v 0.643811 9.295387 2.003876
v 9.369656 1.786837 1.058175
v 9.198511 3.867811 0.922029
v 9.401131 4.096338 1.111231
v 9.012507 1.113441 0.224449
v 8.766777 1.452733 0.581792
v 8.403520 0.887427 -0.165613
v 8.350550 0.848488 -0.248830
v 9.146726 4.069745 -0.162017
v 8.382483 4.340639 -0.264536
v 9.598579 3.729601 -0.804446
v 8.098589 0.702250 -0.336178
v 9.654605 4.057097 -0.349630
v 9.117845 2.565870 -2.521366
v 8.897181 3.759285 -0.988992
v 4.833741 -0.131031 9.422902
v 3.691184 0.050489 6.868011
v 3.186525 -0.174906 9.206732
v 6.695766 9.561782 2.303952
v 7.629514 9.206916 2.206550
v 7.280732 9.552317 1.446360
v 5.732316 9.483623 1.170798
v 7.907720 8.946432 1.648601
v 2.724389 9.396396 2.173322
v -1.468548 9.652804 1.634189
v -3.275948 9.477875 0.798422
v -4.741899 9.195217 -0.939942
v -4.449555 9.477498 -0.032942
v -5.436506 9.469879 -0.628719
v -3.497397 9.648446 -2.509279
v -4.170905 9.804344 -0.010902
v 1.357682 3.433679 -9.531831
v -4.298398 9.548576 -0.706830
v -5.724108 9.665649 -2.159820
v 4.667756 2.222118 10.077231
v 5.267920 2.822564 9.567703
v 9.384544 2.904303 -2.328150
v 9.362275 3.553705 -1.649799
v 8.255208 2.773593 -2.808990
v 8.138378 1.351068 -4.119148
v 7.946058 3.810830 -2.147904
v 7.098828 2.334580 -3.102836
v 6.592495 2.539189 -4.055825
v 8.539113 1.935339 -3.640662
v 7.500421 1.344301 -5.200960
v 7.178714 1.361304 -4.848163
v 7.725656 1.779258 -3.960631
v 6.082227 0.047221 -3.917341
v 6.835184 1.057687 -6.259907
v 6.722894 1.331484 -6.594810
v 5.889572 1.363294 -6.690437
v 5.567762 2.075360 -8.327029
v 5.594984 1.890359 -8.286579
v 2.199681 3.670563 -9.218860
v 2.098386 0.008656 -1.010947
v 2.125675 -0.106809 -1.702628
v 0.915745 -0.126174 -0.387089
v 6.207245 0.120085 -2.803798
v 0.471578 -0.072009 0.004166
v 1.893980 0.000492 -6.941863
v 2.699927 1.626371 -9.236922
v -5.335268 -0.081186 3.657524
v 0.192231 0.171258 1.944914
v -5.451056 0.071218 2.789283
v 1.386130 1.691380 8.109343
v 0.726414 1.485927 7.641968
v 0.323694 0.846957 7.272492
v -0.301802 1.149426 6.747310
v 0.072469 1.609182 7.793146
v 0.781662 2.000593 7.661486
v -0.495568 0.174947 7.379278
v -0.110113 0.736620 7.717943
v -1.351757 0.192343 7.180117
v 0.223673 0.730417 7.537789
v 0.824592 1.178157 7.649290
v -1.869632 1.421935 7.587281
v -3.741874 0.947288 8.292861
v -3.805426 1.648964 8.661866
v -4.326227 0.870802 9.112644
v -4.189352 2.914978 8.180757
v -5.844548 1.321145 9.405809
v -4.628905 1.976914 9.285687
v -5.374001 0.284057 8.932198
v -0.158385 2.500803 5.741780
v 0.320616 2.979599 5.928289
v -2.665437 1.981225 7.535525
v -2.566242 0.485044 6.940035
v -5.657489 2.578287 9.072627
v -1.679089 1.076744 5.111066
v -0.409541 3.411566 5.784222
v -0.893967 2.540512 5.055008
v -2.779977 1.699400 7.244749
v 0.440743 0.514634 6.117084
v -1.168018 1.538884 7.691737
v -4.386034 0.124810 8.118522
v -2.137033 0.113064 6.966815
v -3.280545 0.662069 6.376436
v -3.160287 1.587925 6.806247
v -3.535271 0.997693 6.329488
v -4.216021 2.938702 7.156082
v -3.609405 2.224665 7.389369
v -3.549140 0.728048 5.837086
v -3.760824 2.896159 7.087622
v -0.545354 2.970134 5.840442
v -1.940282 1.521080 5.601219
v -2.613996 1.239905 5.526103
v -0.509685 2.960521 4.780723
v -5.933519 -0.091033 8.451342
v -3.688076 0.214829 6.007107
v -5.019697 3.369859 7.893420
v -5.025701 3.064906 8.672960
v -0.050480 5.323693 4.394486
v -0.916086 3.583103 3.961778
v -2.121496 1.245846 4.839174
v -6.591770 0.362971 8.631903
v -1.882917 1.865623 5.358947
v -3.613547 0.312314 5.773542
v -3.603688 0.217854 6.059624
v -2.254703 2.758570 4.103780
v -6.973706 1.113896 8.717308
v -4.169627 3.381464 5.926968
v -1.959633 3.978004 5.110593
v -6.032779 3.300685 8.123319
v -1.841878 3.673915 3.399529
v -2.975882 1.231043 6.903428
v -6.526733 1.871171 9.020082
v -5.283522 3.325578 6.599363
v -3.576789 2.080456 6.854599
v -6.905354 2.625384 8.219147
v -6.560825 -0.063359 8.079109
v -7.346259 1.077469 8.262542
v -5.202744 3.571419 6.446630
v -2.166440 3.677920 4.738880
v -1.639328 3.112817 3.747136
v -6.968055 2.460984 7.205048
v -2.470699 3.895689 4.206224
v -6.700372 0.115657 7.000619
v -1.047354 5.349629 2.854496
v -3.749636 0.318014 5.557476
v -2.918116 4.124236 3.898816
v -0.559258 6.538479 3.842763
v -1.495169 5.182035 3.995815
v -0.957118 6.335572 3.350423
v -3.243989 3.730108 3.746710
v -4.326791 3.492557 4.002768
v -1.099267 6.472446 3.646284
v -2.312412 3.306066 3.508221
v -1.014730 6.861393 2.597485
v -1.394255 5.993373 2.687555
v -7.112078 1.243084 6.652474
v -6.686772 1.689400 4.896403
v -0.805325 7.401172 3.033790
v -6.645359 2.118242 5.508013
v -6.025269 3.028726 5.853993
v -0.625273 6.604782 2.187846
v -1.579096 6.847274 2.919323
v -6.610476 0.593368 5.642961
v -7.317283 3.171914 5.364095
v -5.310795 3.732330 4.325421
v -6.719955 3.117303 5.209645
v -6.396882 3.166090 5.886794
v -6.660419 2.480466 5.295931
v -5.138308 -0.117711 8.423068
v 0.067981 0.267523 3.239000
v -4.515061 -0.138280 7.539040
v -4.549051 -0.202332 6.776868
v -4.305648 -0.209588 5.666611
v -5.034866 -0.205541 8.084974
v -5.768482 -0.162557 4.963514
v -5.885288 -0.278308 6.079230
v -4.530073 -0.187389 6.273940
v 3.464349 2.325592 -9.386904
v 1.370999 2.914299 -9.014489
v 3.467814 7.171077 -1.789899
v 0.444506 8.531436 1.487753
v 2.720083 2.203486 -9.589437
v 1.088373 3.470342 -8.384048
v 2.305403 7.467599 -1.515684
v 0.018792 7.281596 1.742580
v 1.515410 3.088426 -9.384762
v 5.503997 3.512944 -4.304275
v -0.462323 6.254992 1.883690
v 1.317980 0.615966 -9.390336
v 5.667514 5.602393 -2.648926
v 3.802271 6.519212 -1.896940
v 6.096067 4.283163 -3.716788
v 5.341396 1.107444 -4.129153
v 4.689433 1.717656 -3.043001
v 3.943187 6.952194 -1.857084
v 5.133394 2.160149 0.406833
v 5.082566 5.104742 -2.265754
v 1.211314 1.716344 -9.292451
v 1.633038 3.912461 -8.785898
v 3.337218 0.644571 -2.788744
v 2.847716 0.324072 -2.740767
v 3.547747 0.879181 -3.392869
v 3.036763 7.731415 -0.955224
v 5.563647 4.179622 -2.609430
v 2.760717 8.311083 -1.601681
v 2.316348 0.091879 -2.697436
v 2.928808 7.197608 -1.037416
v 3.508247 8.408756 -1.504768
v 5.656464 4.888620 -3.030279
v 5.416526 4.006062 -3.483121
v 3.829145 6.971471 -1.423513
v 4.391109 8.827511 -0.528448
v 4.704319 6.596406 -1.774558
v 3.486518 7.476201 -0.703960
v 4.534924 1.697934 -4.049419
v 4.035947 7.365607 -1.335537
v 3.729973 6.536320 -0.992955
v 4.445495 7.334282 -1.317723
v 3.621802 1.602880 -3.142357
v 3.330638 1.201642 -2.833175
v 4.848343 1.260170 -4.507648
v 3.833455 7.805106 -0.649805
v 4.375028 7.184398 -0.887254
v 5.299878 5.713257 -1.997505
v 4.289886 8.475971 -0.303430
v 4.173314 7.406456 -0.749881
v 5.661041 6.336125 -1.714592
v 1.791821 0.039489 -0.378791
v 2.068018 1.872924 -9.597809
v 4.388010 6.364681 -1.499832
v 5.650928 5.261663 -2.444504
v 4.977743 6.075842 -1.525635
v 6.503411 6.164922 -2.000125
v 5.370409 7.836018 -0.500485
v 5.598801 7.372231 -1.399258
v 5.665611 8.092778 -0.739246
v 4.204288 7.776409 -0.194951
v 5.696170 5.724030 -1.305848
v 6.273793 7.873909 -0.781484
v 7.906394 7.692955 -1.036755
v 2.970894 0.548151 -0.343158
v 3.685732 1.209490 -9.498016
v 2.387620 1.932756 -8.789650
vn -0.3259 -0.9428 -0.0695
vn 0.4035 -0.7597 0.5099
vn -0.7087 -0.6642 -0.2378
vn -0.8651 0.5014 -0.0163
vn 0.5412 -0.5534 0.6331
vn -0.3657 -0.5976 -0.7135
vn 0.3722 -0.4486 -0.8125
vn 0.4183 0.5447 0.7269
vn 0.1351 0.1463 0.9800
vn -0.3582 -0.1442 0.9225
vn -0.0585 -0.1176 0.9913
vn -0.6371 -0.0707 0.7675
vn -0.6329 -0.7516 0.1861
vn 0.3382 -0.1317 0.9318
vn 0.6952 -0.0599 0.7163
vn -0.7750 0.6002 0.1978
vn -0.2847 -0.9508 -0.1224
vn 0.0530 0.3194 -0.9461
vn 0.0332 -0.1935 0.9805
vn -0.0746 -0.0917 0.9930
vn -0.0892 -0.1595 0.9832
vn 0.0840 -0.0693 0.9940
vn 0.0538 -0.0490 0.9973
vn -0.0856 -0.2046 0.9751
vn 0.6971 -0.0371 0.7160
vn 0.0630 -0.1384 0.9884
vn -0.1348 -0.2496 0.9589
vn 0.0661 -0.7778 0.6251
vn -0.0240 -0.7789 0.6266
vn -0.0255 -0.0438 0.9987
vn -0.1765 -0.5898 0.7881
vn -0.4588 -0.8710 0.1756
vn -0.3627 -0.6041 0.7096
vn -0.2449 -0.0182 0.9694
vn -0.3682 -0.2085 0.9061
vn -0.2694 -0.1180 0.9558
vn -0.3283 -0.2434 0.9127
vn -0.0542 -0.4462 0.8933
vn -0.2954 -0.5443 0.7852
vn -0.5806 -0.6770 0.4524
vn 0.4208 -0.1243 0.8986
vn -0.2870 -0.0673 0.9556
vn -0.4791 -0.0068 0.8778
vn -0.5400 -0.1630 0.8257
vn -0.4267 -0.1431 0.8930
vn -0.7999 -0.5902 0.1091
vn 0.7477 -0.5745 0.3331
vn -0.8190 -0.3520 0.4532
vn -0.4180 0.8694 0.2637
vn -0.5282 -0.7756 0.3457
vn 0.7500 0.1448 0.6454
vn 0.8030 0.1693 0.5714
vn 0.3936 0.8825 0.2577
vn 0.7770 -0.0661 0.6261
vn -0.7225 -0.5756 0.3830
vn 0.8988 -0.4344 0.0584
vn 0.4198 -0.0761 0.9044
vn 0.6338 -0.4806 0.6061
vn -0.7145 -0.3208 -0.6218
vn -0.1447 -0.9003 -0.4106
vn 0.4977 -0.8584 0.1239
vn 0.4326 -0.0438 0.9005
vn 0.7872 -0.5996 0.1441
vn 0.4902 0.1300 0.8619
vn -0.6751 0.7191 -0.1648
vn -0.4794 0.0730 -0.8745
vn 0.2725 -0.1157 0.9552
vn -0.6183 0.1222 0.7764
vn -0.7437 0.6544 0.1368
vn -0.6423 0.0587 -0.7642
vn 0.9822 -0.0213 -0.1865
vn 0.3287 0.1816 0.9268
vn -0.2483 -0.0667 -0.9664
vn -0.4351 -0.1184 -0.8926
vn -0.3248 -0.0677 -0.9434
vn 0.4053 0.1075 0.9078
vn 0.9550 0.1977 -0.2212
vn 0.3459 0.4883 0.8012
vn 0.5114 -0.8580 0.0471
vn -0.4374 0.8318 0.3418
vn -0.9941 -0.1081 -0.0007
vn -0.2228 0.9625 0.1551
vn 0.1653 0.9805 0.1064
vn 0.7338 -0.6151 -0.2885
vn -0.5745 0.0816 0.8144
vn -0.4330 -0.1199 -0.8934
vn 0.4154 0.5180 0.7478
vn -0.0499 -0.9684 -0.2444
vn -0.6295 0.0586 0.7748
vn 0.5918 -0.7646 -0.2553
vn -0.4781 0.0857 0.8741
vn 0.7994 -0.5785 -0.1618
vn 0.3327 -0.8925 -0.3047
vn -0.9294 -0.3452 0.1304
vn -0.9827 -0.1791 -0.0479
vn 0.9378 -0.3031 0.1695
vn 0.4735 -0.7712 0.4256
vn 0.9170 0.3829 -0.1117
vn 0.8079 0.1009 0.5807
vn -0.7326 -0.3398 -0.5897
vn -0.9174 0.3104 0.2489
vn 0.9582 -0.2844 -0.0316
vn 0.5908 -0.0781 0.8031
vn 0.5068 -0.2577 0.8227
vn -0.5938 -0.7245 0.3499
vn 0.8874 -0.4434 -0.1263
vn 0.8652 -0.4734 -0.1652
vn -0.2964 -0.9400 -0.1689
vn -0.8003 0.1914 -0.5682
vn 0.1660 -0.9290 0.3308
vn 0.2809 -0.5263 -0.8026
vn 0.3635 -0.8566 -0.3662
vn 0.6022 -0.1359 0.7867
vn 0.4634 -0.6728 -0.5768
vn -0.5832 -0.1372 -0.8007
vn -0.9521 0.2151 -0.2174
vn 0.5390 -0.8417 0.0321
vn -0.6917 -0.3263 0.6443
vn 0.6210 -0.5665 -0.5417
vn -0.8483 0.4930 0.1932
vn 0.5785 -0.5106 0.6361
vn -0.9211 -0.1078 0.3740
vn 0.7580 -0.6390 -0.1308
vn -0.9779 0.1427 -0.1528
vn 0.6894 -0.7240 -0.0232
vn 0.9084 -0.2623 -0.3255
vn 0.4892 0.3963 0.7769
vn 0.2672 0.1534 0.9514
vn 0.7695 0.3933 0.5032
vn 0.8142 -0.5286 0.2402
vn -0.7244 0.0302 0.6888
vn -0.9384 -0.3257 0.1151
vn 0.9494 -0.3106 -0.0471
vn 0.2192 -0.8691 0.4434
vn -0.9420 0.0281 -0.3344
vn -0.3775 -0.2779 0.8833
vn -0.8159 0.0783 0.5729
vn 0.8899 -0.4373 -0.1297
vn -0.3298 0.9237 -0.1952
vn -0.4940 -0.2122 0.8432
vn -0.5358 -0.0816 -0.8404
vn 0.9984 0.0501 -0.0243
vn 0.9686 -0.2408 0.0617
vn -0.5489 -0.3284 0.7686
vn -0.4124 0.8647 -0.2867
vn 0.7565 -0.3619 0.5448
vn -0.7179 -0.3481 -0.6028
vn 0.8226 -0.4711 -0.3183
vn -0.9598 -0.2784 -0.0365
vn 0.8166 -0.0423 0.5756
vn -0.5664 0.0116 -0.8241
vn -0.7198 -0.2773 0.6364
vn -0.7784 -0.6083 0.1552
vn 0.7435 -0.3951 0.5395
vn 0.6865 -0.1636 0.7085
vn -0.8244 -0.2642 0.5006
vn 0.9676 0.2428 -0.0686
vn -0.2410 -0.2382 0.9408
vn -0.8090 -0.3300 0.4864
vn 0.1518 -0.9689 -0.1953
vn -0.6177 -0.6890 0.3791
vn -0.0886 -0.7827 0.6160
vn 0.7294 -0.4707 0.4964
vn -0.3698 -0.2694 0.8892
vn 0.4467 -0.1827 -0.8758
vn 0.5403 -0.3631 -0.7591
vn 0.5422 -0.4883 0.6838
vn 0.6141 -0.7562 0.2258
vn 0.7474 -0.4890 0.4498
vn -0.5058 -0.1594 0.8478
vn 0.7754 0.2390 0.5845
vn 0.9404 -0.2815 -0.1910
vn 0.1027 -0.7477 0.6560
vn 0.9249 0.2645 0.2731
vn -0.7972 0.3212 0.5112
vn 0.9302 -0.3172 -0.1845
vn 0.9845 0.1747 -0.0165
vn -0.3404 -0.5446 0.7665
vn -0.9652 -0.1637 0.2038
vn 0.0451 -0.0071 0.9990
vn -0.1456 -0.9021 -0.4063
vn -0.1555 -0.9079 -0.3893
vn -0.4305 0.0675 0.9001
vn 0.5748 -0.2697 0.7726
vn 0.0549 0.7925 0.6074
vn -0.1674 -0.7486 0.6415
vn -0.9306 -0.1408 -0.3378
vn 0.2499 0.0338 0.9677
vn 0.7879 -0.5389 0.2981
vn 0.9803 -0.1742 0.0931
vn 0.1614 -0.1055 0.9812
vn -0.0331 -0.9739 0.2244
vn -0.5918 -0.7874 -0.1723
vn 0.7027 -0.1929 -0.6849
vn 0.7727 -0.5304 0.3488
vn -0.9094 -0.1506 0.3876
vn -0.7163 -0.6185 0.3230
vn 0.2581 -0.1098 0.9599
vn 0.6241 0.4145 -0.6623
vn 0.1521 -0.1701 0.9736
vn -0.9661 0.2535 0.0488
vn 0.4603 -0.6427 0.6124
vn 0.2963 -0.2252 0.9282
vn -0.8005 -0.2347 -0.5515
vn 0.2570 -0.2911 0.9215
vn 0.7724 -0.6258 0.1088
vn 0.2013 -0.0995 0.9745
vn -0.0773 -0.7441 0.6635
vn 0.2071 -0.2484 0.9463
vn 0.2273 -0.1260 0.9656
vn 0.2250 -0.1338 0.9651
vn 0.1986 -0.9244 0.3256
vn 0.4041 -0.8779 0.2571
vn 0.5938 -0.7386 0.3192
vn 0.9823 -0.0134 -0.1870
vn -0.6889 -0.6418 0.3369
vn 0.9974 0.0722 0.0016
vn -0.9049 -0.1107 -0.4109
vn -0.7648 0.2549 0.5916
vn -0.8326 0.1971 0.5176
vn -0.8124 0.4881 0.3190
vn 0.6492 -0.6055 -0.4602
vn -0.8977 0.0494 0.4378
vn -0.5393 -0.8374 -0.0890
vn 0.9757 0.1126 0.1878
vn 0.8924 -0.1181 -0.4354
vn 0.2556 -0.5001 0.8274
vn 0.2378 -0.9051 0.3526
vn -0.2690 -0.8517 0.4497
vn -0.0375 -0.5348 0.8441
vn 0.9140 -0.2700 0.3027
vn 0.9289 -0.2446 0.2781
vn 0.4555 -0.8877 0.0671
vn 0.4290 -0.7947 0.4294
vn 0.3830 -0.8829 0.2717
vn -0.3481 -0.5089 0.7873
vn 0.7368 -0.5724 0.3599
vn 0.8429 -0.5303 0.0909
vn -0.1526 -0.7636 -0.6275
vn -0.1881 -0.6884 0.7006
vn 0.6803 -0.6659 0.3062
vn 0.0580 -0.0459 0.9973
vn 0.0404 -0.1841 0.9821
vn 0.3787 -0.9183 0.1157
vn -0.7784 0.2387 0.5806
vn -0.3806 0.7153 0.5860
vn 0.0136 -0.9405 -0.3395
vn 0.0781 -0.5048 0.8597
vn 0.2630 -0.0101 0.9647
vn -0.3245 -0.4504 0.8318
vn 0.6745 -0.5861 -0.4489
vn 0.1001 -0.4838 0.8694
vn -0.4711 0.8419 0.2633
vn -0.5527 -0.1895 0.8115
vn -0.2928 0.8092 0.5093
vn 0.7668 -0.4813 0.4247
vn 0.1753 -0.9790 -0.1037
vn 0.7914 -0.5728 -0.2133
vn 0.9933 0.0935 -0.0674
vn 0.6077 -0.7777 0.1610
vn -0.3843 0.2588 0.8862
vn 0.6181 0.7257 0.3023
vn -0.5564 -0.6645 0.4988
vn 0.7535 -0.5589 -0.3462
vn 0.9701 -0.2421 -0.0193
vn -0.1580 -0.4284 0.8897
vn 0.2841 -0.8824 0.3750
vn 0.8387 -0.5391 0.0766
vn 0.3395 0.8802 0.3317
vn 0.4418 -0.7830 0.4378
vn 0.0457 0.6878 0.7245
vn 0.5975 -0.8018 0.0101
vn 0.8446 -0.5348 0.0258
vn 0.4860 -0.8343 0.2605
vn -0.0048 -0.4150 0.9098
vn 0.2293 -0.8939 0.3851
vn 0.6505 -0.7515 0.1104
vn 0.7068 -0.7033 0.0765
vn 0.6431 -0.7536 0.1357
vn 0.1473 -0.2749 0.9501
vn 0.6206 0.5306 0.5773
vn 0.9651 0.1037 0.2406
vn 0.7065 -0.7043 0.0699
vn 0.5624 -0.8105 0.1633
vn 0.8927 0.3612 0.2694
vn 0.9963 0.0246 0.0829
vn 0.2624 -0.9556 0.1341
vn 0.4949 0.8668 0.0604
vn 0.2736 0.6050 0.7478
vn 0.6281 0.7645 0.1452
vn 0.2639 -0.7885 0.5555
vn 0.5454 -0.0880 0.8336
vn 0.8003 0.4270 0.4210
vn 0.2229 -0.8640 -0.4513
vn 0.7727 0.5842 0.2485
vn -0.2806 -0.9177 0.2811
vn 0.1306 0.7493 0.6493
vn -0.0225 -0.8538 -0.5201
vn -0.1800 0.6737 0.7168
vn 0.5627 -0.1883 0.8049
vn 0.4334 -0.5435 0.7188
vn -0.0554 0.0332 0.9979
vn -0.6852 0.3900 0.6152
vn -0.0627 -0.0083 0.9980
vn -0.6702 0.0315 0.7415
vn -0.0419 0.4027 0.9144
vn 0.0005 0.4062 0.9138
vn 0.0001 0.3697 0.9292
vn -0.2811 0.0750 0.9567
vn 0.6778 -0.2911 0.6752
vn -0.2542 0.1412 0.9568
vn -0.2871 0.2232 0.9315
vn -0.0674 0.2515 0.9655
vn -0.0679 0.0158 0.9976
vn -0.2803 0.2476 0.9274
vn 0.0214 0.6065 0.7948
vn -0.3447 0.2996 0.8896
vn 0.0231 0.6347 0.7724
vn -0.2801 0.3330 0.9003
vn -0.1757 0.3188 0.9314
vn 0.0449 0.3121 0.9490
vn 0.9781 -0.0384 -0.2047
vn -0.1642 0.3891 0.9065
vn -0.9378 -0.2976 0.1787
vn 0.1002 0.6955 0.7115
vn -0.3141 0.5934 0.7411
vn 0.7066 -0.6433 -0.2948
vn 0.1645 -0.9026 -0.3979
vn 0.8237 -0.5524 -0.1284
vn 0.7286 -0.6812 -0.0716
vn -0.0889 -0.8357 -0.5419
vn -0.6394 -0.6311 -0.4392
vn 0.8117 0.3312 0.4810
vn -0.2577 -0.8062 -0.5326
vn 0.9414 -0.0340 0.3355
vn 0.9593 -0.0836 0.2697
vn 0.2086 -0.4021 -0.8915
vn -0.8201 -0.0466 -0.5703
vn 0.6890 0.5777 0.4377
vn 0.5723 -0.8123 -0.1127
vn -0.7564 -0.3821 0.5310
vn -0.7934 0.2883 0.5361
vn -0.0111 -0.7430 -0.6692
vn -0.6446 -0.6441 -0.4118
vn -0.3808 -0.9246 -0.0085
vn 0.0338 0.7591 0.6501
vn -0.2462 -0.7992 -0.5483
vn -0.1476 -0.5185 -0.8423
vn -0.1868 -0.7479 -0.6370
vn -0.9542 0.1275 -0.2708
vn -0.6183 0.4619 0.6359
vn -0.8440 -0.5350 0.0372
vn -0.9536 0.1009 -0.2838
vn -0.5906 0.4843 0.6455
vn -0.3498 -0.4256 0.8346
vn 0.2696 -0.9591 -0.0866
vn -0.1145 -0.7545 -0.6462
vn -0.9432 -0.2996 0.1438
vn -0.1659 -0.4633 -0.8705
vn 0.0900 -0.8209 -0.5640
vn -0.4492 -0.3851 0.8062
vn 0.7096 -0.4278 -0.5598
vn 0.9511 -0.1764 -0.2537
vn -0.8842 0.3388 0.3216
vn -0.0614 0.9428 0.3276
vn 0.9819 0.0981 0.1623
vn 0.7681 0.6026 0.2167
vn 0.0501 0.9970 -0.0597
vn 0.6821 0.7170 0.1440
vn -0.8003 0.0609 -0.5964
vn -0.7744 -0.5332 -0.3404
vn 0.7527 -0.3885 -0.5315
vn -0.8578 -0.5095 -0.0669
vn -0.7541 -0.5975 -0.2726
vn 0.6850 0.5890 0.4288
vn 0.1475 -0.3618 -0.9205
vn -0.2108 0.0191 0.9773
vn 0.0104 -0.1482 -0.9889
vn 0.9497 0.0643 -0.3065
vn -0.1851 0.9285 -0.3219
vn 0.1389 -0.9889 -0.0529
vn -0.8837 0.2983 -0.3607
vn -0.8065 0.3742 -0.4577
vn 0.4040 -0.8606 -0.3099
vn -0.4563 -0.7488 -0.4807
vn 0.3507 -0.7652 -0.5399
vn 0.9290 0.3317 -0.1639
vn 0.8428 0.5188 -0.1431
vn 0.8880 -0.0846 -0.4519
vn 0.9972 0.0010 -0.0750
vn -0.6208 0.4678 0.6291
vn -0.6328 0.2238 0.7412
vn 0.2722 -0.7673 0.5807
vn 0.6679 -0.6600 -0.3438
vn -0.0148 0.7752 0.6315
vn 0.0603 -0.9981 -0.0093
vn 0.2275 -0.9568 0.1810
vn -0.4498 -0.7444 -0.4935
vn 0.6293 -0.1102 -0.7693
vn 0.7590 0.1236 -0.6393
vn 0.9351 -0.0195 -0.3538
vn -0.5125 0.4809 0.7114
vn 0.3427 -0.7675 -0.5418
vn -0.0852 -0.9366 0.3398
vn 0.9215 -0.0692 -0.3823
vn -0.4154 0.8810 0.2263
vn -0.8408 -0.4115 0.3517
vn -0.0146 0.9140 0.4055
vn 0.2991 -0.6509 -0.6977
vn -0.4334 0.4248 0.7948
vn 0.5951 -0.5424 -0.5931
vn -0.2717 0.9499 0.1543
vn -0.7767 -0.0949 0.6227
vn -0.5415 0.4647 0.7006
vn 0.7691 0.4512 -0.4526
vn 0.2569 -0.9291 0.2659
vn 0.1084 -0.3290 0.9381
vn -0.0170 0.1219 -0.9924
vn 0.2831 -0.6882 -0.6681
vn 0.8342 -0.3863 -0.3936
vn 0.4069 -0.7711 -0.4897
vn 0.9221 0.2081 0.3264
vn 0.2859 -0.6856 -0.6695
vn 0.4613 -0.8031 -0.3772
vn 0.8528 -0.3945 -0.3422
vn 0.7110 0.2908 -0.6403
vn 0.4925 -0.7075 -0.5070
vn 0.3810 0.6999 0.6041
vn 0.2457 -0.8737 -0.4198
vn 0.9530 -0.0242 -0.3020
vn 0.1728 0.9134 -0.3685
vn 0.3384 -0.6255 -0.7030
vn -0.5789 -0.1519 -0.8011
vn 0.3429 0.2522 0.9049
vn 0.2954 -0.8975 0.3276
vn 0.1094 -0.5831 0.8050
vn -0.2189 0.7394 0.6367
vn -0.1452 0.5622 0.8142
vn -0.2843 0.4786 0.8307
vn 0.2631 -0.9545 0.1402
vn -0.5997 -0.6753 -0.4293
vn -0.2412 -0.3809 -0.8926
vn -0.8640 0.0043 -0.5035
vn 0.5768 0.4042 0.7098
vn 0.3076 0.5755 0.7577
vn -0.2739 -0.5861 -0.7625
vn -0.8655 -0.0393 -0.4994
vn -0.2172 0.4152 -0.8834
vn -0.2374 -0.3744 -0.8964
vn 0.8390 0.5316 -0.1164
vn -0.2481 -0.7059 -0.6635
vn -0.0366 -0.8789 0.4755
vn 0.3916 -0.3923 -0.8323
vn -0.4599 0.5031 -0.7317
vn -0.2493 -0.1756 -0.9524
vn -0.8870 0.0485 0.4592
vn 0.0380 -0.2261 -0.9734
vn -0.1015 -0.8297 0.5489
vn -0.3212 -0.8230 -0.4684
vn -0.1110 -0.8022 0.5867
vn -0.3156 0.0400 -0.9481
vn -0.6238 -0.2311 -0.7467
vn -0.4976 -0.2097 0.8416
vn -0.0707 0.8484 0.5246
vn 0.7564 0.4258 -0.4965
vn 0.9002 0.2813 0.3325
vn -0.6193 -0.2417 0.7470
vn -0.4375 -0.8278 0.3512
vn 0.6282 0.7771 -0.0374
vn 0.7398 0.6349 -0.2226
vn -0.5037 0.2759 -0.8186
vn 0.6108 -0.7822 0.1223
vn 0.8332 0.5345 0.1417
vn -0.3255 0.7847 0.5275
vn 0.0583 -0.9483 -0.3118
vn -0.3193 0.9267 0.1983
vn -0.3128 -0.2570 0.9144
vn -0.6900 0.5539 0.4660
vn -0.8721 0.3364 0.3553
vn -0.4915 -0.7630 0.4200
vn -0.4591 -0.7404 0.4910
vn 0.4391 -0.8929 0.0996
vn 0.1130 -0.4747 -0.8729
vn 0.8530 -0.4868 -0.1884
vn -0.2853 -0.8677 0.4072
vn 0.0057 0.9996 -0.0265
vn -0.8425 -0.5216 0.1348
vn 0.5951 -0.7863 -0.1663
vn -0.2636 0.8140 0.5175
vn 0.1941 -0.9788 -0.0654
vn 0.8538 -0.4846 -0.1904
vn 0.1247 0.9790 0.1611
vn 0.8962 -0.1288 -0.4246
vn -0.1377 0.8583 0.4942
vn -0.6483 -0.7088 0.2780
vn 0.6535 0.5049 0.5639
vn -0.5012 -0.7111 -0.4931
vn 0.8299 -0.5562 -0.0435
vn -0.8144 0.3260 0.4800
vn 0.3818 -0.9240 0.0232
vn 0.5160 0.5441 -0.6616
vn 0.9562 -0.1522 -0.2501
vn 0.3333 -0.9215 -0.1994
vn 0.3040 -0.9366 -0.1744
vn 0.3064 -0.9149 0.2628
vn 0.8016 0.5972 -0.0290
vn 0.9707 -0.1108 0.2131
vn -0.2339 0.8920 0.3869
vn 0.1186 0.9820 0.1468
vn 0.9062 -0.3923 0.1577
vn -0.2579 0.9431 -0.2100
vn -0.0566 0.9800 -0.1906
vn 0.5410 -0.8242 -0.1672
vn 0.8680 -0.4838 -0.1116
vn 0.8647 -0.1526 -0.4785
vn 0.9284 -0.0521 -0.3680
vn 0.0268 -0.2213 0.9748
vn 0.5707 -0.8165 -0.0874
vn -0.2363 0.9499 0.2044
vn -0.7964 -0.1113 0.5944
vn -0.1501 -0.9856 0.0780
vn -0.8553 0.2247 0.4669
vn -0.2318 0.9427 -0.2400
vn 0.1170 0.3103 -0.9434
vn -0.2970 -0.8874 0.3526
vn 0.2343 -0.9293 0.2854
vn 0.0895 0.3141 -0.9452
vn -0.4487 0.7817 0.4331
vn 0.3221 0.9053 -0.2769
vn 0.4088 -0.8678 -0.2826
vn -0.8110 -0.5846 0.0212
vn 0.3614 0.8374 0.4101
vn 0.4226 -0.9021 -0.0872
vn 0.4411 0.5647 -0.6975
vn 0.2490 -0.7358 -0.6297
vn 0.9953 0.0800 0.0543
vn 0.3438 -0.9211 0.1828
vn 0.8644 -0.2879 -0.4121
vn 0.4337 -0.8722 -0.2263
vn 0.5921 -0.4828 -0.6452
vn -0.5864 0.2410 0.7733
vn 0.6625 -0.7451 0.0774
vn 0.3954 -0.9180 -0.0301
vn 0.7290 -0.5848 -0.3558
vn 0.8564 -0.5134 -0.0546
vn -0.0074 -0.8702 0.4926
vn 0.9736 -0.0866 0.2112
vn 0.4288 0.8864 -0.1743
vn -0.5417 0.8353 -0.0940
vn 0.3030 0.7727 -0.5578
vn 0.0921 -0.8894 0.4478
vn 0.2384 -0.9707 -0.0299
vn 0.8723 -0.1580 -0.4628
vn 0.1684 -0.8184 -0.5495
vn 0.8449 -0.4828 -0.2303
vn -0.3235 0.3700 0.8709
vn 0.0934 0.9641 -0.2484
vn -0.0795 -0.9965 0.0254
vn 0.2551 -0.9256 0.2797
vn 0.5930 -0.7592 0.2682
vn -0.9945 0.1016 -0.0238
vn 0.0028 -0.9951 0.0985
vn -0.5014 -0.7192 0.4810
vn 0.1060 -0.7926 -0.6005
vn 0.9777 -0.0713 -0.1974
vn 0.3481 -0.9371 -0.0274
vn 0.2419 -0.7521 -0.6131
vn 0.8816 0.3668 -0.2970
vn 0.8236 -0.1058 -0.5573
vn -0.4025 -0.0193 -0.9152
vn 0.7946 0.0351 -0.6061
vn -0.0912 0.7194 -0.6885
vn 0.5222 0.7899 -0.3216
vn -0.8271 -0.5386 -0.1610
vn 0.8543 -0.2706 -0.4437
vn -0.0483 0.4071 -0.9121
vn -0.9920 0.1032 -0.0723
vn 0.7978 -0.1606 -0.5812
vn 0.3715 -0.8811 -0.2927
vn -0.9446 0.2191 0.2444
vn -0.8943 0.3751 0.2441
vn -0.6548 -0.6866 0.3158
vn -0.2866 -0.3408 -0.8954
vn 0.7407 0.3496 -0.5737
vn 0.8334 0.0206 -0.5522
vn 0.2973 -0.9547 0.0091
vn -0.0582 -0.4516 -0.8903
vn 0.1266 -0.9601 0.2494
vn -0.9892 -0.1297 -0.0684
vn 0.7978 0.0316 -0.6021
vn 0.8985 0.0557 -0.4354
vn 0.9052 -0.1849 0.3826
vn 0.7987 -0.2035 -0.5663
vn 0.8006 -0.0153 -0.5990
vn -0.0185 -0.9362 -0.3510
vn -0.8985 0.1703 0.4046
vn -0.9429 -0.1726 -0.2848
vn 0.8103 -0.1498 -0.5665
vn 0.2218 -0.8904 0.3974
vn 0.3227 -0.9340 0.1530
vn 0.2530 -0.3554 -0.8998
vn 0.9865 0.1363 0.0906
vn 0.0768 -0.9730 0.2178
vn -0.7386 0.1088 0.6653
vn 0.1029 -0.9757 0.1936
vn -0.9386 -0.2756 -0.2075
vn -0.1606 -0.2785 -0.9469
vn 0.2435 -0.9674 -0.0694
vn 0.0784 0.8187 -0.5688
vn 0.1226 -0.9622 0.2432
vn -0.0360 -0.9160 0.3995
vn 0.6001 0.0807 -0.7959
vn 0.8765 0.1255 -0.4648
vn 0.9376 0.2299 -0.2610
vn 0.3199 0.4918 -0.8098
vn 0.8498 0.0869 -0.5199
vn 0.2377 0.3054 -0.9221
vn -0.2516 -0.4467 -0.8586
vn 0.4031 -0.8195 -0.4072
vn 0.7864 -0.1716 -0.5933
vn -0.9841 -0.1682 -0.0569
vn 0.3536 0.0129 0.9353
vn 0.0284 -0.9901 -0.1374
vn 0.9965 0.0490 0.0672
vn 0.9497 0.1842 -0.2531
vn 0.7940 0.0158 -0.6077
vn 0.1626 -0.2202 -0.9618
vn 0.0173 -0.9801 -0.1979
vn 0.0323 0.4059 -0.9134
vn 0.8773 0.1179 -0.4652
vn 0.0090 -0.9988 0.0482
vn 0.4448 0.4222 -0.7899
vn 0.1026 -0.7140 -0.6925
vn -0.1609 0.5386 0.8271
vn 0.6162 0.0292 -0.7871
vn -0.9846 -0.1743 0.0142
vn 0.1719 0.5546 -0.8142
vn -0.4189 0.3448 -0.8400
vn 0.5791 0.2261 -0.7833
vn 0.0637 -0.9852 -0.1592
vn 0.3091 -0.2319 -0.9223
vn 0.2956 -0.0835 -0.9516
vn -0.1212 -0.3809 -0.9166
vn 0.1109 -0.7398 -0.6636
vn 0.7017 0.3015 -0.6455
vn -0.2928 -0.4681 -0.8338
vn 0.5895 0.2007 -0.7824
vn 0.5417 0.0616 -0.8383
vn 0.4048 0.1665 -0.8991
vn 0.0774 -0.6321 -0.7711
vn -0.0942 -0.9929 0.0725
vn -0.3875 -0.0939 0.9171
vn -0.2624 0.4662 0.8449
vn -0.4907 -0.8161 -0.3053
vn 0.2346 -0.5025 -0.8321
vn -0.1132 0.2673 0.9569
vn -0.1705 0.2788 0.9451
vn 0.1152 0.0450 -0.9923
vn -0.0913 0.3287 -0.9400
vn 0.3525 -0.6108 -0.7091
vn 0.1122 0.0114 -0.9936
vn -0.5369 -0.5393 0.6488
vn 0.3005 0.2908 -0.9084
vn 0.2987 0.2823 -0.9116
vn 0.5093 -0.7263 -0.4616
vn -0.3357 0.4927 -0.8029
vn -0.1461 0.4762 -0.8671
vn -0.1042 0.2400 -0.9652
vn 0.0280 -0.9983 0.0514
vn 0.3269 0.2338 -0.9157
vn -0.2847 0.6117 -0.7381
vn -0.3011 0.6333 -0.7129
vn -0.0308 0.7622 -0.6466
vn -0.0457 -0.0523 -0.9976
vn -0.3508 -0.8893 0.2934
vn 0.0954 0.2537 -0.9626
vn 0.0518 0.1123 -0.9923
vn -0.0030 -0.9990 0.0446
vn -0.2447 -0.9696 0.0089
vn -0.2123 -0.0708 -0.9746
vn 0.2363 -0.8820 0.4078
vn -0.0881 -0.9762 0.1983
vn -0.0114 -0.9983 0.0565
vn -0.0352 -0.0022 -0.9994
vn 0.4228 0.7231 -0.5463
vn -0.0499 0.0082 -0.9987
vn 0.0380 -0.7992 0.5998
vn -0.2422 0.0001 -0.9702
vn -0.2444 -0.1163 -0.9627
vn -0.1494 -0.1549 -0.9766
vn -0.1820 0.7053 0.6852
vn 0.6395 0.6138 -0.4629
vn -0.4840 -0.0700 0.8723
vn 0.4685 -0.1946 -0.8618
vn -0.1168 0.5974 0.7934
vn -0.0994 0.9937 0.0513
vn -0.1677 -0.0355 -0.9852
vn 0.8827 -0.1258 -0.4528
vn 0.8315 0.2152 -0.5121
vn 0.7716 -0.0456 -0.6344
vn -0.0435 -0.1799 -0.9827
vn -0.8263 -0.1450 0.5442
vn 0.2212 0.2603 -0.9399
vn 0.1180 -0.0192 -0.9928
vn -0.4462 -0.2486 0.8597
vn 0.7991 0.5071 -0.3229
vn 0.4380 0.6395 -0.6318
vn -0.6487 -0.1842 0.7384
vn -0.0527 0.6239 0.7797
vn -0.6292 0.2577 0.7333
vn 0.2973 0.8965 0.3285
vn 0.2655 -0.1757 -0.9480
vn 0.2897 0.1948 -0.9371
vn -0.4486 -0.2794 0.8489
vn 0.4163 0.2170 -0.8830
vn -0.6370 -0.1230 0.7610
vn -0.1805 0.7076 0.6832
vn -0.6889 0.0959 0.7185
vn -0.5478 0.5588 0.6226
vn 0.5742 0.7100 -0.4077
vn -0.6242 0.2908 0.7252
vn 0.5192 0.2596 -0.8143
vn -0.6930 0.5716 -0.4394
vn -0.9705 0.1330 -0.2012
vn 0.8370 -0.1451 -0.5277
vn -0.3823 -0.7283 0.5687
vn -0.6714 0.6397 0.3742
vn -0.3999 -0.0926 0.9119
vn -0.0549 0.5128 -0.8567
vn 0.4748 -0.0647 -0.8777
vn -0.6634 0.5241 0.5340
vn -0.7474 0.4120 -0.5213
vn -0.8055 0.4064 -0.4313
vn 0.6366 -0.7652 -0.0961
vn 0.6544 -0.7429 0.1406
vn 0.2666 0.8334 0.4841
vn 0.7498 -0.6579 -0.0706
vn 0.7225 -0.6500 -0.2356
vn -0.4244 0.1143 -0.8982
vn 0.5440 -0.5083 -0.6676
vn 0.6948 -0.6547 -0.2977
vn 0.7695 -0.6181 -0.1606
vn 0.1909 -0.1859 -0.9638
vn 0.7155 -0.6798 -0.1610
vn 0.5748 -0.7542 0.3174
vn -0.7680 0.6288 0.1217
vn 0.8165 -0.5194 0.2522
vn -0.6288 0.7072 0.3232
vn -0.9933 0.0798 0.0838
vn -0.2114 0.3955 -0.8938
vn -0.8947 0.2283 0.3839
vn -0.6677 0.5948 -0.4476
vn 0.7673 -0.6161 -0.1778
vn 0.4076 -0.9036 -0.1316
vn 0.0002 -0.2023 -0.9793
vn -0.0454 -0.9618 0.2699
vn -0.6936 0.5631 -0.4494
vn -0.0027 0.0552 -0.9985
vn -0.1347 0.1000 -0.9858
vn -0.6844 0.5875 -0.4319
vn -0.1768 -0.0218 -0.9840
vn -0.6143 0.4654 0.6372
vn -0.7015 0.6668 0.2515
vn -0.7209 0.5835 -0.3739
vn -0.2056 0.4212 0.8834
vn -0.2119 0.6473 0.7322
vn -0.5183 0.1946 -0.8328
vn -0.7159 0.6428 0.2728
vn 0.1993 -0.5540 -0.8083
vn 0.2459 -0.3892 -0.8877
vn -0.4526 0.7379 0.5006
vn 0.1974 -0.5742 -0.7946
vn -0.7787 0.4187 -0.4673
vn -0.2245 -0.8965 -0.3819
vn 0.5247 -0.2179 -0.8229
vn -0.4962 0.6337 -0.5935
vn 0.0576 -0.2945 -0.9539
vn -0.5280 0.0661 -0.8466
vn 0.1948 0.9674 -0.1621
vn -0.6284 0.7634 -0.1492
vn 0.1182 -0.2440 -0.9626
vn -0.0839 0.9581 0.2739
vn 0.4265 0.0890 -0.9001
vn -0.0560 -0.5514 -0.8324
vn -0.2545 0.2461 -0.9352
vn -0.2112 -0.7851 -0.5822
vn -0.8051 0.5588 -0.1990
vn -0.0512 -0.2664 -0.9625
vn 0.4987 -0.3762 -0.7809
vn 0.5220 -0.7532 -0.4003
vn 0.0597 -0.9958 0.0697
vn 0.4326 -0.8608 -0.2681
vn 0.6879 0.1119 -0.7172
vn -0.8219 0.0933 -0.5619
vn 0.1846 0.8702 -0.4568
vn -0.5853 0.3156 -0.7468
vn -0.6042 0.2930 -0.7410
vn -0.4463 0.0928 -0.8901
vn 0.5296 -0.8140 -0.2387
vn -0.8949 0.1384 0.4243
vn 0.7104 -0.6790 0.1854
vn -0.7822 0.6018 -0.1613
vn -0.4277 0.0117 -0.9038
vn -0.0016 -0.7071 -0.7072
vn 0.1382 -0.7831 -0.6064
vn 0.3115 0.3847 -0.8689
vn 0.1492 -0.7636 -0.6282
vn 0.3979 -0.0999 0.9120
vn 0.1956 0.4831 0.8534
vn 0.4466 0.3676 0.8157
vn 0.7721 0.5685 0.2839
vn 0.2547 0.7193 -0.6463
vn 0.7430 0.0511 -0.6673
vn 0.7932 0.5500 0.2614
vn -0.0079 -0.8094 -0.5872
vn -0.1399 -0.8987 -0.4157
vn -0.3993 0.2245 -0.8889
vn 0.0211 -0.7615 -0.6478
vn -0.3775 -0.0229 0.9257
vn -0.2594 0.2763 -0.9254
vn 0.0701 -0.5497 -0.8324
vn 0.3068 0.6107 -0.7300
vn -0.4211 0.0857 -0.9029
vn 0.0480 0.9022 0.4286
vn -0.8426 0.2046 0.4982
vn 0.7019 -0.1727 0.6910
vn -0.4122 0.3979 -0.8196
vn 0.2358 0.3046 -0.9228
vn -0.1221 -0.7541 -0.6453
vn -0.8817 0.0964 0.4618
vn -0.0494 -0.9216 -0.3849
vn -0.3726 0.2211 -0.9013
vn -0.2950 -0.7848 -0.5451
vn -0.1848 -0.6745 0.7147
vn 0.4843 0.0288 0.8744
vn 0.8756 0.1633 0.4545
vn -0.4055 0.6561 -0.6365
vn -0.5766 -0.2854 -0.7655
vn -0.8765 -0.2779 0.3930
vn 0.3616 0.4492 0.8170
vn -0.6261 -0.4126 -0.6616
vn -0.3114 -0.7685 -0.5589
vn 0.5215 0.7526 -0.4020
vn -0.3169 0.7923 0.5213
vn 0.5717 0.8187 0.0538
vn -0.1155 0.0069 -0.9933
vn 0.0118 -0.7260 -0.6876
vn 0.2935 -0.9533 -0.0710
vn -0.8475 -0.1614 0.5057
vn -0.7855 -0.4181 0.4563
vn -0.0226 0.4110 -0.9114
vn -0.1876 0.9541 -0.2335
vn -0.0906 0.9609 0.2617
vn 0.0388 0.9670 0.2518
vn -0.6273 -0.3944 -0.6715
vn 0.2928 0.7689 -0.5684
vn 0.9509 -0.0704 -0.3014
vn -0.0883 -0.9586 -0.2707
vn -0.2571 -0.5604 0.7873
vn 0.2231 -0.9745 0.0255
vn 0.0259 0.0764 -0.9967
vn 0.7438 0.2446 -0.6220
vn 0.3253 -0.2714 0.9058
vn -0.2064 0.4663 -0.8602
vn 0.9516 -0.2123 -0.2220
vn -0.8163 -0.5728 -0.0747
vn -0.6631 0.5899 -0.4608
vn 0.0238 -0.9259 0.3771
vn -0.4537 0.0771 0.8878
vn 0.3089 0.4602 0.8323
vn 0.3455 0.2276 0.9104
vn -0.3713 0.7554 0.5400
vn 0.1178 -0.5661 0.8159
vn -0.1533 -0.3091 0.9386
vn -0.9553 0.2315 0.1837
vn 0.0527 -0.8655 0.4981
vn 0.0694 -0.9002 0.4299
vn -0.3627 -0.6451 0.6725
vn -0.2308 -0.0367 0.9723
vn 0.3529 -0.4074 0.8423
vn 0.3380 0.7091 -0.6189
vn 0.2573 -0.9377 0.2337
vn 0.0650 -0.8866 0.4579
vn 0.2062 -0.1351 -0.9691
vn -0.4022 -0.4603 -0.7914
vn 0.2287 -0.4575 -0.8593
vn -0.4532 0.0810 0.8877
vn -0.5524 0.5296 0.6438
vn -0.1535 -0.7639 -0.6269
vn 0.1326 -0.0103 -0.9911
vn -0.5650 -0.3804 -0.7321
vn 0.4410 0.8801 0.1757
vn -0.0040 -0.6825 -0.7309
vn -0.8736 -0.3769 0.3077
vn -0.8318 -0.1812 0.5246
vn 0.2108 -0.1549 -0.9652
vn 0.2164 -0.1427 -0.9658
vn -0.8374 0.3736 0.3989
vn 0.5631 -0.8180 0.1170
vn 0.1140 -0.9823 -0.1485
vn -0.2506 0.8832 0.3965
vn -0.0795 -0.9274 -0.3655
vn 0.2968 0.9079 0.2960
vn 0.2580 0.9513 0.1688
vn 0.0247 0.5008 0.8652
vn -0.5214 -0.6263 -0.5795
vn -0.3049 -0.0122 0.9523
vn -0.6509 -0.5293 -0.5442
vn 0.0768 -0.9787 -0.1902
vn 0.0901 0.7601 0.6435
vn 0.0849 0.9779 0.1909
vn 0.3037 0.5879 -0.7497
vn 0.0687 0.7894 0.6100
vn -0.3669 -0.3841 -0.8472
vn -0.9344 0.3540 -0.0392
vn 0.0401 -0.1282 -0.9909
vn 0.1187 0.9472 0.2978
vn -0.9418 0.2312 -0.2439
vn 0.1469 0.9696 0.1957
vn -0.9600 0.1664 -0.2254
vn -0.2275 0.6577 0.7181
vn 0.4721 0.6329 0.6136
vn -0.3975 0.0300 0.9171
vn -0.3847 -0.6421 -0.6631
vn -0.8582 0.1926 -0.4758
vn -0.4787 0.3511 0.8047
vn -0.4530 0.5737 0.6824
vn -0.1435 0.9877 -0.0622
vn -0.5030 0.3441 0.7928
vn 0.1722 -0.1209 -0.9776
vn -0.1316 0.9882 0.0781
vn -0.5302 0.6428 0.5530
vn 0.2034 0.9493 0.2395
vn -0.2669 0.9333 0.2402
vn -0.4611 -0.0224 0.8871
vn -0.2221 0.9685 0.1129
vn 0.0924 0.9929 -0.0745
vn -0.6742 0.3771 0.6350
vn 0.0977 -0.1693 0.9807
vn -0.4895 0.6454 0.5863
vn -0.5799 0.2846 0.7634
vn -0.2644 0.9631 0.0497
vn -0.7799 0.3258 0.5344
vn -0.5891 0.3388 0.7336
vn -0.5746 0.7147 0.3987
vn -0.7195 0.1477 0.6786
vn -0.8060 0.2130 0.5523
vn -0.2775 0.9598 0.0428
vn -0.3908 0.9192 0.0479
vn 0.2788 0.8280 0.4866
vn -0.2030 0.9789 0.0237
vn -0.6739 0.3763 0.6359
vn -0.7597 0.4269 0.4904
vn -0.8014 0.2563 0.5405
vn -0.6768 0.4916 0.5479
vn -0.4569 0.8885 -0.0429
vn 0.5590 -0.4310 0.7084
vn 0.0625 -0.0453 0.9970
vn 0.5408 0.2918 0.7889
vn -0.1651 0.2693 0.9488
vn -0.4391 0.8928 0.1001
vn 0.6344 0.1587 0.7566
vn 0.2842 0.3837 0.8786
vn 0.1116 0.5335 0.8384
vn 0.8562 -0.5122 0.0678
vn 0.4487 -0.2127 0.8680
vn -0.6174 0.2957 0.7289
vn 0.4287 0.3167 0.8461
vn 0.2346 0.5442 0.8055
vn 0.9837 -0.1668 0.0667
vn -0.2514 -0.0860 0.9641
vn 0.6195 -0.7349 0.2760
vn -0.7595 0.2864 0.5841
vn 0.0415 0.4291 0.9023
vn -0.0196 0.2211 0.9751
vn 0.3069 0.1842 0.9337
vn 0.4374 -0.2343 0.8682
vn 0.0144 0.5183 0.8551
vn 0.7680 -0.2018 0.6078
vn 0.8911 -0.0365 0.4523
vn 0.5280 0.0812 0.8453
vn -0.1344 0.2536 0.9579
vn -0.6683 0.6495 0.3626
vn 0.1120 0.5326 0.8389
vn 0.7857 -0.2674 0.5579
vn -0.7682 -0.3615 0.5284
vn 0.0482 0.5256 0.8493
vn 0.4181 0.0242 0.9081
vn 0.3118 -0.9170 0.2487
vn -0.5144 -0.7488 0.4179
vn 0.3789 0.9135 0.1479
vn -0.8944 0.2932 0.3379
vn -0.5074 0.7603 0.4056
vn -0.4687 0.6898 0.5519
vn 0.9388 -0.2496 0.2375
vn -0.9297 0.2558 0.2649
vn -0.4701 -0.7680 0.4350
vn -0.2530 0.2736 -0.9280
vn -0.7547 0.5705 0.3240
vn -0.1733 -0.8251 0.5378
vn -0.8239 0.5276 0.2070
vn -0.2031 0.5866 -0.7840
vn -0.1304 0.9607 -0.2450
vn -0.5754 0.8145 0.0740
vn -0.9758 0.0784 0.2042
vn 0.2082 -0.9536 0.2176
vn -0.6517 0.6850 -0.3257
vn -0.7109 0.5791 0.3991
vn -0.6671 0.7365 0.1122
vn -0.3146 0.2317 -0.9205
vn -0.1381 0.3829 0.9134
vn -0.2705 0.9223 0.2762
vn -0.8762 0.4432 0.1891
vn -0.2978 0.9339 0.1981
vn -0.2898 0.2318 -0.9286
vn -0.1969 0.9696 0.1452
vn 0.5202 -0.7548 0.3996
vn -0.3486 0.9008 0.2589
vn -0.0572 0.9742 0.2183
vn -0.3522 -0.8893 0.2916
vn -0.4511 0.4955 -0.7423
vn -0.9416 0.1561 0.2983
vn -0.7171 -0.5912 -0.3691
vn -0.8180 0.5587 -0.1369
vn -0.8504 0.4985 -0.1683
vn -0.2695 -0.7967 0.5410
vn -0.4161 0.7891 0.4519
vn -0.8704 -0.3899 -0.3007
vn 0.3637 -0.9110 0.1944
vn 0.0473 -0.3376 -0.9401
vn -0.8495 0.0245 -0.5270
vn -0.8025 0.5630 -0.1974
vn -0.4201 0.7897 0.4472
vn -0.6809 0.4618 -0.5684
vn -0.8618 0.4028 0.3082
vn 0.5740 -0.7357 0.3594
vn -0.9759 0.2078 0.0672
vn 0.9072 0.0298 0.4197
vn -0.8389 0.5440 0.0159
vn -0.6537 -0.6292 -0.4204
vn -0.2282 -0.6529 0.7222
vn -0.8847 0.4325 0.1738
vn 0.2330 -0.8928 0.3856
vn -0.1728 -0.8099 0.5605
vn 0.3718 -0.3970 -0.8391
vn -0.7600 0.6004 -0.2488
vn 0.5904 -0.8066 0.0280
vn 0.8296 -0.5098 0.2278
vn -0.8371 0.4995 -0.2230
vn 0.6973 -0.1255 0.7057
vn 0.1382 0.0431 -0.9895
vn -0.8146 0.5683 -0.1164
vn 0.0793 -0.6871 0.7223
vn 0.4583 -0.7892 0.4089
vn -0.2216 0.6926 -0.6864
vn -0.2317 0.1875 -0.9545
vn 0.7336 -0.3179 0.6006
vn -0.4012 -0.7800 0.4802
vn -0.5846 0.0009 -0.8113
vn -0.1746 0.8150 -0.5525
vn 0.1544 -0.2678 -0.9510
vn 0.1216 0.3704 0.9209
vn -0.5077 0.5303 -0.6790
vn -0.4769 0.1033 -0.8729
vn 0.8757 -0.3383 0.3446
vn -0.6545 0.7439 -0.1354
vn -0.2648 0.2310 -0.9362
vn -0.1363 0.6869 0.7139
vn -0.6705 0.7414 0.0267
vn -0.4895 0.6757 0.5513
vn -0.9736 -0.1874 0.1303
vn 0.2064 -0.5223 -0.8274
vn 0.4018 0.0911 0.9112
vn 0.5173 -0.1961 0.8331
vn -0.1767 0.1730 0.9689
vn -0.8071 0.4858 -0.3356
vn -0.1589 0.9842 -0.0781
vn -0.9531 0.1932 -0.2329
vn -0.2014 0.4222 0.8839
vn 0.1805 -0.1862 0.9658
vn -0.2327 0.3075 0.9227
vn -0.8042 0.5920 -0.0530
vn -0.3518 0.5681 0.7439
vn -0.5788 0.8114 -0.0815
vn -0.9491 0.2037 -0.2403
vn 0.1774 -0.2561 0.9502
vn -0.8103 0.5228 -0.2647
vn -0.5541 0.0654 -0.8299
vn -0.8037 0.5924 -0.0569
vn -0.6355 0.5670 0.5241
vn 0.0634 -0.4573 0.8870
vn 0.3495 -0.9217 0.1686
vn -0.5337 0.0886 -0.8410
vn -0.5841 0.4063 0.7027
vn -0.7498 0.3451 -0.5645
vn -0.4334 -0.8238 0.3653
vn 0.3480 -0.9219 0.1702
vn -0.6661 0.3625 -0.6518
vn -0.5071 0.5152 -0.6910
vn -0.9827 0.1831 -0.0291
vn 0.4093 -0.8979 0.1622
vn -0.9667 -0.1770 0.1850
vn 0.3824 -0.8999 -0.2095
vn -0.7525 0.3229 -0.5740
vn 0.0840 -0.5923 0.8013
vn -0.8477 -0.4764 0.2334
vn 0.6616 -0.7410 0.1145
vn 0.9672 -0.1970 -0.1605
vn -0.6870 0.5611 -0.4618
vn -0.8770 0.3086 -0.3683
vn -0.6949 0.5651 -0.4447
vn -0.9349 0.3040 0.1834
vn -0.5648 0.6118 -0.5538
vn -0.6291 0.3214 0.7077
vn 0.1031 0.4010 -0.9102
vn -0.7864 -0.5441 0.2926
vn -0.0565 -0.9481 0.3128
vn -0.5563 0.7600 -0.3359
vn -0.5430 0.1781 -0.8206
vn -0.6134 0.6051 -0.5076
vn 0.3343 -0.9353 -0.1156
vn 0.0597 -0.3470 0.9360
vn -0.1300 0.3461 0.9292
vn -0.6780 0.2682 -0.6844
vn -0.3533 0.0868 0.9315
vn -0.2606 0.8972 -0.3565
vn -0.0418 -0.8383 0.5436
vn 0.0993 -0.7860 0.6102
vn -0.2904 -0.9411 -0.1734
vn -0.1677 0.4333 0.8855
vn -0.6765 0.4762 -0.5617
vn -0.0016 -0.5575 0.8302
vn -0.7551 0.4269 -0.4976
vn 0.6860 -0.7263 0.0432
vn -0.6578 0.7375 0.1531
vn -0.6365 0.6335 0.4399
vn 0.6588 -0.6553 0.3694
vn -0.9861 0.1321 -0.1011
vn 0.1639 -0.4725 0.8659
vn -0.8212 0.5635 -0.0897
vn -0.9830 -0.0211 -0.1826
vn -0.0472 0.4084 0.9116
vn -0.9402 -0.1802 0.2890
vn -0.2676 0.8968 -0.3522
vn 0.1723 -0.7402 0.6499
vn -0.4090 0.8603 -0.3043
vn -0.0244 0.1841 -0.9826
vn -0.3453 0.8972 0.2752
vn -0.3486 0.4559 0.8189
vn 0.1952 -0.6491 0.7352
vn -0.5511 0.7100 0.4385
vn -0.2032 0.7985 0.5667
vn 0.1543 -0.1179 0.9810
vn -0.7141 -0.6604 0.2322
vn -0.0029 0.0079 1.0000
vn 0.0093 0.0918 -0.9957
vn -0.6855 -0.0496 -0.7264
vn 0.9307 0.3641 -0.0356
vn -0.3701 0.9156 0.1572
vn -0.2981 -0.9024 0.3110
vn 0.9865 0.1540 0.0552
vn -0.7639 -0.4227 0.4876
vn 0.9291 0.3568 -0.0976
vn 0.9903 0.1277 0.0546
vn 0.9632 0.2312 0.1373
vn 0.9050 -0.4252 0.0140
vn -0.9563 0.1471 0.2525
vn -0.3741 0.5525 0.7448
vn 0.3504 0.8964 0.2714
vn -0.7621 -0.0530 0.6453
vn 0.2203 -0.8072 -0.5476
vn 0.3053 -0.8673 -0.3931
vn 0.8027 0.5648 -0.1915
vn -0.4071 0.9128 -0.0326
vn 0.6736 -0.3953 -0.6246
vn 0.7681 -0.4194 -0.4839
vn 0.7677 0.2832 -0.5749
vn 0.3116 -0.7198 -0.6203
vn 0.7570 0.5917 -0.2773
vn 0.7223 0.5799 0.3768
vn 0.6050 0.5025 -0.6176
vn -0.9776 0.0874 0.1916
vn 0.7075 0.5783 -0.4062
vn 0.3625 -0.8670 -0.3419
vn -0.2154 -0.9443 -0.2486
vn 0.7538 0.6541 0.0630
vn -0.8544 0.5194 -0.0167
vn -0.4153 0.2143 0.8841
vn -0.2223 0.7207 0.6566
vn 0.0622 0.2183 -0.9739
vn -0.1775 0.3548 -0.9179
vn 0.8956 0.0568 -0.4413
vn -0.3165 0.8652 0.3890
vn 0.4502 0.8280 0.3343
vn 0.3055 0.8395 0.4494
vn 0.5188 0.7709 0.3695
vn -0.4095 0.2273 0.8836
vn 0.7469 0.6631 0.0488
vn -0.9753 0.2174 -0.0382
vn 0.0993 -0.1431 0.9847
vn 0.8851 -0.2458 -0.3952
vn -0.8592 -0.1954 0.4728
vn 0.7387 0.0791 -0.6693
vn 0.6959 0.0929 -0.7121
vn 0.5615 0.6734 -0.4809
vn 0.5577 0.8206 0.1251
vn 0.0508 0.3430 0.9379
vn 0.3635 0.5906 -0.7204
vn 0.8405 -0.0841 -0.5352
vn 0.3757 0.7340 -0.5658
vn 0.8106 0.5401 0.2264
vn -0.2099 0.1333 0.9686
vn -0.2298 0.7604 0.6074
vn 0.4084 0.3208 -0.8546
vn -0.9525 0.2434 -0.1828
vn 0.2460 0.7615 0.5996
vn -0.3221 0.6983 -0.6393
vn 0.1378 0.9347 -0.3277
vn 0.3088 0.9471 0.0873
vn 0.3270 0.2872 -0.9003
vn 0.1243 -0.7084 -0.6948
vn -0.4308 0.8102 0.3975
vn 0.4679 0.8265 -0.3131
vn 0.4070 0.5786 -0.7068
vn 0.2140 -0.5886 -0.7796
vn -0.0701 -0.1182 -0.9905
vn 0.4152 0.0583 -0.9078
vn 0.3808 0.9189 0.1035
vn -0.3590 -0.9114 0.2011
vn 0.7321 -0.4093 -0.5445
vn 0.6606 -0.1902 -0.7262
vn 0.9811 -0.1175 -0.1538
vn -0.2614 0.0280 -0.9648
vn 0.4007 -0.6069 -0.6864
vn 0.4410 0.8975 -0.0047
vn 0.1182 -0.6281 -0.7691
vn 0.5640 -0.7674 -0.3051
vn 0.2911 0.6804 -0.6725
vn -0.9580 0.1967 -0.2085
vn 0.2994 0.9163 -0.2659
vn -0.6529 -0.4397 0.6167
vn 0.5330 0.2997 -0.7913
vn 0.5476 0.7705 -0.3263
vn -0.0365 -0.5279 -0.8485
vn 0.7654 -0.6127 0.1969
vn 0.4082 0.9127 0.0202
vn 0.8336 0.5033 0.2274
vn -0.7526 -0.1732 0.6353
vn 0.1017 0.9086 0.4051
vn -0.1380 -0.3244 0.9358
vn -0.2001 -0.9714 0.1277
vn 0.4956 0.5668 -0.6581
vn -0.5726 -0.8131 -0.1052
vn 0.7905 0.5828 0.1880
vn 0.1976 0.4381 -0.8769
vn -0.4344 0.2750 0.8577
vn 0.2539 0.7949 -0.5510
vn 0.2431 0.9360 0.2545
vn 0.7816 -0.0195 -0.6235
vn 0.0708 0.7079 -0.7027
vn -0.2311 -0.7378 -0.6342
vn 0.1084 0.8963 -0.4300
vn -0.2074 0.7866 0.5815
vn 0.1815 0.9790 -0.0924
vn -0.4006 -0.9133 -0.0738
vn 0.6788 0.1636 -0.7158
vn 0.1180 0.9925 -0.0330
vn 0.5343 -0.4895 -0.6892
vn 0.6098 0.7640 -0.2107
vn -0.2522 0.1908 0.9487
vn 0.5520 -0.7666 -0.3281
vn 0.2811 0.9225 -0.2647
vn -0.0735 0.5086 -0.8579
vn 0.5301 -0.8300 0.1737
vn -0.6615 -0.0790 0.7457
vn 0.2467 0.8805 -0.4047
vn 0.5386 0.7541 0.3759
vn -0.8836 -0.3313 -0.3310
vn 0.3410 -0.2130 -0.9156
vn 0.5990 0.8003 -0.0277
vn 0.5367 0.4454 -0.7166
vn 0.0884 -0.7439 -0.6625
vn 0.0220 -0.6407 -0.7675
vn 0.6667 0.4031 -0.6269
vn -0.0353 -0.5179 -0.8547
vn -0.7971 -0.1237 -0.5910
vn 0.6704 0.5296 -0.5198
vn 0.7996 -0.1326 -0.5857
vn -0.5009 -0.8635 -0.0585
vn -0.3359 -0.9399 0.0616
vn 0.3407 -0.4303 0.8359
vn 0.1741 -0.5661 -0.8057
vn 0.6439 0.4679 0.6054
vn 0.1571 -0.1007 0.9824
vn -0.4907 -0.2770 -0.8261
vn -0.7256 0.0604 0.6855
vn -0.0442 -0.8386 -0.5429
vn -0.2238 0.5562 0.8003
vn 0.4945 -0.8615 0.1148
vn 0.4591 0.7931 0.4002
vn -0.6616 0.0536 0.7480
vn -0.0287 0.8524 0.5221
vn 0.4076 0.8891 -0.2083
vn -0.5542 -0.2254 0.8013
vn 0.1310 -0.9700 0.2046
vn -0.5486 -0.1398 0.8243
vn -0.5361 -0.1517 0.8304
vn 0.5651 0.2489 -0.7866
vn 0.5291 0.7225 0.4450
vn -0.1826 0.6546 -0.7336
vn 0.3452 0.9222 -0.1745
vn 0.5442 0.5643 -0.6208
vn 0.5791 0.0497 -0.8138
vn -0.9924 -0.1097 0.0558
vn 0.2092 0.8569 0.4711
vn -0.1359 0.9306 0.3398
vn -0.1079 0.9846 -0.1379
vn 0.0048 0.9596 0.2814
vn -0.5633 0.0452 0.8250
vn -0.3328 -0.7306 -0.5962
vn -0.5839 0.4993 0.6401
vn -0.0522 0.8767 0.4782
vn 0.1237 -0.8125 0.5696
vn -0.5327 0.3154 0.7853
vn -0.0541 0.9955 -0.0775
vn 0.5418 0.6426 -0.5418
vn -0.3277 0.8341 0.4438
vn -0.4360 0.8994 0.0315
vn -0.4258 0.9046 0.0167
vn 0.2201 0.8502 0.4782
vn 0.5618 0.3692 -0.7403
vn 0.9897 0.0909 -0.1102
vn 0.6735 0.5219 -0.5234
vn -0.0068 0.9730 -0.2307
vn -0.0185 0.4396 0.8980
vn -0.8935 -0.4091 0.1850
vn -0.0051 0.2078 0.9782
vn -0.4795 -0.7847 -0.3929
vn -0.6744 0.7287 0.1190
vn -0.9935 -0.0116 -0.1131
vn -0.0403 -0.2245 0.9736
vn -0.9248 0.0373 0.3787
vn 0.6999 0.2850 0.6549
vn -0.5654 -0.7811 -0.2650
vn 0.5707 0.6855 -0.4521
vn -0.4525 -0.1404 -0.8807
vn 0.7601 0.5358 0.3677
vn 0.4090 0.9106 0.0595
vn 0.4073 0.1503 0.9009
vn 0.2249 0.7372 0.6371
vn -0.4287 -0.8853 -0.1803
vn -0.1624 0.9777 0.1335
vn -0.8577 -0.2136 0.4678
vn -0.1969 0.9703 0.1405
vn 0.2258 0.9528 -0.2031
vn -0.0811 0.9368 -0.3404
vn 0.4693 -0.6822 -0.5607
vn -0.6379 -0.5838 -0.5023
vn -0.6674 -0.5395 0.5134
vn 0.4508 0.1595 -0.8783
vn -0.8263 -0.0807 0.5574
vn 0.1998 -0.1006 -0.9747
vn -0.5870 -0.4030 -0.7022
vn 0.7562 0.3192 0.5711
vn 0.6581 -0.4555 0.5995
vn 0.5708 -0.1315 0.8105
vn 0.3984 -0.7257 -0.5609
vn 0.5090 0.4653 -0.7242
vn -0.5359 0.3036 -0.7878
vn 0.3250 0.0345 -0.9451
vn -0.2843 -0.0173 -0.9586
vn -0.0329 -0.9425 -0.3326
vn -0.1418 -0.9133 -0.3818
vn -0.5261 -0.5879 -0.6145
vn -0.9792 -0.1007 -0.1763
vn 0.5910 0.3414 -0.7309
vn 0.2421 -0.6931 0.6790
vn 0.3580 0.0542 -0.9322
vn 0.4909 0.7300 0.4755
vn 0.0789 -0.9896 0.1200
vn -0.2594 -0.4865 -0.8343
vn -0.1339 -0.4948 -0.8586
vn -0.1806 0.5801 -0.7942
vn 0.7062 0.5590 -0.4345
vn -0.0350 0.8977 -0.4392
vn -0.5642 -0.1711 -0.8077
vn -0.1574 -0.9771 0.1431
vn -0.2481 -0.9414 -0.2285
vn -0.4379 -0.8824 -0.1721
vn 0.2590 0.1948 -0.9460
vn -0.0212 0.8923 -0.4509
vn 0.7051 0.5649 -0.4286
vn -0.7805 -0.3364 -0.5269
vn 0.1012 0.8927 0.4391
vn -0.6903 -0.3474 -0.6347
vn -0.2914 -0.0298 -0.9561
vn -0.1381 -0.9723 0.1887
vn -0.6058 -0.3217 -0.7277
vn 0.4609 0.4961 0.7359
vn -0.4799 -0.0161 -0.8772
vn -0.3539 0.0777 -0.9321
vn 0.4241 0.2109 -0.8807
vn 0.3224 0.4481 -0.8338
vn 0.3826 0.3788 -0.8427
vn -0.2862 -0.1802 -0.9411
vn 0.7435 0.6644 -0.0761
vn -0.3918 -0.9164 0.0823
vn 0.3149 0.4942 -0.8103
vn 0.2434 0.6595 -0.7112
vn -0.4317 -0.5893 -0.6829
vn 0.3554 -0.1777 0.9177
vn -0.0817 -0.2376 -0.9679
vn 0.1952 -0.9462 -0.2581
vn -0.5479 -0.5981 -0.5849
vn -0.4094 -0.8692 -0.2772
vn -0.7199 -0.4591 -0.5206
vn -0.5427 0.1208 0.8312
vn -0.5257 -0.8262 -0.2027
vn -0.4438 -0.8432 -0.3036
vn -0.5182 0.8379 -0.1715
vn -0.1595 0.4323 -0.8875
vn 0.4041 0.9137 0.0434
vn -0.3275 -0.4060 -0.8532
vn 0.2213 -0.5832 -0.7816
vn 0.3754 0.1285 -0.9179
vn -0.4027 0.1730 -0.8988
vn -0.4688 -0.1353 -0.8729
vn -0.2207 -0.9088 -0.3541
vn -0.4734 -0.8300 -0.2949
vn -0.0234 -0.9352 -0.3535
vn 0.1468 0.7627 0.6298
vn 0.1934 0.7032 -0.6842
vn -0.5142 -0.5269 -0.6768
vn 0.1848 0.0947 -0.9782
vn 0.0123 0.9966 0.0816
vn -0.6015 0.7927 0.0989
vn -0.6319 -0.1308 -0.7639
vn 0.2020 0.7886 0.5808
vn -0.2500 0.2919 -0.9232
vn -0.0090 -0.4956 -0.8685
vn 0.1978 0.6377 -0.7445
vn -0.3528 -0.3275 -0.8765
vn -0.7422 -0.3003 -0.5992
vn -0.0449 0.9273 0.3717
vn 0.0207 -0.9945 -0.1027
vn -0.0213 0.5529 -0.8329
vn 0.1603 -0.9576 -0.2394
vn 0.6048 0.7564 0.2492
vn -0.5253 -0.3915 -0.7555
vn -0.0060 0.2018 -0.9794
vn 0.0933 0.7645 -0.6378
vn 0.0273 0.6625 -0.7486
vn -0.4605 0.2222 -0.8594
vn -0.3567 0.3892 -0.8493
vn -0.0608 0.6785 -0.7321
vn -0.6302 0.0325 -0.7757
vn 0.5761 0.1988 -0.7928
vn 0.0498 0.4377 -0.8977
vn -0.0083 0.9768 -0.2138
vn 0.6079 0.7718 0.1863
vn -0.5365 0.3113 -0.7844
vn -0.4273 -0.2069 -0.8801
vn -0.5873 0.3520 -0.7288
vn -0.0054 0.6987 -0.7154
vn -0.3646 0.4695 -0.8041
vn -0.5942 -0.1965 -0.7800
vn -0.0116 -0.1686 -0.9856
vn 0.0854 0.1743 -0.9810
vn 0.1047 0.1300 -0.9860
vn -0.0354 0.0608 -0.9975
vn 0.1894 0.9817 0.0174
vn 0.2290 0.9185 -0.3224
vn 0.9074 0.3016 -0.2928
vn -0.1125 0.8078 -0.5786
vn -0.2153 -0.4967 -0.8408
vn 0.0345 0.5396 -0.8412
vn -0.1377 0.7771 -0.6142
vn 0.2361 0.6043 -0.7610
vn 0.4075 0.9105 0.0703
vn -0.1374 0.8241 -0.5496
vn -0.5022 -0.4059 -0.7636
vn -0.1264 -0.7315 -0.6701
vn 0.2756 -0.6308 -0.7254
vn 0.3907 0.0016 -0.9205
vn 0.0432 -0.9506 -0.3075
vn 0.8892 -0.0898 -0.4486
vn 0.3503 0.7265 -0.5911
vn 0.3664 0.5974 -0.7133
vn 0.5323 0.2034 -0.8218
vn 0.4713 0.3571 -0.8064
vn 0.1388 0.9702 0.1988
vn 0.1202 0.8506 0.5119
vn 0.1484 -0.6470 -0.7479
vn -0.1352 0.3288 -0.9347
vn 0.0745 0.2628 -0.9620
vn -0.1446 0.2823 -0.9484
vn 0.4958 -0.3773 -0.7822
vn 0.1233 0.4277 -0.8955
vn -0.0409 0.8157 -0.5770
vn 0.4629 0.3581 -0.8108
vn 0.1196 -0.9552 -0.2708
vn 0.8249 -0.5148 0.2334
vn 0.6430 0.0842 -0.7612
vn 0.3606 0.7259 -0.5857
vn 0.3898 0.0058 -0.9209
vn 0.8301 -0.5031 -0.2406
vn 0.3239 -0.1673 -0.9312
vn 0.3310 -0.0561 -0.9420
vn 0.8375 0.2389 -0.4915
vn 0.1128 0.5127 -0.8511
vn -0.1181 -0.3503 -0.9292
vn -0.3151 0.6168 -0.7213
vn 0.5880 -0.4642 -0.6624
vn -0.2069 0.1258 -0.9703
vn 0.2207 0.4589 -0.8606
vn 0.0010 0.9920 0.1260
vn 0.5639 0.7757 -0.2834
vn -0.8938 -0.4484 -0.0077
vn 0.8298 -0.4012 -0.3879
vn 0.7714 -0.5941 0.2282
vn 0.0144 0.5972 -0.8020
vn -0.6421 0.6298 0.4370
vn -0.5304 -0.2476 0.8108
vn -0.5071 -0.8350 0.2136
vn -0.2780 -0.9575 -0.0769
vn -0.5869 -0.8068 0.0675
vn 0.8305 0.0103 0.5569
vn -0.1172 -0.9018 0.4160
vn -0.2657 -0.3337 0.9045
vn 0.1105 -0.9478 0.2991
vn -0.7443 -0.6300 -0.2215
vn 0.0086 0.6458 -0.7634
vn -0.5692 0.2383 -0.7869
vn 0.0676 0.9890 -0.1316
vn 0.7286 -0.1770 0.6617
vn -0.0659 0.9685 0.2403
vn 0.4175 0.5451 0.7270
vn 0.0396 0.9652 0.2583
vn 0.3075 -0.3651 -0.8787
vn 0.0921 0.9422 0.3222
vn -0.1442 0.8732 0.4655
vn -0.2396 0.9043 -0.3534
vn -0.2022 0.9040 0.3766
vn -0.1555 0.9713 -0.1799
vn -0.3588 0.8249 -0.4368
vn -0.0648 0.5498 0.8328
vn -0.2808 0.9232 -0.2625
vn -0.0785 0.5456 0.8343
vn 0.0545 0.5995 -0.7985
vn -0.0059 0.4401 0.8979
vn 0.3250 0.6678 0.6696
vn 0.3610 0.9297 -0.0726
vn 0.1163 0.8535 0.5079
vn -0.2010 0.9775 0.0642
vn -0.4082 0.3825 0.8289
vn -0.4507 -0.2549 0.8555
vn 0.0233 0.9222 0.3861
vn -0.0339 0.8307 0.5556
vn -0.4779 0.7010 -0.5293
vn 0.3566 0.8288 0.4311
vn 0.2591 0.8100 -0.5262
vn 0.1167 0.9047 0.4098
vn 0.2678 0.8374 -0.4764
vn -0.2805 -0.1610 0.9463
vn 0.6731 -0.1274 0.7285
vn -0.5316 -0.2437 0.8112
vn -0.4262 -0.1470 0.8926
vn -0.5788 -0.6908 0.4334
vn -0.4274 -0.1492 0.8917
vn -0.2233 0.8280 0.5144
vn -0.4446 -0.2615 0.8567
vn 0.9610 -0.0822 0.2642
vn -0.1715 -0.8096 0.5614
vn 0.7504 -0.2996 0.5892
vn 0.4362 -0.6639 0.6074
vn -0.8508 0.3096 -0.4247
vn 0.2971 -0.7636 0.5733
vn 0.7110 -0.3932 0.5830
vn -0.7554 0.0285 -0.6547
vn -0.8627 0.0046 -0.5057
vn -0.7946 -0.0880 -0.6008
vn -0.5795 0.0198 -0.8147
vn -0.7017 -0.1115 -0.7037
vn 0.9577 -0.2475 0.1471
vn -0.8343 -0.0695 -0.5470
vn -0.6536 -0.1158 -0.7479
vn 0.3017 -0.8612 0.4091
vn -0.7336 0.1843 -0.6541
vn -0.8431 -0.0536 -0.5350
vn -0.6633 -0.1417 -0.7348
vn 0.1719 -0.8373 -0.5190
vn -0.9221 0.3295 -0.2027
vn -0.9454 -0.0654 -0.3192
vn -0.7187 0.4339 -0.5433
vn -0.7573 0.4517 -0.4717
vn -0.8714 0.1650 -0.4620
vn -0.7954 -0.1876 -0.5764
vn 0.6171 -0.7760 -0.1306
vn -0.6743 0.2334 -0.7006
vn -0.6626 -0.2060 -0.7201
vn 0.2546 -0.9576 0.1348
vn -0.9458 -0.1527 -0.2865
vn 0.0274 -0.9604 -0.2774
vn -0.9742 0.0610 -0.2173
vn 0.9978 0.0331 0.0572
vn -0.8944 -0.1577 -0.4185
vn 0.7307 0.1946 0.6543
vn 0.5798 -0.7856 0.2160
vn 0.0397 -0.6486 0.7601
vn -0.9864 0.1403 -0.0856
vn -0.5196 -0.6021 0.6062
vn 0.9706 0.1898 -0.1479
vn 0.9550 0.2201 0.1988
vn 0.2155 -0.5137 -0.8305
vn -0.5864 -0.5324 -0.6105
vn -0.9493 -0.1672 0.2661
vn -0.8660 -0.0142 0.4998
vn -0.6902 -0.3987 -0.6039
vn 0.3085 0.4005 0.8628
vn 0.8960 -0.2582 0.3613
vn 0.9961 0.0878 -0.0041
vn 0.7028 0.2313 0.6727
vn -0.8375 0.1025 0.5368
vn 0.1605 0.4190 0.8937
vn 0.1743 0.4105 0.8951
vn 0.7919 -0.0538 0.6082
vn -0.3086 0.3075 0.9001
vn 0.7500 0.2873 0.5958
vn 0.9598 0.1802 0.2153
vn -0.3902 -0.0991 0.9154
vn 0.0343 0.9767 0.2119
vn 0.5379 0.2335 0.8100
vn -0.2664 0.2969 0.9170
vn 0.9249 0.3453 0.1594
vn 0.7122 0.3692 0.5971
vn 0.8399 0.3426 0.4208
vn 0.5379 0.5022 0.6771
vn 0.1085 0.7428 0.6607
vn -0.6707 -0.1035 0.7344
vn 0.3383 0.2287 0.9128
vn -0.3882 0.0152 0.9215
vn 0.4130 0.3735 0.8307
vn -0.7198 -0.0704 0.6906
vn 0.1081 0.3518 0.9298
vn 0.4354 0.2746 0.8573
vn -0.8504 -0.3839 0.3597
vn -0.6798 -0.7003 -0.2178
vn 0.2924 0.9290 -0.2267
vn 0.3594 0.5418 0.7598
vn 0.8978 0.4223 0.1247
vn 0.9954 0.0913 -0.0279
vn -0.9539 -0.2956 -0.0524
vn 0.7451 0.5505 0.3766
vn 0.9146 0.3856 -0.1217
vn 0.0965 0.9172 0.3865
vn 0.8653 0.5012 0.0099
vn -0.6198 0.2612 0.7400
vn -0.6501 -0.5817 0.4889
vn 0.2828 0.4560 0.8439
vn 0.1113 0.3316 0.9368
vn 0.9953 0.0105 -0.0962
vn 0.5517 0.6326 0.5435
vn 0.6140 0.5927 -0.5212
vn 0.7043 0.7070 0.0650
vn 0.2467 0.6003 0.7608
vn -0.4502 -0.8306 0.3278
vn 0.2686 0.4851 0.8322
vn 0.2049 0.3593 0.9105
vn -0.1095 0.9885 0.1046
vn -0.1546 0.2328 0.9602
vn 0.7546 0.6556 -0.0287
vn -0.4935 -0.7420 0.4536
vn 0.0440 0.9780 0.2038
vn -0.6507 0.0435 0.7581
vn -0.1722 0.2444 0.9543
vn 0.4968 0.5244 0.6915
vn 0.3089 0.5436 0.7804
vn -0.7315 0.3305 0.5964
vn 0.4271 0.6848 0.5904
vn 0.7247 0.6782 0.1222
vn 0.9673 0.2318 0.1029
vn 0.9046 0.4150 -0.0975
vn 0.7184 0.6877 0.1048
vn 0.2317 0.6820 0.6937
vn -0.4071 0.2626 0.8748
vn 0.3808 0.8755 0.2974
vn 0.6264 0.7209 0.2965
vn 0.9466 0.3111 0.0853
vn 0.5709 0.8170 0.0814
vn 0.6907 0.6880 0.2226
vn 0.3810 0.8463 0.3723
vn 0.0662 0.3476 0.9353
vn 0.3981 0.9005 0.1749
vn 0.1026 0.6367 0.7643
vn 0.3552 0.8994 0.2547
vn 0.3454 0.8999 0.2662
vn 0.8834 0.2118 -0.4180
vn -0.0039 0.9921 0.1252
vn -0.1845 0.7403 -0.6465
vn -0.0878 0.7731 -0.6282
vn 0.4874 -0.2086 -0.8479
vn -0.0745 -0.7591 -0.6467
vn 0.9201 0.2122 -0.3293
vn 0.2249 0.9597 0.1685
vn 0.4837 -0.6583 -0.5767
vn 0.2497 0.9194 -0.3039
vn 0.5099 0.8602 -0.0009
vn 0.1163 0.7466 -0.6550
vn 0.6501 0.7545 0.0903
vn -0.1677 0.0504 0.9846
vn 0.5263 0.5316 0.6636
vn 0.8747 0.1067 -0.4728
vn -0.2054 0.5094 0.8356
vn -0.1138 0.8492 0.5157
vn -0.3127 0.6547 0.6881
vn -0.4789 0.5987 0.6420
vn 0.4911 0.7865 0.3744
vn 0.4257 0.8643 0.2678
vn 0.1894 0.9530 0.2364
vn -0.4186 0.8697 -0.2616
vn 0.8412 0.3703 -0.3939
vn 0.4629 0.5606 0.6866
vn -0.0607 0.9198 0.3876
vn 0.0664 0.6530 0.7544
vn 0.2117 0.3463 -0.9139
vn -0.2366 0.4366 0.8680
vn 0.5011 0.8409 -0.2045
vn 0.1836 -0.4795 -0.8581
vn -0.3535 0.1256 -0.9270
vn -0.3904 0.9128 -0.1200
vn -0.4715 -0.0264 -0.8814
vn -0.2937 0.8612 -0.4148
vn -0.1884 0.9326 -0.3077
vn 0.0302 0.8875 -0.4598
vn -0.3592 -0.4454 -0.8201
vn -0.3832 0.3860 -0.8392
vn -0.4282 0.8628 -0.2687
vn -0.5816 0.3634 -0.7278
vn 0.1697 0.8005 0.5748
vn -0.6478 0.2245 -0.7280
vn -0.8778 -0.1178 0.4643
vn -0.0131 0.5731 -0.8194
vn -0.6588 -0.7388 0.1419
vn 0.5430 -0.8270 0.1460
vn 0.3724 0.8980 0.2342
vn -0.4275 -0.8619 -0.2729
vn 0.5548 -0.7686 0.3185
vn 0.0116 -0.9981 0.0602
vn -0.8839 -0.1548 0.4413
vn -0.9951 0.0981 -0.0135
vn -0.9338 0.2160 -0.2852
vn 0.9471 0.0794 0.3108
vn 0.3624 -0.9178 0.1622
vn -0.8289 0.4131 -0.3772
vn 0.4283 0.8050 0.4105
vn 0.9849 -0.0495 0.1657
vn -0.5876 -0.3922 0.7078
vn -0.6211 -0.3313 -0.7103
vn 0.5202 -0.7718 0.3656
vn 0.3501 0.8642 0.3614
vn -0.6227 -0.3184 -0.7147
vn -0.8132 0.5806 0.0394
vn -0.7192 -0.6662 -0.1975
vn -0.1124 -0.8891 -0.4436
vn -0.2435 -0.8747 -0.4191
vn -0.1295 -0.2604 -0.9568
vn 0.8380 -0.5216 0.1600
vn 0.4361 -0.2289 0.8703
vn 0.1802 0.5242 0.8323
vn 0.0791 -0.5723 0.8162
vn 0.3543 0.8644 0.3568
vn 0.2599 -0.9590 -0.1130
vn -0.5902 -0.8034 0.0789
vn -0.2188 -0.2172 -0.9513
vn -0.9793 0.1076 -0.1716
vn 0.0632 -0.4790 0.8755
vn 0.0547 -0.5391 0.8405
vn -0.9308 -0.3501 0.1051
vn 0.3046 0.6095 0.7319
vn -0.2740 -0.3014 -0.9133
vn -0.9559 -0.0797 -0.2825
vn -0.6126 -0.4173 -0.6713
vn -0.4545 0.1675 -0.8748
vn -0.7838 0.5947 0.1789
vn 0.1445 -0.5991 -0.7875
vn 0.0075 -0.5561 0.8311
vn 0.5851 -0.7270 0.3594
vn 0.2245 -0.8969 0.3811
vn 0.2649 0.8629 0.4304
vn 0.7697 0.0503 0.6364
vn -0.0227 -0.5000 0.8657
vn -0.4452 -0.3269 -0.8336
vn -0.7671 0.5713 -0.2920
vn -0.9803 0.1956 0.0267
vn -0.5779 -0.7507 0.3202
vn -0.7797 0.6010 0.1756
vn 0.7372 -0.6699 -0.0886
vn -0.0682 -0.9425 0.3270
vn -0.7045 0.1825 0.6858
vn 0.1611 -0.7510 0.6403
vn -0.6249 0.4282 0.6528
vn 0.7090 -0.1422 0.6907
vn -0.9014 0.4329 0.0030
vn 0.5271 0.2894 0.7990
vn 0.6723 -0.4511 0.5869
vn -0.1021 -0.9062 0.4103
vn 0.8084 0.0197 0.5882
vn -0.4518 0.1639 -0.8769
vn -0.1149 0.1096 0.9873
vn -0.0985 0.6703 0.7356
vn 0.4283 -0.1132 -0.8965
vn 0.1854 -0.9722 -0.1427
vn -0.2618 -0.9646 0.0329
vn 0.1601 0.2873 0.9444
vn 0.9361 -0.0798 -0.3425
vn -0.3061 -0.7558 -0.5789
vn -0.2665 -0.9624 0.0517
vn -0.2814 -0.9491 -0.1417
vn -0.1450 0.0952 0.9848
vn 0.0240 -0.9673 -0.2524
vn -0.9415 0.0793 0.3276
vn -0.6249 0.3507 0.6975
vn 0.3057 -0.3870 0.8699
vn -0.2136 0.6360 -0.7415
vn 0.0409 0.2253 -0.9734
vn -0.9545 0.1649 -0.2486
vn -0.6727 0.2589 0.6931
vn -0.8451 0.0964 0.5259
vn -0.0024 0.9599 0.2804
vn 0.7833 0.0333 -0.6208
vn -0.5435 -0.8125 0.2109
vn -0.8219 -0.5156 0.2423
vn 0.9599 -0.2729 0.0635
vn 0.1454 -0.7120 -0.6869
vn 0.3970 0.2299 0.8886
vn 0.4949 0.0559 0.8672
vn 0.9476 -0.3189 -0.0170
vn 0.3392 -0.7985 0.4973
vn 0.0542 0.7814 0.6216
vn 0.9661 0.1693 -0.1947
vn -0.1986 0.5129 0.8352
vn 0.6479 0.4629 0.6050
vn 0.1838 0.8787 0.4405
vn -0.9308 0.0357 0.3638
vn -0.0683 -0.8712 -0.4861
vn -0.6565 0.2167 0.7226
vn 0.8021 0.4047 -0.4392
vn 0.8444 -0.5103 0.1632
vn -0.2834 -0.9347 -0.2146
vn -0.2880 -0.7840 -0.5498
vn -0.7974 -0.5562 -0.2338
vn -0.6337 -0.7312 -0.2524
vn -0.7515 0.6473 0.1274
vn -0.5073 0.3822 0.7724
vn 0.1769 -0.8933 -0.4132
vn -0.7989 0.1931 -0.5696
vn -0.4479 -0.4723 -0.7592
vn -0.8760 -0.3071 -0.3720
vn -0.9820 -0.1743 -0.0721
vn -0.9810 -0.1052 0.1629
vn -0.9844 -0.1730 -0.0336
vn -0.7862 0.1638 0.5959
vn -0.8889 0.3271 0.3207
vn 0.3626 0.8934 0.2653
vn -0.4598 -0.8672 0.1910
vn 0.7141 -0.0261 -0.6996
vn -0.5421 -0.2403 -0.8052
vn -0.7982 0.2422 -0.5516
vn -0.8758 -0.3125 -0.3679
vn -0.3478 -0.9151 -0.2040
vn -0.4045 0.0206 -0.9143
vn -0.5841 0.5296 -0.6151
vn -0.0583 0.1985 0.9784
vn -0.7318 -0.5223 -0.4378
vn 0.4147 -0.6069 -0.6780
vn -0.4208 0.1745 -0.8902
vn -0.9448 -0.0431 0.3247
vn 0.2923 -0.8251 0.4834
vn 0.6176 0.0464 0.7851
vn -0.2723 -0.7662 0.5820
vn -0.3042 -0.0732 -0.9498
vn -0.6598 -0.5711 -0.4884
vn 0.7145 -0.6808 -0.1612
vn -0.5144 -0.0385 -0.8567
vn 0.6740 0.2499 0.6951
vn 0.5844 -0.6209 0.5225
vn 0.7624 -0.3523 0.5427
vn 0.7156 -0.6802 -0.1591
vn 0.7321 -0.5009 0.4616
vn -0.8614 -0.5025 -0.0739
vn -0.3468 -0.8211 0.4533
vn -0.6504 -0.2557 -0.7153
vn 0.0813 -0.4184 -0.9046
vn -0.9521 0.1938 -0.2365
vn -0.2325 -0.8014 0.5510
vn -0.7311 0.6357 -0.2478
vn -0.9571 -0.0128 -0.2896
vn -0.9571 0.2837 -0.0590
vn -0.5949 0.0469 -0.8024
vn -0.7410 -0.5228 -0.4214
vn 0.7312 -0.6156 0.2939
vn -0.5257 -0.3429 -0.7785
vn 0.8660 0.4970 0.0547
vn -0.5144 -0.1223 0.8488
vn -0.2572 -0.8360 -0.4847
vn -0.3881 -0.7772 0.4953
vn -0.6340 0.3608 0.6840
vn -0.7074 0.1321 -0.6944
vn -0.0859 -0.9895 0.1165
vn -0.6626 -0.2001 0.7218
vn 0.3503 0.2770 0.8947
vn -0.7391 -0.6531 -0.1649
vn -0.5924 -0.6484 0.4782
vn 0.5040 -0.1888 0.8428
vn -0.8434 -0.5132 -0.1590
vn -0.5549 -0.0248 0.8316
vn 0.8930 0.2836 0.3496
vn -0.0594 0.0770 0.9953
vn -0.6803 -0.4765 -0.5569
vn -0.7783 -0.3214 -0.5394
vn 0.5546 0.6152 0.5604
vn -0.9570 0.1210 0.2637
vn -0.1518 -0.4939 0.8562
vn -0.9575 -0.1473 0.2479
vn 0.0572 0.9094 0.4120
vn -0.7225 -0.4550 -0.5206
vn 0.5461 -0.7193 -0.4294
vn -0.6578 -0.5940 -0.4631
vn -0.2226 -0.5868 -0.7785
vn -0.7944 -0.6013 -0.0865
vn -0.3879 0.5072 0.7696
vn 0.2833 -0.8067 -0.5187
vn -0.0316 -0.9277 -0.3721
vn 0.8839 0.0161 -0.4673
vn -0.0287 0.2280 0.9732
vn -0.7514 -0.6278 -0.2032
vn -0.4941 -0.8280 -0.2650
vn -0.9207 0.1435 0.3629
vn -0.5373 -0.7518 -0.3822
vn -0.8861 -0.4363 0.1562
vn -0.0650 -0.7937 -0.6048
vn -0.7377 -0.4970 -0.4569
vn -0.0531 -0.4035 -0.9134
vn -0.2002 -0.6351 -0.7460
vn -0.2263 -0.5684 -0.7910
vn -0.8020 -0.4164 0.4283
vn -0.8017 -0.4248 0.4204
vn -0.6806 0.0090 0.7326
vn -0.3299 0.8937 -0.3041
vn -0.1995 0.7128 -0.6724
vn -0.7759 -0.6298 -0.0365
vn -0.0870 0.9923 0.0881
vn -0.4800 0.8202 -0.3112
vn -0.1972 -0.0609 -0.9785
vn -0.2275 0.8637 0.4498
vn -0.0720 -0.7968 -0.6000
vn -0.8876 -0.4326 0.1583
vn -0.7904 -0.6111 -0.0421
vn -0.2476 -0.3925 -0.8858
vn -0.5091 0.8594 -0.0473
vn -0.1723 -0.9841 -0.0430
vn -0.1722 0.9199 -0.3525
vn -0.4159 -0.6719 -0.6129
vn -0.1342 -0.9194 -0.3697
vn -0.4922 -0.8244 -0.2794
vn -0.7466 -0.6394 -0.1837
vn -0.7116 0.7019 0.0323
vn -0.0521 0.9962 0.0701
vn -0.6283 -0.7597 -0.1679
vn -0.6747 -0.7353 -0.0642
vn 0.1480 0.6186 0.7716
vn -0.1301 -0.2577 -0.9574
vn -0.6234 -0.1611 0.7651
vn -0.2996 -0.8562 0.4209
vn 0.1752 0.4293 -0.8860
vn -0.7623 -0.4837 0.4300
vn -0.6740 0.0836 0.7340
vn -0.1130 -0.5434 0.8318
vn -0.0808 -0.7810 -0.6193
vn -0.1013 -0.7415 0.6632
vn -0.3850 -0.8959 -0.2217
vn -0.5507 -0.1007 0.8286
vn 0.0242 0.9879 0.1531
vn -0.5071 -0.8300 0.2322
vn -0.5069 -0.5387 0.6730
vn -0.4814 -0.1165 0.8687
vn -0.2742 0.7158 -0.6422
vn 0.7125 -0.2331 -0.6618
vn 0.4178 -0.8383 0.3502
vn 0.0148 -0.9979 0.0623
vn 0.7751 -0.6293 -0.0567
vn -0.6980 -0.3766 0.6091
vn -0.6507 -0.6216 0.4360
vn 0.7897 -0.5130 -0.3364
vn 0.8713 0.3005 -0.3879
vn -0.7694 -0.5168 0.3755
vn 0.7773 0.0412 -0.6278
vn 0.7085 0.4155 -0.5704
vn -0.5427 -0.8215 0.1752
vn 0.2575 -0.9581 0.1253
vn -0.2536 -0.8780 0.4059
vn 0.9000 -0.4357 0.0091
vn -0.4635 -0.6045 0.6479
vn 0.6959 -0.4286 -0.5763
vn -0.7340 -0.6331 0.2458
vn -0.4792 -0.6484 0.5916
vn 0.7037 -0.4728 -0.5304
vn -0.5814 -0.5331 0.6146
vn -0.3482 0.4491 -0.8228
vn -0.4112 0.6189 -0.6692
vn -0.1883 -0.3450 -0.9195
vn -0.4718 0.5088 -0.7201
vn 0.1146 -0.5770 -0.8086
vn -0.4865 0.3299 -0.8090
vn -0.2990 0.8382 -0.4561
vn -0.3552 0.8841 -0.3037
vn 0.5004 -0.7251 0.4732
vn -0.0338 0.0658 -0.9973
vn -0.2971 0.8345 -0.4641
vn -0.2984 0.3625 -0.8829
vn 0.5844 -0.8085 0.0692
vn 0.1377 -0.9646 -0.2249
vn 0.9832 0.1462 -0.1097
vn -0.1505 0.2840 -0.9469
vn 0.6901 0.2503 -0.6791
vn -0.6633 0.4816 -0.5728
vn 0.9969 0.0004 0.0784
vn -0.2142 0.6088 0.7639
vn -0.2430 0.6102 0.7540
vn 0.5889 -0.1550 -0.7932
vn 0.6861 0.4854 -0.5419
vn 0.9859 -0.1589 -0.0534
vn 0.7859 0.0930 -0.6113
vn -0.4678 0.7918 -0.3928
vn -0.3591 0.7966 -0.4863
vn -0.3386 0.6897 -0.6400
vn 0.1858 0.2273 -0.9559
vn 0.8322 -0.5544 0.0007
vn 0.1344 -0.9126 -0.3861
vn -0.5741 0.7255 -0.3796
vn 0.2699 -0.0256 -0.9625
vn 0.4588 0.2687 -0.8470
vn -0.1052 0.6364 -0.7642
vn 0.0329 0.5508 -0.8340
vn -0.3827 0.6996 -0.6034
vn -0.7717 0.5679 -0.2863
vn -0.3363 -0.6497 -0.6817
vn -0.1511 0.6088 -0.7788
vn 0.8164 -0.2583 -0.5165
vn -0.7654 0.6084 -0.2100
vn -0.3271 0.5711 -0.7529
vn -0.3366 0.7204 -0.6064
vn -0.8263 0.4983 -0.2627
vn -0.3219 0.7398 -0.5908
vn 0.1484 -0.8682 0.4735
vn -0.7733 0.5858 -0.2426
vn -0.3919 0.8233 -0.4106
vn -0.7766 0.4922 -0.3932
vn 0.8846 -0.4518 -0.1154
vn -0.3410 0.8138 -0.4705
vn -0.1477 0.8116 -0.5652
vn -0.3950 0.8652 -0.3089
vn 0.6005 0.7066 -0.3742
vn -0.6600 0.6216 -0.4220
vn -0.4761 0.6334 -0.6100
vn 0.1279 0.9197 -0.3711
vn 0.9495 -0.0355 0.3116
vn -0.3171 0.6732 -0.6680
vn -0.0920 0.8664 -0.4907
vn 0.8736 -0.1300 0.4690
vn 0.0949 -0.9888 -0.1150
vn 0.4622 -0.7625 0.4527
vn -0.0170 0.5518 -0.8338
vn 0.2496 -0.6688 0.7003
vn -0.1091 0.8633 -0.4927
vn 0.0524 -0.2889 -0.9559
vn 0.2449 0.6596 -0.7106
vn -0.2250 0.9197 -0.3218
vn 0.8853 -0.3816 -0.2659
vn 0.1626 -0.4410 -0.8827
vn 0.6649 -0.7123 0.2248
vn -0.8829 -0.1645 -0.4398
vn -0.0268 0.7805 -0.6246
vn 0.0032 -0.8456 -0.5338
vn 0.1246 0.6470 -0.7523
vn 0.1515 0.6396 -0.7536
vn 0.4572 0.8591 0.2302
vn 0.6121 -0.2335 -0.7555
vn 0.1876 0.9431 -0.2747
vn -0.2523 0.7867 -0.5634
vn 0.7799 0.4309 0.4540
vn 0.6962 -0.5215 -0.4932
vn -0.4818 0.8338 -0.2694
vn -0.3712 0.2752 -0.8868
vn -0.0817 -0.8802 -0.4675
vn -0.1827 0.0867 -0.9793
vn 0.7054 0.5211 -0.4804
vn 0.1582 -0.2355 -0.9589
vn -0.1911 0.2164 -0.9574
vn -0.7630 0.1175 -0.6357
vn -0.2822 0.1531 -0.9471
vn -0.1890 0.2201 -0.9570
vn -0.0470 0.8419 -0.5375
vn -0.7654 -0.1577 -0.6240
vn 0.0132 0.4866 -0.8735
vn -0.5914 0.4414 -0.6749
vn 0.6391 0.2809 -0.7160
vn 0.2371 0.6923 -0.6815
vn -0.1337 0.3007 -0.9443
vn -0.6438 0.6310 -0.4328
vn -0.2547 0.3725 -0.8924
vn 0.4336 -0.1311 -0.8915
vn -0.0344 0.7140 -0.6993
vn 0.2977 0.8738 -0.3845
vn -0.4899 0.6873 -0.5362
vn 0.6965 -0.6791 0.2319
vn 0.6183 0.6422 -0.4531
vn 0.3089 0.7489 -0.5863
vn 0.4128 0.4151 -0.8107
vn -0.0630 -0.9441 -0.3236
vn -0.2391 0.7437 -0.6242
vn 0.3577 -0.9325 -0.0495
vn 0.5488 0.7806 -0.2991
vn 0.7443 0.4617 -0.4826
vn 0.0666 0.7729 -0.6310
vn 0.8016 0.4751 -0.3630
vn -0.5451 -0.8334 -0.0917
vn 0.3982 -0.5068 0.7646
vn 0.5528 -0.2214 -0.8034
vn -0.0155 0.7447 -0.6673
vn 0.6699 -0.7424 0.0099
vn 0.7714 -0.5686 -0.2859
vn 0.5587 -0.1627 -0.8133
vn 0.8023 0.4871 -0.3450
vn 0.2686 -0.8842 -0.3822
vn -0.5039 -0.4747 -0.7216
vn -0.7842 -0.3341 0.5228
vn -0.6011 -0.0897 -0.7941
vn 0.4458 0.6798 -0.5824
vn 0.3983 0.8790 0.2622
vn -0.2830 -0.9107 -0.3009
vn 0.6799 -0.7306 0.0629
vn -0.1652 -0.4490 0.8781
vn 0.7915 0.6112 -0.0034
vn 0.0375 -0.9507 -0.3079
vn -0.0709 -0.8940 -0.4423
vn -0.0875 -0.9280 -0.3621
vn -0.2793 0.9011 -0.3317
vn 0.7854 0.6190 0.0090
vn 0.5026 -0.8233 0.2639
vn -0.3721 -0.8766 -0.3052
vn 0.0049 -0.8589 -0.5122
vn -0.3937 0.2683 -0.8792
vn 0.1789 0.5555 -0.8120
vn -0.7351 -0.6390 -0.2266
vn -0.3198 -0.6107 0.7244
vn 0.3115 0.0016 -0.9502
vn -0.2178 0.9689 -0.1174
vn 0.4988 -0.1509 0.8535
vn 0.0168 -0.9671 -0.2537
vn -0.6616 0.6690 -0.3387
vn 0.0872 0.7923 -0.6039
vn 0.0548 0.7379 -0.6727
vn 0.2861 -0.0646 -0.9560
vn 0.2185 -0.0940 -0.9713
vn 0.1489 0.3609 -0.9206
vn 0.0961 0.7944 -0.5998
vn 0.4298 0.7648 -0.4800
vn 0.4693 0.8517 -0.2331
vn 0.1094 0.7096 -0.6960
vn 0.3362 0.9406 0.0475
vn 0.1335 0.8154 -0.5633
vn 0.3376 0.9365 -0.0953
vn 0.5062 0.7785 -0.3709
vn 0.6965 0.4142 -0.5860
vn 0.7750 0.6320 -0.0003
vn 0.8258 -0.5625 -0.0404
vn 0.4282 -0.8718 0.2378
vn 0.5379 -0.8428 0.0190
vn -0.8943 -0.4445 0.0506
vn 0.2701 0.7930 -0.5461
vn 0.6926 0.7212 0.0148
vn 0.5917 0.6517 -0.4745
vn 0.6699 -0.1515 -0.7268
vn -0.5829 -0.6477 0.4905
vn -0.4090 -0.2255 0.8843
vn -0.2617 -0.8370 0.4806
vn 0.7535 0.4952 -0.4324
vn 0.6687 0.2710 -0.6924
vn 0.4930 0.7085 -0.5049
vn 0.7201 0.3152 -0.6181
vn 0.3423 -0.9129 0.2222
vn 0.3026 -0.7265 0.6169
vn 0.7110 -0.6496 -0.2693
vn 0.8209 -0.5702 -0.0315
vn -0.7828 -0.6197 0.0566
vn -0.3070 -0.6482 0.6969
vn -0.3335 -0.6400 0.6922
vn 0.5433 -0.8390 0.0306
vn 0.7010 0.3728 -0.6080
vn 0.4964 0.4647 -0.7332
vn 0.4973 0.4700 -0.7292
vn 0.5624 -0.0130 -0.8268
vn 0.5470 0.4487 -0.7067
vn 0.3557 -0.3613 -0.8620
vn 0.2223 0.9739 -0.0459
vn -0.4154 -0.5541 0.7214
vn 0.7978 0.5510 -0.2447
vn 0.6330 0.7669 -0.1061
vn -0.4541 0.6579 -0.6008
vn 0.4260 -0.4489 0.7855
vn -0.9728 -0.0788 -0.2179
vn 0.6770 0.5252 -0.5156
vn -0.3372 0.5844 -0.7381
vn -0.2247 0.5952 -0.7715
vn 0.0017 -1.0000 0.0096
vn -0.9149 -0.0606 -0.3992
vn -0.3036 0.4098 -0.8602
vn -0.4759 0.6214 -0.6224
vn -0.9730 -0.1011 -0.2073
vn -0.1918 0.6830 -0.7048
vn -0.4828 0.8640 -0.1427
vn -0.4125 0.6952 -0.5886
vn -0.6533 0.7569 0.0154
vn -0.8349 -0.0997 -0.5413
vn -0.4562 0.5628 -0.6893
vn -0.5545 -0.7388 -0.3831
vn -0.9169 -0.0207 -0.3985
vn -0.4273 0.5504 -0.7173
vn -0.1280 -0.9278 0.3503
vn 0.7079 -0.0502 0.7045
vn -0.7593 -0.4537 -0.4665
vn -0.9645 -0.2574 -0.0591
vn -0.6319 -0.7715 -0.0736
vn -0.8659 0.1837 -0.4653
vn -0.8267 0.5027 0.2526
vn -0.8866 -0.4449 0.1269
vn -0.6059 -0.7184 -0.3416
vn -0.6489 -0.6907 -0.3191
vn -0.9251 0.0605 -0.3749
vn -0.6779 -0.6687 -0.3054
vn -0.3034 -0.9478 0.0986
vn -0.3926 0.4447 0.8051
vn -0.4742 -0.0588 0.8784
vn -0.8475 0.4844 -0.2171
vn -0.2274 -0.9712 0.0708
vn -0.6253 0.6465 -0.4371
vn -0.0719 0.9882 -0.1352
vn -0.4352 -0.7048 0.5603
vn -0.0092 -0.0134 0.9999
vn -0.9143 -0.0908 -0.3947
vn -0.8601 -0.4950 -0.1236
vn -0.9683 -0.2257 -0.1069
vn -0.3141 0.7972 0.5155
vn -0.2867 -0.9026 0.3211
vn -0.4623 0.8352 0.2979
vn -0.9549 -0.0086 -0.2968
vn 0.2010 0.9746 -0.0986
vn 0.6193 -0.6134 0.4901
vn -0.9642 0.2644 -0.0200
vn -0.3909 0.7185 0.5753
vn 0.0018 -0.3992 0.9169
vn -0.4213 -0.2485 0.8722
vn -0.0807 -0.0172 0.9966
vn 0.1379 0.9265 0.3502
vn 0.0794 0.9941 0.0742
vn 0.0387 0.9819 -0.1853
vn -0.9864 -0.1640 0.0134
vn -0.3657 -0.6370 0.6786
vn -0.5367 -0.1309 0.8335
vn -0.0457 0.5339 0.8443
vn 0.6109 0.3331 0.7183
vn -0.2574 0.8863 0.3850
vn -0.6176 0.0764 0.7828
vn 0.1481 0.9361 0.3189
vn -0.9003 0.1775 0.3975
vn 0.6306 -0.4658 0.6208
vn -0.0535 -0.3276 0.9433
vn 0.1018 -0.6532 0.7503
vn -0.1945 0.8995 0.3914
vn -0.9540 -0.2972 0.0388
vn 0.1669 0.9825 -0.0826
vn -0.5536 0.6627 0.5043
vn 0.4733 -0.7778 0.4136
vn -0.8356 -0.1149 0.5372
vn -0.8987 -0.1077 0.4251
vn -0.3793 -0.5213 0.7644
vn 0.3919 -0.8791 0.2713
vn 0.4854 0.4475 0.7511
vn -0.2242 0.7871 0.5746
vn -0.9361 -0.3498 -0.0383
vn -0.3680 0.6502 0.6647
vn 0.3741 -0.8018 0.4661
vn -0.8591 0.3295 0.3916
vn -0.2455 -0.9651 0.0916
vn 0.5569 0.7528 0.3510
vn -0.0903 -0.1258 0.9879
vn 0.4833 -0.6307 0.6072
vn 0.0544 -0.9168 0.3956
vn -0.4759 0.8698 0.1301
vn 0.2580 -0.9101 0.3243
vn 0.8517 -0.4276 0.3029
vn 0.3192 -0.8148 0.4839
vn -0.8395 0.5414 -0.0465
vn -0.1146 -0.0602 0.9916
vn -0.4056 -0.4997 0.7654
vn 0.3350 -0.7332 0.5917
vn 0.2354 -0.9488 0.2105
vn 0.2798 0.8513 0.4438
vn 0.5786 -0.7870 0.2144
vn 0.5576 0.2115 0.8027
vn 0.0363 0.0791 0.9962
vn -0.0703 -0.9200 0.3856
vn -0.7198 0.6745 -0.1643
vn 0.4811 -0.7176 0.5035
vn 0.6913 0.7117 0.1247
vn -0.0072 0.8312 -0.5560
vn -0.2024 -0.8964 0.3942
vn -0.1377 0.9476 -0.2882
vn -0.5802 0.6594 0.4780
vn -0.8531 0.4882 -0.1838
vn 0.7054 -0.6375 0.3098
vn -0.8359 -0.3949 0.3812
vn -0.9296 0.2749 0.2455
vn 0.6156 -0.5322 0.5812
vn -0.4629 0.4707 0.7511
vn 0.2865 -0.9196 0.2687
vn -0.8069 0.5689 -0.1588
vn 0.0894 -0.7888 0.6080
vn 0.1583 -0.8782 0.4514
vn -0.5245 0.6525 0.5469
vn -0.6933 0.7207 0.0042
vn -0.3587 0.5504 0.7539
vn -0.4800 0.5085 0.7149
vn 0.8581 -0.1551 0.4894
vn -0.1558 -0.6049 0.7809
vn -0.6534 0.6562 0.3776
vn -0.2198 -0.0309 0.9751
vn -0.0645 -0.9182 0.3908
vn 0.5605 0.8220 -0.1008
vn -0.1057 0.3254 0.9397
vn 0.1843 -0.9215 -0.3418
vn -0.6497 0.4759 0.5928
vn 0.0092 -0.8946 0.4467
vn -0.0283 0.8559 0.5164
vn -0.9114 -0.3335 0.2409
vn -0.6070 -0.7287 0.3170
vn 0.0179 -0.9568 0.2901
vn -0.1641 -0.9863 -0.0181
vn -0.1883 -0.9503 -0.2481
vn -0.7505 0.5017 0.4302
vn -0.4713 0.6736 0.5694
vn -0.6980 0.6200 0.3584
vn -0.0213 -0.9505 0.3101
vn -0.8605 -0.1993 -0.4689
vn -0.8391 0.5421 -0.0459
vn -0.1494 0.9887 0.0112
vn -0.9868 0.1122 0.1166
vn -0.7869 0.0582 0.6143
vn 0.5868 -0.7383 0.3325
vn -0.2476 -0.5272 0.8129
vn -0.6546 -0.5438 0.5252
vn -0.3478 -0.8725 0.3431
vn -0.7886 0.6008 0.1312
vn -0.8163 0.5616 0.1350
vn -0.3925 -0.8994 0.1925
vn 0.8881 -0.3140 -0.3358
vn 0.9754 0.2203 -0.0070
vn 0.6485 0.3313 0.6853
vn 0.0303 -0.8879 -0.4590
vn 0.3386 -0.1051 -0.9351
vn -0.8898 0.3419 -0.3022
vn -0.3394 -0.9406 0.0082
vn 0.7638 0.4178 -0.4919
vn -0.9667 -0.2484 0.0615
vn -0.0559 -0.9282 0.3679
vn -0.8088 0.5773 0.1123
vn 0.2290 0.9084 -0.3499
vn 0.9665 -0.0003 -0.2566
vn -0.8206 0.5383 0.1920
vn -0.1703 -0.8936 0.4153
vn 0.6379 -0.7086 0.3015
vn 0.1201 0.9485 0.2933
vn -0.9856 0.1055 0.1320
vn 0.8900 -0.1890 0.4149
vn -0.0370 -0.8735 0.4854
vn -0.5036 0.6955 0.5126
vn 0.8914 -0.1796 0.4160
vn -0.4481 0.8628 0.2339
vn -0.1768 0.9519 0.2502
vn -0.8152 0.5210 -0.2531
vn -0.8870 0.3397 -0.3128
vn -0.8868 0.4575 -0.0656
vn -0.9042 0.3182 -0.2850
vn 0.2711 -0.1300 0.9537
vn -0.9882 0.0410 -0.1477
vn -0.8558 0.1339 -0.4996
vn -0.8566 0.5139 -0.0472
vn -0.9855 0.1213 -0.1185
vn 0.6152 -0.6146 0.4937
vn -0.4128 -0.7994 0.4365
vn -0.4388 0.8795 0.1841
vn 0.7152 -0.1320 0.6864
vn 0.9571 -0.2077 0.2021
vn 0.5273 -0.4163 0.7407
vn 0.0340 -0.5109 0.8590
vn -0.9423 0.3332 -0.0326
vn -0.8349 0.3695 -0.4080
vn -0.0281 -0.1733 0.9845
vn -0.1175 -0.5161 0.8484
vn -0.8945 0.3872 -0.2234
vn -0.2375 -0.1231 0.9636
vn -0.7864 0.4903 -0.3758
vn -0.9931 0.0663 -0.0966
vn -0.6702 0.2660 0.6929
vn -0.7489 -0.6625 -0.0130
vn -0.7716 -0.5567 0.3077
vn -0.8577 -0.0446 -0.5123
vn -0.7554 -0.0655 0.6520
vn -0.3191 0.2998 0.8990
vn 0.2940 0.6219 0.7258
vn -0.4994 -0.8660 -0.0256
vn -0.3760 -0.2334 0.8967
vn 0.3131 0.5181 0.7960
vn 0.4966 0.7378 0.4572
vn -0.8364 -0.4167 0.3561
vn -0.6992 0.6729 -0.2414
vn -0.7717 -0.0817 0.6308
vn -0.7295 0.4183 -0.5412
vn -0.9323 -0.2010 -0.3007
vn -0.7000 0.6972 -0.1546
vn -0.9719 -0.2214 0.0796
vn -0.3354 0.0519 0.9407
vn 0.0897 -0.0998 0.9910
vn -0.7876 -0.4337 -0.4377
vn 0.0931 0.7861 0.6110
vn -0.7045 -0.7096 0.0081
vn -0.7131 0.5185 0.4718
vn -0.4542 0.1771 -0.8731
vn -0.5909 -0.5417 -0.5978
vn -0.8684 -0.4835 -0.1101
vn -0.5305 -0.6344 -0.5623
vn -0.5863 0.7932 -0.1646
vn -0.7605 0.3932 0.5167
vn -0.8393 0.2298 -0.4927
vn -0.4715 -0.4019 -0.7850
vn -0.7254 0.6423 -0.2474
vn 0.1675 -0.9483 0.2697
vn -0.3211 -0.3533 0.8787
vn -0.0312 0.0318 -0.9990
vn -0.6093 0.7929 0.0059
vn -0.9106 -0.2337 -0.3410
vn 0.1240 -0.9544 0.2714
vn -0.7928 -0.5071 -0.3381
vn -0.7272 0.1226 -0.6754
vn -0.7335 0.1335 -0.6664
vn -0.6155 0.7839 -0.0816
vn 0.2105 -0.2391 0.9479
vn -0.7966 0.3621 -0.4841
vn -0.2627 0.2378 0.9351
vn -0.8423 -0.5352 0.0644
vn 0.1010 -0.8511 -0.5152
vn -0.9622 -0.1027 0.2521
vn -0.3805 0.8213 -0.4250
vn 0.0343 -0.7744 -0.6318
vn 0.5398 -0.4949 0.6809
vn -0.7014 -0.0916 -0.7069
vn -0.9074 0.4176 0.0470
vn 0.1094 -0.1961 0.9744
vn -0.6376 -0.1349 -0.7585
vn -0.2257 0.0639 -0.9721
vn -0.6851 0.6289 -0.3676
vn -0.5426 0.6733 0.5023
vn -0.8262 0.3253 -0.4599
vn -0.3698 -0.1905 -0.9094
vn -0.2582 -0.4435 -0.8583
vn -0.0381 0.1970 0.9797
vn -0.3368 -0.3563 0.8716
vn -0.8128 0.4930 -0.3104
vn -0.4614 0.8491 -0.2572
vn -0.2326 -0.1250 -0.9645
vn 0.4867 -0.8167 -0.3101
vn -0.2509 0.1910 -0.9490
vn -0.2257 -0.4175 -0.8802
vn 0.4711 -0.0189 -0.8819
vn -0.8819 -0.4404 -0.1685
vn 0.4030 -0.3556 -0.8433
vn 0.1646 -0.5379 -0.8268
vn -0.4401 0.8885 0.1301
vn 0.0973 -0.3041 0.9476
vn -0.9288 -0.3489 -0.1248
vn -0.6474 0.7615 0.0314
vn 0.3404 -0.6322 0.6960
vn -0.2029 0.3869 0.8995
vn -0.8125 0.4909 -0.3144
vn -0.6909 0.6767 -0.2545
vn -0.3577 0.1668 -0.9188
vn -0.2076 0.2758 -0.9385
vn -0.4406 -0.8594 0.2593
vn -0.6354 0.7721 -0.0092
vn -0.7124 0.2913 -0.6384
vn -0.9627 0.2699 -0.0204
vn -0.5813 0.5605 -0.5898
vn 0.4453 -0.3770 -0.8121
vn 0.2760 -0.6164 0.7375
vn 0.0719 0.7733 -0.6300
vn -0.3491 0.8167 0.4595
vn -0.7114 0.3244 -0.6234
vn 0.4756 -0.7487 -0.4618
vn -0.0166 -0.8205 -0.5714
vn -0.5943 -0.7061 0.3850
vn 0.3607 0.7237 -0.5884
vn 0.6379 -0.2704 -0.7211
vn 0.2179 -0.3067 -0.9265
vn 0.5197 -0.6905 -0.5031
vn -0.1950 0.0922 -0.9765
vn 0.6339 -0.6524 -0.4154
vn -0.0065 -0.0810 -0.9967
vn -0.0820 -0.3753 -0.9233
vn -0.9938 -0.0465 0.1010
vn -0.1878 -0.0078 0.9822
vn 0.0414 -0.2883 0.9566
vn 0.1717 -0.8799 0.4430
vn -0.8551 -0.4681 -0.2228
vn -0.0655 -0.3204 -0.9450
vn -0.6366 0.6526 -0.4110
vn 0.4721 -0.8171 -0.3309
vn -0.8177 0.0949 -0.5678
vn -0.9300 -0.3635 -0.0537
vn -0.4515 0.8519 0.2653
vn -0.6150 0.4432 -0.6522
vn -0.0722 -0.3393 -0.9379
vn -0.7753 -0.5848 -0.2383
vn 0.4074 -0.6917 -0.5963
vn -0.4627 0.2974 -0.8351
vn 0.1992 -0.4266 -0.8822
vn -0.2075 0.3833 0.9000
vn -0.3496 0.8796 -0.3227
vn -0.2063 -0.6755 0.7079
vn -0.5465 -0.0716 0.8344
vn -0.7925 0.0011 -0.6098
vn -0.8992 0.2423 -0.3643
vn 0.1612 -0.8364 0.5239
vn -0.7682 -0.1082 -0.6310
vn -0.7586 -0.1099 -0.6422
vn -0.1898 0.3637 -0.9120
vn -0.7207 -0.2679 -0.6394
vn -0.7276 0.5441 -0.4178
vn -0.7467 0.6650 -0.0150
vn -0.3998 0.5598 0.7258
vn -0.4068 0.5682 -0.7153
vn -0.5235 0.7581 -0.3888
vn -0.1943 0.9232 0.3316
vn -0.4727 0.8519 0.2256
vn -0.6144 -0.5654 0.5503
vn -0.9526 -0.2632 0.1527
vn -0.9801 -0.1725 -0.0987
vn -0.6510 0.7590 0.0159
vn -0.9776 -0.1821 -0.1056
vn -0.7335 -0.6165 0.2862
vn 0.1812 -0.3181 -0.9306
vn -0.0117 0.1523 -0.9883
vn 0.3986 -0.7026 -0.5894
vn -0.6449 0.4027 0.6495
vn -0.0377 0.2999 -0.9532
vn 0.1832 -0.6357 -0.7499
vn -0.2104 0.5861 -0.7824
vn 0.2540 -0.1761 -0.9511
vn -0.3116 0.6476 -0.6954
vn -0.9120 -0.1890 -0.3641
vn -0.8497 -0.4819 -0.2140
vn -0.4075 0.8942 -0.1853
vn -0.9565 -0.2478 0.1543
vn -0.3962 0.9047 -0.1565
vn -0.4457 -0.8020 -0.3977
vn 0.0576 -0.3074 -0.9498
vn -0.1617 0.5754 -0.8017
vn -0.1783 -0.1782 -0.9677
vn -0.9678 -0.1841 -0.1715
vn -0.5377 0.4168 -0.7329
vn -0.3296 -0.6491 -0.6856
vn -0.8582 0.4517 0.2440
vn -0.4591 0.8569 -0.2345
vn -0.6108 0.7602 -0.2212
vn -0.4005 -0.4206 -0.8141
vn -0.6372 -0.1770 -0.7501
vn -0.3026 0.2299 -0.9250
vn -0.4944 0.1666 -0.8531
vn 0.7809 -0.6220 0.0571
vn 0.7323 -0.2295 0.6412
vn 0.2136 -0.4726 0.8550
vn 0.8624 0.4470 0.2376
vn 0.6914 -0.3922 0.6068
vn 0.8678 -0.4668 -0.1702
vn 0.4547 -0.7874 -0.4163
vn 0.1003 -0.3830 0.9183
vn 0.9780 0.1066 -0.1791
vn 0.6131 0.7857 0.0823
vn 0.1729 0.5311 0.8295
vn 0.2870 0.9571 0.0396
vn 0.9913 -0.1283 0.0304
vn 0.9999 -0.0021 -0.0148
vn 0.8555 -0.4893 -0.1695
vn 0.5560 -0.7524 -0.3533
vn -0.3022 0.2249 0.9263
vn 0.5767 0.8165 0.0262
vn -0.1879 0.2476 0.9505
vn 0.0534 0.5484 0.8345
vn -0.0215 -0.4030 0.9149
vn 0.1591 0.0409 0.9864
vn -0.6528 -0.7043 0.2788
vn 0.1949 -0.6596 0.7259
vn -0.1280 0.7765 0.6170
vn -0.8245 -0.5076 0.2500
vn -0.2109 0.9325 0.2931
vn 0.6635 0.7388 -0.1180
vn 0.2926 0.9441 0.1521
vn 0.2372 -0.8280 0.5080
vn -0.4546 0.0133 0.8906
vn 0.7337 0.6775 -0.0525
vn 0.4051 0.9113 -0.0733
vn -0.3234 -0.9437 0.0700
vn -0.3636 0.8915 0.2703
vn -0.8156 -0.5787 0.0028
vn 0.7286 -0.2589 0.6341
vn 0.1909 0.9131 -0.3604
vn -0.7595 0.5575 0.3352
vn 0.5158 -0.7676 -0.3804
vn -0.6955 -0.0472 0.7170
vn -0.5795 0.7110 0.3983
vn -0.8261 0.4397 0.3525
vn 0.2414 -0.8622 0.4453
vn 0.4934 -0.7851 -0.3743
vn -0.9609 -0.1689 0.2193
vn 0.8418 0.2709 0.4669
vn 0.4638 -0.8754 -0.1362
vn -0.3183 -0.9300 0.1837
vn -0.1623 -0.3622 -0.9179
vn -0.2657 -0.9640 -0.0122
vn -0.2070 -0.9491 0.2372
vn 0.7030 0.6538 0.2798
vn 0.3416 -0.9378 0.0629
vn -0.8234 -0.2051 0.5290
vn -0.3455 -0.9339 0.0917
vn 0.2482 -0.7798 -0.5747
vn -0.9481 0.2354 0.2138
vn 0.1496 0.9797 0.1332
vn 0.5225 -0.1039 0.8463
vn 0.6406 -0.7536 -0.1470
vn -0.4844 0.3442 0.8043
vn 0.5407 -0.2134 0.8137
vn -0.9565 -0.2866 0.0556
vn 0.1086 0.9207 0.3748
vn 0.1140 0.9216 0.3711
vn 0.7873 0.5001 -0.3607
vn 0.3878 -0.1620 0.9074
vn 0.3171 -0.9217 0.2232
vn -0.5500 -0.8305 0.0882
vn 0.4076 0.9121 -0.0432
vn 0.6371 0.7009 0.3205
vn 0.2251 0.8648 0.4488
vn 0.3459 -0.6660 0.6609
vn 0.8226 0.5530 -0.1321
vn 0.8348 0.5246 -0.1667
vn -0.3110 0.5162 0.7980
vn 0.3055 -0.7826 0.5424
vn -0.3926 0.6987 0.5981
vn 0.3135 -0.7942 0.5205
vn -0.4539 0.5591 0.6938
vn -0.7408 -0.5240 0.4203
vn 0.4175 -0.1161 0.9012
vn -0.2281 0.8833 0.4096
vn 0.4670 0.8773 -0.1109
vn 0.7361 -0.6445 0.2070
vn 0.7333 0.6778 -0.0536
vn 0.3180 -0.9166 0.2423
vn 0.9003 -0.3539 -0.2536
vn 0.4971 -0.8636 -0.0848
vn -0.8727 -0.4321 0.2273
vn 0.6473 -0.7397 -0.1840
vn -0.2971 0.3293 0.8963
vn -0.8516 -0.5231 -0.0332
vn -0.6055 -0.1722 0.7770
vn 0.0824 0.1702 0.9820
vn -0.5242 0.7631 0.3780
vn 0.6600 0.7378 -0.1414
vn -0.6030 -0.7977 0.0068
vn 0.5547 0.7743 0.3046
vn 0.1173 -0.9884 0.0962
vn 0.6063 -0.7013 0.3750
vn -0.3964 0.8451 0.3587
vn -0.8324 -0.3050 0.4627
vn -0.0623 -0.9951 -0.0764
vn -0.0822 -0.9857 0.1471
vn -0.8601 0.4241 0.2835
vn -0.6040 -0.7970 0.0041
vn -0.8823 -0.4677 0.0537
vn -0.1720 -0.9342 -0.3125
vn 0.6550 -0.6149 0.4392
vn -0.2868 0.8499 0.4421
vn 0.7588 -0.3528 0.5475
vn 0.3840 -0.7378 -0.5551
vn 0.1850 -0.9042 0.3851
vn 0.9716 0.0445 -0.2323
vn 0.5570 0.4961 0.6660
vn -0.5904 0.3831 0.7104
vn -0.6883 -0.6552 -0.3115
vn 0.5848 0.8104 0.0357
vn -0.0411 -0.9194 0.3912
vn 0.0189 -0.5376 0.8430
vn 0.0320 -0.9978 0.0579
vn 0.9605 -0.2782 0.0030
vn -0.1783 -0.9803 0.0847
vn 0.6364 -0.4469 -0.6287
vn 0.9723 0.0716 -0.2227
vn -0.1078 -0.8490 0.5173
vn -0.1682 -0.9311 -0.3238
vn 0.4689 0.5991 -0.6489
vn 0.2594 -0.9621 -0.0840
vn -0.2745 -0.8839 0.3787
vn 0.4266 -0.8810 -0.2047
vn 0.6369 0.7648 0.0975
vn 0.0720 -0.9718 0.2244
vn 0.7315 0.6803 0.0460
vn 0.5975 0.7990 0.0683
vn 0.7842 -0.3853 0.4865
vn 0.9357 0.1255 -0.3297
vn -0.9532 0.3023 -0.0003
vn 0.6220 0.7801 0.0669
vn -0.5534 0.0228 0.8326
vn 0.7124 0.6943 0.1016
vn 0.7720 0.6355 -0.0144
vn -0.2487 -0.6425 -0.7248
vn 0.6604 0.7508 0.0128
vn 0.1052 -0.4747 0.8738
vn 0.3793 -0.8694 -0.3167
vn 0.2304 -0.9430 -0.2400
vn -0.2056 -0.5864 0.7835
vn -0.0175 -0.9057 0.4236
vn 0.1213 -0.9830 0.1381
vn 0.2021 0.8107 0.5494
vn 0.0705 -0.7986 -0.5977
vn -0.3815 0.3949 -0.8357
vn 0.9128 -0.0156 -0.4081
vn 0.9102 0.0368 0.4126
vn 0.8247 -0.4747 -0.3073
vn 0.1008 -0.9651 0.2416
vn -0.9684 -0.2361 0.0801
vn 0.7132 -0.6184 -0.3300
vn -0.2271 -0.2344 0.9452
vn -0.7278 -0.6361 -0.2563
vn 0.9783 0.2067 -0.0115
vn 0.4941 0.8372 0.2345
vn -0.1962 -0.9384 -0.2843
vn 0.0696 -0.9749 0.2113
vn 0.2576 0.0803 0.9629
vn 0.7304 -0.6265 -0.2720
vn 0.7746 -0.1758 0.6075
vn -0.0677 -0.9622 0.2639
vn 0.6635 0.7186 0.2083
vn -0.3578 -0.9271 -0.1119
vn 0.1428 -0.9688 -0.2027
vn 0.5677 0.8016 0.1875
vn -0.7095 -0.6985 0.0932
vn 0.6251 -0.6560 0.4229
vn 0.7055 -0.3953 0.5882
vn -0.1696 -0.9846 0.0429
vn 0.6384 -0.6991 0.3221
vn 0.0054 -0.7092 0.7050
vn -0.0989 -0.9903 -0.0979
vn 0.1535 0.9113 0.3822
vn -0.1196 -0.8457 0.5201
vn 0.5279 0.1297 0.8393
vn 0.0775 -0.9774 0.1965
vn 0.9960 0.0885 0.0101
vn 0.2402 -0.7114 0.6605
vn 0.8814 -0.0574 -0.4688
vn -0.2690 -0.7118 -0.6489
vn 0.8579 0.4697 0.2085
vn 0.8033 -0.2443 -0.5432
vn 0.5720 -0.8121 0.1153
vn 0.0125 -0.3750 0.9269
vn 0.6710 -0.7395 -0.0540
vn 0.2872 -0.0680 0.9555
vn -0.0961 -0.9856 -0.1388
vn 0.3345 -0.9393 0.0759
vn 0.2955 -0.9543 0.0441
vn 0.6579 -0.4021 -0.6368
vn -0.1555 -0.6000 0.7847
vn 0.8993 -0.2589 -0.3525
vn 0.7429 -0.5842 -0.3269
vn 0.4114 0.8948 0.1734
vn 0.0003 0.3206 0.9472
vn 0.9389 -0.0594 -0.3392
vn 0.5685 -0.7688 -0.2929
vn 0.6635 -0.4043 -0.6296
vn -0.2610 -0.7932 0.5503
vn -0.2380 -0.8162 0.5264
vn -0.3101 -0.8772 0.3666
vn 0.1622 -0.9432 0.2900
vn -0.5244 0.7581 0.3877
vn -0.2883 0.2096 0.9343
vn -0.1722 0.8518 0.4948
vn -0.5227 0.7636 0.3791
vn 0.3605 -0.8185 -0.4473
vn 0.0196 0.9627 0.2699
vn 0.9110 -0.3790 -0.1626
vn 0.0362 0.9610 0.2743
vn 0.7679 -0.0860 0.6347
vn 0.7860 -0.6148 0.0644
vn 0.6295 -0.3600 -0.6885
vn -0.1307 -0.3174 0.9393
vn 0.1724 0.9688 0.1782
vn -0.0919 0.9041 0.4174
vn 0.9357 -0.3504 -0.0403
vn -0.3295 -0.1616 0.9302
vn 0.9256 -0.3730 -0.0640
vn -0.2277 0.5685 0.7905
vn 0.5779 -0.7008 0.4183
vn 0.9528 -0.2646 0.1489
vn -0.0591 -0.2548 0.9652
vn -0.3624 0.6328 0.6843
vn 0.9680 -0.0503 -0.2460
vn 0.5513 -0.8329 0.0492
vn -0.5225 0.7618 0.3829
vn 0.3993 -0.8143 0.4212
vn 0.7852 -0.6182 -0.0365
vn 0.7851 0.1230 -0.6071
vn 0.1156 -0.8859 -0.4492
vn -0.0395 -0.9947 0.0952
vn 0.5692 -0.8164 -0.0980
vn 0.7984 -0.5291 -0.2874
vn -0.2520 -0.8406 0.4796
vn 0.7346 0.5984 -0.3198
vn 0.4723 0.8792 0.0632
vn 0.0244 -0.9300 0.3667
vn 0.2376 0.9638 0.1207
vn 0.6452 -0.7629 -0.0405
vn -0.1114 -0.8727 0.4754
vn 0.8782 -0.3768 -0.2944
vn 0.3938 -0.1525 0.9064
vn 0.3755 0.4417 -0.8148
vn 0.4198 -0.8882 0.1866
vn 0.9194 -0.3900 0.0519
vn 0.1821 -0.3464 0.9202
vn 0.1599 -0.9562 -0.2453
vn -0.3642 -0.2680 0.8919
vn 0.4922 0.8196 -0.2933
vn 0.3134 -0.9465 -0.0767
vn -0.1647 -0.2461 0.9551
vn 0.1695 -0.9713 -0.1670
vn -0.2257 -0.9180 0.3262
vn -0.0138 -0.9955 0.0942
vn 0.2850 -0.8559 -0.4315
vn 0.4872 -0.8549 -0.1784
vn 0.5216 -0.0075 -0.8532
vn 0.1020 -0.5776 -0.8099
vn -0.0643 0.9536 0.2941
vn 0.4089 0.9054 -0.1143
vn -0.3187 -0.6939 0.6457
vn 0.4742 -0.5354 -0.6989
vn 0.4413 0.5997 0.6675
vn 0.1535 -0.5151 0.8433
vn 0.1960 0.8072 -0.5567
vn 0.3462 0.9376 0.0325
vn 0.2540 0.7209 -0.6448
vn -0.1034 0.2125 0.9717
vn 0.5716 -0.7415 -0.3514
vn 0.4874 -0.1916 -0.8519
vn -0.2918 0.9559 0.0336
vn -0.2873 -0.2360 0.9283
vn 0.3958 -0.6127 -0.6841
vn 0.3119 -0.4280 -0.8483
vn -0.2006 0.9733 -0.1116
vn 0.5503 -0.7460 0.3750
vn 0.3067 0.9518 -0.0054
vn 0.8097 -0.1679 0.5624
vn 0.2582 0.9661 0.0081
vn -0.4339 0.5635 -0.7030
vn -0.1251 0.8406 -0.5270
vn 0.5201 -0.6582 -0.5443
vn -0.0801 0.9068 0.4140
vn -0.3674 0.5681 0.7364
vn 0.0518 0.2527 -0.9662
vn 0.7342 -0.1786 0.6550
vn -0.1568 -0.9843 0.0807
vn 0.8561 -0.4498 0.2544
vn -0.5094 -0.4130 0.7550
vn -0.0561 -0.9596 0.2756
vn -0.4514 -0.5229 0.7231
vn -0.0585 -0.9943 -0.0889
vn -0.5425 0.6951 0.4717
vn 0.0784 0.7536 0.6526
vn -0.3932 0.8154 0.4248
vn 0.7710 -0.4169 0.4815
vn -0.3188 -0.6943 0.6452
vn -0.3108 0.6342 0.7079
vn -0.1175 -0.0221 0.9928
vn 0.4900 -0.6891 -0.5340
vn 0.5825 -0.6541 0.4825
vn 0.4154 0.3447 0.8418
vn -0.1322 0.9147 0.3818
vn -0.0239 0.2194 0.9753
vn 0.9360 -0.2360 0.2611
vn 0.1582 -0.5805 0.7987
vn -0.1482 -0.7475 0.6475
vn 0.8908 0.1053 -0.4420
vn 0.9102 0.4001 -0.1072
vn -0.1539 0.9771 0.1468
vn -0.1398 -0.8412 0.5223
vn 0.2337 0.6469 0.7259
vn -0.8575 -0.3456 0.3810
vn -0.3270 -0.1330 0.9356
vn -0.2866 0.5517 0.7833
vn -0.2216 0.5134 0.8291
vn -0.1544 0.9765 0.1503
vn 0.2578 -0.1001 0.9610
vn 0.0554 -0.4393 0.8966
vn 0.3725 -0.6167 0.6935
vn 0.6634 -0.7058 0.2487
vn 0.2350 0.9708 0.0491
vn 0.8342 -0.2058 0.5116
vn 0.5937 -0.2959 0.7483
vn -0.2960 0.9454 0.1362
vn -0.4751 -0.1862 0.8600
vn -0.8450 -0.3672 0.3887
vn -0.0474 0.5620 0.8258
vn 0.7700 -0.5878 0.2481
vn -0.1809 -0.8698 0.4590
vn -0.6495 -0.4606 0.6049
vn -0.0878 -0.9931 0.0778
vn -0.2074 -0.9276 -0.3107
vn 0.2363 0.9087 0.3441
vn 0.9019 -0.1975 0.3841
vn -0.2350 -0.8642 0.4449
vn 0.7208 -0.6904 0.0620
vn -0.4248 -0.8934 -0.1461
vn 0.6403 -0.7396 0.2076
vn 0.4982 -0.7664 0.4056
vn -0.2431 -0.8386 -0.4876
vn 0.4278 0.9025 0.0500
vn 0.5063 -0.4238 -0.7510
vn 0.2090 -0.8261 0.5233
vn 0.8474 0.1723 -0.5022
vn -0.4026 -0.7859 0.4693
vn 0.7325 0.5965 -0.3281
vn 0.7645 0.0542 -0.6424
vn 0.8653 -0.1668 -0.4727
vn -0.6863 -0.7202 -0.1014
vn 0.9063 -0.3879 0.1677
vn 0.9087 0.2775 -0.3118
vn -0.2122 -0.6752 0.7065
vn 0.4363 0.8017 -0.4085
vn 0.2304 -0.6725 0.7033
vn 0.6709 -0.6875 0.2781
vn -0.1398 -0.9124 0.3847
vn 0.4818 -0.7156 0.5058
vn -0.3527 -0.8360 0.4203
vn 0.5814 -0.8100 0.0768
vn -0.3326 -0.9430 -0.0121
vn 0.6893 -0.5442 0.4781
vn 0.9536 0.3006 0.0151
vn -0.6792 -0.7174 -0.1548
vn -0.2101 -0.7607 0.6142
vn -0.7160 -0.6929 -0.0855
vn 0.5881 0.5543 0.5890
vn -0.0046 0.6043 0.7967
vn 0.3721 0.4446 -0.8148
vn -0.3153 0.4480 0.8366
vn 0.6186 0.4181 -0.6652
vn 0.3508 0.7813 0.5163
vn -0.2233 0.7158 0.6617
vn 0.1584 0.9666 -0.2014
vn 0.0565 0.8469 -0.5288
vn -0.2210 0.7734 0.5942
vn 0.3666 0.8988 0.2402
vn -0.1185 0.2306 0.9658
vn 0.6933 0.7206 0.0093
vn -0.0378 0.9986 -0.0368
vn 0.3699 0.7686 -0.5220
vn 0.1528 0.9405 -0.3036
vn -0.1276 0.9118 0.3903
vn 0.8786 0.2080 0.4300
vn -0.2291 0.5938 0.7713
vn 0.0863 -0.9946 0.0569
vn 0.7117 0.6563 -0.2506
vn 0.6799 -0.7177 0.1503
vn 0.1454 -0.9841 0.1017
vn -0.0244 -0.9997 -0.0037
vn -0.6333 -0.1481 0.7596
vn -0.2772 0.1957 0.9407
vn 0.7252 -0.6840 0.0795
vn 0.9671 -0.1009 0.2335
vn 0.1259 0.4247 0.8966
vn -0.4463 -0.2755 0.8514
vn -0.2255 0.7712 0.5953
vn -0.5054 -0.1709 0.8458
vn -0.2152 0.1971 0.9565
vn 0.0197 0.1724 0.9848
vn -0.4343 0.8829 0.1786
vn -0.3559 0.4339 0.8277
vn -0.2753 0.0397 0.9605
vn -0.5384 -0.0792 0.8390
vn -0.3049 -0.0067 0.9523
vn -0.9686 0.1448 -0.2020
vn -0.1607 -0.9266 0.3400
vn -0.4477 0.3255 0.8328
vn -0.1860 0.7230 0.6653
vn -0.6883 0.6450 0.3318
vn -0.9363 -0.1037 0.3356
vn -0.6645 0.5784 0.4732
vn 0.5597 0.5369 -0.6313
vn -0.9317 -0.1426 0.3341
vn 0.0400 0.3507 0.9357
vn 0.0950 -0.3842 -0.9183
vn -0.4033 0.5664 -0.7187
vn 0.0964 -0.6296 0.7709
vn -0.2099 -0.8421 -0.4968
vn -0.5374 0.4635 -0.7045
vn -0.8463 0.4803 0.2306
vn -0.3131 -0.9487 -0.0432
vn -0.7091 0.6939 -0.1251
vn -0.7538 0.6494 -0.1006
vn -0.8074 0.5775 -0.1207
vn -0.0939 0.3588 0.9287
vn -0.1865 0.7169 -0.6718
vn -0.8971 -0.3317 0.2919
vn 0.0075 0.6855 0.7280
vn -0.2017 0.8788 -0.4325
vn -0.3509 0.5726 -0.7410
vn 0.3144 0.3546 -0.8806
vn -0.6116 0.4624 -0.6420
vn -0.4131 0.5164 -0.7502
vn 0.4944 -0.0474 0.8679
vn 0.5094 0.2009 0.8368
vn 0.2671 -0.0978 0.9587
vn 0.8744 0.3645 -0.3203
vn -0.3628 -0.7598 0.5395
vn 0.1968 -0.8895 0.4123
vn 0.8060 -0.5855 -0.0869
vn -0.3789 -0.6099 0.6960
vn 0.3233 0.6498 -0.6879
vn 0.3497 0.6825 -0.6419
vn -0.1877 -0.7879 0.5866
vn 0.1681 -0.8007 0.5750
vn 0.8783 -0.4279 -0.2131
vn 0.3510 -0.9362 0.0176
vn 0.2403 0.6499 -0.7210
vn 0.3218 -0.8226 0.4689
vn 0.3218 -0.6700 0.6689
vn 0.8488 -0.1731 -0.4995
vn 0.3516 0.7335 -0.5818
vn 0.2451 -0.9266 0.2853
vn -0.2020 -0.9462 0.2527
vn -0.4581 -0.6614 0.5938
vn -0.3680 -0.6134 0.6988
vn 0.1416 -0.7806 0.6088
vn 0.8550 -0.1245 -0.5034
vn 0.5205 0.7629 -0.3834
vn 0.3523 0.7731 -0.5274
vn 0.0066 -0.9928 0.1194
vn 0.5235 0.7977 -0.2994
vn 0.8510 -0.2291 -0.4726
vn -0.4101 -0.8660 0.2860
vn -0.0149 -0.9998 0.0093
vn -0.1781 -0.9437 -0.2788
vn 0.6656 -0.4528 -0.5933
vn 0.7483 0.6214 -0.2322
vn 0.6039 0.7615 -0.2353
vn 0.2877 0.8272 -0.4827
vn 0.8322 0.0012 -0.5544
vn -0.1043 -0.9500 -0.2944
vn 0.1597 -0.9369 0.3110
vn 0.2717 -0.9612 0.0484
vn -0.5157 -0.7478 -0.4181
vn 0.1315 -0.6961 -0.7058
vn -0.2966 -0.0044 0.9550
vn 0.6072 -0.7860 -0.1163
vn 0.3540 -0.6440 0.6781
vn -0.5868 0.6969 0.4123
vn -0.5563 0.6708 0.4904
vn 0.2141 -0.0600 0.9750
vn 0.0795 -0.7122 0.6975
vn 0.3530 -0.8982 0.2619
vn 0.3859 -0.8840 0.2640
vn 0.4149 -0.8156 0.4034
vn -0.5995 0.4959 0.6282
vn -0.3856 0.3649 0.8474
vn 0.6145 0.0450 0.7876
vn 0.3522 -0.6486 0.6748
vn -0.2160 -0.3911 0.8946
vn -0.0058 -0.7872 0.6167
vn 0.0611 -0.3915 0.9181
vn 0.1308 0.5223 0.8427
vn 0.0008 -0.6689 0.7433
vn 0.0161 -0.9418 0.3357
vn -0.0890 -0.9960 0.0071
vn 0.4933 0.5564 0.6686
vn -0.1311 -0.0952 0.9868
vn -0.0847 0.9103 0.4052
vn 0.3876 -0.9202 0.0542
vn -0.1014 0.1563 0.9825
vn -0.3833 0.8305 0.4041
vn -0.0463 0.2623 0.9639
vn -0.0939 -0.2784 0.9559
vn 0.6474 0.4343 0.6263
vn 0.8042 -0.2179 0.5529
vn -0.5197 0.7528 0.4040
vn 0.4325 -0.8539 0.2894
vn -0.5550 0.7311 0.3968
vn -0.2409 -0.9607 -0.1380
vn -0.2872 0.2851 0.9145
vn 0.1567 -0.1107 0.9814
vn -0.7735 -0.6335 -0.0203
vn -0.5107 0.7502 0.4199
vn 0.6692 -0.6131 0.4198
vn -0.4394 0.7372 0.5133
vn 0.5212 -0.7074 0.4775
vn -0.4320 0.7984 0.4196
vn -0.4358 -0.5544 0.7090
vn -0.6311 -0.4178 0.6536
vn 0.9983 0.0101 0.0582
vn 0.9878 0.0076 0.1556
vn -0.5453 -0.5253 0.6533
vn -0.4781 -0.7623 0.4363
vn 0.3325 -0.7638 0.5532
vn 0.4593 -0.5815 0.6715
vn -0.0378 0.4025 0.9146
vn 0.1736 0.4360 0.8831
vn 0.7587 -0.6366 0.1385
vn 0.3444 -0.8982 0.2734
vn -0.2766 -0.9319 0.2344
vn 0.8397 0.4948 0.2238
vn -0.2177 -0.9760 -0.0053
vn 0.9942 -0.0296 0.1039
vn 0.5600 0.7910 0.2462
vn -0.2056 0.6393 0.7410
vn -0.6759 -0.1529 0.7209
vn 0.6832 -0.3455 0.6433
vn -0.0521 0.2356 0.9705
vn -0.2504 0.9134 0.3210
vn 0.8722 0.3811 0.3068
vn 0.3590 0.7891 0.4984
vn 0.8627 -0.4997 0.0779
vn 0.2515 0.9370 0.2424
vn -0.0917 0.9340 0.3453
vn 0.2487 0.9505 0.1865
vn 0.4783 0.8781 0.0079
vn -0.5151 -0.0383 0.8563
vn -0.3216 0.2163 0.9218
vn -0.3630 -0.7476 0.5562
vn -0.1540 0.5997 0.7853
vn -0.2250 -0.6239 0.7484
vn 0.3574 0.8688 0.3426
vn -0.1251 0.5986 0.7912
vn -0.3935 -0.4133 0.8212
vn -0.4488 -0.3230 0.8332
vn -0.9165 -0.1165 -0.3827
vn 0.3252 -0.5796 -0.7472
vn -0.1732 0.7496 0.6389
vn -0.3972 -0.9177 -0.0050
vn -0.0132 -0.9663 0.2571
vn -0.5954 -0.3507 0.7229
vn -0.2384 -0.4909 0.8380
vn -0.7757 -0.5440 0.3198
vn -0.2016 0.8887 0.4118
vn 0.5976 0.7155 0.3618
vn 0.0191 0.9311 0.3644
vn 0.7704 -0.6274 0.1133
vn -0.7263 -0.5634 0.3938
vn -0.6865 -0.4169 0.5958
vn 0.8491 0.4774 0.2262
vn -0.4198 0.6346 0.6489
vn -0.3683 0.8939 0.2556
vn -0.4679 0.5222 0.7130
vn -0.8445 0.0493 0.5332
vn 0.7629 0.6465 -0.0049
vn -0.7731 0.2367 0.5884
vn -0.5853 -0.3768 0.7180
vn 0.4671 0.8622 0.1960
vn 0.3891 0.9145 -0.1106
vn -0.6281 -0.3965 0.6695
vn 0.3054 0.9120 0.2738
vn 0.1412 0.9191 0.3679
vn -0.7648 0.2076 0.6099
vn 0.6375 -0.6242 0.4517
vn -0.0725 0.9972 -0.0193
vn -0.3444 -0.8218 -0.4539
vn 0.2899 -0.9520 0.0987
vn -0.6157 0.7830 -0.0889
vn -0.1102 0.5504 0.8276
vn -0.2668 0.9568 -0.1155
vn -0.9615 0.2743 0.0150
vn -0.2288 -0.9399 -0.2535
vn -0.8227 -0.5684 0.0121
vn -0.6415 0.2231 0.7340
vn -0.3426 0.6582 0.6704
vn -0.4051 0.7301 0.5503
vn -0.6281 0.5385 0.5618
vn -0.2515 0.7080 0.6599
vn -0.2054 0.8482 0.4882
vn 0.7651 -0.5736 0.2926
vn -0.6229 -0.6646 0.4125
vn 0.7917 -0.5505 0.2649
vn -0.2724 0.9616 0.0343
vn -0.8626 -0.2157 -0.4577
vn -0.0298 0.7344 0.6780
vn -0.2813 0.9524 0.1177
vn -0.8701 -0.0106 0.4927
vn -0.9772 0.1720 -0.1244
vn -0.0308 -0.9777 -0.2077
vn -0.1755 -0.9757 0.1314
vn -0.1707 0.4736 0.8640
vn -0.0358 -0.9134 0.4054
vn -0.4556 0.6930 0.5587
vn -0.8999 -0.3893 -0.1966
vn -0.1792 0.9307 0.3188
vn 0.3326 0.9427 0.0273
vn -0.2656 0.6968 0.6663
vn 0.5740 -0.5568 0.6005
vn 0.3000 0.8930 0.3354
vn 0.2112 0.9754 0.0632
vn -0.3055 0.7491 0.5879
vn -0.6110 0.7858 -0.0962
vn -0.8601 -0.2985 0.4138
vn 0.0423 -0.8989 0.4362
vn 0.6454 0.6123 0.4567
vn -0.8193 -0.3178 0.4772
vn 0.7621 -0.5020 -0.4089
vn -0.9072 -0.3842 -0.1715
vn -0.0273 0.9988 -0.0402
vn -0.6605 -0.6935 -0.2878
vn -0.6224 0.2042 0.7556
vn -0.0284 0.9905 0.1343
vn 0.6206 -0.7841 -0.0044
vn 0.7418 0.5752 0.3449
vn -0.9404 0.3051 -0.1502
vn -0.1955 -0.7706 0.6066
vn 0.2476 0.9682 0.0357
vn -0.2438 -0.7929 0.5584
vn -0.5249 0.1081 0.8443
vn 0.4968 0.4588 0.7367
vn -0.2683 0.9173 0.2941
vn 0.9307 -0.0710 -0.3588
vn -0.4567 0.5729 0.6806
vn 0.3032 -0.7543 0.5824
vn -0.9508 0.2141 -0.2240
vn -0.7006 -0.6756 -0.2298
vn -0.9209 -0.2612 -0.2894
vn 0.6308 0.6111 0.4781
vn -0.4574 -0.3862 0.8010
vn 0.9573 -0.2157 -0.1926
vn 0.4951 0.4738 0.7282
vn -0.7471 0.6096 -0.2652
vn -0.5519 0.5826 0.5966
vn -0.7396 0.2011 0.6423
vn -0.2841 -0.8612 0.4215
vn -0.9728 -0.1729 -0.1544
vn 0.6708 -0.2835 0.6854
vn 0.1477 0.5001 0.8533
vn -0.7343 -0.6538 -0.1826
vn 0.2104 -0.2029 0.9563
vn -0.3211 -0.9212 0.2196
vn -0.6776 0.3013 0.6709
vn -0.7234 -0.6748 -0.1457
vn -0.2807 0.9383 0.2019
vn 0.4944 -0.8515 -0.1745
vn 0.3636 -0.6919 0.6238
vn 0.3704 0.7024 0.6078
vn -0.7630 0.3027 0.5711
vn 0.0537 0.9332 0.3553
vn -0.0372 0.8061 0.5906
vn -0.6923 0.7133 -0.1091
vn -0.3825 -0.6401 0.6664
vn -0.9976 -0.0014 0.0685
vn -0.4558 -0.3891 0.8005
vn -0.6140 0.7859 -0.0733
vn -0.0644 0.9948 0.0787
vn -0.4421 -0.8198 0.3640
vn -0.5189 0.8543 -0.0298
vn -0.0044 -0.7860 0.6182
vn 0.5480 -0.8352 0.0457
vn 0.4828 -0.8757 -0.0078
vn 0.4213 -0.8574 0.2955
vn -0.5036 -0.8604 -0.0776
vn 0.6040 -0.7564 0.2509
vn 0.4116 -0.8435 0.3451
vn -0.2113 0.6586 -0.7222
vn 0.3792 0.4033 -0.8328
vn 0.9678 -0.0808 -0.2385
vn 0.7092 -0.0993 0.6980
vn 0.3066 -0.5411 -0.7831
vn 0.2412 -0.9364 -0.2550
vn -0.0656 0.8923 -0.4467
vn 0.0206 0.6521 -0.7578
vn -0.6774 -0.5278 -0.5124
vn 0.3411 0.9285 -0.1466
vn 0.6807 0.7295 -0.0665
vn -0.9472 -0.2381 -0.2146
vn -0.9687 -0.2163 -0.1217
vn 0.6841 0.7265 -0.0653
vn -0.7172 0.0654 0.6938
vn 0.6070 -0.4775 -0.6353
vn 0.6167 -0.7773 -0.1247
vn -0.4092 0.0554 0.9108
vn -0.1664 -0.6390 0.7510
vn 0.7737 0.6335 -0.0064
vn 0.2762 -0.5244 -0.8054
vn 0.4952 0.3986 -0.7719
vn -0.2643 0.9385 -0.2224
vn 0.1085 -0.9848 -0.1356
vn 0.1870 0.2952 0.9370
vn -0.1120 0.9143 0.3893
vn -0.1730 0.6989 -0.6940
vn 0.8227 0.4682 -0.3225
vn -0.6786 -0.6968 -0.2324
vn 0.7111 -0.2426 0.6599
vn 0.0627 0.1788 0.9819
vn 0.9239 -0.3023 0.2345
vn 0.1980 0.0418 0.9793
vn 0.6009 0.6982 -0.3891
vn 0.7220 -0.1363 -0.6783
vn 0.0457 0.7335 -0.6781
vn 0.4047 0.7459 -0.5290
vn 0.3733 -0.1490 0.9157
vn 0.2678 0.7625 -0.5890
vn 0.2108 0.9613 -0.1777
vn 0.2986 0.7371 -0.6063
vn -0.0930 -0.0521 0.9943
vn 0.5446 0.1432 0.8264
vn 0.8962 0.0054 0.4436
vn 0.3909 -0.2037 -0.8976
vn 0.9310 -0.2840 0.2295
vn 0.3574 -0.8474 0.3926
vn -0.4510 0.6701 -0.5895
vn 0.8005 0.5476 -0.2436
vn 0.1296 -0.9817 -0.1397
vn 0.1674 -0.8309 0.5307
vn 0.4570 -0.5013 0.7347
vn 0.3185 -0.5866 0.7446
vn 0.6739 0.6791 -0.2909
vn 0.2141 0.6336 -0.7434
vn 0.6840 -0.5434 -0.4867
vn 0.9653 -0.0084 -0.2611
vn 0.8204 0.4738 -0.3200
vn 0.2651 -0.7053 0.6575
vn 0.6085 -0.0009 -0.7936
vn 0.7497 0.6135 -0.2481
vn 0.9020 -0.3603 0.2380
vn 0.0898 -0.9893 0.1153
vn 0.1139 0.1082 -0.9876
vn 0.1628 0.2506 -0.9543
vn 0.4684 -0.7345 0.4910
vn 0.9757 0.0759 0.2057
vn 0.4266 0.7737 -0.4684
vn 0.2260 0.9473 -0.2271
vn -0.1381 -0.4222 0.8959
vn 0.8536 -0.0056 -0.5209
vn -0.1446 -0.9584 -0.2460
vn 0.5012 0.0318 -0.8648
vn 0.0988 0.2092 -0.9729
vn 0.7815 0.5292 -0.3304
vn 0.7637 -0.1558 0.6265
vn 0.7403 0.0065 -0.6722
vn 0.9862 -0.1440 0.0816
vn -0.1360 0.3038 -0.9430
vn 0.5325 -0.8464 0.0084
vn 0.4684 -0.8793 -0.0859
vn 0.0483 0.0753 0.9960
vn 0.5458 -0.8375 -0.0262
vn -0.0926 0.6406 -0.7623
vn 0.9354 -0.1436 0.3232
vn 0.4224 -0.7300 -0.5374
vn 0.7643 -0.3528 -0.5398
vn 0.5245 0.3920 -0.7558
vn 0.0946 0.9913 -0.0913
vn -0.0320 -0.7218 0.6914
vn 0.6463 -0.3184 -0.6935
vn 0.2833 -0.3809 0.8801
vn 0.1092 0.3461 -0.9318
vn 0.2503 0.7365 -0.6284
vn -0.1930 0.9660 -0.1723
vn 0.6147 -0.7836 -0.0901
vn 0.1066 -0.9943 0.0031
vn 0.6621 0.6411 -0.3882
vn 0.4509 0.4324 0.7808
vn -0.2923 -0.2172 -0.9314
vn 0.8455 -0.2499 0.4719
vn -0.2344 0.9023 -0.3619
vn 0.2025 -0.9266 -0.3169
vn 0.0954 -0.9885 0.1172
vn -0.6277 -0.1286 -0.7678
vn 0.9389 0.0384 0.3421
vn 0.5983 0.7872 -0.1496
vn 0.5224 -0.8282 -0.2029
vn -0.8380 -0.4163 0.3527
vn -0.9169 0.0545 0.3953
vn 0.0777 -0.3985 0.9139
vn 0.2538 0.9672 0.0020
vn 0.6697 -0.5938 -0.4459
vn 0.1545 0.6393 -0.7533
vn 0.0533 -0.6513 -0.7570
vn -0.1439 0.8319 0.5360
vn 0.5970 -0.5306 -0.6017
vn -0.1397 -0.2960 0.9449
vn -0.0443 0.2076 -0.9772
vn 0.5866 -0.7898 -0.1790
vn 0.6149 0.6399 -0.4609
vn 0.9443 -0.0656 0.3224
vn 0.7237 -0.3223 -0.6103
vn 0.9980 0.0166 0.0609
vn 0.3481 -0.9129 0.2133
vn 0.2963 0.5342 0.7917
vn 0.3811 -0.9090 0.1688
vn 0.9658 -0.2573 0.0325
vn 0.8065 -0.5912 -0.0077
vn 0.8647 -0.0910 -0.4940
vn 0.8983 0.0408 -0.4375
vn 0.0704 -0.8899 -0.4508
vn 0.4914 0.8197 -0.2943
vn 0.4127 -0.5641 0.7152
vn 0.6165 0.5154 -0.5952
vn 0.3813 -0.4835 0.7879
vn 0.6615 -0.5581 -0.5010
vn 0.5127 -0.7603 0.3988
vn -0.1483 -0.3364 0.9300
vn -0.8189 -0.5574 0.1366
vn -0.1294 -0.2958 0.9464
vn 0.4539 -0.8908 -0.0223
vn 0.8577 0.2951 -0.4210
vn 0.7094 0.0880 -0.6993
vn 0.5816 0.8049 -0.1180
vn 0.0696 0.4599 0.8852
vn 0.9306 -0.3328 -0.1520
vn -0.4178 0.9079 0.0347
vn 0.1089 -0.5318 0.8398
vn 0.7135 -0.3857 -0.5849
vn 0.5053 -0.7148 0.4836
vn 0.0710 -0.6733 0.7360
vn 0.2802 -0.1805 -0.9428
vn 0.3861 0.2069 -0.8989
vn -0.2556 -0.8922 0.3722
vn 0.4095 0.7484 -0.5218
vn 0.4224 0.8814 -0.2115
vn 0.4913 0.8203 -0.2929
vn 0.4539 -0.7396 0.4970
vn 0.0622 -0.8804 0.4701
vn 0.6466 -0.5589 -0.5191
vn 0.0982 0.4778 -0.8729
vn 0.5723 -0.4791 -0.6655
vn -0.3795 -0.4704 0.7967
vn 0.5451 -0.6111 -0.5740
vn -0.2153 0.7862 0.5792
vn 0.3452 0.7079 -0.6162
vn 0.3504 -0.7951 -0.4950
vn -0.4145 0.8991 0.1409
vn 0.0360 -0.7947 0.6060
vn -0.7849 -0.6173 0.0529
vn -0.2574 -0.9598 -0.1115
vn 0.3418 0.3056 -0.8887
vn -0.1167 0.9134 0.3900
vn -0.4250 -0.3926 0.8156
vn 0.2362 0.4439 -0.8644
vn 0.4023 -0.8941 0.1967
vn -0.0302 0.7225 -0.6907
vn 0.4240 -0.8904 0.1654
vn 0.5032 -0.8583 0.1007
vn -0.1317 0.7881 -0.6013
vn 0.9131 -0.3952 -0.1004
vn -0.8759 0.0746 0.4767
vn -0.8768 0.1532 0.4557
vn 0.1728 -0.9300 0.3245
vn 0.1912 -0.9340 0.3017
vn -0.0240 0.7452 -0.6664
vn 0.6489 -0.7458 0.1509
vn 0.3375 -0.8192 -0.4637
vn 0.0677 0.4869 -0.8708
vn 0.2043 -0.5607 0.8024
vn 0.3393 0.6767 -0.6534
vn 0.0129 -0.5750 0.8181
vn 0.1737 0.5615 -0.8091
vn -0.3121 -0.9450 -0.0975
vn -0.1907 0.6248 -0.7572
vn 0.1743 -0.9524 -0.2499
vn 0.3525 -0.9349 -0.0426
vn 0.0963 -0.6985 -0.7091
vn 0.0502 0.8400 -0.5403
vn 0.2685 -0.5089 -0.8179
vn -0.7051 0.0477 -0.7075
vn 0.1623 -0.7688 -0.6185
vn 0.8645 -0.0271 -0.5020
vn 0.0746 0.7089 -0.7014
vn 0.2240 -0.9403 -0.2563
vn 0.8653 0.2389 0.4406
vn 0.1728 -0.8815 -0.4394
vn -0.8136 -0.3884 0.4327
vn -0.5250 0.3503 0.7757
vn -0.1340 -0.9838 0.1194
vt 0.827534 0.060045
vt 0.796305 0.063855
vt 0.811305 0.068865
vt 0.802864 0.017635
vt 0.818723 0.010477
vt 0.804110 0.011481
vt 0.026053 0.311936
vt 0.008359 0.307783
vt 0.023828 0.323549
vt 0.624146 0.362916
vt 0.632875 0.370289
vt 0.636517 0.364616
vt 0.321470 0.199978
vt 0.305542 0.200094
vt 0.312020 0.205933
vt 0.981739 0.055326
vt 0.991591 0.060913
vt 0.993029 0.055516
vt 0.998415 0.051428
vt 0.428409 0.080542
vt 0.427560 0.115273
vt 0.443978 0.126550
vt 0.390147 0.748335
vt 0.406325 0.741653
vt 0.392158 0.735017
vt 0.356011 0.721074
vt 0.327616 0.724416
vt 0.333745 0.735996
vt 0.161954 0.558898
vt 0.164286 0.603138
vt 0.168041 0.569928
vt 0.128194 0.591194
vt 0.150542 0.621909
vt 0.022418 0.334397
vt 0.033567 0.329515
vt 0.437751 0.737557
vt 0.400336 0.729209
vt 0.328443 0.750880
vt 0.781076 0.066813
vt 0.793225 0.043318
vt 0.529049 0.050204
vt 0.520264 0.049439
vt 0.521339 0.056223
vt 0.737139 0.319378
vt 0.765509 0.280998
vt 0.731641 0.286818
vt 0.815436 0.316330
vt 0.839459 0.308238
vt 0.786007 0.295708
vt 0.764809 0.254572
vt 0.797579 0.264645
vt 0.763167 0.312869
vt 0.830366 0.257636
vt 0.821834 0.265226
vt 0.719645 0.257904
vt 0.859252 0.095210
vt 0.891651 0.125693
vt 0.875618 0.085496
vt 0.857590 0.067108
vt 0.697388 0.255432
vt 0.707274 0.280157
vt 0.139768 0.313825
vt 0.121340 0.300956
vt 0.132866 0.316528
vt 0.837371 0.042083
vt 0.853257 0.048055
vt 0.926319 0.109762
vt 0.909240 0.129171
vt 0.922482 0.133610
vt 0.776100 0.234980
vt 0.722242 0.232600
vt 0.810864 0.238434
vt 0.128310 0.297731
vt 0.904308 0.137599
vt 0.199365 0.648254
vt 0.185698 0.652564
vt 0.196461 0.671912
vt 0.159644 0.672965
vt 0.177442 0.727970
vt 0.161520 0.619716
vt 0.197122 0.615408
vt 0.206588 0.638787
vt 0.212730 0.631326
vt 0.990487 0.003958
vt 0.988975 0.020625
vt 0.999629 0.000368
vt 0.199885 0.601210
vt 0.327366 0.964126
vt 0.312866 0.958229
vt 0.319815 0.972974
vt 0.983055 0.001295
vt 0.771742 0.413940
vt 0.779173 0.411227
vt 0.771932 0.408374
vt 0.046190 0.389683
vt 0.038940 0.402257
vt 0.042090 0.408836
vt 0.313924 0.958227
vt 0.320990 0.953750
vt 0.761841 0.393679
vt 0.590064 0.007538
vt 0.581555 0.014607
vt 0.597937 0.011457
vt 0.093625 0.718679
vt 0.088868 0.739554
vt 0.100436 0.721420
vt 0.747570 0.782508
vt 0.762240 0.744541
vt 0.725596 0.754581
vt 0.732034 0.770260
vt 0.371938 0.872617
vt 0.378506 0.887085
vt 0.389607 0.883172
vt 0.373992 0.397697
vt 0.377073 0.387821
vt 0.367693 0.395143
vt 0.331664 0.517961
vt 0.324043 0.508622
vt 0.328010 0.533651
vt 0.767813 0.799681
vt 0.086548 0.765993
vt 0.093584 0.758906
vt 0.828914 0.357722
vt 0.793111 0.371056
vt 0.814625 0.385276
vt 0.424596 0.845539
vt 0.400086 0.873623
vt 0.404472 0.876673
vt 0.380701 0.841967
vt 0.715008 0.734939
vt 0.052224 0.540070
vt 0.051392 0.562622
vt 0.056274 0.545351
vt 0.434448 0.255982
vt 0.434956 0.265259
vt 0.445189 0.262119
vt 0.428232 0.834640
vt 0.085817 0.397188
vt 0.799126 0.746828
vt 0.794310 0.766200
vt 0.357735 0.859014
vt 0.082886 0.368915
vt 0.283928 0.912763
vt 0.250248 0.920748
vt 0.258853 0.925833
vt 0.329371 0.498200
vt 0.344634 0.963242
vt 0.566201 0.002461
vt 0.360350 0.976147
vt 0.081937 0.406524
vt 0.022799 0.870578
vt 0.029936 0.893426
vt 0.018139 0.834900
vt 0.354690 0.842548
vt 0.285713 0.918152
vt 0.959169 0.009659
vt 0.024614 0.897453
vt 0.052513 0.414173
vt 0.015197 0.841744
vt 0.947713 0.023542
vt 0.609600 0.813627
vt 0.650835 0.828852
vt 0.633005 0.795007
vt 0.557474 0.007738
vt 0.741358 0.498333
vt 0.762176 0.511408
vt 0.753064 0.499067
vt 0.868903 0.832605
vt 0.855844 0.845627
vt 0.875840 0.837399
vt 0.060830 0.362957
vt 0.667904 0.743473
vt 0.646823 0.761848
vt 0.672239 0.768786
vt 0.361110 0.875409
vt 0.615541 0.832948
vt 0.655126 0.840150
vt 0.112696 0.703165
vt 0.631063 0.716772
vt 0.615924 0.742695
vt 0.604137 0.719338
vt 0.690550 0.060181
vt 0.685677 0.052369
vt 0.671021 0.058780
vt 0.142399 0.733301
vt 0.135272 0.749004
vt 0.141519 0.748228
vt 0.135048 0.715741
vt 0.905137 0.138795
vt 0.898071 0.148071
vt 0.916136 0.144693
vt 0.669702 0.348868
vt 0.684382 0.347620
vt 0.685288 0.337433
vt 0.296021 0.536782
vt 0.301235 0.541973
vt 0.302803 0.514529
vt 0.505979 0.229616
vt 0.486285 0.239800
vt 0.484985 0.245483
vt 0.320190 0.539917
vt 0.575806 0.250610
vt 0.585814 0.247064
vt 0.581399 0.241334
vt 0.667735 0.323504
vt 0.549438 0.000368
vt 0.373955 0.182004
vt 0.387443 0.181258
vt 0.368530 0.178346
vt 0.620066 0.478639
vt 0.613892 0.488951
vt 0.625365 0.493042
vt 0.101549 0.732534
vt 0.099604 0.767700
vt 0.601107 0.826114
vt 0.591187 0.721583
vt 0.591352 0.733212
vt 0.425332 0.181543
vt 0.422589 0.166885
vt 0.421489 0.188465
vt 0.018152 0.325995
vt 0.000006 0.319670
vt 0.003464 0.334839
vt 0.435667 0.186394
vt 0.380192 0.189087
vt 0.063230 0.319933
vt 0.056085 0.345249
vt 0.066784 0.336590
vt 0.297418 0.906537
vt 0.311518 0.904180
vt 0.072974 0.338358
vt 0.064331 0.344287
vt 0.143620 0.726013
vt 0.427982 0.164167
vt 0.614837 0.790654
vt 0.113365 0.678228
vt 0.306029 0.520691
vt 0.575073 0.509155
vt 0.582885 0.494752
vt 0.575517 0.501463
vt 0.407227 0.299929
vt 0.399225 0.304362
vt 0.400706 0.315458
vt 0.434835 0.176333
vt 0.146671 0.769476
vt 0.080688 0.482132
vt 0.081994 0.494874
vt 0.092752 0.504886
vt 0.448852 0.012573
vt 0.446477 0.007691
vt 0.439575 0.007773
vt 0.687620 0.324716
vt 0.143568 0.712287
vt 0.787468 0.513651
vt 0.427878 0.150794
vt 0.088693 0.478641
vt 0.285908 0.894254
vt 0.288336 0.906941
vt 0.433647 0.157130
vt 0.155770 0.744253
vt 0.604985 0.799879
vt 0.697745 0.766543
vt 0.350764 0.876784
vt 0.419155 0.161616
vt 0.420394 0.140627
vt 0.420029 0.151912
vt 0.640973 0.471479
vt 0.639938 0.486716
vt 0.649451 0.479684
vt 0.775929 0.345165
vt 0.754503 0.342540
vt 0.761081 0.356370
vt 0.379710 0.331266
vt 0.386083 0.335604
vt 0.774144 0.367119
vt 0.763981 0.371757
vt 0.779067 0.376716
vt 0.416138 0.172476
vt 0.532430 0.000371
vt 0.526711 0.009768
vt 0.540400 0.007854
vt 0.857832 0.017700
vt 0.895946 0.000910
vt 0.877962 0.004142
vt 0.360155 0.396411
vt 0.362960 0.412714
vt 0.370297 0.422369
vt 0.276012 0.897801
vt 0.746321 0.345640
vt 0.735034 0.340469
vt 0.738717 0.349464
vt 0.155592 0.764658
vt 0.151691 0.748147
vt 0.897542 0.171018
vt 0.908184 0.174718
vt 0.905303 0.163625
vt 0.649535 0.470755
vt 0.310740 0.914697
vt 0.327262 0.910376
vt 0.073863 0.321052
vt 0.274929 0.888065
vt 0.093537 0.324197
vt 0.590533 0.837940
vt 0.602996 0.835227
vt 0.073008 0.298936
vt 0.108138 0.373422
vt 0.599034 0.812919
vt 0.786717 0.341864
vt 0.796356 0.344237
vt 0.775665 0.327990
vt 0.457641 0.287964
vt 0.456010 0.277223
vt 0.450562 0.283302
vt 0.092716 0.491443
vt 0.965563 0.231310
vt 0.960327 0.240356
vt 0.975462 0.237017
vt 0.168390 0.762314
vt 0.070107 0.284440
vt 0.799152 0.323871
vt 0.258667 0.186402
vt 0.259177 0.195679
vt 0.267211 0.188219
vt 0.898819 0.161116
vt 0.154678 0.779419
vt 0.164263 0.771663
vt 0.152466 0.051333
vt 0.162475 0.051392
vt 0.155465 0.043580
vt 0.592557 0.803780
vt 0.222386 0.969111
vt 0.239344 0.978671
vt 0.243035 0.972018
vt 0.807566 0.334925
vt 0.719987 0.345474
vt 0.714349 0.320251
vt 0.255690 0.000367
vt 0.260078 0.013658
vt 0.284421 0.002845
vt 0.816348 0.531879
vt 0.721056 0.353454
vt 0.515805 0.021252
vt 0.531656 0.020296
vt 0.518069 0.044292
vt 0.093688 0.305079
vt 0.076899 0.296165
vt 0.097202 0.407140
vt 0.851661 0.011132
vt 0.280763 0.010490
vt 0.584183 0.815558
vt 0.582677 0.829894
vt 0.104343 0.413584
vt 0.132586 0.399134
vt 0.583041 0.821550
vt 0.221242 0.977745
vt 0.822948 0.842386
vt 0.201845 0.975653
vt 0.000122 0.165616
vt 0.006406 0.170044
vt 0.009398 0.160767
vt 0.875740 0.146019
vt 0.861583 0.134610
vt 0.855647 0.158999
vt 0.508027 0.009685
vt 0.801645 0.856902
vt 0.991797 0.091089
vt 0.995648 0.099731
vt 0.999631 0.093927
vt 0.166335 0.750163
vt 0.176090 0.758382
vt 0.888000 0.168578
vt 0.890345 0.159781
vt 0.840942 0.137085
vt 0.856810 0.128873
vt 0.847905 0.128541
vt 0.505419 0.044515
vt 0.016075 0.526980
vt 0.014038 0.541330
vt 0.022582 0.547974
vt 0.988263 0.387818
vt 0.986694 0.393040
vt 0.998168 0.400024
vt 0.729536 0.973729
vt 0.719546 0.990168
vt 0.741891 0.989266
vt 0.832063 0.319506
vt 0.986303 0.096738
vt 0.129372 0.408541
vt 0.027284 0.116174
vt 0.006411 0.109885
vt 0.001777 0.124661
vt 0.245483 0.473183
vt 0.249534 0.481323
vt 0.253631 0.469015
vt 0.471019 0.777746
vt 0.498507 0.777477
vt 0.485813 0.771002
vt 0.880855 0.176464
vt 0.492815 0.025987
vt 0.194595 0.764348
vt 0.191300 0.747372
vt 0.173586 0.748455
vt 0.133505 0.329172
vt 0.185963 0.036255
vt 0.179565 0.043335
vt 0.189574 0.040976
vt 0.495712 0.800659
vt 0.499352 0.787653
vt 0.488389 0.792601
vt 0.786428 0.842147
vt 0.816021 0.837834
vt 0.200251 0.755050
vt 0.241663 0.475710
vt 0.233032 0.490227
vt 0.245246 0.494399
vt 0.866009 0.186355
vt 0.823751 0.518465
vt 0.489380 0.016649
vt 0.313352 0.350506
vt 0.307532 0.333203
vt 0.307214 0.350952
vt 0.470054 0.651551
vt 0.490117 0.662964
vt 0.496469 0.653402
vt 0.565306 0.232300
vt 0.551076 0.219362
vt 0.547241 0.225794
vt 0.461793 0.255140
vt 0.448039 0.243483
vt 0.440868 0.252764
vt 0.517224 0.639847
vt 0.505812 0.630788
vt 0.472669 0.508358
vt 0.466015 0.522165
vt 0.476115 0.520984
vt 0.510103 0.499406
vt 0.501001 0.492184
vt 0.485856 0.630994
vt 0.472833 0.496817
vt 0.806805 0.810367
vt 0.823050 0.826356
vt 0.817386 0.811617
vt 0.455930 0.238692
vt 0.470090 0.250948
vt 0.821114 0.835083
vt 0.515488 0.483968
vt 0.977355 0.385374
vt 0.968564 0.380510
vt 0.964859 0.398167
vt 0.967429 0.410278
vt 0.457873 0.517318
vt 0.591187 0.358979
vt 0.610716 0.372192
vt 0.596679 0.354860
vt 0.459918 0.479824
vt 0.342132 0.669748
vt 0.349725 0.677768
vt 0.388041 0.667771
vt 0.861972 0.280161
vt 0.871883 0.274061
vt 0.878707 0.297703
vt 0.426124 0.926022
vt 0.468456 0.956165
vt 0.420077 0.909946
vt 0.867960 0.297225
vt 0.003045 0.799450
vt 0.000638 0.810145
vt 0.009654 0.819972
vt 0.907859 0.318785
vt 0.911015 0.270167
vt 0.926517 0.303144
vt 0.849230 0.219948
vt 0.831585 0.235744
vt 0.914945 0.244586
vt 0.887352 0.216800
vt 0.940861 0.281021
vt 0.945727 0.262604
vt 0.944605 0.306685
vt 0.937141 0.241533
vt 0.965183 0.283856
vt 0.847106 0.508253
vt 0.842005 0.470032
vt 0.184875 0.565226
vt 0.964678 0.308569
vt 0.956840 0.247658
vt 0.449058 0.528509
vt 0.452808 0.533666
vt 0.504147 0.658671
vt 0.450746 0.540147
vt 0.427387 0.551046
vt 0.426602 0.538680
vt 0.098456 0.427985
vt 0.109010 0.440716
vt 0.114134 0.428116
vt 0.382127 0.212716
vt 0.397902 0.231548
vt 0.392784 0.193536
vt 0.438340 0.517842
vt 0.532878 0.613723
vt 0.549145 0.626112
vt 0.113979 0.414188
vt 0.443562 0.506225
vt 0.440442 0.493270
vt 0.433716 0.497011
vt 0.409788 0.197924
vt 0.443108 0.546764
vt 0.421176 0.563039
vt 0.279609 0.872435
vt 0.291386 0.898294
vt 0.306910 0.897747
vt 0.422306 0.946316
vt 0.451774 0.953537
vt 0.460071 0.490859
vt 0.446236 0.516931
vt 0.454742 0.504156
vt 0.830085 0.140805
vt 0.838996 0.133772
vt 0.822606 0.128639
vt 0.370843 0.682361
vt 0.435686 0.489120
vt 0.800561 0.137135
vt 0.017011 0.463525
vt 0.030728 0.471715
vt 0.026044 0.461794
vt 0.018795 0.479242
vt 0.025578 0.482056
vt 0.343174 0.342410
vt 0.344653 0.362701
vt 0.356565 0.357760
vt 0.347008 0.371460
vt 0.412403 0.557375
vt 0.387811 0.558913
vt 0.417099 0.550109
vt 0.544964 0.283082
vt 0.541264 0.289345
vt 0.544711 0.294337
vt 0.413998 0.542580
vt 0.476196 0.093384
vt 0.478527 0.101196
vt 0.489867 0.095944
vt 0.904140 0.075939
vt 0.900146 0.060313
vt 0.879096 0.077608
vt 0.560794 0.607122
vt 0.576737 0.617259
vt 0.416669 0.932864
vt 0.427798 0.976923
vt 0.465530 0.973234
vt 0.459732 0.960483
vt 0.680283 0.181030
vt 0.687621 0.171754
vt 0.675415 0.176515
vt 0.410984 0.699629
vt 0.393471 0.710582
vt 0.425063 0.732354
vt 0.401973 0.728206
vt 0.890105 0.191257
vt 0.875025 0.193615
vt 0.883170 0.211578
vt 0.857788 0.201712
vt 0.885384 0.057999
vt 0.479126 0.336099
vt 0.503049 0.350220
vt 0.491167 0.330991
vt 0.822934 0.023743
vt 0.814575 0.023072
vt 0.828978 0.029419
vt 0.413693 0.215205
vt 0.445922 0.484499
vt 0.447127 0.873357
vt 0.462391 0.870240
vt 0.433915 0.858017
vt 0.511840 0.518627
vt 0.503021 0.506398
vt 0.502790 0.523071
vt 0.873589 0.455024
vt 0.889228 0.442721
vt 0.866980 0.435081
vt 0.422720 0.712293
vt 0.401379 0.542237
vt 0.490002 0.321902
vt 0.391720 0.263061
vt 0.404173 0.255664
vt 0.389771 0.250856
vt 0.021362 0.002484
vt 0.032898 0.008179
vt 0.045286 0.000367
vt 0.837428 0.117809
vt 0.848438 0.449174
vt 0.570756 0.599903
vt 0.587288 0.598402
vt 0.606460 0.601264
vt 0.472534 0.418580
vt 0.481397 0.431518
vt 0.481811 0.418776
vt 0.392491 0.536890
vt 0.388344 0.512468
vt 0.393655 0.523110
vt 0.582198 0.625518
vt 0.431731 0.710692
vt 0.434841 0.719891
vt 0.360374 0.498536
vt 0.806889 0.148804
vt 0.910153 0.051131
vt 0.918522 0.068679
vt 0.411011 0.942822
vt 0.818081 0.111039
vt 0.866065 0.538432
vt 0.751605 0.911886
vt 0.743530 0.919393
vt 0.757961 0.920044
vt 0.408081 0.266724
vt 0.421019 0.266665
vt 0.409384 0.255250
vt 0.773133 0.912994
vt 0.769902 0.901691
vt 0.101929 0.498169
vt 0.114867 0.490684
vt 0.108070 0.477175
vt 0.414449 0.917686
vt 0.448842 0.706010
vt 0.334839 0.348197
vt 0.896770 0.431120
vt 0.573157 0.275692
vt 0.564087 0.272089
vt 0.565761 0.284615
vt 0.421750 0.134415
vt 0.408089 0.141636
vt 0.416129 0.147577
vt 0.974339 0.109150
vt 0.954468 0.121168
vt 0.955465 0.128156
vt 0.977040 0.126431
vt 0.363703 0.566143
vt 0.361039 0.548956
vt 0.333110 0.554380
vt 0.988682 0.126807
vt 0.986196 0.115033
vt 0.799194 0.117738
vt 0.804675 0.130820
vt 0.352885 0.512144
vt 0.343166 0.527693
vt 0.982492 0.103992
vt 0.042357 0.383341
vt 0.034588 0.369508
vt 0.027222 0.383911
vt 0.132005 0.233374
vt 0.112001 0.239964
vt 0.129184 0.259394
vt 0.936323 0.594629
vt 0.949143 0.620866
vt 0.960211 0.590890
vt 0.569923 0.295236
vt 0.571233 0.307007
vt 0.579937 0.300629
vt 0.385040 0.499918
vt 0.383658 0.483567
vt 0.368020 0.470631
vt 0.756458 0.896200
vt 0.588559 0.287924
vt 0.594351 0.303613
vt 0.926194 0.613687
vt 0.934718 0.608612
vt 0.934084 0.637539
vt 0.915266 0.613593
vt 0.661496 0.986694
vt 0.677721 0.983644
vt 0.656559 0.978029
vt 0.596798 0.273752
vt 0.943524 0.589157
vt 0.664898 0.138699
vt 0.643737 0.195928
vt 0.679525 0.147612
vt 0.914259 0.660106
vt 0.999629 0.105185
vt 0.989167 0.125949
vt 0.960500 0.607591
vt 0.701962 0.104248
vt 0.689536 0.119642
vt 0.701040 0.130049
vt 0.664273 0.332655
vt 0.651175 0.335087
vt 0.663331 0.351684
vt 0.668788 0.110328
vt 0.652934 0.118133
vt 0.907128 0.640339
vt 0.563693 0.825890
vt 0.686109 0.162414
vt 0.668316 0.177480
vt 0.694836 0.152784
vt 0.713943 0.156385
vt 0.678870 0.130958
vt 0.599422 0.100919
vt 0.558564 0.081055
vt 0.550898 0.129312
vt 0.788632 0.400757
vt 0.797377 0.391602
vt 0.785837 0.392997
vt 0.905416 0.438815
vt 0.564722 0.332913
vt 0.564581 0.321901
vt 0.550543 0.328873
vt 0.980793 0.085132
vt 0.218138 0.954652
vt 0.199276 0.957811
vt 0.516117 0.794059
vt 0.615963 0.884052
vt 0.627004 0.890227
vt 0.636574 0.874212
vt 0.209181 0.948855
vt 0.545776 0.338501
vt 0.275267 0.204375
vt 0.260132 0.198121
vt 0.270612 0.208130
vt 0.712298 0.975483
vt 0.516035 0.783651
vt 0.703735 0.315635
vt 0.696719 0.310914
vt 0.695190 0.321655
vt 0.558960 0.832806
vt 0.462831 0.125600
vt 0.461565 0.119926
vt 0.449470 0.130493
vt 0.195261 0.964873
vt 0.705274 0.982472
vt 0.715185 0.995483
vt 0.647610 0.506471
vt 0.638062 0.521606
vt 0.648070 0.516360
vt 0.223412 0.768464
vt 0.222720 0.754473
vt 0.835861 0.203211
vt 0.836687 0.210877
vt 0.848306 0.204545
vt 0.969116 0.091789
vt 0.832039 0.168928
vt 0.515394 0.771264
vt 0.186700 0.952585
vt 0.155964 0.337857
vt 0.518597 0.752986
vt 0.497169 0.754230
vt 0.831115 0.203541
vt 0.816639 0.209238
vt 0.637816 0.490112
vt 0.626047 0.475430
vt 0.628226 0.486762
vt 0.458314 0.058371
vt 0.438475 0.056763
vt 0.438593 0.063126
vt 0.692175 0.973877
vt 0.646441 0.875556
vt 0.645430 0.891519
vt 0.842309 0.151515
vt 0.558960 0.027189
vt 0.569499 0.029419
vt 0.578598 0.023439
vt 0.833764 0.153608
vt 0.797146 0.107827
vt 0.783508 0.108006
vt 0.777936 0.120239
vt 0.534946 0.787686
vt 0.239215 0.259893
vt 0.254026 0.250124
vt 0.226448 0.253424
vt 0.524699 0.766018
vt 0.526256 0.788874
vt 0.811635 0.184839
vt 0.827718 0.196865
vt 0.233510 0.761337
vt 0.171871 0.372138
vt 0.065471 0.018019
vt 0.062378 0.024292
vt 0.070190 0.023873
vt 0.768211 0.112377
vt 0.446421 0.118434
vt 0.444702 0.126286
vt 0.750028 0.840546
vt 0.747484 0.861223
vt 0.765380 0.842707
vt 0.536019 0.771285
vt 0.178833 0.163791
vt 0.196609 0.170956
vt 0.202135 0.162024
vt 0.181396 0.150515
vt 0.785670 0.102175
vt 0.542320 0.759198
vt 0.528056 0.756979
vt 0.183261 0.960648
vt 0.776740 0.071412
vt 0.788989 0.082886
vt 0.793088 0.075283
vt 0.824548 0.157598
vt 0.833110 0.152689
vt 0.110353 0.797980
vt 0.112929 0.818407
vt 0.119681 0.810119
vt 0.400757 0.449550
vt 0.410766 0.454224
vt 0.403529 0.440553
vt 0.360195 0.052133
vt 0.363301 0.057251
vt 0.371947 0.051319
vt 0.185216 0.404798
vt 0.143676 0.405172
vt 0.769897 0.079060
vt 0.176236 0.952579
vt 0.796538 0.215322
vt 0.815350 0.220582
vt 0.816718 0.210222
vt 0.176758 0.413108
vt 0.870482 0.552484
vt 0.121164 0.801810
vt 0.114199 0.799047
vt 0.544458 0.765500
vt 0.729357 0.852058
vt 0.792337 0.199025
vt 0.169935 0.335286
vt 0.788015 0.210381
vt 0.887585 0.558931
vt 0.611157 0.005968
vt 0.606059 0.001818
vt 0.588989 0.000367
vt 0.543839 0.776307
vt 0.797951 0.189195
vt 0.730688 0.858370
vt 0.772406 0.223072
vt 0.788002 0.221387
vt 0.066717 0.762018
vt 0.056169 0.775962
vt 0.064891 0.787080
vt 0.777674 0.194330
vt 0.016172 0.075075
vt 0.022204 0.087696
vt 0.039075 0.093818
vt 0.432387 0.509888
vt 0.433471 0.496881
vt 0.422833 0.492850
vt 0.196475 0.390553
vt 0.200915 0.412411
vt 0.780729 0.180111
vt 0.362681 0.005371
vt 0.376467 0.008517
vt 0.398907 0.000686
vt 0.202781 0.348407
vt 0.669130 0.979624
vt 0.678659 0.975221
vt 0.173259 0.292409
vt 0.167874 0.309090
vt 0.179759 0.314820
vt 0.167602 0.302631
vt 0.158325 0.298463
vt 0.160211 0.309204
vt 0.565395 0.757854
vt 0.987794 0.237672
vt 0.986694 0.242572
vt 0.999632 0.248413
vt 0.533812 0.053997
vt 0.073476 0.779672
vt 0.788015 0.156814
vt 0.041262 0.784251
vt 0.058318 0.800407
vt 0.003052 0.077577
vt 0.689814 0.978446
vt 0.946854 0.144096
vt 0.956299 0.129991
vt 0.933228 0.132721
vt 0.191132 0.291266
vt 0.546811 0.892692
vt 0.546001 0.885773
vt 0.519272 0.889777
vt 0.054246 0.817548
vt 0.200305 0.315566
vt 0.182103 0.325150
vt 0.401241 0.009643
vt 0.438656 0.253191
vt 0.424086 0.250856
vt 0.421265 0.264526
vt 0.775293 0.159040
vt 0.049487 0.735267
vt 0.520034 0.885027
vt 0.905927 0.513069
vt 0.744611 0.223282
vt 0.758746 0.236694
vt 0.756992 0.217716
vt 0.743617 0.236601
vt 0.501797 0.895036
vt 0.218696 0.382937
vt 0.215239 0.414050
vt 0.028769 0.746760
vt 0.035227 0.788421
vt 0.028435 0.767106
vt 0.496915 0.887116
vt 0.737982 0.227766
vt 0.298218 0.095228
vt 0.303661 0.098999
vt 0.310424 0.091920
vt 0.742668 0.201175
vt 0.214320 0.302644
vt 0.237492 0.383243
vt 0.228088 0.326237
vt 0.228718 0.352618
vt 0.633276 0.574349
vt 0.638445 0.580911
vt 0.647634 0.570820
vt 0.229847 0.419517
vt 0.003297 0.247193
vt 0.000122 0.255606
vt 0.009398 0.257202
vt 0.487909 0.891244
vt 0.779086 0.146675
vt 0.064062 0.490182
vt 0.066305 0.521073
vt 0.070354 0.498746
vt 0.736882 0.209150
vt 0.651108 0.221631
vt 0.678299 0.247638
vt 0.681045 0.238847
vt 0.952243 0.431367
vt 0.951940 0.414829
vt 0.945662 0.423044
vt 0.632744 0.550434
vt 0.644006 0.548278
vt 0.731354 0.188735
vt 0.234625 0.306890
vt 0.753212 0.119522
vt 0.763071 0.122502
vt 0.075316 0.489150
vt 0.203319 0.268542
vt 0.071144 0.806097
vt 0.649736 0.533701
vt 0.639778 0.534127
vt 0.242164 0.358662
vt 0.935951 0.393459
vt 0.636990 0.229410
vt 0.647724 0.242747
vt 0.624146 0.577754
vt 0.681878 0.211881
vt 0.615353 0.232725
vt 0.624056 0.240321
vt 0.674429 0.191732
vt 0.685626 0.182216
vt 0.073493 0.511796
vt 0.471557 0.311832
vt 0.462152 0.304322
vt 0.461548 0.315063
vt 0.711426 0.110724
vt 0.723530 0.088533
vt 0.704054 0.102883
vt 0.749362 0.468913
vt 0.749571 0.455736
vt 0.737044 0.453122
vt 0.744494 0.439822
vt 0.634156 0.183783
vt 0.670545 0.188217
vt 0.113602 0.000225
vt 0.101196 0.009281
vt 0.122472 0.008552
vt 0.574283 0.204464
vt 0.584915 0.231096
vt 0.565885 0.217946
vt 0.703432 0.169463
vt 0.712690 0.162562
vt 0.632983 0.154873
vt 0.721739 0.172261
vt 0.531901 0.196005
vt 0.591733 0.151626
vt 0.728417 0.132734
vt 0.560451 0.170619
vt 0.194634 0.107258
vt 0.221466 0.080114
vt 0.212740 0.077587
vt 0.631158 0.124689
vt 0.999631 0.157106
vt 0.985427 0.171509
vt 0.995913 0.165611
vt 0.890333 0.848990
vt 0.886143 0.840999
vt 0.867465 0.850436
vt 0.765306 0.801164
vt 0.756124 0.812331
vt 0.780236 0.811549
vt 0.885282 0.865943
vt 0.876276 0.855046
vt 0.191326 0.902129
vt 0.183217 0.893928
vt 0.177509 0.906157
vt 0.234568 0.068600
vt 0.217395 0.040992
vt 0.210864 0.059976
vt 0.904139 0.885285
vt 0.911329 0.853917
vt 0.911494 0.838284
vt 0.213336 0.878817
vt 0.184329 0.853207
vt 0.204953 0.885054
vt 0.729626 0.794458
vt 0.718003 0.804717
vt 0.196004 0.904952
vt 0.198725 0.844321
vt 0.794644 0.830690
vt 0.726685 0.200556
vt 0.735573 0.206665
vt 0.739623 0.196656
vt 0.725619 0.818881
vt 0.728005 0.831140
vt 0.748888 0.828365
vt 0.181273 0.107558
vt 0.202162 0.079061
vt 0.735513 0.786204
vt 0.747930 0.789624
vt 0.182095 0.825815
vt 0.171509 0.830563
vt 0.922746 0.852163
vt 0.982312 0.163312
vt 0.868199 0.881098
vt 0.464342 0.280632
vt 0.465765 0.270790
vt 0.455688 0.271328
vt 0.715423 0.797877
vt 0.723538 0.783331
vt 0.916540 0.892809
vt 0.857459 0.929117
vt 0.842407 0.923222
vt 0.860005 0.944529
vt 0.717625 0.825285
vt 0.606182 0.248409
vt 0.619032 0.241922
vt 0.604370 0.236940
vt 0.925653 0.864227
vt 0.190020 0.528444
vt 0.187009 0.548170
vt 0.195434 0.532761
vt 0.486251 0.257050
vt 0.485936 0.266351
vt 0.400024 0.341351
vt 0.412440 0.350996
vt 0.408530 0.338889
vt 0.424369 0.345240
vt 0.117324 0.156069
vt 0.115654 0.122636
vt 0.107738 0.116885
vt 0.991871 0.317471
vt 0.986957 0.297361
vt 0.972770 0.321069
vt 0.997771 0.295733
vt 0.514294 0.079254
vt 0.539979 0.106162
vt 0.426877 0.117309
vt 0.416620 0.085500
vt 0.413855 0.105748
vt 0.998506 0.330166
vt 0.342404 0.329850
vt 0.334839 0.334985
vt 0.345547 0.339233
vt 0.559243 0.378231
vt 0.606265 0.338408
vt 0.595549 0.339175
vt 0.990557 0.334106
vt 0.276208 0.283816
vt 0.272881 0.297407
vt 0.290646 0.292384
vt 0.868042 0.064001
vt 0.877895 0.068237
vt 0.883177 0.059693
vt 0.979975 0.328427
vt 0.033813 0.352567
vt 0.043822 0.355347
vt 0.041912 0.343873
vt 0.450562 0.267344
vt 0.463772 0.269653
vt 0.457647 0.261383
vt 0.537239 0.359001
vt 0.529435 0.373153
vt 0.550636 0.352669
vt 0.466429 0.257897
vt 0.701819 0.075561
vt 0.707397 0.070535
vt 0.699585 0.067750
vt 0.350706 0.327379
vt 0.261597 0.314331
vt 0.280698 0.304416
vt 0.624665 0.308638
vt 0.988970 0.726722
vt 0.999627 0.732202
vt 0.988046 0.714256
vt 0.392268 0.160776
vt 0.387708 0.182295
vt 0.395985 0.192227
vt 0.589724 0.323157
vt 0.602582 0.303539
vt 0.575372 0.327185
vt 0.190956 0.502174
vt 0.180128 0.509581
vt 0.188417 0.528198
vt 0.023123 0.550483
vt 0.030820 0.550268
vt 0.030225 0.523319
vt 0.544214 0.229738
vt 0.546090 0.243032
vt 0.571164 0.254272
vt 0.401898 0.173945
vt 0.342126 0.669073
vt 0.341771 0.639181
vt 0.326671 0.664371
vt 0.969849 0.516479
vt 0.979857 0.514377
vt 0.971435 0.502077
vt 0.528994 0.352933
vt 0.535805 0.338962
vt 0.524985 0.323228
vt 0.518000 0.349250
vt 0.395144 0.137129
vt 0.403440 0.159927
vt 0.315272 0.664233
vt 0.338736 0.639160
vt 0.329024 0.635751
vt 0.375473 0.634592
vt 0.368141 0.651836
vt 0.980929 0.691982
vt 0.976639 0.715809
vt 0.798460 0.944811
vt 0.818647 0.955932
vt 0.821648 0.944534
vt 0.148071 0.206897
vt 0.157575 0.209595
vt 0.165918 0.182303
vt 0.652904 0.297577
vt 0.076918 0.688681
vt 0.097387 0.644978
vt 0.077704 0.669692
vt 0.384190 0.134238
vt 0.169430 0.108035
vt 0.164417 0.102030
vt 0.150120 0.126755
vt 0.520524 0.360301
vt 0.977205 0.923464
vt 0.969366 0.942907
vt 0.977778 0.948591
vt 0.315387 0.633503
vt 0.312768 0.651579
vt 0.344115 0.516892
vt 0.333854 0.489726
vt 0.332801 0.508861
vt 0.671659 0.271516
vt 0.797841 0.936078
vt 0.972849 0.910483
vt 0.972082 0.681435
vt 0.975611 0.894169
vt 0.981744 0.905208
vt 0.082641 0.529419
vt 0.073364 0.515993
vt 0.076326 0.533325
vt 0.179951 0.191001
vt 0.182980 0.183025
vt 0.111230 0.650222
vt 0.167073 0.194610
vt 0.632739 0.280320
vt 0.979762 0.918920
vt 0.097548 0.413612
vt 0.094604 0.424927
vt 0.101684 0.422869
vt 0.174438 0.063823
vt 0.181518 0.066772
vt 0.177297 0.058228
vt 0.335577 0.522339
vt 0.970573 0.855845
vt 0.962524 0.865278
vt 0.978458 0.873108
vt 0.965287 0.881634
vt 0.507282 0.332294
vt 0.511484 0.364889
vt 0.599045 0.664052
vt 0.611380 0.676645
vt 0.629420 0.624795
vt 0.216673 0.132690
vt 0.203805 0.125341
vt 0.197737 0.130203
vt 0.213602 0.119020
vt 0.204223 0.469135
vt 0.196936 0.475216
vt 0.201013 0.479126
vt 0.206630 0.074678
vt 0.214417 0.071924
vt 0.081454 0.519970
vt 0.194946 0.465455
vt 0.980959 0.859152
vt 0.311256 0.607415
vt 0.986609 0.733276
vt 0.195679 0.120488
vt 0.327450 0.679082
vt 0.054281 0.483261
vt 0.043892 0.505365
vt 0.051812 0.500401
vt 0.208250 0.852463
vt 0.316227 0.581083
vt 0.348563 0.597565
vt 0.471556 0.355926
vt 0.459443 0.356141
vt 0.462527 0.369995
vt 0.405884 0.455202
vt 0.416571 0.473999
vt 0.420287 0.461176
vt 0.683004 0.067505
vt 0.686889 0.060506
vt 0.677612 0.060425
vt 0.302631 0.581258
vt 0.310811 0.594637
vt 0.313455 0.560119
vt 0.988892 0.505739
vt 0.993184 0.514001
vt 0.996578 0.507253
vt 0.954841 0.677283
vt 0.979111 0.679752
vt 0.985234 0.683818
vt 0.985890 0.657803
vt 0.897849 0.966157
vt 0.892177 0.969771
vt 0.588531 0.626342
vt 0.072386 0.450075
vt 0.057274 0.461810
vt 0.071145 0.459420
vt 0.293158 0.599424
vt 0.292102 0.583849
vt 0.290670 0.607493
vt 0.274182 0.718885
vt 0.281534 0.737598
vt 0.287290 0.730853
vt 0.071417 0.467564
vt 0.063217 0.467246
vt 0.371062 0.571889
vt 0.352289 0.565728
vt 0.356734 0.579939
vt 0.978597 0.654765
vt 0.108828 0.624354
vt 0.346312 0.370241
vt 0.331678 0.371399
vt 0.328943 0.386369
vt 0.450562 0.346072
vt 0.952339 0.694736
vt 0.975291 0.621070
vt 0.991386 0.628871
vt 0.986977 0.620389
vt 0.287894 0.720304
vt 0.281068 0.696981
vt 0.305831 0.569904
vt 0.187479 0.047654
vt 0.206564 0.026159
vt 0.206474 0.012433
vt 0.210079 0.041695
vt 0.211664 0.023706
vt 0.314691 0.554419
vt 0.136231 0.605835
vt 0.734009 0.040650
vt 0.743056 0.046997
vt 0.746215 0.040946
vt 0.950392 0.635584
vt 0.960578 0.623295
vt 0.368257 0.177833
vt 0.370208 0.149368
vt 0.365601 0.168410
vt 0.977342 0.633270
vt 0.243193 0.262227
vt 0.254027 0.273315
vt 0.248180 0.260377
vt 0.618994 0.675624
vt 0.239624 0.272124
vt 0.996142 0.119019
vt 0.993286 0.125324
vt 0.999633 0.129028
vt 0.217150 0.029880
vt 0.286374 0.680854
vt 0.271872 0.674120
vt 0.589261 0.656270
vt 0.582755 0.635047
vt 0.197758 0.012601
vt 0.219753 0.000754
vt 0.057251 0.473267
vt 0.999633 0.525268
vt 0.976027 0.643443
vt 0.610413 0.615228
vt 0.059564 0.451517
vt 0.606322 0.268558
vt 0.597046 0.268434
vt 0.598429 0.279175
vt 0.311487 0.570024
vt 0.299770 0.598404
vt 0.060913 0.274048
vt 0.066816 0.273482
vt 0.068725 0.263307
vt 0.285939 0.665535
vt 0.262274 0.660114
vt 0.932253 0.666222
vt 0.494081 0.287826
vt 0.315263 0.549696
vt 0.240922 0.031422
vt 0.251708 0.018847
vt 0.261542 0.674968
vt 0.500779 0.284934
vt 0.507477 0.281289
vt 0.973048 0.610423
vt 0.969213 0.605307
vt 0.243879 0.048332
vt 0.383199 0.121492
vt 0.370797 0.130264
vt 0.529252 0.252284
vt 0.531855 0.230678
vt 0.501097 0.253214
vt 0.530097 0.222261
vt 0.259634 0.037541
vt 0.267735 0.030198
vt 0.234586 0.645004
vt 0.218906 0.641677
vt 0.219393 0.628976
vt 0.027646 0.154315
vt 0.062139 0.157175
vt 0.042295 0.120667
vt 0.052011 0.095181
vt 0.031351 0.107323
vt 0.373278 0.113166
vt 0.168826 0.589011
vt 0.191940 0.428294
vt 0.167429 0.431629
vt 0.194179 0.473970
vt 0.181666 0.410525
vt 0.084676 0.119900
vt 0.075180 0.152996
vt 0.092654 0.155255
vt 0.181722 0.487094
vt 0.153687 0.410875
vt 0.080074 0.082021
vt 0.112348 0.161590
vt 0.097710 0.157752
vt 0.097229 0.172464
vt 0.138630 0.459575
vt 0.147287 0.424812
vt 0.463050 0.749643
vt 0.172441 0.513235
vt 0.158894 0.498531
vt 0.116266 0.494029
vt 0.118895 0.417330
vt 0.137617 0.559739
vt 0.121017 0.505206
vt 0.116129 0.094782
vt 0.107404 0.069521
vt 0.114162 0.104247
vt 0.093614 0.139659
vt 0.114536 0.433462
vt 0.116170 0.451236
vt 0.115099 0.074660
vt 0.725560 0.879240
vt 0.707642 0.850211
vt 0.716372 0.870436
vt 0.721496 0.887534
vt 0.210289 0.735710
vt 0.201854 0.723437
vt 0.191098 0.728147
vt 0.185257 0.719582
vt 0.193550 0.715217
vt 0.111545 0.056612
vt 0.223217 0.728289
vt 0.743283 0.907112
vt 0.727880 0.898866
vt 0.739211 0.925719
vt 0.739072 0.883666
vt 0.719970 0.841800
vt 0.760018 0.407502
vt 0.742065 0.408486
vt 0.758526 0.418335
vt 0.711221 0.837357
vt 0.840245 0.591477
vt 0.853137 0.606029
vt 0.847778 0.584712
vt 0.750443 0.389216
vt 0.843616 0.678785
vt 0.839480 0.670195
vt 0.827231 0.680120
vt 0.171264 0.024292
vt 0.163516 0.017213
vt 0.162720 0.023613
vt 0.235610 0.731912
vt 0.233675 0.740352
vt 0.250489 0.743044
vt 0.267157 0.761694
vt 0.251564 0.762306
vt 0.267286 0.773966
vt 0.646851 0.311008
vt 0.647236 0.325317
vt 0.654372 0.318648
vt 0.230545 0.747282
vt 0.279653 0.779824
vt 0.275473 0.787475
vt 0.824533 0.578401
vt 0.846368 0.613152
vt 0.831502 0.625551
vt 0.852669 0.621033
vt 0.804616 0.674487
vt 0.820329 0.667637
vt 0.112904 0.061872
vt 0.841159 0.572345
vt 0.343628 0.488161
vt 0.344720 0.503296
vt 0.354284 0.496755
vt 0.952073 0.398805
vt 0.950806 0.406784
vt 0.960089 0.408128
vt 0.757205 0.370503
vt 0.814282 0.597476
vt 0.789442 0.667593
vt 0.475907 0.120594
vt 0.513811 0.138333
vt 0.483325 0.105769
vt 0.841206 0.555421
vt 0.831421 0.552965
vt 0.829833 0.686041
vt 0.160575 0.987349
vt 0.174980 0.949016
vt 0.167938 0.942351
vt 0.134473 0.138526
vt 0.142801 0.096067
vt 0.121676 0.130328
vt 0.141639 0.066398
vt 0.118007 0.066156
vt 0.795546 0.685492
vt 0.195485 0.915070
vt 0.180509 0.922543
vt 0.672971 0.317556
vt 0.655382 0.302859
vt 0.658924 0.709270
vt 0.669712 0.742065
vt 0.670747 0.717887
vt 0.149645 0.100610
vt 0.163737 0.093004
vt 0.122710 0.104504
vt 0.788099 0.684422
vt 0.160342 0.136054
vt 0.780010 0.671438
vt 0.800282 0.633793
vt 0.568746 0.626079
vt 0.558764 0.625869
vt 0.572798 0.634834
vt 0.810301 0.539602
vt 0.787696 0.593705
vt 0.789196 0.554061
vt 0.790457 0.691833
vt 0.780013 0.689174
vt 0.154501 0.065861
vt 0.547389 0.631755
vt 0.774250 0.710514
vt 0.474114 0.114084
vt 0.540733 0.039107
vt 0.543247 0.049922
vt 0.547685 0.035362
vt 0.167613 0.059540
vt 0.239456 0.318470
vt 0.241752 0.337768
vt 0.246518 0.335108
vt 0.015470 0.388306
vt 0.019482 0.383421
vt 0.014089 0.379642
vt 0.411977 0.321170
vt 0.780803 0.623775
vt 0.337542 0.325563
vt 0.786291 0.574417
vt 0.234497 0.335280
vt 0.784957 0.633270
vt 0.505629 0.081998
vt 0.240111 0.227891
vt 0.227173 0.224488
vt 0.235506 0.235229
vt 0.033813 0.327860
vt 0.044555 0.328979
vt 0.044390 0.318238
vt 0.423449 0.353882
vt 0.384067 0.338581
vt 0.398057 0.366364
vt 0.396204 0.337393
vt 0.465293 0.129807
vt 0.318317 0.132020
vt 0.331661 0.140457
vt 0.325759 0.127706
vt 0.399043 0.357673
vt 0.366885 0.125748
vt 0.376340 0.109427
vt 0.369218 0.101544
vt 0.449244 0.414096
vt 0.462760 0.396519
vt 0.450159 0.395146
vt 0.377319 0.346654
vt 0.741356 0.684359
vt 0.759931 0.689575
vt 0.525286 0.062437
vt 0.359669 0.120606
vt 0.456895 0.415447
vt 0.768716 0.952443
vt 0.749406 0.930447
vt 0.749240 0.939286
vt 0.972849 0.311219
vt 0.180134 0.032096
vt 0.171993 0.067719
vt 0.316090 0.682007
vt 0.664818 0.685886
vt 0.656008 0.663456
vt 0.170717 0.028244
vt 0.753650 0.665194
vt 0.774094 0.957310
vt 0.763003 0.932509
vt 0.788209 0.956997
vt 0.746615 0.922742
vt 0.778576 0.607408
vt 0.182322 0.095674
vt 0.186548 0.064155
vt 0.754219 0.656959
vt 0.171373 0.079941
vt 0.945857 0.346071
vt 0.946313 0.354051
vt 0.964711 0.365469
vt 0.128296 0.055159
vt 0.131570 0.060181
vt 0.133178 0.051636
vt 0.304800 0.716501
vt 0.311420 0.722420
vt 0.315415 0.704424
vt 0.779849 0.943030
vt 0.786522 0.967651
vt 0.765139 0.617209
vt 0.355170 0.620397
vt 0.306478 0.700427
vt 0.321401 0.714859
vt 0.757528 0.700504
vt 0.746039 0.719814
vt 0.384555 0.595039
vt 0.318534 0.730855
vt 0.363581 0.586145
vt 0.197675 0.205369
vt 0.200558 0.194460
vt 0.184095 0.199878
vt 0.385406 0.584185
vt 0.372817 0.585439
vt 0.769154 0.604629
vt 0.756445 0.730918
vt 0.301809 0.734717
vt 0.188101 0.209974
vt 0.355859 0.598147
vt 0.735474 0.938010
vt 0.291479 0.742586
vt 0.317445 0.735410
vt 0.999630 0.869030
vt 0.993270 0.886058
vt 0.525269 0.255982
vt 0.530324 0.265991
vt 0.537474 0.263586
vt 0.831346 0.934517
vt 0.811230 0.932930
vt 0.813636 0.939570
vt 0.425126 0.575956
vt 0.408544 0.603990
vt 0.474260 0.412002
vt 0.465463 0.418905
vt 0.465475 0.430054
vt 0.844224 0.920338
vt 0.515569 0.058961
vt 0.507690 0.066040
vt 0.519782 0.063964
vt 0.746112 0.349733
vt 0.737671 0.370727
vt 0.757933 0.359319
vt 0.037962 0.393267
vt 0.028221 0.386727
vt 0.031160 0.400024
vt 0.355334 0.378722
vt 0.366045 0.387573
vt 0.373916 0.362485
vt 0.840626 0.900065
vt 0.168579 0.214722
vt 0.645011 0.683223
vt 0.648922 0.667957
vt 0.457886 0.426149
vt 0.022730 0.398156
vt 0.982347 0.893842
vt 0.420287 0.176622
vt 0.409546 0.173951
vt 0.415363 0.182495
vt 0.857968 0.906127
vt 0.638288 0.677006
vt 0.860307 0.882584
vt 0.011970 0.500354
vt 0.019042 0.499780
vt 0.019652 0.486697
vt 0.463745 0.532821
vt 0.468532 0.541241
vt 0.472070 0.524782
vt 0.445189 0.027430
vt 0.436692 0.023072
vt 0.435181 0.030151
vt 0.289613 0.724637
vt 0.787120 0.841675
vt 0.797602 0.835941
vt 0.642457 0.625087
vt 0.018433 0.364383
vt 0.077026 0.429568
vt 0.092262 0.453647
vt 0.090882 0.432310
vt 0.536207 0.390007
vt 0.985610 0.474497
vt 0.976882 0.484619
vt 0.972046 0.497436
vt 0.632616 0.688395
vt 0.176210 0.170044
vt 0.178588 0.162232
vt 0.167847 0.163692
vt 0.576538 0.627738
vt 0.695677 0.030396
vt 0.673950 0.034962
vt 0.687064 0.039673
vt 0.812911 0.434350
vt 0.039171 0.037721
vt 0.029419 0.048462
vt 0.051145 0.042532
vt 0.328708 0.890037
vt 0.856052 0.419504
vt 0.842482 0.412689
vt 0.816160 0.409859
vt 0.539287 0.035278
vt 0.546996 0.028931
vt 0.531860 0.032119
vt 0.064540 0.744429
vt 0.303934 0.869851
vt 0.279363 0.862283
vt 0.879078 0.786024
vt 0.884523 0.778936
vt 0.844734 0.793991
vt 0.956665 0.367311
vt 0.959911 0.379517
vt 0.968871 0.375458
vt 0.944811 0.230036
vt 0.951600 0.237504
vt 0.959347 0.231011
vt 0.857073 0.407449
vt 0.468828 0.958121
vt 0.173653 0.282890
vt 0.311893 0.939740
vt 0.320207 0.931787
vt 0.302784 0.936104
vt 0.938668 0.235824
vt 0.304776 0.919766
vt 0.260996 0.945986
vt 0.166364 0.256715
vt 0.160522 0.266724
vt 0.172728 0.260470
vt 0.871089 0.422636
vt 0.075021 0.707218
vt 0.028505 0.095082
vt 0.001373 0.099021
vt 0.029904 0.107056
vt 0.015494 0.091920
vt 0.045471 0.247501
vt 0.024736 0.259797
vt 0.056880 0.258786
vt 0.042764 0.726748
vt 0.063418 0.709526
vt 0.768322 0.973718
vt 0.774772 0.967068
vt 0.739099 0.955632
vt 0.274780 0.853642
vt 0.632935 0.976905
vt 0.651812 0.983860
vt 0.722661 0.502964
vt 0.725331 0.513870
vt 0.733031 0.520874
vt 0.474783 0.322388
vt 0.490970 0.303646
vt 0.471203 0.300909
vt 0.478592 0.963545
vt 0.030814 0.238454
vt 0.066044 0.229663
vt 0.064959 0.213073
vt 0.477130 0.953249
vt 0.741087 0.477509
vt 0.733488 0.471315
vt 0.727417 0.491577
vt 0.072183 0.252344
vt 0.075917 0.736084
vt 0.084078 0.715366
vt 0.460535 0.839183
vt 0.476364 0.295544
vt 0.184303 0.264542
vt 0.169119 0.270334
vt 0.318409 0.919882
vt 0.469808 0.861476
vt 0.868587 0.410745
vt 0.335248 0.930882
vt 0.326050 0.937414
vt 0.335892 0.942016
vt 0.325674 0.913585
vt 0.503298 0.372010
vt 0.498169 0.380398
vt 0.510523 0.376446
vt 0.687866 0.339233
vt 0.708176 0.327129
vt 0.691994 0.330648
vt 0.064827 0.262270
vt 0.360859 0.938726
vt 0.355242 0.915640
vt 0.062227 0.187126
vt 0.034320 0.170604
vt 0.623123 0.525515
vt 0.616089 0.528810
vt 0.624633 0.545044
vt 0.927725 0.216127
vt 0.701819 0.223431
vt 0.700915 0.196355
vt 0.686401 0.219536
vt 0.493527 0.291230
vt 0.480531 0.286747
vt 0.935259 0.214236
vt 0.057808 0.543579
vt 0.063598 0.532028
vt 0.054321 0.521853
vt 0.763468 0.017212
vt 0.759644 0.023559
vt 0.768920 0.021853
vt 0.033492 0.224014
vt 0.942058 0.947791
vt 0.956821 0.953735
vt 0.968866 0.948814
vt 0.491580 0.318915
vt 0.206268 0.132203
vt 0.190552 0.140747
vt 0.206419 0.137837
vt 0.193967 0.016359
vt 0.171644 0.011361
vt 0.178753 0.018671
vt 0.464478 0.296973
vt 0.900015 0.782652
vt 0.174682 0.517458
vt 0.172974 0.528298
vt 0.182250 0.536255
vt 0.404096 0.489844
vt 0.411729 0.475413
vt 0.397299 0.478074
vt 0.510517 0.389349
vt 0.509276 0.381432
vt 0.494507 0.398559
vt 0.089305 0.231021
vt 0.738150 0.963985
vt 0.094510 0.221145
vt 0.351040 0.464814
vt 0.351098 0.477016
vt 0.358031 0.474233
vt 0.000122 0.061645
vt 0.007842 0.061364
vt 0.015990 0.053834
vt 0.079042 0.196696
vt 0.825723 0.402661
vt 0.835230 0.408859
vt 0.047578 0.710170
vt 0.712522 0.316775
vt 0.965454 0.309204
vt 0.974730 0.302343
vt 0.966308 0.298463
vt 0.960525 0.926376
vt 0.931157 0.941241
vt 0.499389 0.007523
vt 0.489380 0.006958
vt 0.492766 0.012573
vt 0.785967 0.522586
vt 0.781736 0.537230
vt 0.785195 0.547991
vt 0.722669 0.945232
vt 0.745408 0.947930
vt 0.349362 0.903548
vt 0.088990 0.204946
vt 0.920679 0.474455
vt 0.043822 0.490856
vt 0.033217 0.488893
vt 0.032349 0.504761
vt 0.002458 0.493207
vt 0.008409 0.502563
vt 0.007971 0.490960
vt 0.063238 0.537965
vt 0.060913 0.544282
vt 0.066528 0.555298
vt 0.088243 0.194191
vt 0.069681 0.160802
vt 0.934117 0.932637
vt 0.184442 0.241949
vt 0.956210 0.433500
vt 0.953003 0.448364
vt 0.964111 0.443269
vt 0.425622 0.490137
vt 0.108568 0.297177
vt 0.132248 0.292507
vt 0.109372 0.278351
vt 0.412521 0.132307
vt 0.405857 0.103211
vt 0.399336 0.108989
vt 0.392097 0.500187
vt 0.037081 0.074829
vt 0.055382 0.061221
vt 0.045146 0.054140
vt 0.114998 0.203097
vt 0.364930 0.915841
vt 0.023805 0.757733
vt 0.018329 0.730201
vt 0.912434 0.501866
vt 0.543173 0.282837
vt 0.558203 0.272689
vt 0.546595 0.261386
vt 0.347212 0.453006
vt 0.354768 0.460196
vt 0.398268 0.447807
vt 0.391046 0.445698
vt 0.405248 0.471957
vt 0.193585 0.219667
vt 0.174256 0.231887
vt 0.344014 0.487858
vt 0.486481 0.883550
vt 0.530504 0.269275
vt 0.937568 0.910462
vt 0.912720 0.933390
vt 0.312866 0.500612
vt 0.315392 0.515460
vt 0.323607 0.516479
vt 0.247859 0.311646
vt 0.244751 0.315231
vt 0.252563 0.322388
vt 0.453981 0.839221
vt 0.435641 0.848621
vt 0.459872 0.884090
vt 0.461882 0.892002
vt 0.968870 0.427370
vt 0.104033 0.224909
vt 0.026582 0.048751
vt 0.028134 0.068878
vt 0.722042 0.176152
vt 0.835083 0.192994
vt 0.835779 0.203003
vt 0.848021 0.202513
vt 0.373221 0.453494
vt 0.028640 0.723369
vt 0.211542 0.235455
vt 0.379267 0.915619
vt 0.040893 0.540649
vt 0.039098 0.525842
vt 0.032349 0.523317
vt 0.941771 0.127540
vt 0.930298 0.124879
vt 0.935457 0.131958
vt 0.920729 0.434789
vt 0.115051 0.172287
vt 0.133445 0.206139
vt 0.703424 0.954918
vt 0.322372 0.097047
vt 0.318726 0.100909
vt 0.329730 0.104294
vt 0.698515 0.942264
vt 0.086579 0.192773
vt 0.103915 0.151341
vt 0.104607 0.159158
vt 0.117801 0.193195
vt 0.109394 0.185484
vt 0.128817 0.187059
vt 0.208793 0.206818
vt 0.436601 0.005249
vt 0.428405 0.000367
vt 0.421265 0.004566
vt 0.917287 0.402448
vt 0.466147 0.839953
vt 0.461233 0.759952
vt 0.018062 0.716137
vt 0.457038 0.770437
vt 0.459026 0.791813
vt 0.922996 0.925810
vt 0.923006 0.934050
vt 0.019941 0.060117
vt 0.021606 0.035987
vt 0.006076 0.026437
vt 0.000122 0.033837
vt 0.725794 0.932037
vt 0.731475 0.944214
vt 0.441526 0.000501
vt 0.441488 0.877378
vt 0.592875 0.263310
vt 0.364361 0.888161
vt 0.915507 0.903766
vt 0.015882 0.040902
vt 0.472207 0.092653
vt 0.447730 0.101524
vt 0.464853 0.099956
vt 0.560106 0.254309
vt 0.548420 0.251962
vt 0.982766 0.559984
vt 0.997269 0.572896
vt 0.998248 0.564084
vt 0.290096 0.382350
vt 0.305296 0.375277
vt 0.301193 0.366316
vt 0.030525 0.033329
vt 0.345093 0.130006
vt 0.345830 0.140747
vt 0.350707 0.134030
vt 0.934606 0.567083
vt 0.052042 0.428319
vt 0.045885 0.423358
vt 0.049070 0.447774
vt 0.060048 0.441980
vt 0.061400 0.422293
vt 0.464493 0.218883
vt 0.474486 0.219849
vt 0.463745 0.211304
vt 0.563107 0.261809
vt 0.952715 0.577983
vt 0.940887 0.566213
vt 0.962442 0.565570
vt 0.360347 0.456559
vt 0.359696 0.479485
vt 0.962044 0.544648
vt 0.286097 0.369623
vt 0.933778 0.393377
vt 0.054385 0.455688
vt 0.933033 0.431663
vt 0.985886 0.541581
vt 0.969346 0.521232
vt 0.946025 0.544997
vt 0.102500 0.270839
vt 0.699273 0.892817
vt 0.709346 0.898238
vt 0.706894 0.888542
vt 0.699720 0.926019
vt 0.690805 0.904102
vt 0.663457 0.913015
vt 0.682490 0.917114
vt 0.672136 0.900904
vt 0.519683 0.218884
vt 0.921962 0.394621
vt 0.014038 0.049333
vt 0.475952 0.106716
vt 0.412550 0.874206
vt 0.379172 0.437246
vt 0.951562 0.548412
vt 0.962789 0.555040
vt 0.055495 0.414921
vt 0.961193 0.561918
vt 0.990168 0.570503
vt 0.489275 0.190316
vt 0.463023 0.181785
vt 0.462724 0.206456
vt 0.226798 0.224862
vt 0.954771 0.525183
vt 0.345510 0.160358
vt 0.337914 0.159068
vt 0.349921 0.174883
vt 0.699889 0.864211
vt 0.455688 0.194358
vt 0.351438 0.164567
vt 0.925509 0.519884
vt 0.932747 0.557419
vt 0.208617 0.206665
vt 0.200073 0.197389
vt 0.201727 0.205396
vt 0.678345 0.124128
vt 0.686889 0.126099
vt 0.686185 0.117554
vt 0.709220 0.862021
vt 0.927879 0.570668
vt 0.934434 0.561681
vt 0.918422 0.562973
vt 0.651211 0.880100
vt 0.666332 0.889999
vt 0.662497 0.886795
vt 0.650510 0.889725
vt 0.146404 0.190148
vt 0.341294 0.130010
vt 0.642548 0.857512
vt 0.925378 0.530986
vt 0.964835 0.507925
vt 0.679439 0.946994
vt 0.706565 0.852183
vt 0.125021 0.168182
vt 0.934716 0.517861
vt 0.921778 0.533168
vt 0.146140 0.170652
vt 0.137203 0.170365
vt 0.145857 0.211482
vt 0.912360 0.524429
vt 0.951549 0.502537
vt 0.663092 0.878485
vt 0.655250 0.865432
vt 0.981685 0.408327
vt 0.969991 0.430206
vt 0.984575 0.418918
vt 0.910277 0.546509
vt 0.904054 0.526979
vt 0.901733 0.541792
vt 0.644404 0.842126
vt 0.130769 0.149044
vt 0.121280 0.151564
vt 0.955239 0.484795
vt 0.970717 0.487902
vt 0.961298 0.477435
vt 0.779174 0.543707
vt 0.775157 0.538698
vt 0.772827 0.558227
vt 0.940809 0.489916
vt 0.348944 0.153101
vt 0.978798 0.287927
vt 0.973334 0.264236
vt 0.966919 0.282432
vt 0.928221 0.472535
vt 0.925383 0.489113
vt 0.912379 0.504882
vt 0.908069 0.588915
vt 0.920915 0.477901
vt 0.936855 0.475840
vt 0.481505 0.156123
vt 0.753784 0.921922
vt 0.763219 0.931375
vt 0.766827 0.918926
vt 0.336766 0.110236
vt 0.332203 0.140412
vt 0.287564 0.321532
vt 0.282313 0.319900
vt 0.280640 0.336304
vt 0.164650 0.157926
vt 0.159029 0.170473
vt 0.350607 0.141875
vt 0.633667 0.836800
vt 0.396516 0.407338
vt 0.383923 0.393151
vt 0.381993 0.407666
vt 0.772794 0.926136
vt 0.393031 0.392947
vt 0.389591 0.365849
vt 0.984941 0.293091
vt 0.999631 0.281746
vt 0.987033 0.279557
vt 0.302922 0.305057
vt 0.306028 0.313774
vt 0.783777 0.935125
vt 0.444702 0.433252
vt 0.453299 0.436645
vt 0.966653 0.468679
vt 0.070483 0.691567
vt 0.055242 0.701640
vt 0.403216 0.097917
vt 0.405501 0.074257
vt 0.992405 0.267556
vt 0.177957 0.151383
vt 0.785816 0.914433
vt 0.954426 0.470667
vt 0.206291 0.910329
vt 0.516313 0.395342
vt 0.517330 0.373757
vt 0.409031 0.062488
vt 0.400967 0.056823
vt 0.530482 0.397827
vt 0.339800 0.176636
vt 0.286574 0.349002
vt 0.398560 0.067951
vt 0.481811 0.521853
vt 0.472534 0.534957
vt 0.480783 0.543579
vt 0.010376 0.024715
vt 0.019652 0.028686
vt 0.015629 0.022339
vt 0.153545 0.646808
vt 0.163764 0.644462
vt 0.387629 0.741309
vt 0.401489 0.402097
vt 0.410766 0.408081
vt 0.408514 0.395875
vt 0.313981 0.741743
vt 0.824136 0.000390
vt 0.812614 0.005601
vt 0.143244 0.061890
vt 0.142944 0.069702
vt 0.152953 0.062523
vt 0.416624 0.421843
vt 0.409647 0.419314
vt 0.400024 0.441040
vt 0.150551 0.227304
vt 0.312678 0.751519
vt 0.080641 0.294456
vt 0.104203 0.285357
vt 0.429737 0.132856
vt 0.150349 0.262043
vt 0.153240 0.300596
vt 0.142578 0.292790
vt 0.086987 0.272806
vt 0.165970 0.289249
vt 0.399472 0.649849
vt 0.399940 0.666450
vt 0.423873 0.643556
vt 0.158069 0.944110
vt 0.158310 0.965454
vt 0.166645 0.944034
vt 0.171122 0.928729
vt 0.134010 0.273433
vt 0.158019 0.921793
vt 0.153931 0.928995
vt 0.401352 0.100713
vt 0.207444 0.102099
vt 0.363553 0.753271
vt 0.147676 0.706160
vt 0.146352 0.727234
vt 0.467407 0.381668
vt 0.486204 0.384643
vt 0.470471 0.367311
vt 0.507177 0.743179
vt 0.327763 0.087561
vt 0.315717 0.086196
vt 0.331663 0.096802
vt 0.322516 0.109794
vt 0.318197 0.105578
vt 0.304996 0.115056
vt 0.730226 0.712223
vt 0.745259 0.706728
vt 0.602598 0.011325
vt 0.598982 0.024988
vt 0.619776 0.005341
vt 0.316124 0.097051
vt 0.617070 0.027443
vt 0.594411 0.040754
vt 0.576137 0.041246
vt 0.582927 0.067546
vt 0.604590 0.082381
vt 0.601061 0.062602
vt 0.954222 0.121110
vt 0.934437 0.119175
vt 0.950218 0.126671
vt 0.566180 0.036330
vt 0.761421 0.697120
vt 0.665419 0.046965
vt 0.661459 0.015304
vt 0.646842 0.015759
vt 0.195394 0.806352
vt 0.207221 0.816542
vt 0.203208 0.803029
vt 0.545269 0.683350
vt 0.563063 0.675971
vt 0.540094 0.663599
vt 0.542080 0.649960
vt 0.651953 0.003064
vt 0.220666 0.805860
vt 0.214469 0.794443
vt 0.655456 0.049705
vt 0.583017 0.665805
vt 0.192749 0.814604
vt 0.284056 0.352663
vt 0.276055 0.358026
vt 0.280755 0.364879
vt 0.507882 0.351534
vt 0.495784 0.350465
vt 0.496931 0.361938
vt 0.227915 0.784349
vt 0.788248 0.784483
vt 0.778687 0.789047
vt 0.786803 0.793409
vt 0.541227 0.735683
vt 0.546668 0.743542
vt 0.561679 0.715718
vt 0.517213 0.982325
vt 0.505503 0.986570
vt 0.510320 0.992442
vt 0.758019 0.469586
vt 0.669764 0.053543
vt 0.672803 0.028219
vt 0.492847 0.989506
vt 0.490875 0.972674
vt 0.499332 0.944501
vt 0.837469 0.790077
vt 0.707777 0.780151
vt 0.711780 0.770776
vt 0.780465 0.453376
vt 0.856156 0.406543
vt 0.887628 0.379030
vt 0.859627 0.776115
vt 0.826352 0.780866
vt 0.979856 0.373905
vt 0.895745 0.401348
vt 0.123642 0.682392
vt 0.128731 0.634375
vt 0.201352 0.439088
vt 0.198608 0.452026
vt 0.205688 0.444821
vt 0.817846 0.798466
vt 0.846778 0.773643
vt 0.766173 0.442408
vt 0.914665 0.397232
vt 0.750809 0.472575
vt 0.912507 0.356965
vt 0.834265 0.805543
vt 0.836595 0.821319
vt 0.341141 0.885190
vt 0.351439 0.896990
vt 0.850809 0.308078
vt 0.885747 0.337161
vt 0.484400 0.923957
vt 0.007116 0.838821
vt 0.979858 0.127808
vt 0.971313 0.129981
vt 0.975418 0.136352
vt 0.885057 0.775671
vt 0.796243 0.405676
vt 0.784189 0.410439
vt 0.139113 0.621585
vt 0.132431 0.618658
vt 0.640484 0.351043
vt 0.631747 0.352426
vt 0.643301 0.364868
vt 0.000122 0.208937
vt 0.001683 0.240679
vt 0.016449 0.217558
vt 0.259839 0.940219
vt 0.243286 0.946389
vt 0.020784 0.232785
vt 0.470627 0.469443
vt 0.941167 0.349705
vt 0.844443 0.816851
vt 0.689794 0.020759
vt 0.686117 0.026846
vt 0.710325 0.019410
vt 0.984497 0.040322
vt 0.994959 0.040405
vt 0.999632 0.034058
vt 0.854193 0.801389
vt 0.624922 0.326926
vt 0.886185 0.761770
vt 0.863104 0.768430
vt 0.896018 0.765509
vt 0.879079 0.757545
vt 0.893511 0.748174
vt 0.893880 0.755626
vt 0.973511 0.020875
vt 0.999450 0.033741
vt 0.991138 0.024892
vt 0.491577 0.310704
vt 0.500121 0.315796
vt 0.499136 0.305787
vt 0.018119 0.252139
vt 0.829524 0.397448
vt 0.855189 0.799511
vt 0.006769 0.191230
vt 0.411670 0.153931
vt 0.394897 0.133097
vt 0.417608 0.684195
vt 0.636159 0.587739
vt 0.621645 0.580522
vt 0.638094 0.594229
vt 0.956419 0.222778
vt 0.948044 0.212769
vt 0.941284 0.221732
vt 0.414365 0.671991
vt 0.940770 0.851387
vt 0.948316 0.861450
vt 0.966280 0.858511
vt 0.471554 0.879028
vt 0.408389 0.413864
vt 0.424484 0.421010
vt 0.423770 0.397869
vt 0.973840 0.836622
vt 0.957255 0.836942
vt 0.187687 0.188021
vt 0.202442 0.194790
vt 0.181030 0.171755
vt 0.985054 0.846680
vt 0.982078 0.856745
vt 0.771947 0.871815
vt 0.792015 0.886755
vt 0.779603 0.869208
vt 0.999111 0.813623
vt 0.986380 0.792853
vt 0.990360 0.818944
vt 0.634722 0.578988
vt 0.434957 0.150268
vt 0.419645 0.387655
vt 0.904220 0.673950
vt 0.903199 0.663663
vt 0.895396 0.671161
vt 0.994565 0.854929
vt 0.898744 0.629920
vt 0.793548 0.861604
vt 0.999030 0.840748
vt 0.894409 0.657002
vt 0.801874 0.896610
vt 0.539636 0.419313
vt 0.540601 0.432043
vt 0.551327 0.427426
vt 0.270141 0.021134
vt 0.264526 0.019410
vt 0.267215 0.025757
vt 0.236058 0.808549
vt 0.766859 0.377565
vt 0.762573 0.393433
vt 0.779905 0.383836
vt 0.246576 0.794500
vt 0.248680 0.776957
vt 0.217200 0.821848
vt 0.554320 0.422808
vt 0.569904 0.737099
vt 0.554063 0.704096
vt 0.542505 0.722199
vt 0.264526 0.363538
vt 0.267363 0.369995
vt 0.208077 0.783447
vt 0.885280 0.404665
vt 0.884155 0.411944
vt 0.891945 0.415991
vt 0.286153 0.000992
vt 0.285767 0.005249
vt 0.296508 0.000367
vt 0.901488 0.424927
vt 0.898342 0.412666
vt 0.663010 0.016208
vt 0.659036 0.000391
vt 0.552091 0.437378
vt 0.954468 0.324395
vt 0.962162 0.332947
vt 0.968603 0.321905
vt 0.073757 0.410525
vt 0.061646 0.431821
vt 0.078058 0.424645
vt 0.069443 0.436393
vt 0.674311 0.064642
vt 0.453831 0.148316
vt 0.452759 0.157593
vt 0.459838 0.149939
vt 0.448534 0.193661
vt 0.440529 0.204135
vt 0.449581 0.211713
vt 0.016766 0.461714
vt 0.009455 0.456353
vt 0.015663 0.473267
vt 0.443084 0.191533
vt 0.076385 0.441772
vt 0.439330 0.159303
vt 0.432251 0.167628
vt 0.438006 0.168579
vt 0.211792 0.637585
vt 0.231470 0.686474
vt 0.235454 0.674820
vt 0.018980 0.444320
vt 0.025511 0.441389
vt 0.020083 0.430302
vt 0.011134 0.440963
vt 0.555181 0.754392
vt 0.436296 0.193953
vt 0.661292 0.097219
vt 0.677738 0.098774
vt 0.095056 0.544575
vt 0.086921 0.514729
vt 0.082981 0.521610
vt 0.086762 0.045706
vt 0.097581 0.053589
vt 0.119217 0.040723
vt 0.224976 0.077294
vt 0.232857 0.081421
vt 0.239378 0.072877
vt 0.832241 0.036011
vt 0.834105 0.030768
vt 0.822632 0.029664
vt 0.015883 0.451648
vt 0.066772 0.539293
vt 0.075317 0.542496
vt 0.073649 0.529177
vt 0.096178 0.472028
vt 0.083618 0.460329
vt 0.094263 0.479126
vt 0.235717 0.514282
vt 0.232273 0.496533
vt 0.224243 0.513566
vt 0.682130 0.973727
vt 0.699587 0.958889
vt 0.650513 0.975443
vt 0.130248 0.029419
vt 0.129251 0.022339
vt 0.117310 0.024207
vt 0.561952 0.691291
vt 0.566606 0.704583
vt 0.971878 0.343815
vt 0.978048 0.330616
vt 0.098021 0.460607
vt 0.420286 0.187133
vt 0.400024 0.180543
vt 0.403157 0.192749
vt 0.576664 0.721384
vt 0.208744 0.826767
vt 0.220219 0.836812
vt 0.575597 0.703430
vt 0.784480 0.377796
vt 0.428655 0.216562
vt 0.779419 0.396863
vt 0.069072 0.550903
vt 0.414520 0.221775
vt 0.422007 0.236513
vt 0.443640 0.234131
vt 0.435949 0.222833
vt 0.429261 0.240356
vt 0.670211 0.100472
vt 0.705948 0.088427
vt 0.708238 0.068666
vt 0.117285 0.109498
vt 0.115845 0.123169
vt 0.119995 0.122672
vt 0.662732 0.462599
vt 0.663219 0.452656
vt 0.651245 0.460809
vt 0.968650 0.359526
vt 0.714135 0.066268
vt 0.734667 0.066546
vt 0.422142 0.209589
vt 0.228499 0.826747
vt 0.683072 0.041853
vt 0.682007 0.046265
vt 0.685760 0.039918
vt 0.692748 0.045218
vt 0.578205 0.687102
vt 0.491577 0.081148
vt 0.498690 0.085083
vt 0.493932 0.078471
vt 0.502318 0.078004
vt 0.966673 0.174684
vt 0.954100 0.178261
vt 0.961674 0.181247
vt 0.635618 0.260377
vt 0.616821 0.274780
vt 0.633471 0.269793
vt 0.015214 0.006306
vt 0.023313 0.004809
vt 0.011552 0.004029
vt 0.002957 0.147853
vt 0.020691 0.153788
vt 0.015544 0.140260
vt 0.930886 0.456122
vt 0.937834 0.460667
vt 0.934253 0.448610
vt 0.241289 0.350220
vt 0.254759 0.348767
vt 0.239124 0.345134
vt 0.793849 0.376833
vt 0.447951 0.214139
vt 0.925903 0.451057
vt 0.413940 0.233829
vt 0.979125 0.459827
vt 0.973106 0.453737
vt 0.971313 0.467407
vt 0.652618 0.456638
vt 0.429886 0.233963
vt 0.637816 0.506471
vt 0.627808 0.522339
vt 0.634672 0.520258
vt 0.978639 0.356055
vt 0.978449 0.372027
vt 0.651661 0.467407
vt 0.958941 0.226756
vt 0.982053 0.230102
vt 0.957397 0.214967
vt 0.000842 0.005143
vt 0.957397 0.250532
vt 0.968871 0.251343
vt 0.963091 0.241952
vt 0.032349 0.488647
vt 0.046019 0.469850
vt 0.034532 0.476182
vt 0.016411 0.010376
vt 0.510488 0.006537
vt 0.522825 0.006127
vt 0.512634 0.000746
vt 0.109324 0.037339
vt 0.128048 0.030398
vt 0.580440 0.759001
vt 0.589775 0.708859
vt 0.591055 0.684070
vt 0.581810 0.689218
vt 0.585435 0.749209
vt 0.110583 0.563038
vt 0.783051 0.126552
vt 0.786275 0.136577
vt 0.799679 0.132502
vt 0.886840 0.088615
vt 0.881958 0.083131
vt 0.882231 0.094604
vt 0.699862 0.964499
vt 0.498169 0.006714
vt 0.106483 0.567427
vt 0.745178 0.090893
vt 0.095819 0.962091
vt 0.084745 0.956906
vt 0.085449 0.968608
vt 0.427611 0.442949
vt 0.411371 0.444750
vt 0.423802 0.458618
vt 0.250610 0.323760
vt 0.252356 0.328247
vt 0.265051 0.316970
vt 0.258749 0.709283
vt 0.207615 0.843192
vt 0.509642 0.360254
vt 0.206849 0.819828
vt 0.947690 0.453004
vt 0.938354 0.458803
vt 0.952757 0.468872
vt 0.909058 0.081215
vt 0.919600 0.083618
vt 0.921996 0.075806
vt 0.262911 0.298629
vt 0.313742 0.143657
vt 0.721079 0.711070
vt 0.721851 0.727754
vt 0.290405 0.120210
vt 0.733496 0.690796
vt 0.734690 0.675890
vt 0.683091 0.269113
vt 0.667450 0.258818
vt 0.736323 0.660433
vt 0.744463 0.651591
vt 0.411026 0.428847
vt 0.687866 0.174134
vt 0.690982 0.184692
vt 0.712522 0.170289
vt 0.718835 0.972724
vt 0.927302 0.211792
vt 0.943968 0.205958
vt 0.926636 0.201051
vt 0.596063 0.698407
vt 0.976234 0.061853
vt 0.976044 0.070944
vt 0.995086 0.065804
vt 0.256088 0.768684
vt 0.251414 0.780807
vt 0.259066 0.785661
vt 0.652814 0.256837
vt 0.590878 0.773559
vt 0.589775 0.769376
vt 0.056892 0.949880
vt 0.072302 0.962930
vt 0.469598 0.050143
vt 0.465084 0.045618
vt 0.458580 0.060403
vt 0.082654 0.980835
vt 0.580562 0.720217
vt 0.036743 0.953155
vt 0.046088 0.959062
vt 0.725328 0.959888
vt 0.725700 0.967444
vt 0.773197 0.120732
vt 0.408840 0.382485
vt 0.397827 0.397095
vt 0.407028 0.391785
vt 0.245437 0.712117
vt 0.767686 0.132853
vt 0.816040 0.097348
vt 0.830408 0.097406
vt 0.826951 0.089000
vt 0.946061 0.037475
vt 0.952758 0.030396
vt 0.943481 0.033861
vt 0.754387 0.038150
vt 0.742285 0.052878
vt 0.990933 0.522518
vt 0.981567 0.512331
vt 0.991381 0.535522
vt 0.461320 0.068965
vt 0.445783 0.068685
vt 0.462446 0.084956
vt 0.488647 0.252808
vt 0.499389 0.250658
vt 0.489329 0.243531
vt 0.999631 0.075503
vt 0.735227 0.192262
vt 0.725177 0.193072
vt 0.716884 0.201639
vt 0.999633 0.359254
vt 0.990764 0.364329
vt 0.999068 0.371460
vt 0.444702 0.085196
vt 0.744105 0.070440
vt 0.767457 0.073556
vt 0.485269 0.072684
vt 0.756624 0.095876
vt 0.955268 0.033395
vt 0.977809 0.037822
vt 0.951061 0.023807
vt 0.973221 0.051013
vt 0.203735 0.527168
vt 0.210027 0.533325
vt 0.208677 0.520178
vt 0.950073 0.044990
vt 0.255422 0.739942
vt 0.276870 0.733857
vt 0.007547 0.428637
vt 0.018442 0.418488
vt 0.020384 0.406863
vt 0.207922 0.495931
vt 0.203735 0.511352
vt 0.215209 0.501332
vt 0.486774 0.080763
vt 0.493760 0.090810
vt 0.609534 0.964499
vt 0.620361 0.963042
vt 0.601827 0.957095
vt 0.620748 0.984750
vt 0.608678 0.980747
vt 0.598511 0.971024
vt 0.746106 0.078741
vt 0.625983 0.955959
vt 0.606176 0.946088
vt 0.614420 0.999878
vt 0.196159 0.539402
vt 0.192749 0.558227
vt 0.197107 0.553646
vt 0.757954 0.097375
vt 0.015803 0.303592
vt 0.771419 0.025571
vt 0.460709 0.303516
vt 0.454482 0.317576
vt 0.461301 0.317137
vt 0.633854 0.525054
vt 0.641478 0.371950
vt 0.645473 0.522111
vt 0.265666 0.759204
vt 0.331823 0.189301
vt 0.165253 0.746047
vt 0.632687 0.983508
vt 0.856991 0.712020
vt 0.812615 0.723598
vt 0.865521 0.734648
vt 0.758810 0.418581
vt 0.757446 0.428259
vt 0.770384 0.433716
vt 0.612701 0.256320
vt 0.605709 0.265681
vt 0.614513 0.272272
vt 0.651338 0.791703
vt 0.673202 0.799927
vt 0.655474 0.787215
vt 0.040922 0.948960
vt 0.053506 0.947923
vt 0.040749 0.930388
vt 0.063044 0.945458
vt 0.073822 0.944037
vt 0.078026 0.935205
vt 0.461197 0.336045
vt 0.474137 0.347919
vt 0.456558 0.323302
vt 0.837381 0.745217
vt 0.860272 0.746972
vt 0.807799 0.712179
vt 0.826398 0.690394
vt 0.548288 0.418588
vt 0.585501 0.423532
vt 0.601488 0.400887
vt 0.512104 0.574354
vt 0.498263 0.589678
vt 0.521344 0.585761
vt 0.419067 0.040524
vt 0.431690 0.045532
vt 0.428694 0.038453
vt 0.654741 0.770533
vt 0.686961 0.798073
vt 0.673590 0.776115
vt 0.093480 0.940486
vt 0.080787 0.950361
vt 0.089899 0.950188
vt 0.824840 0.743169
vt 0.093154 0.624326
vt 0.097273 0.608045
vt 0.089994 0.619864
vt 0.091051 0.573668
vt 0.080253 0.651160
vt 0.090307 0.641616
vt 0.099477 0.583329
vt 0.069741 0.678622
vt 0.753305 0.512755
vt 0.747300 0.520874
vt 0.740857 0.536067
vt 0.453669 0.163106
vt 0.445341 0.131476
vt 0.441066 0.154101
vt 0.370728 0.068811
vt 0.376782 0.107271
vt 0.380318 0.073189
vt 0.071775 0.598167
vt 0.080847 0.597181
vt 0.085732 0.582159
vt 0.760324 0.560254
vt 0.599871 0.910683
vt 0.608517 0.888070
vt 0.595898 0.905487
vt 0.610962 0.379517
vt 0.626097 0.378681
vt 0.621936 0.365114
vt 0.398093 0.106160
vt 0.227397 0.259546
vt 0.668246 0.538458
vt 0.671862 0.563080
vt 0.963202 0.153799
vt 0.713526 0.575099
vt 0.725050 0.593918
vt 0.716796 0.564018
vt 0.621005 0.894483
vt 0.505817 0.734992
vt 0.494888 0.743958
vt 0.134211 0.811895
vt 0.966248 0.060913
vt 0.976927 0.059177
vt 0.961035 0.054944
vt 0.633356 0.902047
vt 0.762274 0.590051
vt 0.725990 0.559245
vt 0.754883 0.618578
vt 0.741626 0.603261
vt 0.050003 0.629806
vt 0.061216 0.618690
vt 0.307347 0.148883
vt 0.300367 0.140992
vt 0.283569 0.146614
vt 0.396537 0.060888
vt 0.069485 0.612303
vt 0.971066 0.133103
vt 0.034562 0.620451
vt 0.004240 0.615795
vt 0.449977 0.190192
vt 0.455444 0.191857
vt 0.630005 0.322485
vt 0.646605 0.331909
vt 0.640648 0.317506
vt 0.389038 0.428583
vt 0.391164 0.434448
vt 0.396279 0.415847
vt 0.042789 0.583986
vt 0.051114 0.321844
vt 0.052439 0.309733
vt 0.044576 0.309776
vt 0.848744 0.965888
vt 0.821850 0.967184
vt 0.822233 0.978975
vt 0.036271 0.634659
vt 0.517944 0.482882
vt 0.520913 0.493774
vt 0.530882 0.475710
vt 0.063843 0.058994
vt 0.072817 0.067372
vt 0.088344 0.059196
vt 0.324059 0.342017
vt 0.333133 0.359978
vt 0.328452 0.331660
vt 0.982689 0.179439
vt 0.965737 0.185870
vt 0.963257 0.197230
vt 0.259933 0.866476
vt 0.244563 0.860081
vt 0.216033 0.864416
vt 0.244480 0.885095
vt 0.273289 0.885493
vt 0.506937 0.929795
vt 0.484684 0.912669
vt 0.492706 0.927133
vt 0.041094 0.313832
vt 0.914497 0.166499
vt 0.923582 0.175171
vt 0.931517 0.173555
vt 0.424203 0.053101
vt 0.416470 0.061199
vt 0.434202 0.054687
vt 0.502302 0.947470
vt 0.359695 0.451549
vt 0.340261 0.422138
vt 0.344847 0.450901
vt 0.034540 0.307836
vt 0.033813 0.300662
vt 0.001950 0.639971
vt 0.373392 0.446777
vt 0.350978 0.415744
vt 0.971061 0.207887
vt 0.998055 0.205888
vt 0.479304 0.352534
vt 0.474111 0.364963
vt 0.494993 0.368530
vt 0.008865 0.381228
vt 0.001587 0.389532
vt 0.016113 0.403796
vt 0.997909 0.379165
vt 0.983469 0.354543
vt 0.983299 0.364820
vt 0.323185 0.393482
vt 0.974888 0.208390
vt 0.993637 0.209595
vt 0.994990 0.188862
vt 0.319212 0.352657
vt 0.301880 0.365600
vt 0.314879 0.361461
vt 0.359974 0.352662
vt 0.356812 0.363340
vt 0.366088 0.364136
vt 0.696628 0.612393
vt 0.687730 0.635321
vt 0.705770 0.622360
vt 0.987912 0.173221
vt 0.980144 0.372667
vt 0.999632 0.388306
vt 0.322828 0.424304
vt 0.875292 0.025575
vt 0.862509 0.027351
vt 0.862813 0.046531
vt 0.717830 0.637231
vt 0.700705 0.673874
vt 0.723957 0.663738
vt 0.319350 0.366360
vt 0.726868 0.539150
vt 0.727413 0.518923
vt 0.720825 0.536838
vt 0.728149 0.491090
vt 0.730152 0.499442
vt 0.739400 0.506266
vt 0.309627 0.314117
vt 0.689958 0.549601
vt 0.699154 0.541201
vt 0.688730 0.530963
vt 0.442256 0.438251
vt 0.440072 0.422385
vt 0.429669 0.432657
vt 0.392839 0.015748
vt 0.385376 0.022095
vt 0.393188 0.021576
vt 0.698114 0.546462
vt 0.702496 0.555393
vt 0.693436 0.582741
vt 0.711203 0.570861
vt 0.715341 0.547063
vt 0.264822 0.902338
vt 0.769065 0.517425
vt 0.761380 0.526708
vt 0.760947 0.546505
vt 0.866182 0.017947
vt 0.688233 0.661305
vt 0.721313 0.493607
vt 0.715698 0.488893
vt 0.720086 0.506225
vt 0.323037 0.384095
vt 0.694159 0.691254
vt 0.582176 0.950683
vt 0.593444 0.939804
vt 0.310273 0.351198
vt 0.314090 0.468940
vt 0.335294 0.450204
vt 0.318046 0.457504
vt 0.677444 0.657174
vt 0.162285 0.834509
vt 0.157925 0.857937
vt 0.171258 0.846954
vt 0.452379 0.330635
vt 0.432709 0.362413
vt 0.447568 0.350887
vt 0.734282 0.624916
vt 0.901674 0.096048
vt 0.899478 0.082400
vt 0.887085 0.088177
vt 0.680729 0.684026
vt 0.672909 0.664563
vt 0.633415 0.855173
vt 0.619355 0.850247
vt 0.616661 0.858169
vt 0.307643 0.380637
vt 0.127632 0.047242
vt 0.120058 0.055786
vt 0.128050 0.054171
vt 0.536942 0.432251
vt 0.538207 0.419313
vt 0.528931 0.427760
vt 0.740601 0.417849
vt 0.743371 0.428987
vt 0.757200 0.429009
vt 0.845337 0.046252
vt 0.296508 0.528931
vt 0.291308 0.513795
vt 0.287964 0.521336
vt 0.461294 0.394106
vt 0.476135 0.401893
vt 0.476184 0.386690
vt 0.678832 0.463013
vt 0.670509 0.446413
vt 0.663696 0.450999
vt 0.850716 0.047729
vt 0.107056 0.051904
vt 0.919416 0.085664
vt 0.425941 0.067615
vt 0.419069 0.062623
vt 0.413940 0.071899
vt 0.383162 0.412868
vt 0.373657 0.424194
vt 0.390250 0.410698
vt 0.205471 0.426435
vt 0.212279 0.430054
vt 0.199044 0.413903
vt 0.921436 0.096730
vt 0.904901 0.107607
vt 0.924923 0.105531
vt 0.492050 0.406228
vt 0.742980 0.439575
vt 0.311220 0.953383
vt 0.301929 0.939360
vt 0.279811 0.967699
vt 0.449699 0.365223
vt 0.289728 0.963718
vt 0.308418 0.402891
vt 0.260580 0.950570
vt 0.485884 0.412202
vt 0.469454 0.405016
vt 0.477171 0.413393
vt 0.677259 0.582119
vt 0.288533 0.153444
vt 0.278442 0.167847
vt 0.299436 0.157979
vt 0.426878 0.195435
vt 0.410278 0.191529
vt 0.423356 0.202270
vt 0.664133 0.585126
vt 0.299263 0.393269
vt 0.919051 0.224342
vt 0.926633 0.213779
vt 0.909790 0.225708
vt 0.463693 0.460862
vt 0.500548 0.429896
vt 0.667640 0.590111
vt 0.707667 0.584785
vt 0.701501 0.602435
vt 0.316004 0.438717
vt 0.154208 0.867309
vt 0.134198 0.858184
vt 0.288877 0.413788
vt 0.301249 0.433745
vt 0.271314 0.472300
vt 0.578794 0.862780
vt 0.660767 0.672372
vt 0.039074 0.969007
vt 0.043313 0.958830
vt 0.021085 0.957375
vt 0.509623 0.420436
vt 0.514007 0.400635
vt 0.716243 0.223152
vt 0.729279 0.222763
vt 0.723569 0.210304
vt 0.623149 0.873929
vt 0.601953 0.875216
vt 0.611516 0.876889
vt 0.612780 0.837675
vt 0.571472 0.842250
vt 0.155676 0.825015
vt 0.139804 0.829335
vt 0.710037 0.216451
vt 0.708374 0.225708
vt 0.482326 0.424246
vt 0.495640 0.423380
vt 0.141015 0.848488
vt 0.122240 0.837126
vt 0.259732 0.468641
vt 0.590575 0.881847
vt 0.490451 0.457882
vt 0.508414 0.433894
vt 0.059198 0.982300
vt 0.023695 0.978721
vt 0.002832 0.923953
vt 0.012020 0.936269
vt 0.017382 0.928093
vt 0.533676 0.398314
vt 0.145017 0.819100
vt 0.127411 0.829315
vt 0.280368 0.440313
vt 0.375353 0.410383
vt 0.118447 0.846068
vt 0.881957 0.964261
vt 0.891624 0.980498
vt 0.902688 0.983788
vt 0.056334 0.564601
vt 0.067606 0.573431
vt 0.205933 0.118774
vt 0.223704 0.117315
vt 0.224603 0.106841
vt 0.711307 0.020911
vt 0.710571 0.030151
vt 0.725023 0.014950
vt 0.094385 0.551536
vt 0.064776 0.567970
vt 0.078058 0.573961
vt 0.524486 0.444209
vt 0.033976 0.460798
vt 0.039533 0.460054
vt 0.040893 0.447877
vt 0.079689 0.544071
vt 0.725068 0.009015
vt 0.920581 0.697917
vt 0.897760 0.676339
vt 0.871086 0.681574
vt 0.863609 0.706119
vt 0.905109 0.725436
vt 0.092338 0.542376
vt 0.088208 0.537246
vt 0.098066 0.568436
vt 0.008108 0.522585
vt 0.000122 0.539917
vt 0.008666 0.528240
vt 0.912964 0.689786
vt 0.902627 0.680478
vt 0.708385 0.822340
vt 0.707848 0.838092
vt 0.719110 0.830295
vt 0.394551 0.760155
vt 0.415246 0.755808
vt 0.398139 0.751112
vt 0.084131 0.424785
vt 0.095823 0.430054
vt 0.090507 0.413835
vt 0.880587 0.830192
vt 0.890712 0.813320
vt 0.878888 0.818522
vt 0.697836 0.860865
vt 0.684547 0.859915
vt 0.685724 0.873676
vt 0.494262 0.349006
vt 0.488647 0.345338
vt 0.493472 0.358276
vt 0.918333 0.198784
vt 0.916524 0.207447
vt 0.926381 0.210863
vt 0.573431 0.257447
vt 0.564975 0.263146
vt 0.577025 0.269653
vt 0.676953 0.873200
vt 0.035326 0.844312
vt 0.045822 0.844353
vt 0.055255 0.838792
vt 0.567955 0.244578
vt 0.582139 0.236177
vt 0.566962 0.230348
vt 0.043270 0.828505
vt 0.691005 0.846111
vt 0.694275 0.855691
vt 0.893717 0.205092
vt 0.907692 0.213475
vt 0.341923 0.060913
vt 0.344115 0.055309
vt 0.331909 0.054566
vt 0.126028 0.886699
vt 0.112963 0.897399
vt 0.121356 0.898353
vt 0.695319 0.831815
vt 0.419800 0.375122
vt 0.432006 0.369759
vt 0.421617 0.362916
vt 0.308500 0.503418
vt 0.288750 0.493700
vt 0.289719 0.511607
vt 0.030884 0.847917
vt 0.038514 0.854126
vt 0.535597 0.017900
vt 0.544278 0.028686
vt 0.561270 0.020506
vt 0.113838 0.924903
vt 0.126647 0.926664
vt 0.128997 0.912127
vt 0.110734 0.910144
vt 0.586526 0.501879
vt 0.595336 0.487461
vt 0.589103 0.483955
vt 0.658069 0.865247
vt 0.671542 0.887085
vt 0.299022 0.514398
vt 0.330472 0.488742
vt 0.487667 0.249315
vt 0.476226 0.236622
vt 0.471505 0.254220
vt 0.105333 0.888717
vt 0.963257 0.315834
vt 0.971069 0.321655
vt 0.969548 0.310914
vt 0.763827 0.420532
vt 0.766723 0.404665
vt 0.761841 0.406625
vt 0.567710 0.012087
vt 0.574093 0.018340
vt 0.344529 0.006019
vt 0.327009 0.019214
vt 0.334553 0.044537
vt 0.368643 0.023998
vt 0.295936 0.966177
vt 0.282858 0.967942
vt 0.303789 0.985103
vt 0.110595 0.877627
vt 0.374256 0.928370
vt 0.401530 0.936988
vt 0.402938 0.933740
vt 0.903621 0.189705
vt 0.910109 0.175419
vt 0.943063 0.167031
vt 0.930429 0.164428
vt 0.939903 0.175171
vt 0.951182 0.160586
vt 0.928483 0.151520
vt 0.319792 0.476697
vt 0.292735 0.480819
vt 0.890747 0.212982
vt 0.333628 0.000396
vt 0.342654 0.766691
vt 0.328412 0.778896
vt 0.353629 0.763839
vt 0.914185 0.161077
vt 0.797704 0.145386
vt 0.785278 0.145634
vt 0.800205 0.153396
vt 0.915757 0.151189
vt 0.354912 0.048637
vt 0.795473 0.000746
vt 0.805801 0.008911
vt 0.807002 0.004468
vt 0.300721 0.473523
vt 0.162711 0.248197
vt 0.171282 0.256470
vt 0.182075 0.236939
vt 0.334797 0.790304
vt 0.323708 0.796810
vt 0.341829 0.789777
vt 0.492817 0.381714
vt 0.497923 0.368776
vt 0.484253 0.376197
vt 0.100445 0.883558
vt 0.685970 0.819281
vt 0.420286 0.360423
vt 0.400643 0.373599
vt 0.415185 0.378985
vt 0.763340 0.001046
vt 0.517699 0.233765
vt 0.514562 0.223756
vt 0.506226 0.224050
vt 0.805612 0.075047
vt 0.806925 0.090724
vt 0.815791 0.095700
vt 0.997288 0.488425
vt 0.989314 0.471426
vt 0.985962 0.484487
vt 0.302000 0.977580
vt 0.942469 0.189253
vt 0.947645 0.201711
vt 0.955083 0.198192
vt 0.461139 0.218674
vt 0.455840 0.238161
vt 0.370403 0.939296
vt 0.391015 0.955154
vt 0.257125 0.823113
vt 0.254362 0.845560
vt 0.297688 0.861093
vt 0.703461 0.230987
vt 0.684204 0.223756
vt 0.697912 0.237173
vt 0.805601 0.110718
vt 0.307059 0.760100
vt 0.934445 0.196747
vt 0.098999 0.877342
vt 0.683260 0.831161
vt 0.798575 0.102020
vt 0.441555 0.086060
vt 0.438110 0.094604
vt 0.446654 0.094251
vt 0.157593 0.256367
vt 0.421290 0.088745
vt 0.428344 0.080201
vt 0.420532 0.083316
vt 0.927724 0.177772
vt 0.348308 0.957990
vt 0.357681 0.964058
vt 0.307359 0.964968
vt 0.308639 0.970116
vt 0.684215 0.836409
vt 0.700072 0.280640
vt 0.683472 0.266969
vt 0.683997 0.275394
vt 0.317345 0.983495
vt 0.600708 0.937598
vt 0.619437 0.944956
vt 0.615577 0.930818
vt 0.547728 0.244996
vt 0.531860 0.253105
vt 0.541597 0.257202
vt 0.999632 0.152466
vt 0.986472 0.143922
vt 0.983032 0.149669
vt 0.319171 0.782471
vt 0.322638 0.787873
vt 0.302889 0.799429
vt 0.306931 0.804941
vt 0.295288 0.349408
vt 0.303832 0.357544
vt 0.302745 0.346070
vt 0.053377 0.452946
vt 0.043958 0.455723
vt 0.038940 0.469604
vt 0.665719 0.842467
vt 0.603477 0.280153
vt 0.594116 0.283126
vt 0.609406 0.292419
vt 0.352179 0.944835
vt 0.171263 0.228883
vt 0.158913 0.229664
vt 0.154057 0.241337
vt 0.292497 0.844598
vt 0.416460 0.353396
vt 0.089028 0.920679
vt 0.095136 0.904706
vt 0.079042 0.903368
vt 0.708127 0.238891
vt 0.733276 0.396607
vt 0.743285 0.402954
vt 0.736882 0.392191
vt 0.078156 0.887458
vt 0.064441 0.891496
vt 0.673539 0.818793
vt 0.330194 0.978984
vt 0.951485 0.175419
vt 0.944953 0.178829
vt 0.792750 0.087452
vt 0.065107 0.920113
vt 0.150269 0.177613
vt 0.154476 0.186157
vt 0.161010 0.179875
vt 0.774632 0.090136
vt 0.780663 0.101277
vt 0.338501 0.958773
vt 0.418311 0.244057
vt 0.417093 0.250107
vt 0.429074 0.250399
vt 0.839478 0.110230
vt 0.841747 0.118774
vt 0.847289 0.114001
vt 0.063066 0.924965
vt 0.078127 0.933636
vt 0.382928 0.021428
vt 0.434886 0.329225
vt 0.430828 0.338405
vt 0.442259 0.339435
vt 0.066544 0.878546
vt 0.948574 0.015764
vt 0.952756 0.007878
vt 0.943059 0.013985
vt 0.214650 0.197457
vt 0.220013 0.203223
vt 0.223265 0.194459
vt 0.930777 0.012082
vt 0.929565 0.016235
vt 0.940874 0.006226
vt 0.434727 0.343628
vt 0.429076 0.075021
vt 0.416559 0.076396
vt 0.427359 0.079956
vt 0.267814 0.398728
vt 0.269236 0.387136
vt 0.258667 0.390365
vt 0.077512 0.032349
vt 0.071858 0.024537
vt 0.055786 0.028799
vt 0.410278 0.204200
vt 0.415412 0.208862
vt 0.419555 0.199586
vt 0.657004 0.845454
vt 0.664944 0.842553
vt 0.000122 0.270718
vt 0.003333 0.282104
vt 0.006469 0.270631
vt 0.173461 0.200318
vt 0.164185 0.205474
vt 0.171844 0.209595
vt 0.047291 0.922353
vt 0.655679 0.827483
vt 0.052607 0.895902
vt 0.303099 0.302612
vt 0.290894 0.291871
vt 0.293267 0.301551
vt 0.259471 0.384157
vt 0.405361 0.241372
vt 0.656895 0.839794
vt 0.738942 0.032594
vt 0.729922 0.041272
vt 0.749876 0.036784
vt 0.424927 0.330837
vt 0.291380 0.392946
vt 0.284114 0.396846
vt 0.287422 0.407125
vt 0.538939 0.312866
vt 0.531233 0.299928
vt 0.521606 0.306493
vt 0.396318 0.034070
vt 0.372745 0.055659
vt 0.276978 0.407349
vt 0.296981 0.750378
vt 0.286373 0.751398
vt 0.047994 0.905609
vt 0.047865 0.913776
vt 0.289046 0.812376
vt 0.283100 0.812376
vt 0.280185 0.198439
vt 0.290981 0.205376
vt 0.297900 0.201683
vt 0.406459 0.255122
vt 0.438869 0.042857
vt 0.464116 0.045536
vt 0.477290 0.001203
vt 0.000122 0.374669
vt 0.006564 0.368166
vt 0.000284 0.360023
vt 0.403080 0.053115
vt 0.012473 0.359255
vt 0.019651 0.361628
vt 0.275267 0.399292
vt 0.267456 0.189784
vt 0.277127 0.183026
vt 0.053997 0.886599
vt 0.474358 0.037699
vt 0.298440 0.186378
vt 0.007345 0.380981
vt 0.988344 0.128545
vt 0.983624 0.140598
vt 0.999630 0.130596
vt 0.290838 0.177594
vt 0.488044 0.017147
vt 0.010040 0.296095
vt 0.018673 0.303345
vt 0.011930 0.288724
vt 0.041250 0.910190
vt 0.532182 0.506134
vt 0.540455 0.506225
vt 0.533017 0.495472
vt 0.544711 0.496489
vt 0.047295 0.355593
vt 0.048051 0.375854
vt 0.052998 0.361225
vt 0.972062 0.168783
vt 0.981132 0.135522
vt 0.731238 0.045220
vt 0.729517 0.056927
vt 0.738887 0.054940
vt 0.441967 0.287376
vt 0.432251 0.291608
vt 0.438315 0.304660
vt 0.051981 0.016604
vt 0.050016 0.028141
vt 0.067002 0.012483
vt 0.980100 0.153869
vt 0.452124 0.299585
vt 0.448116 0.312138
vt 0.542855 0.482684
vt 0.406834 0.030145
vt 0.033931 0.356269
vt 0.446651 0.013398
vt 0.426743 0.015450
vt 0.432810 0.024292
vt 0.421340 0.052761
vt 0.536478 0.478640
vt 0.298791 0.173432
vt 0.042497 0.029496
vt 0.308733 0.530642
vt 0.305542 0.547471
vt 0.314019 0.553225
vt 0.060616 0.010493
vt 0.714663 0.046970
vt 0.014872 0.261161
vt 0.019295 0.273409
vt 0.026975 0.266583
vt 0.012161 0.269377
vt 0.666626 0.018612
vt 0.674438 0.019897
vt 0.669759 0.014283
vt 0.003784 0.260377
vt 0.603638 0.343142
vt 0.609191 0.352793
vt 0.615629 0.346419
vt 0.718189 0.035335
vt 0.559713 0.812711
vt 0.580197 0.771696
vt 0.552161 0.764471
vt 0.720312 0.518974
vt 0.721956 0.506422
vt 0.713818 0.512852
vt 0.827607 0.666197
vt 0.822143 0.639648
vt 0.807957 0.639061
vt 0.039955 0.020144
vt 0.540741 0.044026
vt 0.525233 0.045564
vt 0.536620 0.049927
vt 0.703647 0.520322
vt 0.842249 0.659555
vt 0.421950 0.020777
vt 0.048674 0.000369
vt 0.414930 0.000800
vt 0.428529 0.011539
vt 0.622715 0.364868
vt 0.498172 0.851883
vt 0.502389 0.867087
vt 0.512413 0.857618
vt 0.533840 0.795633
vt 0.529993 0.861404
vt 0.525321 0.863968
vt 0.404245 0.007496
vt 0.028639 0.033081
vt 0.166401 0.217988
vt 0.151973 0.218863
vt 0.175657 0.230102
vt 0.307384 0.300085
vt 0.320237 0.302713
vt 0.475812 0.208454
vt 0.481253 0.222046
vt 0.486828 0.211087
vt 0.485168 0.859751
vt 0.496566 0.873169
vt 0.650951 0.368530
vt 0.656859 0.357057
vt 0.647583 0.360346
vt 0.500431 0.826019
vt 0.979626 0.249368
vt 0.999512 0.210052
vt 0.991597 0.214777
vt 0.672988 0.522617
vt 0.310892 0.291890
vt 0.228638 0.236207
vt 0.243544 0.243357
vt 0.242016 0.238138
vt 0.532574 0.818151
vt 0.008325 0.275513
vt 0.736938 0.017212
vt 0.742427 0.022827
vt 0.748412 0.018964
vt 0.535232 0.281618
vt 0.521650 0.294535
vt 0.536172 0.293553
vt 0.688685 0.515579
vt 0.932992 0.990352
vt 0.945754 0.996927
vt 0.936328 0.976068
vt 0.658853 0.519581
vt 0.702162 0.512480
vt 0.727227 0.060913
vt 0.394814 0.515097
vt 0.397616 0.526733
vt 0.404174 0.514700
vt 0.437133 0.355347
vt 0.436606 0.343873
vt 0.424927 0.354960
vt 0.858850 0.696761
vt 0.475734 0.822158
vt 0.693010 0.046500
vt 0.699658 0.053638
vt 0.702044 0.041815
vt 0.853397 0.650860
vt 0.477856 0.848961
vt 0.511570 0.819443
vt 0.439072 0.466502
vt 0.424927 0.477275
vt 0.435136 0.484253
vt 0.346075 0.306087
vt 0.326585 0.307600
vt 0.351438 0.325317
vt 0.667489 0.511622
vt 0.678635 0.258303
vt 0.697142 0.263061
vt 0.690869 0.249711
vt 0.975787 0.240629
vt 0.168579 0.006482
vt 0.184857 0.008800
vt 0.200570 0.008023
vt 0.540320 0.840684
vt 0.526240 0.847254
vt 0.408437 0.490360
vt 0.407099 0.506490
vt 0.415406 0.492605
vt 0.989054 0.503716
vt 0.980103 0.501107
vt 0.981690 0.512085
vt 0.195768 0.947478
vt 0.214396 0.947425
vt 0.212784 0.905478
vt 0.018422 0.012193
vt 0.035154 0.009094
vt 0.017861 0.018810
vt 0.463500 0.090676
vt 0.454327 0.084595
vt 0.449829 0.092407
vt 0.992308 0.488161
vt 0.417441 0.517956
vt 0.665116 0.497031
vt 0.655339 0.506592
vt 0.852984 0.031128
vt 0.838013 0.034566
vt 0.853148 0.037475
vt 0.674318 0.513974
vt 0.681264 0.485791
vt 0.935914 0.136349
vt 0.916865 0.145787
vt 0.927886 0.147339
vt 0.695927 0.492488
vt 0.700044 0.506988
vt 0.685698 0.499439
vt 0.690796 0.056987
vt 0.498406 0.803840
vt 0.483161 0.806911
vt 0.925123 0.946474
vt 0.936256 0.954801
vt 0.004919 0.443970
vt 0.009398 0.437703
vt 0.000122 0.435736
vt 0.706938 0.496601
vt 0.921511 0.959011
vt 0.665749 0.468456
vt 0.672182 0.478438
vt 0.676349 0.469698
vt 0.231808 0.915134
vt 0.663537 0.480056
vt 0.692170 0.484906
vt 0.004712 0.431031
vt 0.287231 0.130738
vt 0.292581 0.140747
vt 0.301634 0.133496
vt 0.698212 0.486840
vt 0.712242 0.472517
vt 0.709544 0.447676
vt 0.225259 0.949656
vt 0.936032 0.941558
vt 0.042436 0.277868
vt 0.058739 0.286311
vt 0.057985 0.270959
vt 0.965105 0.261287
vt 0.826429 0.230348
vt 0.818237 0.236058
vt 0.828246 0.239624
vt 0.682354 0.477637
vt 0.398560 0.074227
vt 0.402777 0.082153
vt 0.404174 0.072144
vt 0.346313 0.381227
vt 0.337036 0.382844
vt 0.345889 0.393433
vt 0.330444 0.390135
vt 0.338591 0.397827
vt 0.338988 0.385621
vt 0.043934 0.261474
vt 0.061398 0.261112
vt 0.858353 0.946735
vt 0.230588 0.890590
vt 0.880442 0.665823
vt 0.044642 0.300415
vt 0.755469 0.011712
vt 0.759982 0.002370
vt 0.694275 0.001437
vt 0.705827 0.010376
vt 0.721236 0.010148
vt 0.874461 0.717486
vt 0.693580 0.006058
vt 0.034783 0.288992
vt 0.695838 0.452897
vt 0.807251 0.245331
vt 0.811722 0.250610
vt 0.820189 0.239869
vt 0.215418 0.521606
vt 0.219510 0.504189
vt 0.213257 0.505701
vt 0.717603 0.462794
vt 0.690729 0.434003
vt 0.680473 0.007105
vt 0.671735 0.003273
vt 0.914398 0.939110
vt 0.728637 0.433398
vt 0.722077 0.453354
vt 0.701182 0.418850
vt 0.717185 0.422313
vt 0.030398 0.268925
vt 0.739612 0.429184
vt 0.729101 0.409740
vt 0.243770 0.896956
vt 0.242224 0.885138
vt 0.709237 0.406512
vt 0.022581 0.238404
vt 0.006819 0.244784
vt 0.021634 0.249878
vt 0.113981 0.977082
vt 0.139444 0.978086
vt 0.114363 0.964663
vt 0.099731 0.965455
vt 0.099886 0.953090
vt 0.897496 0.741252
vt 0.896468 0.753865
vt 0.912347 0.745719
vt 0.922710 0.763976
vt 0.902586 0.778922
vt 0.946392 0.776519
vt 0.167600 0.314113
vt 0.158466 0.311083
vt 0.151428 0.328540
vt 0.123845 0.946647
vt 0.949157 0.744823
vt 0.863177 0.915447
vt 0.854858 0.923739
vt 0.867094 0.933232
vt 0.151347 0.971642
vt 0.156611 0.960763
vt 0.140084 0.957910
vt 0.894985 0.910677
vt 0.890116 0.927774
vt 0.918214 0.793992
vt 0.929638 0.791948
vt 0.148092 0.943394
vt 0.134068 0.932744
vt 0.107033 0.939861
vt 0.406371 0.511352
vt 0.403071 0.500133
vt 0.395630 0.496217
vt 0.788137 0.137330
vt 0.780151 0.146606
vt 0.799681 0.138495
vt 0.111903 0.445682
vt 0.104549 0.463595
vt 0.114134 0.454354
vt 0.423539 0.591834
vt 0.414952 0.589977
vt 0.412699 0.602149
vt 0.096648 0.872346
vt 0.073188 0.879873
vt 0.088587 0.881958
vt 0.866461 0.896557
vt 0.900773 0.937311
vt 0.422481 0.635472
vt 0.427112 0.610698
vt 0.719473 0.366757
vt 0.706766 0.390563
vt 0.709872 0.399393
vt 0.106803 0.851013
vt 0.090791 0.841239
vt 0.898476 0.927533
vt 0.443148 0.663333
vt 0.447848 0.646148
vt 0.697579 0.368271
vt 0.897558 0.889951
vt 0.078684 0.869877
vt 0.050179 0.868470
vt 0.099521 0.480677
vt 0.063762 0.831085
vt 0.068437 0.839038
vt 0.716297 0.350030
vt 0.704243 0.349278
vt 0.081917 0.848879
vt 0.682739 0.087280
vt 0.705198 0.079326
vt 0.694536 0.073610
vt 0.701897 0.408548
vt 0.666216 0.443258
vt 0.686917 0.429838
vt 0.153483 0.320147
vt 0.062227 0.848244
vt 0.048364 0.534231
vt 0.043335 0.550903
vt 0.053051 0.531787
vt 0.042357 0.505915
vt 0.036762 0.505007
vt 0.031616 0.523804
vt 0.675936 0.410234
vt 0.684761 0.398958
vt 0.671207 0.384386
vt 0.439109 0.624801
vt 0.140015 0.318404
vt 0.145380 0.304530
vt 0.154123 0.302300
vt 0.048304 0.518041
vt 0.331177 0.481842
vt 0.341553 0.486450
vt 0.342650 0.478965
vt 0.050204 0.508671
vt 0.215454 0.161505
vt 0.221457 0.185446
vt 0.266357 0.170081
vt 0.250944 0.196088
vt 0.721955 0.024292
vt 0.724975 0.019346
vt 0.718628 0.018677
vt 0.431822 0.328770
vt 0.422531 0.308583
vt 0.418013 0.313424
vt 0.151822 0.301394
vt 0.464208 0.655380
vt 0.243098 0.229965
vt 0.250551 0.212412
vt 0.926390 0.181353
vt 0.912720 0.175416
vt 0.915887 0.186157
vt 0.207988 0.558960
vt 0.210782 0.549186
vt 0.203048 0.540632
vt 0.968863 0.022339
vt 0.963257 0.027954
vt 0.975463 0.023929
vt 0.991594 0.741876
vt 0.967963 0.735318
vt 0.412780 0.293379
vt 0.407134 0.294433
vt 0.940134 0.452759
vt 0.952054 0.439770
vt 0.944232 0.438921
vt 0.333813 0.472047
vt 0.488936 0.541382
vt 0.493530 0.525514
vt 0.486450 0.533111
vt 0.059480 0.840062
vt 0.050288 0.879375
vt 0.059553 0.880528
vt 0.217029 0.141500
vt 0.483182 0.670426
vt 0.208812 0.533572
vt 0.956133 0.729132
vt 0.594225 0.531685
vt 0.621762 0.524350
vt 0.615139 0.504188
vt 0.994104 0.755458
vt 0.658311 0.361166
vt 0.027489 0.859777
vt 0.956932 0.786797
vt 0.965978 0.785395
vt 0.021362 0.078491
vt 0.029906 0.074129
vt 0.024210 0.070679
vt 0.030504 0.876533
vt 0.499228 0.342895
vt 0.506713 0.339231
vt 0.498901 0.332154
vt 0.224809 0.121530
vt 0.251970 0.145652
vt 0.477495 0.690929
vt 0.367833 0.792466
vt 0.361906 0.827082
vt 0.379311 0.786187
vt 0.672558 0.410221
vt 0.666771 0.413649
vt 0.668275 0.419371
vt 0.651515 0.436709
vt 0.661447 0.418978
vt 0.658088 0.420952
vt 0.803589 0.002319
vt 0.818724 0.001233
vt 0.810609 0.000366
vt 0.676168 0.420744
vt 0.936890 0.439359
vt 0.464230 0.003008
vt 0.453926 0.000367
vt 0.451378 0.002868
vt 0.345012 0.832707
vt 0.196733 0.152098
vt 0.215207 0.141129
vt 0.206486 0.141118
vt 0.657729 0.445367
vt 0.741333 0.484253
vt 0.744751 0.483370
vt 0.742368 0.462526
vt 0.276653 0.154986
vt 0.227905 0.481323
vt 0.242308 0.463191
vt 0.240568 0.461062
vt 0.553650 0.589293
vt 0.566185 0.579467
vt 0.553572 0.576465
vt 0.661379 0.397731
vt 0.436556 0.447967
vt 0.430417 0.461603
vt 0.442992 0.464477
vt 0.493571 0.020140
vt 0.487183 0.023384
vt 0.496955 0.024292
vt 0.673066 0.407322
vt 0.460009 0.646308
vt 0.465829 0.649738
vt 0.640448 0.378472
vt 0.655543 0.419587
vt 0.999623 0.769066
vt 0.978782 0.779812
vt 0.369525 0.781134
vt 0.891966 0.419928
vt 0.886966 0.416383
vt 0.878401 0.429422
vt 0.656691 0.371737
vt 0.633983 0.447892
vt 0.898071 0.005981
vt 0.902221 0.005716
vt 0.899792 0.000367
vt 0.629911 0.431473
vt 0.349558 0.802763
vt 0.487452 0.698852
vt 0.502902 0.667575
vt 0.474562 0.657047
vt 0.375782 0.192706
vt 0.360475 0.189983
vt 0.376375 0.198608
vt 0.178101 0.026489
vt 0.191039 0.026211
vt 0.185287 0.022094
vt 0.212115 0.137331
vt 0.526454 0.682656
vt 0.820435 0.013771
vt 0.824585 0.014038
vt 0.824469 0.007691
vt 0.270260 0.209327
vt 0.298905 0.215911
vt 0.545776 0.501831
vt 0.549926 0.499325
vt 0.546709 0.480105
vt 0.473293 0.539431
vt 0.470337 0.558302
vt 0.475952 0.561157
vt 0.574147 0.565936
vt 0.571381 0.590113
vt 0.606399 0.570464
vt 0.596179 0.567795
vt 0.892876 0.105104
vt 0.892212 0.112810
vt 0.895630 0.118042
vt 0.223039 0.583721
vt 0.211070 0.604474
vt 0.219736 0.627315
vt 0.666181 0.405170
vt 0.365601 0.073386
vt 0.370483 0.076294
vt 0.368179 0.064820
vt 0.178213 0.020142
vt 0.591187 0.762069
vt 0.597889 0.772474
vt 0.592306 0.750371
vt 0.600350 0.787861
vt 0.617758 0.786443
vt 0.500121 0.018677
vt 0.081610 0.465261
vt 0.077940 0.466172
vt 0.076022 0.487183
vt 0.586520 0.546852
vt 0.595870 0.549620
vt 0.608178 0.754333
vt 0.262289 0.255619
vt 0.308634 0.262553
vt 0.536519 0.541580
vt 0.543622 0.563659
vt 0.547750 0.539815
vt 0.360641 0.097635
vt 0.346674 0.082471
vt 0.351706 0.108683
vt 0.606433 0.796950
vt 0.386593 0.190425
vt 0.593603 0.562191
vt 0.609025 0.536109
vt 0.248168 0.446899
vt 0.240356 0.433229
vt 0.240783 0.444162
vt 0.334417 0.097458
vt 0.341446 0.112340
vt 0.583572 0.902007
vt 0.589964 0.914917
vt 0.594599 0.904485
vt 0.587026 0.885536
vt 0.237269 0.622064
vt 0.307740 0.810585
vt 0.330343 0.835062
vt 0.784598 0.231477
vt 0.794770 0.233032
vt 0.799681 0.222291
vt 0.112548 0.762864
vt 0.097464 0.771511
vt 0.105183 0.781761
vt 0.588537 0.519722
vt 0.608298 0.766850
vt 0.730347 0.524782
vt 0.735752 0.539917
vt 0.737426 0.527321
vt 0.105188 0.758299
vt 0.538258 0.519577
vt 0.517876 0.529768
vt 0.334259 0.079393
vt 0.572902 0.910527
vt 0.562663 0.520839
vt 0.808051 0.736804
vt 0.814225 0.739143
vt 0.692993 0.337288
vt 0.697287 0.348755
vt 0.703002 0.337281
vt 0.128296 0.049670
vt 0.149454 0.051048
vt 0.151686 0.043319
vt 0.122189 0.795056
vt 0.122018 0.780769
vt 0.256863 0.629618
vt 0.361017 0.078504
vt 0.895834 0.017438
vt 0.888566 0.011353
vt 0.873901 0.014906
vt 0.637295 0.425755
vt 0.601104 0.431994
vt 0.502318 0.331177
vt 0.491577 0.319703
vt 0.496093 0.327238
vt 0.283511 0.119106
vt 0.347878 0.057365
vt 0.260197 0.547877
vt 0.233130 0.564725
vt 0.268952 0.109477
vt 0.623120 0.452508
vt 0.261560 0.616808
vt 0.634734 0.771202
vt 0.268503 0.592251
vt 0.966891 0.926624
vt 0.942389 0.905641
vt 0.959419 0.923634
vt 0.369658 0.330459
vt 0.359075 0.307669
vt 0.351614 0.324281
vt 0.375580 0.321353
vt 0.074000 0.450709
vt 0.079320 0.446737
vt 0.230298 0.549115
vt 0.355001 0.339966
vt 0.236889 0.295537
vt 0.254040 0.312226
vt 0.245118 0.296946
vt 0.006894 0.522339
vt 0.009398 0.508668
vt 0.000122 0.513579
vt 0.380046 0.165649
vt 0.386596 0.160742
vt 0.377319 0.157105
vt 0.330444 0.536176
vt 0.334756 0.539917
vt 0.337258 0.525512
vt 0.286898 0.134060
vt 0.247681 0.368776
vt 0.255379 0.387106
vt 0.265637 0.371722
vt 0.520670 0.553162
vt 0.534636 0.543472
vt 0.849923 0.017945
vt 0.846802 0.022823
vt 0.865599 0.024292
vt 0.126000 0.769525
vt 0.567525 0.889264
vt 0.811100 0.686697
vt 0.331024 0.235480
vt 0.304453 0.207291
vt 0.315589 0.210357
vt 0.604791 0.440002
vt 0.567367 0.874772
vt 0.029292 0.508379
vt 0.019165 0.517859
vt 0.024975 0.523071
vt 0.145448 0.775319
vt 0.119554 0.755735
vt 0.602616 0.454431
vt 0.589668 0.442656
vt 0.983032 0.077800
vt 0.984661 0.083224
vt 0.993412 0.075952
vt 0.020256 0.505682
vt 0.383929 0.375205
vt 0.378733 0.368043
vt 0.369995 0.380096
vt 0.351947 0.236864
vt 0.557391 0.893084
vt 0.008011 0.335084
vt 0.000122 0.337491
vt 0.010863 0.346558
vt 0.377319 0.367065
vt 0.385131 0.363164
vt 0.381899 0.355592
vt 0.309430 0.291260
vt 0.556581 0.848016
vt 0.144194 0.784087
vt 0.263546 0.278349
vt 0.262630 0.268860
vt 0.256261 0.291537
vt 0.246282 0.277110
vt 0.238128 0.287913
vt 0.204229 0.487557
vt 0.211637 0.489380
vt 0.215142 0.475112
vt 0.206602 0.472330
vt 0.153810 0.013719
vt 0.134590 0.016648
vt 0.161670 0.025611
vt 0.755021 0.018203
vt 0.748353 0.032349
vt 0.759396 0.028299
vt 0.220883 0.451372
vt 0.202271 0.452360
vt 0.203843 0.462993
vt 0.026273 0.488930
vt 0.143709 0.798082
vt 0.698193 0.282352
vt 0.694975 0.302196
vt 0.703732 0.291794
vt 0.613543 0.381048
vt 0.361285 0.214404
vt 0.144947 0.025663
vt 0.357134 0.201728
vt 0.698699 0.310139
vt 0.979858 0.084459
vt 0.975524 0.077271
vt 0.971313 0.085083
vt 0.588011 0.435042
vt 0.580694 0.426637
vt 0.576047 0.438050
vt 0.249503 0.519617
vt 0.950560 0.024218
vt 0.935191 0.025796
vt 0.945649 0.030151
vt 0.679661 0.301440
vt 0.692918 0.311134
vt 0.157628 0.032731
vt 0.971067 0.103910
vt 0.950073 0.099977
vt 0.962588 0.110718
vt 0.354952 0.162670
vt 0.365355 0.165016
vt 0.362583 0.158587
vt 0.126083 0.004667
vt 0.128510 0.009883
vt 0.137543 0.001943
vt 0.575622 0.387095
vt 0.595414 0.381869
vt 0.916145 0.187135
vt 0.912720 0.198608
vt 0.928587 0.188754
vt 0.764525 0.439237
vt 0.754870 0.436042
vt 0.753052 0.445434
vt 0.020653 0.482304
vt 0.279009 0.587485
vt 0.273229 0.600214
vt 0.406262 0.773401
vt 0.406738 0.767956
vt 0.542647 0.850386
vt 0.284110 0.595079
vt 0.725952 0.022865
vt 0.121695 0.016256
vt 0.165182 0.324098
vt 0.159058 0.326241
vt 0.169066 0.334839
vt 0.292019 0.581758
vt 0.286314 0.564148
vt 0.940721 0.151733
vt 0.945433 0.144400
vt 0.932069 0.143589
vt 0.254235 0.273516
vt 0.540649 0.843391
vt 0.824773 0.110544
vt 0.836488 0.098512
vt 0.815308 0.100792
vt 0.839963 0.109947
vt 0.790158 0.012669
vt 0.782004 0.007110
vt 0.777609 0.018433
vt 0.782836 0.223756
vt 0.772095 0.225479
vt 0.774826 0.232300
vt 0.558352 0.315057
vt 0.561628 0.300958
vt 0.540404 0.311133
vt 0.958638 0.261597
vt 0.964477 0.254062
vt 0.956665 0.251588
vt 0.547605 0.283086
vt 0.548798 0.289977
vt 0.270873 0.288696
vt 0.268450 0.279756
vt 0.263794 0.284493
vt 0.420177 0.792674
vt 0.410990 0.808764
vt 0.432064 0.801056
vt 0.423809 0.757184
vt 0.418196 0.770246
vt 0.429734 0.774045
vt 0.066014 0.485718
vt 0.076048 0.472283
vt 0.062886 0.480225
vt 0.359496 0.115221
vt 0.344360 0.113160
vt 0.357996 0.122436
vt 0.300246 0.343488
vt 0.289429 0.334942
vt 0.292114 0.348336
vt 0.288753 0.534543
vt 0.161016 0.009213
vt 0.149747 0.006934
vt 0.437063 0.767213
vt 0.067216 0.468385
vt 0.759644 0.014272
vt 0.479858 0.057927
vt 0.493046 0.059448
vt 0.497923 0.052369
vt 0.340847 0.840819
vt 0.635384 0.464142
vt 0.287380 0.281276
vt 0.514768 0.066285
vt 0.489650 0.074862
vt 0.496537 0.077130
vt 0.639741 0.466266
vt 0.617375 0.470111
vt 0.608494 0.480552
vt 0.326041 0.841314
vt 0.805037 0.734243
vt 0.315857 0.833773
vt 0.311116 0.829915
vt 0.793130 0.729604
vt 0.778525 0.719168
vt 0.803674 0.733525
vt 0.747356 0.969158
vt 0.725220 0.969708
vt 0.755782 0.977455
vt 0.321055 0.299051
vt 0.331338 0.297889
vt 0.676269 0.440553
vt 0.674683 0.454224
vt 0.685424 0.444377
vt 0.967404 0.000823
vt 0.943151 0.001018
vt 0.947891 0.005981
vt 0.601713 0.470414
vt 0.610911 0.458255
vt 0.449097 0.318240
vt 0.186890 0.014770
vt 0.196166 0.010747
vt 0.189331 0.009156
vt 0.909558 0.116553
vt 0.916136 0.109614
vt 0.896900 0.108263
vt 0.671369 0.293045
vt 0.660034 0.292604
vt 0.672972 0.306274
vt 0.902475 0.119543
vt 0.364931 0.106192
vt 0.370480 0.092744
vt 0.673916 0.307329
vt 0.675819 0.318690
vt 0.364254 0.059011
vt 0.813969 0.891966
vt 0.802856 0.901630
vt 0.809175 0.907551
vt 0.836926 0.851188
vt 0.813007 0.880914
vt 0.848156 0.859666
vt 0.838009 0.881563
vt 0.847691 0.888767
vt 0.823152 0.905457
vt 0.816616 0.915649
vt 0.861807 0.867383
vt 0.479064 0.761302
vt 0.606109 0.887734
vt 0.597796 0.886934
vt 0.594849 0.895844
vt 0.490819 0.751376
vt 0.839038 0.096526
vt 0.850862 0.116275
vt 0.063597 0.301279
vt 0.052547 0.298091
vt 0.059464 0.306274
vt 0.221801 0.104858
vt 0.219474 0.097779
vt 0.209595 0.099156
vt 0.286098 0.104235
vt 0.302386 0.108182
vt 0.283600 0.097279
vt 0.948790 0.210978
vt 0.961986 0.213534
vt 0.239480 0.269653
vt 0.726155 0.399677
vt 0.727082 0.385393
vt 0.717896 0.394211
vt 0.092570 0.247681
vt 0.095092 0.238404
vt 0.085083 0.239469
vt 0.687660 0.246948
vt 0.695677 0.236213
vt 0.682007 0.235475
vt 0.306027 0.100030
vt 0.777954 0.400895
vt 0.786498 0.409546
vt 0.781280 0.397340
vt 0.709906 0.334696
vt 0.699585 0.332887
vt 0.711569 0.341715
vt 0.017113 0.283311
vt 0.007746 0.281999
vt 0.026548 0.277224
vt 0.019265 0.277487
vt 0.910277 0.410762
vt 0.898804 0.401002
vt 0.903537 0.413208
vt 0.000122 0.288341
vt 0.029172 0.288413
vt 0.900756 0.184205
vt 0.890747 0.185859
vt 0.896996 0.192749
vt 0.077759 0.032915
vt 0.097712 0.039294
vt 0.093449 0.032668
vt 0.650472 0.517014
vt 0.501586 0.518591
vt 0.493484 0.523686
vt 0.499849 0.533302
vt 0.648579 0.490718
vt 0.434336 0.377178
vt 0.000122 0.136597
vt 0.009758 0.143677
vt 0.011596 0.139139
vt 0.700692 0.033435
vt 0.451179 0.288947
vt 0.627478 0.990048
vt 0.400262 0.122436
vt 0.403442 0.113892
vt 0.395630 0.115298
vt 0.903684 0.047468
vt 0.894512 0.039918
vt 0.882993 0.041033
vt 0.654048 0.476595
vt 0.648849 0.510752
vt 0.782099 0.991089
vt 0.769667 0.978691
vt 0.568684 0.469882
vt 0.583943 0.483520
vt 0.278890 0.830672
vt 0.255737 0.815555
vt 0.271073 0.831348
vt 0.494138 0.066967
vt 0.516391 0.050367
vt 0.512072 0.046652
vt 0.273985 0.818438
vt 0.343658 0.302612
vt 0.355263 0.274787
vt 0.292689 0.841715
vt 0.556559 0.455104
vt 0.559481 0.443163
vt 0.772582 0.544945
vt 0.766511 0.533571
vt 0.765503 0.549438
vt 0.445435 0.477907
vt 0.448649 0.500366
vt 0.458373 0.484308
vt 0.314740 0.842315
vt 0.367791 0.296207
vt 0.390579 0.268145
vt 0.373365 0.244074
vt 0.542894 0.443459
vt 0.528478 0.467648
vt 0.546497 0.470751
vt 0.546644 0.478648
vt 0.503631 0.470673
vt 0.559705 0.478268
vt 0.335779 0.846957
vt 0.402626 0.290078
vt 0.415775 0.269230
vt 0.428096 0.285016
vt 0.339668 0.842677
vt 0.375787 0.834341
vt 0.367564 0.822715
vt 0.377338 0.830413
vt 0.423854 0.264583
vt 0.487893 0.546577
vt 0.484287 0.556324
vt 0.518593 0.495323
vt 0.510226 0.500859
vt 0.432448 0.384538
vt 0.427124 0.396961
vt 0.439256 0.402631
vt 0.543559 0.971410
vt 0.537665 0.957111
vt 0.529183 0.956715
vt 0.609538 0.495040
vt 0.605828 0.498352
vt 0.996702 0.419067
vt 0.988687 0.403185
vt 0.988640 0.409757
vt 0.052124 0.001553
vt 0.063045 0.005981
vt 0.073118 0.000367
vt 0.643986 0.490358
vt 0.635132 0.502484
vt 0.644727 0.499035
vt 0.532487 0.951751
vt 0.623150 0.505706
vt 0.614723 0.494031
vt 0.043736 0.435369
vt 0.044153 0.426637
vt 0.036011 0.434386
vt 0.227539 0.107338
vt 0.234699 0.098614
vt 0.946465 0.096509
vt 0.951863 0.080252
vt 0.933205 0.086449
vt 0.978638 0.398773
vt 0.978985 0.387088
vt 0.528768 0.927472
vt 0.923423 0.070655
vt 0.940886 0.060116
vt 0.962527 0.064765
vt 0.971064 0.077583
vt 0.528090 0.915167
vt 0.467981 0.907745
vt 0.460279 0.933900
vt 0.484019 0.946413
vt 0.963850 0.095720
vt 0.534080 0.908576
vt 0.246501 0.069054
vt 0.238600 0.089698
vt 0.270955 0.096351
vt 0.587669 0.507551
vt 0.936631 0.883364
vt 0.927079 0.879548
vt 0.926584 0.893295
vt 0.919312 0.887296
vt 0.930785 0.097465
vt 0.425533 0.971844
vt 0.390114 0.964248
vt 0.397846 0.980753
vt 0.457339 0.894470
vt 0.950121 0.050908
vt 0.099411 0.029765
vt 0.117060 0.030151
vt 0.116238 0.022326
vt 0.375854 0.977416
vt 0.562622 0.495106
vt 0.571254 0.501099
vt 0.575560 0.492477
vt 0.687187 0.087373
vt 0.692656 0.096069
vt 0.705198 0.095097
vt 0.568237 0.381382
vt 0.561890 0.375367
vt 0.564641 0.388306
vt 0.322585 0.154289
vt 0.330845 0.157359
vt 0.327313 0.148747
vt 0.312858 0.156739
vt 0.924576 0.011805
vt 0.916029 0.009280
vt 0.931692 0.028058
vt 0.896897 0.019120
vt 0.903069 0.031726
vt 0.311029 0.148103
vt 0.341248 0.186157
vt 0.353636 0.185014
vt 0.334839 0.176881
vt 0.570572 0.478640
vt 0.179565 0.538731
vt 0.183859 0.553100
vt 0.186645 0.536501
vt 0.625492 0.498322
vt 0.624146 0.508423
vt 0.630900 0.504233
vt 0.634887 0.493288
vt 0.919277 0.050659
vt 0.942540 0.047034
vt 0.430937 0.908585
vt 0.435739 0.918673
vt 0.403687 0.158172
vt 0.418089 0.164184
vt 0.412212 0.154176
vt 0.982611 0.340672
vt 0.998668 0.338829
vt 0.985417 0.334352
vt 0.308542 0.072537
vt 0.273381 0.029619
vt 0.259165 0.042733
vt 0.315607 0.162997
vt 0.304121 0.164467
vt 0.926747 0.900202
vt 0.287463 0.087969
vt 0.903656 0.001766
vt 0.424778 0.953306
vt 0.398520 0.952197
vt 0.433466 0.965109
vt 0.399121 0.922918
vt 0.392617 0.905940
vt 0.383244 0.917283
vt 0.959501 0.809719
vt 0.951747 0.822975
vt 0.966667 0.817647
vt 0.935414 0.868164
vt 0.942960 0.861625
vt 0.033081 0.334458
vt 0.043402 0.342003
vt 0.042184 0.329959
vt 0.959983 0.882110
vt 0.054668 0.348593
vt 0.379887 0.900928
vt 0.952751 0.836119
vt 0.951538 0.156836
vt 0.964476 0.163452
vt 0.957572 0.154176
vt 0.066528 0.295288
vt 0.064226 0.283815
vt 0.060181 0.290094
vt 0.395246 0.888368
vt 0.377319 0.888049
vt 0.089857 0.006169
vt 0.447851 0.890997
vt 0.305069 0.172974
vt 0.923660 0.052282
vt 0.294556 0.171817
vt 0.401777 0.944462
vt 0.908981 0.046052
vt 0.941545 0.823132
vt 0.943892 0.843115
vt 0.979370 0.353882
vt 0.950565 0.786260
vt 0.944305 0.796852
vt 0.965818 0.797342
vt 0.127126 0.317987
vt 0.123489 0.315591
vt 0.118774 0.315487
vt 0.125040 0.307984
vt 0.920928 0.000371
vt 0.769165 0.401603
vt 0.776074 0.403686
vt 0.779174 0.390748
vt 0.293394 0.028001
vt 0.414875 0.909274
vt 0.681873 0.952350
vt 0.677129 0.957561
vt 0.689078 0.961059
vt 0.292221 0.008698
vt 0.404466 0.923982
vt 0.277889 0.347371
vt 0.289183 0.348022
vt 0.277710 0.336549
vt 0.081848 0.026986
vt 0.415221 0.883953
vt 0.399543 0.875615
vt 0.959595 0.458618
vt 0.966674 0.448239
vt 0.960871 0.445680
vt 0.432312 0.901963
vt 0.926436 0.800452
vt 0.078270 0.000369
vt 0.925444 0.839861
vt 0.420508 0.034816
vt 0.442523 0.036821
vt 0.414273 0.025048
vt 0.428845 0.026360
vt 0.291719 0.096210
vt 0.313644 0.084279
vt 0.643571 0.934317
vt 0.655865 0.950670
vt 0.264393 0.498362
vt 0.248720 0.484734
vt 0.946894 0.042669
vt 0.941056 0.035488
vt 0.664705 0.953196
vt 0.280246 0.512823
vt 0.078491 0.406863
vt 0.321772 0.074780
vt 0.917361 0.820671
vt 0.068574 0.015977
vt 0.724960 0.463003
vt 0.721558 0.472534
vt 0.730953 0.469749
vt 0.404172 0.019897
vt 0.397943 0.011181
vt 0.393956 0.015474
vt 0.904500 0.832676
vt 0.326723 0.044163
vt 0.330144 0.064632
vt 0.734888 0.455730
vt 0.144045 0.918781
vt 0.144797 0.908394
vt 0.382780 0.012482
vt 0.327309 0.146606
vt 0.328002 0.138795
vt 0.317993 0.143376
vt 0.121738 0.939087
vt 0.130873 0.938272
vt 0.277539 0.335538
vt 0.255413 0.341910
vt 0.265312 0.345268
vt 0.068847 0.813872
vt 0.082387 0.820642
vt 0.091972 0.800898
vt 0.275239 0.343177
vt 0.278402 0.352417
vt 0.901562 0.805021
vt 0.999632 0.446937
vt 0.991031 0.434818
vt 0.992854 0.452026
vt 0.338986 0.192016
vt 0.324811 0.180926
vt 0.326379 0.186963
vt 0.439843 0.403919
vt 0.440411 0.415405
vt 0.445922 0.408343
vt 0.377861 0.770765
vt 0.381441 0.746013
vt 0.371460 0.748541
vt 0.269618 0.326344
vt 0.703246 0.010890
vt 0.679624 0.016067
vt 0.706230 0.016138
vt 0.989673 0.425173
vt 0.983519 0.440629
vt 0.056282 0.818351
vt 0.064470 0.829062
vt 0.414229 0.320923
vt 0.412121 0.310719
vt 0.404419 0.317831
vt 0.687158 0.018202
vt 0.278443 0.317745
vt 0.386615 0.764021
vt 0.440790 0.895738
vt 0.028265 0.363649
vt 0.023560 0.375122
vt 0.031371 0.371469
vt 0.425882 0.747038
vt 0.423293 0.743782
vt 0.311575 0.179902
vt 0.651372 0.956612
vt 0.221792 0.843973
vt 0.242710 0.825436
vt 0.308558 0.173220
vt 0.999633 0.532479
vt 0.994988 0.525514
vt 0.991821 0.542114
vt 0.326993 0.038598
vt 0.897822 0.799054
vt 0.910681 0.789850
vt 0.010709 0.477017
vt 0.000122 0.487915
vt 0.013793 0.485149
vt 0.002095 0.476754
vt 0.270386 0.974484
vt 0.287740 0.985893
vt 0.671021 0.023559
vt 0.818167 0.146851
vt 0.814575 0.155395
vt 0.828246 0.153764
vt 0.452419 0.130738
vt 0.448364 0.138619
vt 0.462767 0.140015
vt 0.247469 0.859558
vt 0.303345 0.189146
vt 0.048066 0.355347
vt 0.631522 0.244980
vt 0.620784 0.260181
vt 0.644406 0.240602
vt 0.623284 0.248569
vt 0.080598 0.503725
vt 0.074829 0.515747
vt 0.085314 0.514203
vt 0.110454 0.796962
vt 0.614624 0.256308
vt 0.085570 0.499879
vt 0.030012 0.420119
vt 0.020643 0.417120
vt 0.029101 0.437849
vt 0.426917 0.781662
vt 0.176594 0.255250
vt 0.176176 0.263013
vt 0.182982 0.258652
vt 0.394473 0.115284
vt 0.270292 0.408903
vt 0.252548 0.419377
vt 0.737198 0.647911
vt 0.197381 0.088745
vt 0.197631 0.081153
vt 0.191820 0.087554
vt 0.245400 0.958153
vt 0.253242 0.956120
vt 0.447632 0.224231
vt 0.449861 0.230835
vt 0.456768 0.223409
vt 0.008587 0.945130
vt 0.020403 0.952270
vt 0.909858 0.979658
vt 0.735959 0.215999
vt 0.730920 0.206911
vt 0.432101 0.240601
vt 0.430786 0.246404
vt 0.441527 0.249878
vt 0.433716 0.605020
vt 0.442728 0.616089
vt 0.445209 0.608158
vt 0.387162 0.125830
vt 0.394869 0.131225
vt 0.243269 0.407848
vt 0.519695 0.427874
vt 0.388548 0.796061
vt 0.000122 0.943700
vt 0.197759 0.499426
vt 0.192907 0.478954
vt 0.190552 0.494392
vt 0.561596 0.845214
vt 0.727121 0.481325
vt 0.721411 0.472780
vt 0.713501 0.476694
vt 0.254640 0.400810
vt 0.116983 0.831282
vt 0.273261 0.903826
vt 0.262218 0.914184
vt 0.252136 0.462790
vt 0.251629 0.436332
vt 0.432685 0.788095
vt 0.383666 0.203492
vt 0.372192 0.198853
vt 0.379952 0.208862
vt 0.721767 0.486070
vt 0.749876 0.385849
vt 0.747594 0.374635
vt 0.733151 0.380731
vt 0.509330 0.958891
vt 0.522663 0.948738
vt 0.136464 0.893267
vt 0.156496 0.893248
vt 0.145394 0.884666
vt 0.741093 0.389770
vt 0.571507 0.431159
vt 0.558960 0.428145
vt 0.562475 0.441040
vt 0.144164 0.305542
vt 0.142482 0.295896
vt 0.134155 0.294801
vt 0.148626 0.907345
vt 0.600121 0.948404
vt 0.591722 0.950488
vt 0.598216 0.962151
vt 0.006211 0.964307
vt 0.000667 0.953507
vt 0.554565 0.830938
vt 0.538779 0.329225
vt 0.536255 0.340698
vt 0.545531 0.336832
vt 0.104259 0.841553
vt 0.107039 0.849965
vt 0.129592 0.879762
vt 0.143987 0.874684
vt 0.069760 0.046570
vt 0.058980 0.043002
vt 0.068352 0.049927
vt 0.103394 0.833219
vt 0.213393 0.171509
vt 0.551795 0.502077
vt 0.543579 0.507619
vt 0.552880 0.515333
vt 0.061893 0.037463
vt 0.718736 0.625750
vt 0.566022 0.422243
vt 0.376899 0.365424
vt 0.369434 0.348762
vt 0.355400 0.340271
vt 0.525040 0.419118
vt 0.446899 0.016021
vt 0.453979 0.018433
vt 0.453771 0.012818
vt 0.215206 0.160178
vt 0.128419 0.866238
vt 0.574827 0.434765
vt 0.653834 0.910471
vt 0.188642 0.799654
vt 0.181642 0.806004
vt 0.196157 0.805406
vt 0.524955 0.958986
vt 0.460255 0.611157
vt 0.481791 0.602185
vt 0.470349 0.584432
vt 0.455309 0.593842
vt 0.457941 0.602825
vt 0.585275 0.962062
vt 0.061399 0.316676
vt 0.105346 0.460083
vt 0.104590 0.447378
vt 0.093872 0.445680
vt 0.637541 0.920675
vt 0.894160 0.037128
vt 0.889413 0.028240
vt 0.238707 0.427822
vt 0.233959 0.415020
vt 0.230560 0.426886
vt 0.985160 0.944679
vt 0.979341 0.947419
vt 0.981197 0.961549
vt 0.395200 0.816477
vt 0.246265 0.433035
vt 0.161471 0.914917
vt 0.575806 0.975708
vt 0.578597 0.959793
vt 0.009050 0.036255
vt 0.005416 0.043335
vt 0.015257 0.041650
vt 0.445189 0.391106
vt 0.000122 0.036563
vt 0.860754 0.975867
vt 0.802030 0.395630
vt 0.809935 0.389124
vt 0.798462 0.383424
vt 0.535235 0.326963
vt 0.993594 0.954297
vt 0.993635 0.973294
vt 0.371663 0.208671
vt 0.174670 0.793173
vt 0.243055 0.461407
vt 0.488647 0.038208
vt 0.495727 0.036629
vt 0.488930 0.031129
vt 0.363724 0.221642
vt 0.640605 0.926495
vt 0.976140 0.976670
vt 0.030884 0.316971
vt 0.039428 0.322388
vt 0.036979 0.311646
vt 0.585327 0.239031
vt 0.604619 0.249065
vt 0.593335 0.236211
vt 0.638019 0.928833
vt 0.627600 0.920608
vt 0.629014 0.908804
vt 0.712138 0.789036
vt 0.711225 0.797920
vt 0.489930 0.570633
vt 0.481456 0.579551
vt 0.975603 0.953032
vt 0.971589 0.964308
vt 0.714709 0.782535
vt 0.121635 0.855108
vt 0.110231 0.855965
vt 0.899918 0.736138
vt 0.887450 0.729709
vt 0.528796 0.432811
vt 0.358218 0.225549
vt 0.363903 0.233778
vt 0.965249 0.972542
vt 0.899685 0.725869
vt 0.465172 0.328979
vt 0.473754 0.320349
vt 0.461548 0.317506
vt 0.874352 0.723900
vt 0.972125 0.985475
vt 0.881198 0.039850
vt 0.846802 0.972563
vt 0.049994 0.029960
vt 0.044800 0.029665
vt 0.962524 0.983443
vt 0.688612 0.284061
vt 0.437864 0.044643
vt 0.221202 0.425499
vt 0.210789 0.433385
vt 0.591791 0.258116
vt 0.605461 0.255488
vt 0.140326 0.811538
vt 0.566894 0.942112
vt 0.551715 0.904041
vt 0.535195 0.945177
vt 0.163533 0.782327
vt 0.348022 0.398073
vt 0.352551 0.412475
vt 0.360228 0.402411
vt 0.999633 0.011537
vt 0.996337 0.009156
vt 0.995483 0.016235
vt 0.948986 0.388114
vt 0.958954 0.393913
vt 0.947217 0.364741
vt 0.050413 0.081374
vt 0.033441 0.075074
vt 0.041614 0.082886
vt 0.677187 0.286355
vt 0.210775 0.451764
vt 0.724486 0.384643
vt 0.737425 0.368044
vt 0.719360 0.372624
vt 0.952976 0.375198
vt 0.238628 0.447918
vt 0.837280 0.007807
vt 0.844550 0.009643
vt 0.853148 0.004761
vt 0.015990 0.152711
vt 0.000122 0.154155
vt 0.011727 0.161987
vt 0.686401 0.194214
vt 0.703001 0.191937
vt 0.691501 0.185096
vt 0.030151 0.077401
vt 0.539675 0.959595
vt 0.254375 0.257450
vt 0.356394 0.244782
vt 0.230103 0.273056
vt 0.012047 0.355409
vt 0.027330 0.363317
vt 0.026835 0.356605
vt 0.888307 0.101693
vt 0.012463 0.339467
vt 0.434247 0.413800
vt 0.425659 0.423099
vt 0.033253 0.349518
vt 0.022797 0.124146
vt 0.015503 0.128488
vt 0.028441 0.132690
vt 0.969919 0.288209
vt 0.966187 0.298218
vt 0.974121 0.296637
vt 0.189761 0.140992
vt 0.185425 0.149321
vt 0.192504 0.150268
vt 0.491577 0.512331
vt 0.274780 0.097885
vt 0.639601 0.377319
s 0
usemtl cirno_low_Material_u1_v1
f 236/1/1 242/2/1 241/3/1
f 248/4/2 245/5/2 261/6/2
f 247/7/3 250/8/3 255/9/3
f 216/10/4 336/11/4 259/12/4
f 258/13/5 257/14/5 261/15/5
f 256/16/6 248/17/6 261/18/6
f 257/19/7 256/16/7 261/18/7
f 719/20/8 722/21/8 699/22/8
f 477/23/9 465/24/9 252/25/9
f 478/26/10 247/27/10 243/28/10
f 478/29/11 243/30/11 252/31/11
f 478/29/12 254/32/12 247/33/12
f 255/9/13 258/34/13 244/35/13
f 466/36/14 478/37/14 465/24/14
f 252/25/15 243/28/15 240/38/15
f 478/37/16 252/25/16 465/24/16
f 259/39/17 242/2/17 260/40/17
f 377/41/18 379/42/18 378/43/18
f 128/44/19 117/45/19 120/46/19
f 432/47/20 433/48/20 133/49/20
f 233/50/21 117/45/21 116/51/21
f 133/49/22 116/51/22 117/45/22
f 143/52/23 133/49/23 117/45/23
f 117/45/24 233/50/24 120/46/24
f 463/53/25 116/51/25 443/54/25
f 116/51/26 133/49/26 433/48/26
f 233/50/27 246/55/27 120/46/27
f 179/56/28 132/57/28 178/58/28
f 179/56/29 178/58/29 181/59/29
f 433/48/30 443/54/30 116/51/30
f 246/55/31 181/60/31 178/61/31
f 464/62/32 467/63/32 116/64/32
f 249/65/33 181/59/33 237/66/33
f 471/67/34 464/68/34 463/69/34
f 233/50/35 235/70/35 237/71/35
f 467/72/36 235/70/36 116/51/36
f 237/71/37 246/55/37 233/50/37
f 246/55/38 178/61/38 120/46/38
f 181/60/39 246/55/39 237/71/39
f 471/73/40 467/63/40 464/62/40
f 116/74/41 463/69/41 464/68/41
f 116/51/42 235/70/42 233/50/42
f 467/75/43 234/76/43 235/77/43
f 238/78/44 237/79/44 235/77/44
f 465/80/45 467/75/45 476/81/45
f 476/81/46 467/82/46 471/83/46
f 5/84/47 3/85/47 22/86/47
f 476/81/48 471/83/48 473/87/48
f 23/88/49 22/89/49 2/90/49
f 5/84/50 22/86/50 10/91/50
f 3/92/51 4/93/51 2/94/51
f 7/95/52 4/96/52 3/97/52
f 22/98/53 23/88/53 24/99/53
f 2/94/54 22/100/54 3/92/54
f 24/101/55 10/102/55 22/103/55
f 351/104/56 119/105/56 364/106/56
f 118/107/57 137/108/57 149/109/57
f 149/109/58 134/110/58 118/107/58
f 147/111/59 146/112/59 141/113/59
f 429/114/60 434/115/60 446/116/60
f 149/117/61 114/118/61 134/119/61
f 118/107/62 119/120/62 137/108/62
f 119/105/63 118/121/63 121/122/63
f 449/123/64 119/124/64 351/125/64
f 114/126/65 139/127/65 155/128/65
f 115/129/66 147/111/66 114/126/66
f 137/108/67 126/130/67 149/109/67
f 115/131/68 126/132/68 137/133/68
f 139/134/69 141/135/69 138/136/69
f 115/129/70 114/126/70 126/137/70
f 14/138/71 7/95/71 3/97/71
f 431/139/72 137/108/72 449/140/72
f 139/127/73 114/126/73 147/111/73
f 147/111/74 115/129/74 429/141/74
f 147/111/75 141/113/75 139/127/75
f 449/140/76 137/108/76 119/120/76
f 14/138/77 12/142/77 7/95/77
f 11/143/78 4/144/78 7/145/78
f 126/146/79 114/118/79 149/117/79
f 25/147/80 23/88/80 2/90/80
f 25/148/81 10/102/81 24/101/81
f 30/149/82 25/147/82 2/90/82
f 24/99/83 23/88/83 25/147/83
f 26/150/84 14/138/84 3/97/84
f 434/151/85 137/152/85 431/153/85
f 115/129/86 434/154/86 429/141/86
f 19/155/87 11/143/87 7/145/87
f 13/156/88 5/84/88 10/91/88
f 434/151/89 115/157/89 137/152/89
f 5/158/90 26/150/90 3/97/90
f 441/159/91 434/151/91 431/153/91
f 364/106/92 119/105/92 121/122/92
f 13/156/93 26/160/93 5/84/93
f 15/161/94 4/162/94 11/163/94
f 13/164/95 10/102/95 25/148/95
f 352/165/96 359/166/96 358/167/96
f 367/168/97 359/169/97 352/170/97
f 7/95/98 12/142/98 19/171/98
f 124/172/99 16/173/99 346/174/99
f 145/175/100 147/111/100 429/141/100
f 30/176/101 2/177/101 4/162/101
f 351/104/102 364/106/102 365/178/102
f 16/173/103 122/179/103 9/180/103
f 127/181/104 9/180/104 122/179/104
f 367/182/105 355/183/105 353/184/105
f 8/185/106 9/186/106 6/187/106
f 8/185/107 16/188/107 9/186/107
f 29/189/108 21/190/108 11/191/108
f 151/192/109 153/193/109 123/194/109
f 154/195/110 151/196/110 159/197/110
f 121/198/111 124/199/111 364/200/111
f 114/118/112 155/201/112 134/119/112
f 122/179/113 16/173/113 124/172/113
f 365/202/114 364/203/114 124/204/114
f 150/205/115 151/192/115 123/194/115
f 30/206/116 13/164/116 25/148/116
f 122/207/117 118/208/117 155/209/117
f 17/210/118 29/211/118 11/212/118
f 124/213/119 121/122/119 122/214/119
f 4/162/120 49/215/120 30/176/120
f 156/216/121 135/217/121 9/180/121
f 138/218/122 150/219/122 155/220/122
f 155/221/123 118/222/123 134/223/123
f 138/218/124 155/220/124 139/224/124
f 121/225/125 118/208/125 122/207/125
f 346/226/126 16/227/126 27/228/126
f 19/155/127 17/229/127 11/143/127
f 19/155/128 27/230/128 17/229/128
f 19/171/129 28/231/129 27/232/129
f 16/188/130 8/185/130 17/233/130
f 150/219/131 138/218/131 146/234/131
f 15/161/132 11/163/132 21/235/132
f 351/104/133 365/178/133 354/236/133
f 150/237/134 159/197/134 151/196/134
f 26/238/135 13/239/135 30/240/135
f 122/241/136 130/242/136 127/243/136
f 146/234/137 138/218/137 141/244/137
f 9/186/138 135/245/138 6/187/138
f 155/246/139 123/247/139 153/248/139
f 122/249/140 155/250/140 130/251/140
f 150/205/141 123/194/141 155/252/141
f 17/233/142 27/253/142 16/188/142
f 358/167/143 359/166/143 361/254/143
f 145/255/144 150/219/144 146/234/144
f 142/256/145 155/246/145 153/248/145
f 17/229/146 8/257/146 29/258/146
f 147/259/147 145/255/147 146/234/147
f 8/185/148 6/187/148 20/260/148
f 21/235/149 33/261/149 15/161/149
f 365/262/150 124/172/150 346/174/150
f 429/141/151 438/263/151 145/175/151
f 145/255/152 148/264/152 150/219/152
f 447/265/153 152/266/153 145/255/153
f 18/267/154 33/268/154 21/269/154
f 159/270/155 142/271/155 160/272/155
f 127/243/156 140/273/156 156/274/156
f 28/231/157 19/171/157 12/142/157
f 154/275/158 153/276/158 151/277/158
f 148/264/159 159/278/159 150/219/159
f 131/279/160 20/280/160 6/281/160
f 369/282/161 367/283/161 353/284/161
f 432/285/162 447/286/162 438/287/162
f 18/288/163 29/258/163 8/257/163
f 130/289/164 129/290/164 127/291/164
f 125/292/165 6/187/165 135/245/165
f 131/293/166 6/187/166 125/292/166
f 9/180/167 127/181/167 156/216/167
f 158/294/168 135/295/168 156/296/168
f 29/297/169 18/267/169 21/269/169
f 142/271/170 129/290/170 130/289/170
f 27/230/171 28/298/171 347/299/171
f 27/228/172 347/300/172 346/226/172
f 8/257/173 20/301/173 18/288/173
f 347/300/174 28/231/174 72/302/174
f 49/215/175 53/303/175 26/304/175
f 347/300/176 350/305/176 346/226/176
f 12/142/177 14/138/177 70/306/177
f 49/215/178 15/161/178 32/307/178
f 49/215/179 4/162/179 15/161/179
f 148/308/180 152/309/180 136/310/180
f 432/285/181 429/114/181 446/116/181
f 432/285/182 438/287/182 429/114/182
f 438/311/183 447/312/183 145/313/183
f 154/275/184 159/270/184 160/272/184
f 142/256/185 153/248/185 160/314/185
f 129/315/186 140/316/186 127/317/186
f 30/176/187 49/215/187 26/304/187
f 154/275/188 160/272/188 153/276/188
f 131/293/189 125/292/189 50/318/189
f 349/319/190 346/226/190 350/305/190
f 144/320/191 136/310/191 152/309/191
f 53/321/192 81/322/192 26/323/192
f 158/294/193 156/296/193 140/324/193
f 158/325/194 183/326/194 135/245/194
f 81/327/195 14/328/195 26/329/195
f 33/261/196 34/330/196 15/161/196
f 86/331/197 49/332/197 32/333/197
f 136/310/198 142/271/198 159/270/198
f 135/245/199 183/326/199 125/292/199
f 144/320/200 152/309/200 447/334/200
f 152/266/201 148/264/201 145/255/201
f 157/335/202 129/290/202 132/336/202
f 129/290/203 142/271/203 128/44/203
f 441/337/204 442/338/204 434/339/204
f 159/270/205 148/308/205 136/310/205
f 370/340/206 361/254/206 359/166/206
f 144/320/207 143/52/207 136/310/207
f 129/290/208 157/335/208 140/341/208
f 144/320/209 447/334/209 432/47/209
f 143/52/210 128/44/210 142/271/210
f 136/310/211 143/52/211 142/271/211
f 55/342/212 18/343/212 20/280/212
f 33/344/213 18/343/213 55/342/213
f 372/345/214 353/346/214 350/305/214
f 70/306/215 14/138/215 81/347/215
f 372/348/216 369/282/216 353/284/216
f 72/302/217 12/142/217 70/306/217
f 442/338/218 446/349/218 434/339/218
f 34/330/219 32/307/219 15/161/219
f 34/330/220 86/350/220 32/307/220
f 48/351/221 53/303/221 49/215/221
f 81/347/222 77/352/222 80/353/222
f 48/351/223 49/215/223 47/354/223
f 86/331/224 47/355/224 49/332/224
f 12/142/225 72/302/225 28/231/225
f 80/353/226 70/306/226 81/347/226
f 129/290/227 128/44/227 132/336/227
f 359/169/228 367/168/228 369/356/228
f 86/331/229 51/357/229 47/355/229
f 77/358/230 81/359/230 53/360/230
f 350/305/231 347/300/231 72/302/231
f 350/305/232 72/302/232 372/345/232
f 162/361/233 180/362/233 182/363/233
f 39/364/234 55/342/234 20/280/234
f 359/169/235 369/356/235 370/365/235
f 46/366/236 77/367/236 53/368/236
f 20/369/237 131/293/237 50/318/237
f 20/369/238 50/318/238 39/370/238
f 183/371/239 158/294/239 157/372/239
f 157/372/240 158/294/240 140/324/240
f 50/373/241 125/374/241 183/375/241
f 133/49/242 143/52/242 144/320/242
f 143/52/243 117/45/243 128/44/243
f 55/342/244 34/376/244 33/344/244
f 442/377/245 432/378/245 446/379/245
f 46/380/246 53/381/246 48/382/246
f 79/383/247 78/384/247 77/385/247
f 178/61/248 132/336/248 120/46/248
f 432/47/249 442/386/249 433/48/249
f 79/387/250 77/367/250 46/366/250
f 77/352/251 78/388/251 80/353/251
f 120/46/252 132/336/252 128/44/252
f 87/389/253 46/390/253 48/391/253
f 142/392/254 130/393/254 155/394/254
f 35/395/255 75/396/255 173/397/255
f 183/371/256 157/372/256 50/398/256
f 54/399/257 34/376/257 55/342/257
f 36/400/258 54/401/258 55/402/258
f 71/403/259 72/302/259 70/306/259
f 162/361/260 50/398/260 157/372/260
f 84/404/261 46/405/261 83/406/261
f 1051/407/262 76/408/262 31/409/262
f 71/410/263 369/356/263 372/411/263
f 56/412/264 54/401/264 36/400/264
f 372/345/265 72/302/265 71/403/265
f 54/413/266 86/414/266 34/415/266
f 162/361/267 132/57/267 180/362/267
f 50/318/268 36/400/268 39/370/268
f 31/409/269 75/396/269 35/395/269
f 132/57/270 162/361/270 157/372/270
f 76/408/271 75/396/271 31/409/271
f 36/416/272 50/398/272 162/361/272
f 371/417/273 361/254/273 370/340/273
f 36/418/274 55/342/274 39/364/274
f 180/419/275 175/420/275 1041/421/275
f 180/362/276 132/57/276 179/56/276
f 36/416/277 162/361/277 182/363/277
f 572/422/278 569/423/278 583/424/278
f 569/425/279 572/426/279 623/427/279
f 133/49/280 144/320/280 432/47/280
f 567/428/281 639/429/281 572/430/281
f 568/431/282 573/432/282 583/424/282
f 569/433/283 581/434/283 583/435/283
f 569/433/284 623/436/284 622/437/284
f 573/432/285 567/438/285 572/422/285
f 572/422/286 583/424/286 573/432/286
f 569/433/287 622/437/287 632/439/287
f 617/440/288 639/441/288 619/442/288
f 637/443/289 567/428/289 566/444/289
f 572/445/290 639/441/290 617/440/290
f 618/446/291 622/437/291 623/436/291
f 617/447/292 618/448/292 623/449/292
f 572/450/293 617/447/293 623/449/293
f 569/433/294 578/451/294 581/434/294
f 567/452/295 573/453/295 566/454/295
f 622/437/296 636/455/296 632/439/296
f 567/428/297 637/443/297 639/429/297
f 636/455/298 569/433/298 632/439/298
f 637/456/299 566/457/299 653/458/299
f 463/53/300 443/54/300 436/459/300
f 437/460/301 436/459/301 439/461/301
f 436/459/302 443/54/302 433/48/302
f 683/462/303 637/463/303 653/464/303
f 435/465/304 439/461/304 436/459/304
f 439/466/305 435/467/305 440/468/305
f 437/460/306 439/461/306 444/469/306
f 430/470/307 444/469/307 762/471/307
f 430/470/308 437/460/308 444/469/308
f 473/472/309 471/473/309 463/53/309
f 436/459/310 437/460/310 463/53/310
f 463/53/311 437/460/311 473/472/311
f 437/460/312 470/474/312 469/475/312
f 780/476/313 856/477/313 470/474/313
f 435/465/314 436/459/314 433/48/314
f 469/475/315 473/472/315 437/460/315
f 780/476/316 782/478/316 856/477/316
f 470/474/317 855/479/317 469/475/317
f 783/480/318 856/477/318 782/478/318
f 855/479/319 470/474/319 856/477/319
f 437/460/320 430/470/320 470/474/320
f 430/470/321 762/471/321 780/476/321
f 385/481/322 373/482/322 371/417/322
f 780/476/323 470/474/323 430/470/323
f 473/87/324 469/483/324 476/81/324
f 782/478/325 781/484/325 783/480/325
f 857/485/326 855/479/326 856/477/326
f 581/434/327 590/486/327 568/487/327
f 581/434/328 578/451/328 590/486/328
f 583/424/329 581/488/329 568/431/329
f 568/489/330 590/486/330 592/490/330
f 582/491/331 592/490/331 590/486/331
f 571/492/332 578/493/332 569/494/332
f 573/495/333 579/496/333 566/497/333
f 582/491/334 590/486/334 565/498/334
f 568/431/335 579/499/335 573/432/335
f 579/499/336 568/431/336 562/500/336
f 569/494/337 643/501/337 571/492/337
f 584/502/338 571/503/338 574/504/338
f 566/497/339 579/496/339 575/505/339
f 568/506/340 592/490/340 562/507/340
f 692/508/341 695/509/341 646/510/341
f 683/462/342 686/511/342 645/512/342
f 636/455/343 643/513/343 569/433/343
f 584/514/344 578/451/344 571/515/344
f 585/516/345 576/517/345 577/518/345
f 575/519/346 653/458/346 566/457/346
f 578/451/347 565/498/347 590/486/347
f 574/504/348 571/503/348 661/520/348
f 586/521/349 585/516/349 577/518/349
f 585/522/350 574/523/350 576/524/350
f 683/462/351 645/512/351 637/463/351
f 565/525/352 584/526/352 574/523/352
f 585/522/353 565/525/353 574/523/353
f 612/527/354 615/528/354 564/529/354
f 600/530/355 564/529/355 615/528/355
f 562/507/356 591/531/356 599/532/356
f 592/490/357 582/491/357 563/533/357
f 578/451/358 584/514/358 565/498/358
f 661/534/359 576/535/359 574/536/359
f 570/537/360 563/533/360 582/491/360
f 600/538/361 589/539/361 564/540/361
f 640/541/362 659/542/362 643/543/362
f 559/544/363 562/500/363 558/545/363
f 687/546/364 686/511/364 683/462/364
f 645/547/365 686/548/365 647/549/365
f 559/544/366 579/499/366 562/500/366
f 559/550/367 580/551/367 579/552/367
f 560/553/368 580/554/368 561/555/368
f 561/555/369 580/554/369 559/556/369
f 565/557/370 585/558/370 582/559/370
f 587/560/371 582/559/371 585/558/371
f 661/561/372 643/543/372 659/542/372
f 564/562/373 582/563/373 587/564/373
f 563/565/374 591/566/374 592/567/374
f 575/505/375 579/496/375 580/568/375
f 643/569/376 661/520/376 571/503/376
f 687/570/377 663/571/377 671/572/377
f 587/573/378 586/574/378 560/575/378
f 390/576/379 419/577/379 382/578/379
f 598/579/380 560/553/380 561/555/380
f 589/580/381 563/533/381 570/537/381
f 564/562/382 587/564/382 560/581/382
f 598/582/383 564/583/383 560/584/383
f 562/507/384 592/490/384 591/531/384
f 564/585/385 570/586/385 582/587/385
f 576/517/386 661/588/386 577/518/386
f 390/576/387 374/589/387 373/482/387
f 561/590/388 559/544/388 606/591/388
f 605/592/389 606/591/389 558/545/389
f 382/578/390 374/589/390 390/576/390
f 612/593/391 564/594/391 598/595/391
f 600/596/392 563/533/392 589/580/392
f 616/597/393 600/596/393 614/598/393
f 599/599/394 558/545/394 562/500/394
f 612/600/395 561/555/395 596/601/395
f 600/596/396 599/532/396 591/531/396
f 613/602/397 599/532/397 616/597/397
f 586/521/398 587/603/398 585/516/398
f 660/604/399 659/542/399 651/605/399
f 661/561/400 659/542/400 660/604/400
f 558/545/401 606/591/401 559/544/401
f 671/606/402 686/511/402 687/546/402
f 660/607/403 577/518/403 661/588/403
f 600/596/404 591/531/404 563/533/404
f 385/481/405 389/608/405 390/576/405
f 993/609/406 612/610/406 608/611/406
f 589/612/407 570/613/407 564/614/407
f 608/611/408 597/615/408 754/616/408
f 605/617/409 599/618/409 601/619/409
f 663/620/410 683/462/410 653/464/410
f 605/592/411 558/545/411 599/599/411
f 608/621/412 612/600/412 596/601/412
f 683/462/413 663/620/413 687/546/413
f 993/622/414 615/528/414 612/527/414
f 741/623/415 382/578/415 419/577/415
f 600/596/416 616/597/416 599/532/416
f 760/624/417 757/625/417 616/626/417
f 665/627/418 697/628/418 588/629/418
f 665/630/419 577/631/419 660/632/419
f 665/630/420 660/632/420 658/633/420
f 605/634/421 601/635/421 593/636/421
f 760/637/422 761/638/422 658/633/422
f 665/639/423 588/640/423 577/518/423
f 603/641/424 602/642/424 601/635/424
f 665/630/425 658/633/425 761/638/425
f 665/630/426 761/638/426 664/643/426
f 602/642/427 593/636/427 601/635/427
f 754/644/428 752/645/428 753/646/428
f 599/532/429 613/602/429 603/641/429
f 385/481/430 390/576/430 373/482/430
f 707/647/431 708/648/431 719/649/431
f 603/641/432 601/635/432 599/532/432
f 724/650/433 603/651/433 734/652/433
f 614/653/434 600/654/434 615/655/434
f 757/656/435 758/657/435 748/658/435
f 757/656/436 748/658/436 616/597/436
f 753/659/437 993/609/437 754/616/437
f 753/660/438 615/655/438 993/661/438
f 616/626/439 614/653/439 615/655/439
f 616/597/440 748/658/440 613/602/440
f 700/662/441 603/651/441 724/663/441
f 602/664/442 700/662/442 595/665/442
f 388/666/443 386/667/443 395/668/443
f 753/660/444 760/624/444 616/626/444
f 752/669/445 760/624/445 753/660/445
f 700/662/446 602/664/446 603/651/446
f 724/650/447 734/652/447 718/670/447
f 222/671/448 108/672/448 211/673/448
f 602/664/449 595/665/449 593/674/449
f 723/675/450 761/638/450 760/676/450
f 603/651/451 613/677/451 734/652/451
f 225/678/452 192/679/452 215/680/452
f 212/681/453 201/682/453 190/683/453
f 222/671/454 189/684/454 191/685/454
f 611/686/455 593/674/455 595/665/455
f 51/687/456 48/351/456 47/354/456
f 190/688/457 211/673/457 212/689/457
f 190/690/458 209/691/458 192/679/458
f 211/673/459 190/688/459 192/692/459
f 215/680/460 192/679/460 209/691/460
f 193/693/461 457/694/461 460/695/461
f 211/673/462 192/692/462 189/684/462
f 224/696/463 208/697/463 225/698/463
f 993/609/464 608/611/464 754/616/464
f 407/699/465 741/623/465 419/577/465
f 87/700/466 82/701/466 83/702/466
f 84/703/467 79/387/467 46/366/467
f 54/704/468 58/705/468 86/331/468
f 41/706/469 76/408/469 1051/407/469
f 1051/707/470 1046/708/470 41/709/470
f 211/673/471 189/684/471 222/671/471
f 56/710/472 58/705/472 54/704/472
f 46/711/473 87/700/473 83/702/473
f 173/712/474 171/713/474 163/714/474
f 78/384/475 79/383/475 40/715/475
f 76/408/476 161/716/476 75/396/476
f 51/717/477 82/718/477 87/719/477
f 51/687/478 87/720/478 48/351/478
f 84/721/479 83/722/479 90/723/479
f 58/705/480 51/357/480 86/331/480
f 58/705/481 82/724/481 51/357/481
f 40/715/482 73/725/482 80/726/482
f 40/727/483 80/728/483 78/729/483
f 37/730/484 74/731/484 56/412/484
f 90/732/485 40/733/485 84/734/485
f 41/706/486 161/716/486 76/408/486
f 84/703/487 40/735/487 79/387/487
f 172/736/488 36/416/488 182/363/488
f 173/397/489 75/396/489 171/737/489
f 58/705/490 56/710/490 74/738/490
f 56/412/491 36/400/491 37/730/491
f 171/737/492 75/396/492 161/716/492
f 80/353/493 61/739/493 70/306/493
f 171/737/494 164/740/494 165/741/494
f 88/742/495 89/743/495 40/733/495
f 171/744/496 165/745/496 163/746/496
f 90/732/497 88/742/497 40/733/497
f 371/417/498 370/340/498 389/608/498
f 40/747/499 89/748/499 43/749/499
f 73/725/500 40/715/500 43/750/500
f 42/751/501 41/709/501 1042/752/501
f 385/481/502 371/417/502 389/608/502
f 166/753/503 172/736/503 182/363/503
f 180/362/504 166/753/504 182/363/504
f 71/410/505 370/365/505 369/356/505
f 161/754/506 42/755/506 60/756/506
f 166/753/507 180/362/507 164/757/507
f 52/758/508 85/759/508 82/760/508
f 161/716/509 60/761/509 171/737/509
f 1035/762/510 164/763/510 180/764/510
f 164/740/511 171/737/511 174/765/511
f 161/716/512 41/706/512 42/766/512
f 45/767/513 37/768/513 172/736/513
f 52/769/514 74/731/514 37/730/514
f 61/739/515 80/353/515 66/770/515
f 61/739/516 71/403/516 70/306/516
f 37/771/517 88/772/517 85/773/517
f 172/736/518 37/768/518 36/416/518
f 85/759/519 83/774/519 82/760/519
f 85/775/520 88/776/520 83/722/520
f 64/777/521 67/778/521 61/779/521
f 88/776/522 90/723/522 83/722/522
f 171/737/523 170/780/523 174/765/523
f 42/781/524 1042/782/524 1044/783/524
f 89/743/525 88/742/525 37/768/525
f 370/365/526 61/779/526 67/778/526
f 170/784/527 42/781/527 1044/783/527
f 52/758/528 37/785/528 85/759/528
f 170/780/529 168/786/529 169/787/529
f 57/788/530 58/705/530 74/738/530
f 57/789/531 82/790/531 58/791/531
f 169/787/532 164/740/532 174/765/532
f 169/792/533 172/736/533 166/793/533
f 170/794/534 1044/795/534 1047/796/534
f 60/797/535 42/798/535 170/799/535
f 166/800/536 164/801/536 169/802/536
f 71/410/537 61/779/537 370/365/537
f 63/803/538 66/770/538 73/804/538
f 169/792/539 45/767/539 172/736/539
f 73/804/540 66/770/540 80/353/540
f 57/789/541 52/805/541 82/790/541
f 52/806/542 57/788/542 74/738/542
f 59/807/543 73/808/543 43/809/543
f 59/810/544 63/803/544 73/804/544
f 370/340/545 67/811/545 389/608/545
f 45/767/546 89/743/546 37/768/546
f 1047/796/547 176/812/547 170/813/547
f 170/780/548 169/787/548 174/765/548
f 170/780/549 171/737/549 60/761/549
f 177/814/550 168/786/550 170/780/550
f 67/778/551 64/777/551 69/815/551
f 38/816/552 59/807/552 43/809/552
f 66/770/553 64/817/553 61/739/553
f 59/807/554 38/816/554 62/818/554
f 389/608/555 67/811/555 65/819/555
f 43/820/556 89/821/556 44/822/556
f 176/823/557 177/814/557 170/780/557
f 44/824/558 89/743/558 45/767/558
f 69/815/559 65/825/559 67/778/559
f 62/818/560 100/826/560 63/827/560
f 386/828/561 381/829/561 378/830/561
f 100/826/562 62/818/562 92/831/562
f 44/832/563 38/833/563 43/834/563
f 62/835/564 38/836/564 92/837/564
f 91/838/565 63/803/565 100/839/565
f 44/824/566 45/767/566 93/840/566
f 62/818/567 63/827/567 59/807/567
f 169/841/568 168/842/568 167/843/568
f 91/838/569 68/844/569 66/770/569
f 384/845/570 386/667/570 383/846/570
f 383/847/571 380/848/571 379/849/571
f 1039/850/572 177/851/572 176/852/572
f 198/853/573 168/786/573 177/814/573
f 377/854/574 376/855/574 64/856/574
f 91/838/575 66/770/575 63/803/575
f 377/41/576 378/43/576 376/857/576
f 386/828/577 378/830/577 380/858/577
f 66/770/578 68/844/578 64/817/578
f 167/859/579 45/767/579 169/792/579
f 378/830/580 404/860/580 376/861/580
f 378/830/581 381/829/581 404/860/581
f 38/833/582 44/832/582 92/862/582
f 380/863/583 383/846/583 386/667/583
f 1039/864/584 198/865/584 177/866/584
f 379/849/585 411/867/585 383/847/585
f 167/859/586 93/840/586 45/767/586
f 65/868/587 69/869/587 99/870/587
f 93/840/588 92/831/588 44/824/588
f 69/871/589 376/861/589 404/860/589
f 401/872/590 379/849/590 377/873/590
f 167/843/591 168/842/591 198/874/591
f 91/875/592 100/876/592 95/877/592
f 377/873/593 64/817/593 68/844/593
f 401/872/594 411/867/594 379/849/594
f 1/878/595 93/840/595 167/859/595
f 404/860/596 381/829/596 413/879/596
f 69/869/597 404/880/597 99/870/597
f 403/881/598 389/608/598 65/819/598
f 94/882/599 95/883/599 112/884/599
f 95/883/600 94/882/600 110/885/600
f 403/886/601 65/868/601 99/870/601
f 96/887/602 91/838/602 95/888/602
f 112/884/603 100/826/603 92/831/603
f 417/889/604 404/860/604 413/879/604
f 100/826/605 112/884/605 95/883/605
f 99/890/606 404/860/606 402/891/606
f 403/886/607 99/870/607 402/892/607
f 94/882/608 106/893/608 110/885/608
f 380/894/609 378/895/609 379/896/609
f 93/840/610 112/884/610 92/831/610
f 112/884/611 109/897/611 94/882/611
f 423/898/612 411/867/612 401/872/612
f 105/899/613 96/887/613 95/888/613
f 102/900/614 68/844/614 104/901/614
f 214/902/615 198/903/615 199/904/615
f 105/899/616 95/888/616 110/905/616
f 214/906/617 167/907/617 198/908/617
f 403/886/618 402/892/618 414/909/618
f 214/910/619 1/878/619 167/859/619
f 377/873/620 68/844/620 102/900/620
f 404/860/621 417/889/621 402/891/621
f 97/911/622 94/912/622 109/913/622
f 101/914/623 106/893/623 94/882/623
f 96/887/624 68/844/624 91/838/624
f 104/901/625 68/844/625 96/887/625
f 102/900/626 401/872/626 377/873/626
f 107/915/627 110/916/627 106/917/627
f 94/918/628 97/919/628 101/920/628
f 223/921/629 199/904/629 226/922/629
f 105/899/630 104/901/630 96/887/630
f 111/923/631 93/840/631 1/878/631
f 102/900/632 410/924/632 423/898/632
f 220/925/633 1/878/633 223/926/633
f 111/927/634 97/911/634 109/913/634
f 415/928/635 411/867/635 423/898/635
f 69/871/636 64/929/636 376/861/636
f 214/902/637 199/904/637 223/921/637
f 226/922/638 219/930/638 213/931/638
f 104/901/639 105/899/639 98/932/639
f 101/920/640 97/919/640 197/933/640
f 107/915/641 113/934/641 105/935/641
f 105/935/642 110/916/642 107/915/642
f 226/922/643 199/904/643 219/930/643
f 223/921/644 1/936/644 214/902/644
f 423/898/645 401/872/645 102/900/645
f 107/915/646 106/917/646 101/937/646
f 104/901/647 98/932/647 102/900/647
f 410/924/648 415/928/648 423/898/648
f 113/934/649 98/938/649 105/939/649
f 201/940/650 101/937/650 197/941/650
f 111/923/651 112/884/651 93/840/651
f 111/927/652 109/913/652 112/942/652
f 111/943/653 197/944/653 97/945/653
f 224/946/654 306/947/654 208/948/654
f 201/940/655 107/915/655 101/937/655
f 111/949/656 210/950/656 197/951/656
f 209/952/657 197/951/657 210/950/657
f 107/915/658 212/689/658 108/672/658
f 103/953/659 98/938/659 113/934/659
f 212/689/660 107/915/660 201/954/660
f 113/934/661 107/915/661 108/672/661
f 209/955/662 190/956/662 197/957/662
f 98/938/663 461/958/663 102/959/663
f 461/958/664 410/960/664 102/959/664
f 201/961/665 197/962/665 190/690/665
f 226/922/666 213/931/666 223/921/666
f 98/938/667 103/953/667 202/963/667
f 108/672/668 212/689/668 211/673/668
f 210/964/669 111/923/669 1/878/669
f 424/965/670 410/960/670 461/958/670
f 222/671/671 103/953/671 108/672/671
f 191/685/672 103/953/672 222/671/672
f 108/672/673 103/953/673 113/934/673
f 202/963/674 203/966/674 98/938/674
f 224/946/675 215/680/675 200/967/675
f 461/958/676 459/968/676 424/965/676
f 459/968/677 461/958/677 98/938/677
f 200/967/678 1/878/678 220/925/678
f 224/946/679 200/967/679 220/925/679
f 202/963/680 103/953/680 191/685/680
f 200/967/681 209/691/681 210/964/681
f 200/967/682 215/680/682 209/691/682
f 200/967/683 210/964/683 1/878/683
f 203/966/684 459/968/684 98/938/684
f 981/969/685 982/970/685 983/971/685
f 459/968/686 203/966/686 460/695/686
f 224/946/687 225/678/687 215/680/687
f 202/963/688 191/685/688 196/972/688
f 196/972/689 203/966/689 202/963/689
f 203/966/690 196/972/690 193/693/690
f 990/973/691 983/974/691 991/975/691
f 985/976/692 991/977/692 983/978/692
f 984/979/693 951/980/693 886/981/693
f 955/982/694 985/976/694 982/983/694
f 983/984/695 984/985/695 886/986/695
f 954/987/696 898/988/696 880/989/696
f 460/695/697 203/966/697 193/693/697
f 985/976/698 947/990/698 986/991/698
f 985/976/699 986/991/699 988/992/699
f 985/976/700 955/982/700 947/990/700
f 815/993/701 930/994/701 798/995/701
f 989/996/702 938/997/702 951/980/702
f 930/994/703 795/998/703 798/995/703
f 949/999/704 930/994/704 815/993/704
f 886/981/705 951/980/705 871/1000/705
f 991/977/706 985/976/706 988/992/706
f 981/1001/707 930/1002/707 982/1003/707
f 945/1004/708 944/1005/708 959/1006/708
f 810/1007/709 983/971/709 886/1008/709
f 992/1009/710 989/996/710 990/1010/710
f 981/969/711 983/971/711 810/1007/711
f 930/994/712 949/999/712 955/1011/712
f 982/1012/713 930/994/713 955/1011/713
f 951/980/714 959/1006/714 871/1000/714
f 943/1013/715 988/992/715 986/991/715
f 959/1006/716 951/980/716 945/1004/716
f 990/973/717 984/1014/717 983/974/717
f 984/979/718 989/996/718 951/980/718
f 951/980/719 938/997/719 945/1004/719
f 982/983/720 985/976/720 983/978/720
f 989/996/721 984/979/721 990/1010/721
f 955/982/722 949/1015/722 947/990/722
f 943/1016/723 938/1017/723 989/1018/723
f 943/1019/724 989/996/724 987/1020/724
f 986/991/725 947/990/725 941/1021/725
f 959/1022/726 944/1023/726 958/1024/726
f 987/1020/727 989/996/727 992/1009/727
f 956/1025/728 944/1005/728 945/1004/728
f 988/1026/729 943/1027/729 987/1028/729
f 941/1021/730 943/1029/730 986/991/730
f 956/1025/731 945/1004/731 938/997/731
f 943/1030/732 939/1031/732 938/1032/732
f 956/1033/733 938/1017/733 939/1034/733
f 455/1035/734 450/1036/734 456/1037/734
f 456/1037/735 450/1036/735 452/1038/735
f 843/1039/736 805/1040/736 785/1041/736
f 537/1042/737 535/1043/737 510/1044/737
f 455/1045/738 535/1043/738 537/1042/738
f 453/1046/739 458/1047/739 457/694/739
f 455/1048/740 816/1049/740 450/1050/740
f 542/1051/741 455/1045/741 537/1042/741
f 456/1052/742 453/1053/742 535/1054/742
f 816/1055/743 455/1056/743 462/1057/743
f 509/1058/744 542/1051/744 537/1042/744
f 519/1059/745 511/1060/745 513/1061/745
f 828/1062/746 531/1063/746 834/1064/746
f 511/1065/747 509/1058/747 537/1042/747
f 531/1066/748 828/1067/748 931/1068/748
f 828/1069/749 834/1070/749 831/1071/749
f 820/1072/750 822/1073/750 828/1074/750
f 834/1070/751 826/1075/751 831/1071/751
f 820/1076/752 828/1077/752 831/1078/752
f 456/1052/753 535/1054/753 455/1079/753
f 537/1080/754 510/1081/754 511/1060/754
f 455/1056/755 544/1082/755 462/1057/755
f 831/1083/756 826/1084/756 929/1085/756
f 520/1086/757 504/1087/757 505/1088/757
f 462/1057/758 828/1074/758 816/1055/758
f 828/1074/759 462/1057/759 546/1089/759
f 546/1089/760 506/1090/760 931/1091/760
f 546/1089/761 462/1057/761 544/1082/761
f 531/1092/762 931/1093/762 505/1094/762
f 506/1095/763 538/1096/763 931/1097/763
f 828/1074/764 546/1089/764 931/1091/764
f 538/1098/765 505/1099/765 931/1100/765
f 520/1086/766 505/1088/766 538/1101/766
f 531/1102/767 888/1103/767 847/1104/767
f 506/1105/768 520/1106/768 538/1107/768
f 848/1108/769 846/1109/769 972/1110/769
f 848/1108/770 972/1110/770 853/1111/770
f 507/1112/771 520/1086/771 506/1113/771
f 929/1114/772 891/1115/772 869/1116/772
f 504/1117/773 531/1102/773 505/1118/773
f 899/1119/774 846/1120/774 929/1085/774
f 823/1121/775 848/1122/775 853/1123/775
f 887/1124/776 958/1125/776 881/1126/776
f 542/1127/777 544/1082/777 455/1056/777
f 504/1117/778 888/1103/778 531/1102/778
f 791/1128/779 946/1129/779 815/1130/779
f 493/1131/780 520/1086/780 507/1112/780
f 848/1108/781 820/1072/781 846/1109/781
f 808/1132/782 811/1133/782 803/1134/782
f 823/1135/783 820/1072/783 848/1108/783
f 888/1136/784 929/1137/784 847/1138/784
f 929/1114/785 869/1116/785 894/1139/785
f 929/1114/786 894/1139/786 899/1140/786
f 507/1141/787 506/1142/787 543/1143/787
f 541/1144/788 544/1082/788 542/1127/788
f 823/1121/789 853/1123/789 791/1145/789
f 891/1146/790 929/1137/790 888/1136/790
f 942/1147/791 846/1120/791 899/1119/791
f 501/1148/792 891/1146/792 503/1149/792
f 895/1150/793 881/1151/793 894/1152/793
f 881/1126/794 899/1153/794 894/1154/794
f 852/1155/795 946/1129/795 791/1128/795
f 881/1126/796 936/1156/796 899/1153/796
f 543/1157/797 506/1090/797 546/1089/797
f 543/1157/798 546/1089/798 544/1082/798
f 888/1158/799 503/1149/799 891/1146/799
f 916/1159/800 893/1160/800 904/1161/800
f 895/1162/801 942/1163/801 963/1164/801
f 543/1143/802 540/1165/802 507/1141/802
f 541/1144/803 543/1157/803 544/1082/803
f 486/1166/804 517/1167/804 499/1168/804
f 522/1169/805 501/1148/805 499/1168/805
f 852/1170/806 791/1171/806 853/1111/806
f 501/1148/807 522/1169/807 891/1146/807
f 885/1172/808 893/1173/808 890/1174/808
f 952/1175/809 963/1176/809 899/1177/809
f 952/1175/810 953/1178/810 963/1176/810
f 953/1179/811 961/1180/811 963/1181/811
f 880/989/812 881/1182/812 961/1183/812
f 961/1184/813 881/1151/813 895/1150/813
f 880/1185/814 961/1180/814 953/1179/814
f 486/1166/815 499/1168/815 490/1186/815
f 846/1120/816 831/1083/816 929/1085/816
f 869/1116/817 896/1187/817 894/1139/817
f 831/1083/818 846/1120/818 820/1188/818
f 942/1189/819 899/1177/819 963/1176/819
f 531/1102/820 847/1104/820 834/1190/820
f 522/1191/821 869/1192/821 891/1193/821
f 949/999/822 815/993/822 946/1194/822
f 889/1195/823 869/1116/823 522/1196/823
f 954/1197/824 953/1198/824 952/1199/824
f 952/1200/825 899/1201/825 936/1202/825
f 963/1203/826 961/1204/826 895/1205/826
f 911/1206/827 892/1207/827 889/1195/827
f 902/1208/828 889/1195/828 522/1196/828
f 499/1168/829 517/1167/829 522/1169/829
f 898/1209/830 897/1210/830 910/1211/830
f 846/1120/831 942/1147/831 971/1212/831
f 889/1195/832 892/1207/832 869/1116/832
f 895/1213/833 894/1214/833 896/1215/833
f 871/1216/834 958/1024/834 887/1217/834
f 885/1172/835 890/1174/835 883/1218/835
f 964/1219/836 962/1220/836 918/1221/836
f 910/1222/837 907/1223/837 880/1224/837
f 910/1222/838 911/1206/838 907/1223/838
f 868/1225/839 486/1226/839 488/1227/839
f 898/1228/840 918/1221/840 897/1229/840
f 486/1230/841 868/1231/841 517/1232/841
f 950/1233/842 895/1213/842 896/1215/842
f 852/1155/843 949/1234/843 946/1129/843
f 952/1235/844 936/1236/844 958/1237/844
f 954/1197/845 880/1238/845 953/1198/845
f 517/1232/846 902/1208/846 522/1196/846
f 972/1239/847 846/1120/847 971/1212/847
f 969/1240/848 911/1241/848 901/1242/848
f 883/1243/849 868/1225/849 488/1227/849
f 973/1244/850 868/1225/850 883/1243/850
f 889/1195/851 901/1245/851 911/1206/851
f 878/1246/852 907/1247/852 909/1248/852
f 910/1249/853 880/989/853 898/988/853
f 964/1250/854 909/1248/854 907/1247/854
f 966/1251/855 517/1232/855 868/1231/855
f 949/1234/856 852/1155/856 947/1252/856
f 901/1253/857 960/1254/857 969/1255/857
f 948/1256/858 942/1147/858 967/1257/858
f 958/1258/859 954/1259/859 952/1260/859
f 968/1261/860 911/1241/860 969/1240/860
f 517/1232/861 966/1251/861 902/1208/861
f 907/1262/862 968/1263/862 964/1264/862
f 890/1174/863 893/1173/863 916/1265/863
f 869/1116/864 892/1207/864 896/1187/864
f 907/1262/865 911/1266/865 968/1263/865
f 897/1267/866 950/1268/866 896/1269/866
f 909/1248/867 964/1250/867 918/1270/867
f 895/1213/868 950/1233/868 942/1147/868
f 973/1244/869 890/1271/869 974/1272/869
f 884/1273/870 885/1172/870 883/1218/870
f 906/1274/871 884/1273/871 883/1218/871
f 908/1275/872 909/1248/872 975/1276/872
f 950/1277/873 897/1229/873 962/1220/873
f 897/1229/874 918/1221/874 962/1220/874
f 910/1211/875 897/1210/875 892/1278/875
f 967/1257/876 962/1279/876 968/1261/876
f 967/1257/877 942/1147/877 950/1233/877
f 871/1216/878 959/1022/878 958/1024/878
f 973/1280/879 883/1218/879 890/1174/879
f 968/1281/880 962/1220/880 964/1219/880
f 960/1282/881 901/1283/881 889/1284/881
f 968/1261/882 969/1240/882 967/1257/882
f 962/1279/883 967/1257/883 950/1233/883
f 960/1285/884 889/1195/884 902/1208/884
f 897/1286/885 896/1187/885 892/1207/885
f 969/1287/886 960/1288/886 902/1289/886
f 974/1272/887 890/1271/887 908/1290/887
f 975/1291/888 974/1272/888 908/1290/888
f 948/1256/889 940/1292/889 971/1212/889
f 947/1293/890 852/1170/890 853/1111/890
f 976/1294/891 966/1251/891 868/1231/891
f 965/1295/892 957/1296/892 918/1270/892
f 972/1239/893 971/1212/893 940/1292/893
f 868/1225/894 973/1244/894 976/1297/894
f 973/1244/895 974/1272/895 976/1297/895
f 941/1298/896 853/1111/896 972/1110/896
f 941/1298/897 972/1110/897 940/1299/897
f 976/1297/898 974/1272/898 975/1291/898
f 967/1257/899 969/1240/899 902/1300/899
f 967/1257/900 902/1300/900 966/1301/900
f 975/1276/901 909/1248/901 957/1296/901
f 948/1256/902 971/1212/902 942/1147/902
f 909/1248/903 918/1270/903 957/1296/903
f 970/1302/904 965/1295/904 898/988/904
f 954/1259/905 944/1303/905 970/1304/905
f 948/1305/906 966/1306/906 937/1307/906
f 944/1303/907 954/1259/907 958/1258/907
f 966/1306/908 976/1308/908 937/1307/908
f 966/1301/909 948/1256/909 967/1257/909
f 944/1309/910 957/1296/910 965/1295/910
f 970/1302/911 898/988/911 954/987/911
f 947/1293/912 853/1111/912 941/1298/912
f 957/1296/913 944/1309/913 956/1310/913
f 939/1034/914 940/1299/914 937/1307/914
f 957/1311/915 976/1297/915 975/1291/915
f 943/1016/916 940/1299/916 939/1034/916
f 965/1295/917 918/1270/917 898/988/917
f 937/1312/918 957/1311/918 956/1313/918
f 781/1314/919 764/1315/919 783/1316/919
f 976/1297/920 957/1311/920 937/1312/920
f 857/1317/921 856/1318/921 783/1316/921
f 965/1319/922 970/1304/922 944/1303/922
f 469/483/923 468/1320/923 476/81/923
f 940/1299/924 948/1305/924 937/1307/924
f 937/1307/925 956/1033/925 939/1034/925
f 855/1321/926 859/1322/926 469/1323/926
f 857/1324/927 859/1322/927 855/1321/927
f 778/1325/928 770/1326/928 771/1327/928
f 469/1323/929 859/1322/929 468/1328/929
f 943/1016/930 941/1298/930 940/1299/930
f 778/1325/931 783/1316/931 770/1326/931
f 859/1322/932 857/1324/932 861/1329/932
f 770/1326/933 783/1316/933 764/1315/933
f 857/1317/934 783/1316/934 861/1330/934
f 468/1320/935 465/80/935 476/81/935
f 783/1316/936 778/1325/936 861/1330/936
f 777/1331/937 776/1332/937 775/1333/937
f 862/1334/938 859/1322/938 858/1335/938
f 466/36/939 465/24/939 468/1336/939
f 861/1329/940 858/1335/940 859/1322/940
f 466/1337/941 468/1328/941 474/1338/941
f 785/1041/942 861/1330/942 778/1325/942
f 862/1334/943 472/1339/943 474/1338/943
f 468/1328/944 859/1322/944 474/1338/944
f 854/1340/945 858/1335/945 861/1329/945
f 474/1338/946 475/1341/946 466/1337/946
f 474/1338/947 479/1342/947 475/1341/947
f 785/1041/948 877/1343/948 861/1330/948
f 877/1343/949 863/1344/949 861/1330/949
f 867/1345/950 785/1041/950 805/1040/950
f 774/1346/951 785/1041/951 778/1325/951
f 474/1338/952 859/1322/952 862/1334/952
f 858/1335/953 865/1347/953 862/1334/953
f 474/1338/954 472/1339/954 479/1342/954
f 921/1348/955 862/1334/955 865/1347/955
f 863/1344/956 877/1343/956 923/1349/956
f 867/1350/957 923/1351/957 877/1352/957
f 867/1350/958 877/1352/958 785/1353/958
f 481/1354/959 549/1355/959 480/1356/959
f 547/1357/960 480/1356/960 548/1358/960
f 863/1344/961 854/1359/961 861/1330/961
f 550/1360/962 549/1355/962 481/1354/962
f 792/1361/963 805/1362/963 839/1363/963
f 790/1364/964 866/1365/964 867/1350/964
f 472/1366/965 480/1367/965 539/1368/965
f 922/1369/966 923/1351/966 867/1350/966
f 557/1370/967 549/1371/967 550/1372/967
f 792/1361/968 867/1350/968 805/1362/968
f 867/1350/969 792/1361/969 790/1364/969
f 480/1367/970 472/1366/970 481/1373/970
f 548/1358/971 480/1356/971 549/1355/971
f 480/1374/972 547/1375/972 539/1376/972
f 472/1339/973 862/1334/973 921/1348/973
f 472/1377/974 539/1378/974 479/1379/974
f 919/1380/975 860/1381/975 864/1382/975
f 864/1382/976 860/1381/976 932/1383/976
f 932/1383/977 865/1384/977 854/1385/977
f 932/1386/978 922/1387/978 866/1388/978
f 932/1383/979 860/1381/979 865/1384/979
f 921/1389/980 860/1381/980 481/1354/980
f 860/1381/981 550/1360/981 481/1354/981
f 922/1390/982 854/1385/982 863/1391/982
f 934/1392/983 557/1370/983 550/1372/983
f 866/1365/984 922/1369/984 867/1350/984
f 921/1389/985 865/1384/985 860/1381/985
f 548/1393/986 551/1394/986 547/1395/986
f 550/1360/987 860/1381/987 919/1380/987
f 854/1385/988 922/1390/988 932/1383/988
f 554/1396/989 539/1376/989 547/1375/989
f 554/1396/990 547/1375/990 551/1397/990
f 923/1349/991 922/1398/991 863/1344/991
f 550/1372/992 919/1399/992 934/1392/992
f 864/1400/993 932/1401/993 933/1402/993
f 866/1403/994 933/1404/994 932/1405/994
f 921/1406/995 481/1373/995 472/1366/995
f 557/1370/996 556/1407/996 548/1393/996
f 551/1397/997 553/1408/997 554/1396/997
f 454/1409/998 451/1410/998 452/1411/998
f 919/1399/999 864/1412/999 933/1413/999
f 539/1376/1000 554/1396/1000 479/1414/1000
f 934/1392/1001 919/1399/1001 933/1413/1001
f 804/1415/1002 872/1416/1002 870/1417/1002
f 804/1418/1003 870/1419/1003 792/1420/1003
f 870/1419/1004 917/1421/1004 866/1422/1004
f 551/1394/1005 548/1393/1005 556/1407/1005
f 554/1396/1006 528/1423/1006 479/1414/1006
f 870/1417/1007 914/1424/1007 917/1425/1007
f 854/1340/1008 865/1347/1008 858/1335/1008
f 866/1388/1009 917/1426/1009 933/1427/1009
f 452/1411/1010 458/1047/1010 453/1046/1010
f 873/1428/1011 803/1429/1011 811/1430/1011
f 872/1431/1012 803/1134/1012 873/1432/1012
f 934/1392/1013 556/1407/1013 557/1370/1013
f 872/1431/1014 804/1418/1014 803/1134/1014
f 452/1411/1015 451/1410/1015 458/1047/1015
f 870/1419/1016 790/1433/1016 792/1420/1016
f 554/1396/1017 530/1434/1017 528/1423/1017
f 790/1433/1018 870/1419/1018 866/1422/1018
f 803/1134/1019 812/1435/1019 808/1132/1019
f 553/1436/1020 530/1434/1020 554/1396/1020
f 870/1417/1021 872/1416/1021 914/1424/1021
f 556/1407/1022 553/1437/1022 551/1394/1022
f 529/1438/1023 494/1439/1023 489/1440/1023
f 934/1392/1024 933/1413/1024 917/1441/1024
f 527/1442/1025 934/1392/1025 912/1443/1025
f 529/1444/1026 530/1434/1026 515/1445/1026
f 873/1432/1027 914/1446/1027 872/1431/1027
f 489/1440/1028 494/1439/1028 495/1447/1028
f 515/1445/1029 494/1448/1029 529/1444/1029
f 824/1449/1030 454/1409/1030 452/1411/1030
f 513/1450/1031 510/1451/1031 495/1452/1031
f 556/1407/1032 934/1392/1032 527/1442/1032
f 915/1453/1033 914/1446/1033 873/1432/1033
f 494/1454/1034 496/1455/1034 495/1456/1034
f 495/1457/1035 496/1458/1035 513/1459/1035
f 534/1460/1036 456/1037/1036 452/1038/1036
f 553/1437/1037 556/1407/1037 487/1461/1037
f 453/1053/1038 456/1052/1038 534/1462/1038
f 527/1442/1039 912/1443/1039 935/1463/1039
f 496/1455/1040 494/1454/1040 513/1464/1040
f 529/1444/1041 528/1423/1041 530/1434/1041
f 487/1461/1042 555/1465/1042 553/1437/1042
f 510/1081/1043 513/1061/1043 511/1060/1043
f 530/1434/1044 553/1436/1044 515/1445/1044
f 534/1466/1045 452/1411/1045 453/1046/1045
f 912/1467/1046 917/1468/1046 914/1469/1046
f 535/1470/1047 453/1471/1047 533/1472/1047
f 452/1038/1048 450/1036/1048 824/1473/1048
f 556/1407/1049 527/1442/1049 487/1461/1049
f 819/1474/1050 833/1475/1050 842/1476/1050
f 454/1409/1051 824/1449/1051 817/1477/1051
f 912/1443/1052 934/1392/1052 917/1441/1052
f 519/1478/1053 513/1479/1053 516/1480/1053
f 842/1476/1054 833/1475/1054 835/1481/1054
f 817/1482/1055 824/1483/1055 819/1484/1055
f 829/1485/1056 819/1486/1056 842/1487/1056
f 819/1474/1057 824/1488/1057 833/1475/1057
f 553/1436/1058 492/1489/1058 508/1490/1058
f 533/1491/1059 457/694/1059 510/1451/1059
f 817/1482/1060 819/1484/1060 818/1492/1060
f 829/1485/1061 818/1493/1061 819/1486/1061
f 935/1494/1062 536/1495/1062 527/1496/1062
f 881/1126/1063 958/1125/1063 936/1156/1063
f 533/1491/1064 453/1046/1064 457/694/1064
f 533/1497/1065 510/1044/1065 535/1043/1065
f 876/1498/1066 915/1453/1066 926/1499/1066
f 847/1104/1067 826/1500/1067 834/1190/1067
f 873/1428/1068 879/1501/1068 878/1502/1068
f 876/1498/1069 913/1503/1069 915/1453/1069
f 913/1503/1070 914/1446/1070 915/1453/1070
f 492/1504/1071 553/1437/1071 555/1465/1071
f 826/1500/1072 847/1104/1072 929/1114/1072
f 935/1505/1073 920/1506/1073 536/1495/1073
f 935/1505/1074 925/1507/1074 920/1506/1074
f 920/1506/1075 526/1508/1075 536/1495/1075
f 487/1461/1076 527/1442/1076 532/1509/1076
f 874/1510/1077 879/1511/1077 811/1133/1077
f 493/1512/1078 492/1504/1078 555/1465/1078
f 873/1513/1079 811/1133/1079 879/1511/1079
f 925/1514/1080 912/1515/1080 914/1516/1080
f 913/1517/1081 925/1518/1081 914/1519/1081
f 875/1520/1082 882/1521/1082 913/1522/1082
f 913/1523/1083 920/1506/1083 925/1507/1083
f 926/1499/1084 915/1453/1084 873/1432/1084
f 487/1461/1085 493/1512/1085 555/1465/1085
f 925/1507/1086 935/1505/1086 912/1524/1086
f 487/1461/1087 532/1509/1087 484/1525/1087
f 503/1526/1088 888/1103/1088 504/1117/1088
f 875/1520/1089 913/1522/1089 876/1527/1089
f 882/1521/1090 920/1528/1090 913/1522/1090
f 526/1508/1091 527/1496/1091 536/1495/1091
f 514/1529/1092 516/1530/1092 494/1448/1092
f 485/1531/1093 503/1526/1093 504/1117/1093
f 526/1532/1094 920/1528/1094 882/1521/1094
f 518/1533/1095 503/1526/1095 485/1531/1095
f 532/1534/1096 526/1535/1096 490/1536/1096
f 514/1529/1097 494/1448/1097 515/1445/1097
f 485/1531/1098 484/1537/1098 502/1538/1098
f 518/1533/1099 485/1531/1099 502/1538/1099
f 484/1525/1100 532/1509/1100 502/1539/1100
f 516/1530/1101 513/1540/1101 494/1448/1101
f 882/1521/1102 491/1541/1102 526/1532/1102
f 490/1536/1103 502/1542/1103 532/1534/1103
f 518/1533/1104 524/1543/1104 503/1526/1104
f 526/1508/1105 532/1544/1105 527/1496/1105
f 491/1541/1106 490/1545/1106 526/1546/1106
f 518/1547/1107 499/1168/1107 524/1548/1107
f 518/1549/1108 502/1550/1108 499/1551/1108
f 905/1552/1109 926/1553/1109 900/1554/1109
f 487/1461/1110 484/1525/1110 493/1512/1110
f 493/1555/1111 504/1117/1111 520/1556/1111
f 900/1557/1112 928/1558/1112 905/1559/1112
f 904/1560/1113 926/1553/1113 905/1552/1113
f 927/1561/1114 903/1562/1114 926/1563/1114
f 880/1564/1115 874/1565/1115 881/1566/1115
f 486/1226/1116 490/1545/1116 491/1541/1116
f 926/1567/1117 903/1568/1117 900/1569/1117
f 874/1570/1118 887/1571/1118 881/1572/1118
f 485/1531/1119 504/1117/1119 493/1555/1119
f 904/1560/1120 876/1573/1120 926/1553/1120
f 490/1536/1121 499/1574/1121 502/1542/1121
f 927/1575/1122 873/1428/1122 924/1576/1122
f 873/1428/1123 878/1502/1123 924/1576/1123
f 484/1537/1124 485/1531/1124 493/1555/1124
f 905/1559/1125 928/1558/1125 916/1577/1125
f 874/1510/1126 880/989/1126 879/1511/1126
f 900/1569/1127 903/1568/1127 928/1578/1127
f 525/1579/1128 501/1148/1128 503/1149/1128
f 525/1579/1129 503/1149/1129 524/1548/1129
f 916/1580/1130 904/1581/1130 905/1582/1130
f 876/1573/1131 904/1560/1131 884/1583/1131
f 903/1584/1132 927/1575/1132 924/1576/1132
f 884/1583/1133 875/1585/1133 876/1573/1133
f 525/1579/1134 524/1548/1134 499/1168/1134
f 904/1586/1135 893/1587/1135 885/1588/1135
f 885/1589/1136 884/1590/1136 904/1591/1136
f 501/1592/1137 525/1593/1137 499/1594/1137
f 906/1595/1138 491/1541/1138 882/1521/1138
f 903/1584/1139 924/1576/1139 890/1174/1139
f 906/1595/1140 882/1521/1140 875/1520/1140
f 871/1000/1141 887/1596/1141 874/1597/1141
f 924/1576/1142 878/1502/1142 908/1598/1142
f 486/1226/1143 491/1541/1143 488/1227/1143
f 907/1247/1144 879/1511/1144 880/989/1144
f 890/1599/1145 928/1578/1145 903/1568/1145
f 875/1600/1146 884/1601/1146 906/1602/1146
f 822/1073/1147 801/1603/1147 828/1074/1147
f 878/1246/1148 879/1511/1148 907/1247/1148
f 927/1604/1149 926/1605/1149 873/1606/1149
f 928/1607/1150 890/1174/1150 916/1265/1150
f 906/1608/1151 488/1609/1151 491/1610/1151
f 909/1248/1152 908/1275/1152 878/1246/1152
f 883/1218/1153 488/1611/1153 906/1274/1153
f 646/1612/1154 694/1613/1154 636/1614/1154
f 908/1598/1155 890/1174/1155 924/1576/1155
f 828/1074/1156 801/1603/1156 816/1055/1156
f 910/1222/1157 892/1207/1157 911/1206/1157
f 373/482/1158 374/589/1158 375/1615/1158
f 808/1132/1159 874/1510/1159 811/1133/1159
f 695/1616/1160 694/1617/1160 646/1618/1160
f 382/578/1161 375/1615/1161 374/589/1161
f 692/508/1162 646/510/1162 642/1619/1162
f 675/1620/1163 635/1621/1163 382/578/1163
f 635/1621/1164 375/1615/1164 382/578/1164
f 633/1622/1165 375/1615/1165 635/1621/1165
f 635/1623/1166 640/1624/1166 694/1625/1166
f 381/829/1167 388/1626/1167 413/879/1167
f 634/1627/1168 654/1628/1168 642/1619/1168
f 667/1629/1169 650/1630/1169 634/1631/1169
f 654/1628/1170 692/508/1170 642/1619/1170
f 399/1632/1171 392/1633/1171 397/1634/1171
f 641/1635/1172 640/1636/1172 635/1637/1172
f 641/1638/1173 635/1621/1173 675/1620/1173
f 648/1639/1174 647/549/1174 686/548/1174
f 651/605/1175 659/542/1175 640/541/1175
f 383/847/1176 411/867/1176 384/1640/1176
f 648/1641/1177 649/1642/1177 647/1643/1177
f 641/1635/1178 651/1644/1178 640/1636/1178
f 667/1645/1179 644/1646/1179 647/1643/1179
f 655/1647/1180 695/1648/1180 692/1649/1180
f 677/1650/1181 641/1638/1181 675/1620/1181
f 388/1626/1182 392/1651/1182 413/879/1182
f 649/1642/1183 667/1645/1183 647/1643/1183
f 636/1652/1184 640/1653/1184 643/1654/1184
f 640/1653/1185 636/1652/1185 694/1655/1185
f 626/1656/1186 638/1657/1186 655/1658/1186
f 418/1659/1187 392/1651/1187 398/1660/1187
f 689/1661/1188 691/1662/1188 693/1663/1188
f 650/1664/1189 654/1628/1189 634/1627/1189
f 395/668/1190 396/1665/1190 387/1666/1190
f 676/1667/1191 652/1668/1191 679/1669/1191
f 395/1670/1192 391/1671/1192 396/1672/1192
f 671/1673/1193 648/1639/1193 686/548/1193
f 691/1674/1194 626/1656/1194 625/1675/1194
f 624/1676/1195 691/1674/1195 625/1675/1195
f 649/1677/1196 648/1639/1196 671/1673/1196
f 624/1678/1197 693/1679/1197 691/1680/1197
f 626/1656/1198 655/1658/1198 673/1681/1198
f 392/1651/1199 387/1682/1199 397/1683/1199
f 629/1684/1200 671/572/1200 663/571/1200
f 399/1685/1201 396/1672/1201 391/1671/1201
f 418/1659/1202 413/879/1202 392/1651/1202
f 416/1686/1203 395/1687/1203 411/867/1203
f 416/1686/1204 411/867/1204 415/928/1204
f 649/1642/1205 670/1688/1205 667/1645/1205
f 673/1681/1206 625/1675/1206 626/1656/1206
f 663/571/1207 669/1689/1207 629/1684/1207
f 641/1638/1208 677/1650/1208 679/1690/1208
f 389/608/1209 403/881/1209 390/576/1209
f 677/1691/1210 675/1692/1210 382/1693/1210
f 670/1688/1211 649/1642/1211 668/1694/1211
f 673/1695/1212 692/1696/1212 654/1697/1212
f 689/1698/1213 786/1699/1213 690/1700/1213
f 395/668/1214 386/667/1214 384/845/1214
f 386/828/1215 388/1626/1215 381/829/1215
f 673/1681/1216 655/1658/1216 692/1701/1216
f 387/1666/1217 388/666/1217 395/668/1217
f 741/1702/1218 744/1703/1218 677/1691/1218
f 772/1704/1219 764/1315/1219 787/1705/1219
f 396/1706/1220 397/1707/1220 387/1708/1220
f 680/1709/1221 651/1644/1221 641/1635/1221
f 629/1710/1222 654/1711/1222 650/1712/1222
f 382/1693/1223 741/1702/1223 677/1691/1223
f 391/1671/1224 393/1713/1224 394/1714/1224
f 652/1715/1225 680/1709/1225 641/1635/1225
f 392/1716/1226 399/1717/1226 394/1718/1226
f 662/1719/1227 660/1720/1227 651/1721/1227
f 787/1705/1228 690/1722/1228 772/1704/1228
f 425/1723/1229 398/1724/1229 392/1725/1229
f 668/1694/1230 667/1645/1230 670/1688/1230
f 416/1726/1231 391/1671/1231 395/1670/1231
f 629/1727/1232 650/1728/1232 668/1729/1232
f 416/1730/1233 393/1731/1233 391/1732/1233
f 396/1672/1234 399/1685/1234 397/1733/1234
f 668/1734/1235 650/1630/1235 667/1629/1235
f 680/1735/1236 662/1736/1236 651/1737/1236
f 658/1738/1237 662/1739/1237 657/1740/1237
f 679/1741/1238 652/1742/1238 641/1743/1238
f 392/1651/1239 388/1626/1239 387/1682/1239
f 625/1675/1240 673/1681/1240 672/1744/1240
f 689/1661/1241 693/1663/1241 786/1745/1241
f 395/1687/1242 384/1640/1242 411/867/1242
f 625/1675/1243 672/1744/1243 674/1746/1243
f 678/1747/1244 680/1748/1244 652/1749/1244
f 635/1750/1245 694/1751/1245 633/1752/1245
f 767/1753/1246 772/1704/1246 690/1722/1246
f 695/1754/1247 633/1622/1247 694/1755/1247
f 425/1756/1248 418/1659/1248 398/1660/1248
f 786/1699/1249 767/1757/1249 690/1700/1249
f 786/1758/1250 693/1759/1250 767/1760/1250
f 425/1723/1251 392/1725/1251 394/1761/1251
f 391/1671/1252 394/1714/1252 399/1685/1252
f 412/1762/1253 425/1723/1253 394/1761/1253
f 743/1763/1254 745/1764/1254 744/1765/1254
f 745/1766/1255 679/1767/1255 677/1768/1255
f 768/1769/1256 693/1663/1256 624/1770/1256
f 745/1771/1257 677/1691/1257 744/1703/1257
f 624/1676/1258 625/1675/1258 765/1772/1258
f 420/1773/1259 390/576/1259 403/881/1259
f 745/1774/1260 676/1775/1260 679/1776/1260
f 678/1777/1261 652/1778/1261 676/1779/1261
f 784/1780/1262 764/1781/1262 772/1782/1262
f 768/1783/1263 624/1676/1263 765/1772/1263
f 775/1333/1264 784/1784/1264 772/1704/1264
f 394/1761/1265 405/1785/1265 412/1762/1265
f 393/1786/1266 416/1686/1266 415/928/1266
f 767/1753/1267 775/1333/1267 772/1704/1267
f 419/577/1268 390/576/1268 407/699/1268
f 770/1326/1269 764/1315/1269 784/1784/1269
f 672/1787/1270 673/1788/1270 654/1789/1270
f 658/1738/1271 660/1790/1271 662/1739/1271
f 664/1791/1272 722/1792/1272 666/1793/1272
f 664/1794/1273 666/1795/1273 627/1796/1273
f 657/1740/1274 760/1797/1274 658/1738/1274
f 427/1798/1275 425/1799/1275 412/1800/1275
f 773/1801/1276 765/1772/1276 674/1746/1276
f 741/1702/1277 743/1802/1277 744/1703/1277
f 414/1803/1278 417/889/1278 400/1804/1278
f 420/1773/1279 403/881/1279 414/1805/1279
f 770/1326/1280 784/1784/1280 775/1333/1280
f 745/1806/1281 736/1807/1281 738/1808/1281
f 738/1809/1282 678/1747/1282 676/1810/1282
f 678/1811/1283 681/1812/1283 662/1813/1283
f 742/1814/1284 394/1815/1284 393/1786/1284
f 662/1816/1285 680/1748/1285 678/1747/1285
f 414/909/1286 402/892/1286 417/1817/1286
f 676/1818/1287 745/1806/1287 738/1808/1287
f 420/1773/1288 407/699/1288 390/576/1288
f 742/1819/1289 405/1785/1289 394/1761/1289
f 412/1762/1290 405/1785/1290 408/1820/1290
f 758/1821/1291 757/1822/1291 760/1823/1291
f 738/1824/1292 681/1825/1292 678/1826/1292
f 671/572/1293 668/1827/1293 649/1828/1293
f 671/572/1294 629/1684/1294 668/1827/1294
f 414/909/1295 400/1829/1295 420/1830/1295
f 417/889/1296 413/879/1296 418/1659/1296
f 681/1812/1297 657/1740/1297 662/1813/1297
f 630/1831/1298 672/1787/1298 654/1789/1298
f 758/657/1299 760/1797/1299 657/1740/1299
f 630/1832/1300 674/1746/1300 672/1744/1300
f 408/1833/1301 428/1834/1301 412/1800/1301
f 630/1835/1302 654/1711/1302 629/1710/1302
f 765/1772/1303 625/1675/1303 674/1746/1303
f 427/1836/1304 418/1837/1304 425/1838/1304
f 681/1812/1305 737/1839/1305 758/657/1305
f 417/889/1306 418/1659/1306 427/1840/1306
f 428/1834/1307 427/1798/1307 412/1800/1307
f 421/1841/1308 393/1786/1308 415/928/1308
f 733/1842/1309 743/1802/1309 741/1702/1309
f 775/1843/1310 776/1844/1310 771/1845/1310
f 775/1333/1311 771/1327/1311 770/1326/1311
f 813/1846/1312 771/1847/1312 776/1848/1312
f 420/1773/1313 409/1849/1313 407/699/1313
f 400/1804/1314 417/889/1314 427/1840/1314
f 774/1346/1315 778/1325/1315 771/1327/1315
f 769/1850/1316 777/1331/1316 775/1333/1316
f 707/647/1317 788/1851/1317 708/648/1317
f 769/1850/1318 775/1333/1318 767/1753/1318
f 768/1769/1319 769/1852/1319 693/1663/1319
f 428/1853/1320 426/1854/1320 427/1855/1320
f 768/1769/1321 766/1856/1321 769/1852/1321
f 630/1832/1322 773/1801/1322 674/1746/1322
f 737/1839/1323 748/658/1323 758/657/1323
f 693/1857/1324 769/1850/1324 767/1753/1324
f 843/1039/1325 813/1858/1325 779/1859/1325
f 628/1860/1326 765/1772/1326 773/1801/1326
f 768/1783/1327 765/1772/1327 766/1861/1327
f 628/1860/1328 796/1862/1328 766/1861/1328
f 628/1860/1329 788/1851/1329 796/1862/1329
f 779/1859/1330 813/1858/1330 776/1332/1330
f 750/1863/1331 393/1786/1331 421/1841/1331
f 777/1864/1332 779/1865/1332 776/1866/1332
f 407/699/1333 733/1867/1333 741/623/1333
f 813/1858/1334 774/1346/1334 771/1327/1334
f 629/1684/1335 656/1868/1335 628/1869/1335
f 400/1804/1336 427/1840/1336 426/1870/1336
f 628/1869/1337 773/1871/1337 630/1872/1337
f 759/1873/1338 746/1874/1338 405/1785/1338
f 766/1861/1339 796/1862/1339 769/1850/1339
f 428/1834/1340 408/1833/1340 426/1875/1340
f 628/1869/1341 630/1872/1341 629/1684/1341
f 405/1876/1342 746/1877/1342 408/1878/1342
f 839/1363/1343 843/1879/1343 840/1880/1343
f 759/1873/1344 405/1785/1344 742/1819/1344
f 777/1864/1345 843/1881/1345 779/1865/1345
f 426/1882/1346 420/1830/1346 400/1829/1346
f 723/1883/1347 760/624/1347 752/669/1347
f 736/1884/1348 745/1771/1348 743/1802/1348
f 839/1363/1349 805/1362/1349 843/1879/1349
f 843/1039/1350 777/1331/1350 769/1850/1350
f 747/1885/1351 759/1873/1351 742/1819/1351
f 628/1860/1352 708/648/1352 788/1851/1352
f 426/1875/1353 408/1833/1353 406/1886/1353
f 765/1772/1354 628/1860/1354 766/1861/1354
f 722/1887/1355 664/1888/1355 723/1889/1355
f 722/1792/1356 719/649/1356 666/1793/1356
f 739/1890/1357 681/1891/1357 738/1808/1357
f 735/1892/1358 746/1893/1358 759/1894/1358
f 406/1895/1359 746/1896/1359 735/1897/1359
f 415/928/1360 410/924/1360 421/1841/1360
f 406/1886/1361 408/1833/1361 746/1898/1361
f 711/1899/1362 748/1900/1362 733/1901/1362
f 716/1902/1363 724/650/1363 718/670/1363
f 749/1903/1364 736/1904/1364 733/1905/1364
f 749/1903/1365 733/1905/1365 737/1906/1365
f 739/1907/1366 749/1903/1366 737/1906/1366
f 739/1908/1367 738/1909/1367 740/1910/1367
f 740/1911/1368 738/1808/1368 736/1807/1368
f 756/1912/1369 732/1913/1369 718/670/1369
f 393/1786/1370 750/1863/1370 742/1814/1370
f 756/1912/1371 734/652/1371 711/1914/1371
f 711/1915/1372 734/1916/1372 748/658/1372
f 748/658/1373 734/1916/1373 613/602/1373
f 759/1894/1374 727/1917/1374 735/1892/1374
f 406/1895/1375 735/1897/1375 725/1918/1375
f 729/1919/1376 407/699/1376 409/1849/1376
f 737/1906/1377 733/1905/1377 748/1920/1377
f 725/1921/1378 409/1849/1378 420/1773/1378
f 743/1802/1379 733/1842/1379 736/1884/1379
f 681/1812/1380 758/657/1380 657/1740/1380
f 727/1917/1381 759/1894/1381 747/1922/1381
f 728/1923/1382 727/1917/1382 747/1922/1382
f 756/1912/1383 712/1924/1383 732/1913/1383
f 729/1919/1384 733/1867/1384 407/699/1384
f 719/649/1385 631/1925/1385 666/1793/1385
f 716/1902/1386 718/670/1386 732/1913/1386
f 720/1926/1387 716/1927/1387 717/1928/1387
f 724/1929/1388 716/1927/1388 714/1930/1388
f 747/1931/1389 742/1932/1389 750/1933/1389
f 424/965/1390 421/1934/1390 410/960/1390
f 719/649/1391 708/648/1391 631/1925/1391
f 733/1867/1392 729/1919/1392 711/1935/1392
f 406/1886/1393 725/1936/1393 426/1875/1393
f 723/1889/1394 752/1937/1394 722/1887/1394
f 725/1938/1395 420/1830/1395 426/1882/1395
f 756/1912/1396 718/670/1396 734/652/1396
f 737/1839/1397 681/1812/1397 739/1939/1397
f 727/1917/1398 730/1940/1398 726/1941/1398
f 740/1942/1399 736/1904/1399 749/1903/1399
f 729/1943/1400 725/1944/1400 726/1941/1400
f 711/1914/1401 712/1924/1401 756/1912/1401
f 729/1919/1402 409/1849/1402 725/1921/1402
f 422/1945/1403 821/1946/1403 750/1947/1403
f 422/1948/1404 750/1863/1404 421/1841/1404
f 731/1949/1405 727/1917/1405 728/1923/1405
f 755/1950/1406 712/1951/1406 729/1952/1406
f 720/1926/1407 717/1928/1407 715/1953/1407
f 821/1946/1408 751/1954/1408 750/1947/1408
f 730/1955/1409 755/1950/1409 729/1952/1409
f 706/1956/1410 717/1957/1410 732/1913/1410
f 740/1942/1411 749/1903/1411 739/1907/1411
f 732/1958/1412 717/1959/1412 716/1960/1412
f 716/1927/1413 720/1926/1413 714/1930/1413
f 726/1961/1414 735/1962/1414 727/1963/1414
f 710/1964/1415 715/1953/1415 717/1928/1415
f 714/1965/1416 720/1966/1416 713/1967/1416
f 830/1968/1417 751/1969/1417 832/1970/1417
f 728/1971/1418 747/1931/1418 750/1933/1418
f 751/1969/1419 728/1971/1419 750/1933/1419
f 788/1851/1420 806/1972/1420 796/1862/1420
f 706/1956/1421 732/1913/1421 712/1924/1421
f 702/1973/1422 712/1951/1422 755/1950/1422
f 727/1917/1423 731/1949/1423 730/1940/1423
f 830/1968/1424 832/1970/1424 841/1974/1424
f 424/965/1425 422/1945/1425 421/1934/1425
f 717/1957/1426 706/1956/1426 710/1975/1426
f 728/1923/1427 830/1976/1427 731/1949/1427
f 724/1929/1428 714/1930/1428 700/1977/1428
f 751/1969/1429 830/1968/1429 728/1971/1429
f 706/1978/1430 715/1953/1430 710/1964/1430
f 840/1979/1431 769/1850/1431 796/1862/1431
f 702/1980/1432 706/1956/1432 712/1924/1432
f 713/1967/1433 720/1966/1433 715/1981/1433
f 424/965/1434 459/968/1434 422/1945/1434
f 809/1982/1435 794/1983/1435 796/1862/1435
f 704/1984/1436 806/1972/1436 788/1851/1436
f 709/1985/1437 713/1967/1437 715/1981/1437
f 840/1979/1438 843/1039/1438 769/1850/1438
f 702/1980/1439 731/1949/1439 838/1986/1439
f 832/1970/1440 751/1987/1440 836/1988/1440
f 836/1989/1441 751/1990/1441 821/1991/1441
f 838/1986/1442 731/1949/1442 830/1976/1442
f 709/1985/1443 715/1981/1443 706/1956/1443
f 840/1979/1444 796/1862/1444 794/1983/1444
f 841/1974/1445 832/1970/1445 836/1988/1445
f 821/1992/1446 844/1993/1446 836/1994/1446
f 844/1995/1447 841/1974/1447 836/1988/1447
f 840/1979/1448 793/1996/1448 839/1997/1448
f 850/1998/1449 838/1986/1449 830/1976/1449
f 830/1976/1450 841/1999/1450 837/2000/1450
f 837/2000/1451 850/1998/1451 830/1976/1451
f 817/2001/1452 844/2002/1452 821/2003/1452
f 702/1980/1453 730/1940/1453 731/1949/1453
f 807/2004/1454 702/1980/1454 838/1986/1454
f 755/1950/1455 730/2005/1455 702/1973/1455
f 850/1998/1456 807/2004/1456 838/1986/1456
f 837/2006/1457 814/2007/1457 850/2008/1457
f 825/2009/1458 806/2010/1458 807/2004/1458
f 803/1134/1459 804/1418/1459 809/1982/1459
f 793/1996/1460 840/1979/1460 794/1983/1460
f 806/2010/1461 704/2011/1461 709/1985/1461
f 730/1940/1462 729/1943/1462 726/1941/1462
f 713/1967/1463 703/2012/1463 595/665/1463
f 825/2009/1464 809/2013/1464 806/2010/1464
f 702/1980/1465 807/2004/1465 806/2010/1465
f 595/665/1466 714/1965/1466 713/1967/1466
f 807/2004/1467 850/1998/1467 814/2014/1467
f 451/1410/1468 827/2015/1468 422/1945/1468
f 459/968/1469 451/1410/1469 422/1945/1469
f 451/1410/1470 459/968/1470 460/695/1470
f 804/1418/1471 794/1983/1471 809/1982/1471
f 809/1982/1472 796/1862/1472 806/1972/1472
f 809/2016/1473 825/2017/1473 800/2018/1473
f 702/1973/1474 806/2019/1474 706/2020/1474
f 709/1985/1475 706/1956/1475 806/2010/1475
f 817/1477/1476 821/1946/1476 827/2015/1476
f 793/1996/1477 794/1983/1477 804/1418/1477
f 814/2021/1478 825/2022/1478 807/2023/1478
f 789/2024/1479 809/1982/1479 800/2025/1479
f 818/1492/1480 844/2026/1480 817/1482/1480
f 595/665/1481 700/662/1481 714/1965/1481
f 845/2027/1482 841/1974/1482 844/1995/1482
f 845/2028/1483 835/2029/1483 849/2030/1483
f 800/2018/1484 825/2017/1484 799/2031/1484
f 829/2032/1485 842/2033/1485 835/2029/1485
f 845/2034/1486 849/2035/1486 851/2036/1486
f 802/2037/1487 814/2021/1487 797/2038/1487
f 802/2037/1488 825/2022/1488 814/2021/1488
f 851/2036/1489 814/2007/1489 837/2006/1489
f 825/2017/1490 802/2039/1490 799/2031/1490
f 803/1134/1491 809/1982/1491 812/1435/1491
f 812/1435/1492 809/1982/1492 789/2024/1492
f 845/2040/1493 844/2041/1493 818/1493/1493
f 454/1409/1494 827/2015/1494 451/1410/1494
f 837/2000/1495 841/1999/1495 845/2042/1495
f 817/1477/1496 827/2015/1496 454/1409/1496
f 791/1145/1497 802/2039/1497 823/1121/1497
f 422/1945/1498 827/2015/1498 821/1946/1498
f 791/2043/1499 815/1130/1499 799/2044/1499
f 791/1145/1500 799/2031/1500 802/2039/1500
f 845/2028/1501 829/2032/1501 835/2029/1501
f 824/2045/1502 450/1050/1502 833/2046/1502
f 814/2007/1503 851/2036/1503 797/2047/1503
f 800/2025/1504 795/2048/1504 789/2024/1504
f 800/2018/1505 799/2031/1505 795/2049/1505
f 816/1049/1506 833/2046/1506 450/1050/1506
f 851/2050/1507 837/2000/1507 845/2042/1507
f 795/998/1508 799/2051/1508 798/995/1508
f 849/2035/1509 797/2047/1509 851/2036/1509
f 797/2052/1510 801/1603/1510 822/1073/1510
f 829/1485/1511 845/2040/1511 818/1493/1511
f 822/1073/1512 820/1072/1512 823/2053/1512
f 801/2054/1513 849/2055/1513 833/2046/1513
f 451/1410/1514 460/695/1514 458/1047/1514
f 801/1603/1515 797/2052/1515 849/2056/1515
f 707/647/1516 704/1984/1516 788/1851/1516
f 712/1951/1517 711/2057/1517 729/1952/1517
f 726/2058/1518 725/1918/1518 735/1897/1518
f 816/1049/1519 801/2054/1519 833/2046/1519
f 849/2055/1520 835/2059/1520 833/2046/1520
f 823/2060/1521 802/2061/1521 797/2062/1521
f 259/2063/1522 1585/2064/1522 242/2065/1522
f 253/2066/1523 238/78/1523 477/2067/1523
f 260/40/1524 236/1/1524 248/4/1524
f 242/2/1525 236/1/1525 260/40/1525
f 255/9/1526 244/35/1526 247/7/1526
f 252/25/1527 240/38/1527 253/2068/1527
f 253/2069/1528 477/2070/1528 252/2071/1528
f 247/27/1529 244/2072/1529 243/28/1529
f 244/2073/1530 258/2074/1530 245/5/1530
f 259/2075/1531 994/2076/1531 1585/2077/1531
f 822/2078/1532 823/2079/1532 797/2080/1532
f 709/1985/1533 703/2012/1533 713/1967/1533
f 707/647/1534 709/2081/1534 704/1984/1534
f 245/2082/1535 240/38/1535 244/2072/1535
f 669/2083/1536 627/2084/1536 631/1925/1536
f 699/22/1537 722/21/1537 752/2085/1537
f 701/2086/1538 707/647/1538 705/2087/1538
f 798/995/1539 799/2051/1539 815/993/1539
f 699/2088/1540 705/2087/1540 707/647/1540
f 669/2083/1541 631/1925/1541 656/2089/1541
f 703/2090/1542 701/2086/1542 705/2087/1542
f 669/2091/1543 698/2092/1543 627/2093/1543
f 843/1039/1544 785/1041/1544 774/1346/1544
f 709/2081/1545 701/2086/1545 703/2090/1545
f 808/2094/1546 812/2095/1546 810/2096/1546
f 792/1420/1547 793/1996/1547 804/1418/1547
f 808/2094/1548 810/2097/1548 886/986/1548
f 664/1794/1549 627/1796/1549 697/628/1549
f 629/1684/1550 669/1689/1550 656/1868/1550
f 719/2098/1551 699/2088/1551 707/647/1551
f 843/1039/1552 774/1346/1552 813/1858/1552
f 812/1435/1553 789/2024/1553 810/1007/1553
f 701/2086/1554 709/2081/1554 707/647/1554
f 808/2094/1555 871/2099/1555 874/2100/1555
f 886/986/1556 871/2099/1556 808/2094/1556
f 656/2089/1557 631/1925/1557 708/648/1557
f 656/2089/1558 708/648/1558 628/1860/1558
f 666/1795/1559 631/2101/1559 627/1796/1559
f 839/1997/1560 793/1996/1560 792/1420/1560
f 789/2024/1561 795/2048/1561 981/969/1561
f 810/1007/1562 789/2024/1562 981/969/1562
f 795/2048/1563 930/2102/1563 981/969/1563
f 253/2068/1564 240/38/1564 238/2103/1564
f 244/2072/1565 240/38/1565 243/28/1565
f 240/2104/1566 245/2105/1566 237/79/1566
f 477/2067/1567 234/76/1567 465/80/1567
f 248/2106/1568 249/2107/1568 245/2108/1568
f 234/76/1569 467/75/1569 465/80/1569
f 1035/2109/1570 165/741/1570 164/740/1570
f 477/2110/1571 238/2111/1571 234/2112/1571
f 514/2113/1572 512/2114/1572 497/2115/1572
f 508/1490/1573 515/1445/1573 553/1436/1573
f 514/2113/1574 497/2115/1574 519/1478/1574
f 498/2116/1575 497/2117/1575 508/1490/1575
f 314/2118/1576 278/2119/1576 313/2120/1576
f 508/2121/1577 497/2115/1577 512/2114/1577
f 519/1478/1578 516/1480/1578 514/2113/1578
f 313/2120/1579 278/2119/1579 280/2122/1579
f 279/2123/1580 280/2122/1580 278/2119/1580
f 500/2124/1581 510/1451/1581 283/2125/1581
f 457/694/1582 283/2125/1582 510/1451/1582
f 283/2125/1583 204/2126/1583 277/2127/1583
f 514/2128/1584 515/2129/1584 512/2130/1584
f 482/2131/1585 495/1452/1585 510/1451/1585
f 279/2123/1586 283/2125/1586 277/2127/1586
f 512/2132/1587 515/1445/1587 508/1490/1587
f 279/2123/1588 500/2124/1588 283/2125/1588
f 500/2124/1589 482/2131/1589 510/1451/1589
f 265/2133/1590 268/2134/1590 262/2135/1590
f 309/2136/1591 302/2137/1591 307/2138/1591
f 278/2139/1592 281/2140/1592 500/2141/1592
f 489/1440/1593 495/1447/1593 482/2142/1593
f 280/2122/1594 262/2135/1594 313/2120/1594
f 280/2122/1595 277/2127/1595 262/2135/1595
f 278/2119/1596 500/2124/1596 279/2123/1596
f 326/2143/1597 262/2135/1597 268/2134/1597
f 307/2138/1598 271/2144/1598 287/2145/1598
f 263/2146/1599 262/2135/1599 277/2127/1599
f 280/2122/1600 279/2123/1600 277/2127/1600
f 307/2138/1601 302/2137/1601 271/2144/1601
f 489/1440/1602 482/2142/1602 483/2147/1602
f 308/2148/1603 302/2137/1603 309/2136/1603
f 482/2142/1604 281/2140/1604 483/2147/1604
f 309/2149/1605 307/2150/1605 301/2151/1605
f 482/2142/1606 500/2141/1606 281/2140/1606
f 309/2152/1607 301/2153/1607 298/2154/1607
f 271/2144/1608 331/2155/1608 287/2145/1608
f 348/2156/1609 367/2157/1609 352/2158/1609
f 326/2159/1610 286/2160/1610 274/2161/1610
f 348/2162/1611 355/2163/1611 367/2164/1611
f 360/2165/1612 358/167/1612 361/254/1612
f 358/167/1613 360/2165/1613 352/165/1613
f 263/2146/1614 343/2166/1614 265/2133/1614
f 268/2134/1615 265/2133/1615 285/2167/1615
f 353/2168/1616 355/2163/1616 349/2169/1616
f 356/2170/1617 349/2169/1617 348/2162/1617
f 262/2135/1618 263/2146/1618 265/2133/1618
f 348/2156/1619 352/2158/1619 362/2171/1619
f 365/262/1620 349/2172/1620 354/2173/1620
f 360/2165/1621 361/254/1621 366/2174/1621
f 351/125/1622 354/2175/1622 357/2176/1622
f 348/2162/1623 349/2169/1623 355/2163/1623
f 368/2177/1624 356/2178/1624 362/2171/1624
f 348/2156/1625 362/2171/1625 356/2178/1625
f 346/174/1626 349/2172/1626 365/262/1626
f 618/448/1627 617/447/1627 620/2179/1627
f 357/2176/1628 354/2175/1628 363/2180/1628
f 354/236/1629 349/2181/1629 363/2182/1629
f 349/2183/1630 350/2184/1630 353/2185/1630
f 617/440/1631 619/442/1631 620/2186/1631
f 351/125/1632 357/2176/1632 449/123/1632
f 363/2187/1633 356/2178/1633 368/2177/1633
f 360/2165/1634 366/2174/1634 362/2188/1634
f 363/2180/1635 621/2189/1635 357/2176/1635
f 362/2190/1636 352/165/1636 360/2165/1636
f 357/2176/1637 621/2189/1637 445/2191/1637
f 644/2192/1638 639/441/1638 637/2193/1638
f 620/2194/1639 642/1619/1639 618/2195/1639
f 431/2196/1640 449/123/1640 448/2197/1640
f 431/153/1641 440/468/1641 441/159/1641
f 448/2197/1642 357/2176/1642 445/2191/1642
f 363/2198/1643 349/2169/1643 356/2170/1643
f 448/2197/1644 439/461/1644 431/2196/1644
f 448/2197/1645 449/123/1645 357/2176/1645
f 440/468/1646 435/467/1646 433/2199/1646
f 441/2200/1647 433/2201/1647 442/2202/1647
f 639/441/1648 644/2192/1648 619/442/1648
f 368/2177/1649 362/2171/1649 684/2203/1649
f 366/2174/1650 638/2204/1650 362/2188/1650
f 373/482/1651 366/2174/1651 361/254/1651
f 440/468/1652 433/2199/1652 441/159/1652
f 362/2188/1653 638/2204/1653 684/2205/1653
f 375/1615/1654 638/2204/1654 366/2174/1654
f 619/442/1655 634/1631/1655 620/2186/1655
f 363/2182/1656 696/2206/1656 621/2207/1656
f 368/2208/1657 696/2209/1657 363/2210/1657
f 646/510/1658 618/2195/1658 642/1619/1658
f 444/469/1659 448/2197/1659 445/2191/1659
f 444/469/1660 439/461/1660 448/2197/1660
f 373/482/1661 361/254/1661 371/417/1661
f 763/2211/1662 621/2212/1662 682/2213/1662
f 634/2214/1663 619/2215/1663 644/1646/1663
f 682/2213/1664 621/2212/1664 688/2216/1664
f 444/469/1665 445/2191/1665 762/471/1665
f 622/437/1666 618/446/1666 646/2217/1666
f 763/2218/1667 782/478/1667 445/2191/1667
f 762/471/1668 445/2191/1668 782/478/1668
f 645/2219/1669 644/2192/1669 637/2193/1669
f 440/2220/1670 431/2221/1670 439/2222/1670
f 621/2223/1671 696/2224/1671 688/2225/1671
f 636/455/1672 622/437/1672 646/2217/1672
f 645/2219/1673 647/2226/1673 644/2192/1673
f 368/2208/1674 691/2227/1674 696/2209/1674
f 685/2228/1675 696/2229/1675 691/2230/1675
f 688/2231/1676 696/2229/1676 685/2228/1676
f 691/2230/1677 368/2177/1677 684/2203/1677
f 634/1627/1678 642/1619/1678 620/2194/1678
f 690/2232/1679 688/2231/1679 689/2233/1679
f 682/2213/1680 688/2216/1680 690/1722/1680
f 375/1615/1681 633/1622/1681 638/2204/1681
f 373/482/1682 375/1615/1682 366/2174/1682
f 638/2234/1683 695/2235/1683 655/2236/1683
f 782/478/1684 763/2218/1684 781/484/1684
f 689/2237/1685 685/2238/1685 691/2239/1685
f 682/2213/1686 787/1705/1686 781/1314/1686
f 626/1656/1687 691/1674/1687 684/2240/1687
f 638/2204/1688 633/1622/1688 695/2241/1688
f 644/2242/1689 667/1629/1689 634/1631/1689
f 626/1656/1690 684/2240/1690 638/1657/1690
f 682/2213/1691 781/1314/1691 763/2243/1691
f 780/476/1692 762/471/1692 782/478/1692
f 787/1705/1693 682/2213/1693 690/1722/1693
f 688/2231/1694 685/2228/1694 689/2233/1694
f 698/2092/1695 575/519/1695 580/554/1695
f 575/519/1696 698/2092/1696 653/458/1696
f 723/675/1697 664/643/1697 761/638/1697
f 612/600/1698 598/579/1698 561/555/1698
f 586/2244/1699 697/628/1699 698/2245/1699
f 586/2246/1700 698/2092/1700 560/553/1700
f 665/627/1701 664/1794/1701 697/628/1701
f 588/640/1702 586/521/1702 577/518/1702
f 594/2247/1703 604/2248/1703 605/592/1703
f 781/1314/1704 787/1705/1704 764/1315/1704
f 593/2249/1705 594/2247/1705 605/592/1705
f 560/553/1706 698/2092/1706 580/554/1706
f 606/2250/1707 596/2251/1707 561/2252/1707
f 627/2093/1708 698/2092/1708 697/2253/1708
f 596/2254/1709 606/2255/1709 604/2256/1709
f 669/1689/1710 663/571/1710 653/2257/1710
f 445/2191/1711 621/2189/1711 763/2218/1711
f 606/591/1712 605/592/1712 604/2248/1712
f 597/2258/1713 607/2259/1713 979/2260/1713
f 698/2092/1714 669/2091/1714 653/458/1714
f 596/2254/1715 607/2261/1715 608/2262/1715
f 597/2263/1716 608/2264/1716 607/2265/1716
f 977/2266/1717 607/2261/1717 604/2267/1717
f 699/2268/1718 754/616/1718 609/2269/1718
f 705/2270/1719 699/2268/1719 609/2269/1719
f 721/2271/1720 609/2272/1720 979/2273/1720
f 980/2274/1721 604/2248/1721 594/2247/1721
f 754/2275/1722 699/22/1722 752/2085/1722
f 607/2261/1723 977/2266/1723 979/2273/1723
f 979/2260/1724 609/2276/1724 597/2258/1724
f 594/2277/1725 610/2278/1725 980/2279/1725
f 753/660/1726 616/626/1726 615/655/1726
f 977/2266/1727 604/2267/1727 980/2280/1727
f 593/674/1728 610/2278/1728 594/2277/1728
f 595/665/1729 721/2281/1729 611/686/1729
f 703/2282/1730 705/2270/1730 609/2269/1730
f 721/2281/1731 610/2278/1731 611/686/1731
f 979/2273/1732 978/2283/1732 721/2271/1732
f 978/2283/1733 979/2273/1733 977/2266/1733
f 980/2280/1734 978/2283/1734 977/2266/1734
f 593/674/1735 611/686/1735 610/2278/1735
f 721/2281/1736 978/2284/1736 610/2278/1736
f 703/2282/1737 609/2269/1737 721/2285/1737
f 721/2281/1738 595/665/1738 703/2012/1738
f 597/615/1739 609/2269/1739 754/616/1739
f 263/2146/1740 277/2127/1740 204/2126/1740
f 308/2286/1741 298/2287/1741 299/2288/1741
f 610/2278/1742 978/2284/1742 980/2279/1742
f 330/2289/1743 268/2290/1743 285/2291/1743
f 271/2144/1744 323/2292/1744 331/2155/1744
f 596/2254/1745 604/2267/1745 607/2261/1745
f 286/2293/1746 330/2294/1746 312/2295/1746
f 331/2155/1747 321/2296/1747 303/2297/1747
f 302/2137/1748 317/2298/1748 271/2144/1748
f 308/2286/1749 299/2288/1749 302/2299/1749
f 274/2161/1750 286/2160/1750 311/2300/1750
f 313/2301/1751 262/2302/1751 274/2161/1751
f 307/2150/1752 287/2303/1752 270/2304/1752
f 287/2145/1753 331/2155/1753 330/2305/1753
f 326/2159/1754 274/2161/1754 262/2302/1754
f 270/2306/1755 284/2307/1755 297/2308/1755
f 301/2151/1756 307/2150/1756 270/2304/1756
f 302/2309/1757 299/2310/1757 317/2311/1757
f 586/2244/1758 588/629/1758 697/628/1758
f 331/2155/1759 323/2292/1759 321/2296/1759
f 298/2312/1760 301/2313/1760 297/2308/1760
f 326/2143/1761 330/2314/1761 286/2315/1761
f 299/2288/1762 298/2287/1762 297/2316/1762
f 263/2317/1763 282/2318/1763 343/2319/1763
f 285/2320/1764 265/2321/1764 342/2322/1764
f 265/2321/1765 343/2323/1765 342/2322/1765
f 263/2146/1766 193/693/1766 282/2324/1766
f 294/2325/1767 327/2326/1767 304/2327/1767
f 305/2328/1768 327/2329/1768 294/2330/1768
f 300/2331/1769 342/2332/1769 292/2333/1769
f 328/2334/1770 327/2329/1770 305/2328/1770
f 301/2313/1771 270/2306/1771 297/2308/1771
f 343/2323/1772 292/2335/1772 342/2322/1772
f 326/2336/1773 268/2337/1773 330/2338/1773
f 193/693/1774 196/972/1774 282/2324/1774
f 489/2339/1775 264/2340/1775 291/2341/1775
f 270/2342/1776 287/2343/1776 330/2344/1776
f 330/2344/1777 285/2345/1777 270/2342/1777
f 329/2346/1778 311/2300/1778 286/2160/1778
f 327/2329/1779 328/2334/1779 292/2347/1779
f 282/2324/1780 188/2348/1780 184/2349/1780
f 523/2350/1781 528/2351/1781 529/2352/1781
f 529/2353/1782 489/2354/1782 291/2355/1782
f 196/972/1783 191/685/1783 188/2348/1783
f 297/2356/1784 284/2357/1784 293/2358/1784
f 312/2359/1785 329/2360/1785 286/2361/1785
f 285/2345/1786 342/2332/1786 284/2362/1786
f 300/2363/1787 293/2364/1787 284/2365/1787
f 271/2144/1788 317/2298/1788 323/2292/1788
f 299/2366/1789 293/2367/1789 305/2368/1789
f 305/2369/1790 293/2370/1790 292/2371/1790
f 285/2345/1791 284/2362/1791 270/2342/1791
f 483/2372/1792 264/2373/1792 489/2374/1792
f 278/2375/1793 314/2376/1793 281/2377/1793
f 314/2378/1794 313/2301/1794 318/2379/1794
f 319/2380/1795 292/2381/1795 282/2318/1795
f 293/2367/1796 299/2366/1796 297/2382/1796
f 330/2383/1797 331/2384/1797 312/2385/1797
f 343/2319/1798 282/2318/1798 292/2381/1798
f 315/2386/1799 318/2379/1799 274/2161/1799
f 317/2298/1800 305/2387/1800 339/2388/1800
f 276/2389/1801 314/2378/1801 318/2379/1801
f 208/697/1802 195/2390/1802 225/698/1802
f 318/2379/1803 313/2301/1803 274/2161/1803
f 327/2329/1804 292/2347/1804 296/2391/1804
f 195/2390/1805 192/2392/1805 225/698/1805
f 292/2393/1806 293/2364/1806 300/2363/1806
f 300/2331/1807 284/2362/1807 342/2332/1807
f 282/2324/1808 196/972/1808 188/2348/1808
f 296/2391/1809 230/2394/1809 205/2395/1809
f 221/2396/1810 232/2397/1810 194/2398/1810
f 188/2348/1811 195/2399/1811 184/2349/1811
f 306/947/1812 221/2400/1812 208/948/1812
f 304/2401/1813 221/2400/1813 306/947/1813
f 296/2402/1814 185/2403/1814 206/2404/1814
f 184/2405/1815 195/2406/1815 185/2407/1815
f 184/2408/1816 319/2380/1816 282/2318/1816
f 304/2401/1817 306/947/1817 294/2409/1817
f 294/2409/1818 306/947/1818 340/2410/1818
f 319/2411/1819 230/2394/1819 296/2391/1819
f 317/2298/1820 339/2388/1820 324/2412/1820
f 479/1342/1821 528/2351/1821 523/2350/1821
f 315/2386/1822 274/2161/1822 311/2300/1822
f 319/2411/1823 296/2391/1823 292/2347/1823
f 229/2413/1824 194/2414/1824 185/2415/1824
f 185/2415/1825 194/2414/1825 207/2416/1825
f 316/2417/1826 483/2147/1826 281/2140/1826
f 185/2418/1827 205/2419/1827 229/2420/1827
f 229/2420/1828 205/2419/1828 217/2421/1828
f 206/2422/1829 217/2423/1829 194/2424/1829
f 221/2425/1830 194/2426/1830 195/2427/1830
f 229/2428/1831 217/2429/1831 206/2430/1831
f 294/2431/1832 340/2432/1832 339/2433/1832
f 205/2434/1833 207/2435/1833 194/2436/1833
f 312/2437/1834 332/2438/1834 329/2439/1834
f 208/697/1835 221/2440/1835 195/2390/1835
f 221/2396/1836 304/2441/1836 232/2397/1836
f 205/2434/1837 194/2436/1837 217/2442/1837
f 230/2394/1838 207/2443/1838 205/2395/1838
f 232/2444/1839 296/2445/1839 206/2446/1839
f 185/2407/1840 195/2406/1840 206/2447/1840
f 232/2397/1841 206/2448/1841 194/2398/1841
f 232/2397/1842 327/2329/1842 296/2391/1842
f 296/2449/1843 205/2450/1843 185/2451/1843
f 314/2378/1844 276/2389/1844 316/2417/1844
f 230/2452/1845 184/2408/1845 207/2453/1845
f 276/2389/1846 318/2379/1846 315/2386/1846
f 185/2407/1847 207/2454/1847 184/2405/1847
f 288/2455/1848 312/2456/1848 303/2457/1848
f 206/2430/1849 195/2458/1849 229/2428/1849
f 184/2408/1850 230/2452/1850 319/2380/1850
f 189/2459/1851 195/2460/1851 188/2461/1851
f 192/2462/1852 195/2463/1852 189/2464/1852
f 316/2417/1853 281/2140/1853 314/2378/1853
f 557/1370/1854 548/1393/1854 549/1371/1854
f 195/2458/1855 194/2465/1855 229/2428/1855
f 316/2466/1856 276/2467/1856 267/2468/1856
f 523/2469/1857 529/2353/1857 291/2355/1857
f 523/2469/1858 291/2355/1858 552/2470/1858
f 329/2346/1859 338/2471/1859 311/2300/1859
f 269/2472/1860 266/2473/1860 267/2474/1860
f 267/2474/1861 276/2389/1861 269/2472/1861
f 338/2471/1862 288/2475/1862 311/2300/1862
f 552/2476/1863 475/1341/1863 523/2350/1863
f 295/2477/1864 335/2478/1864 312/2479/1864
f 317/2298/1865 324/2412/1865 323/2292/1865
f 328/2480/1866 305/2481/1866 292/2482/1866
f 264/2373/1867 483/2372/1867 266/2483/1867
f 267/2468/1868 483/2484/1868 316/2466/1868
f 552/2476/1869 291/2485/1869 254/32/1869
f 306/947/1870 218/2486/1870 340/2410/1870
f 263/2146/1871 204/2126/1871 193/693/1871
f 188/2348/1872 191/685/1872 189/684/1872
f 276/2487/1873 315/2488/1873 322/2489/1873
f 290/2490/1874 323/2491/1874 324/2492/1874
f 335/2493/1875 332/2494/1875 312/2495/1875
f 204/2126/1876 283/2125/1876 193/693/1876
f 250/2496/1877 291/2341/1877 264/2340/1877
f 294/2497/1878 339/2388/1878 305/2387/1878
f 308/2498/1879 309/2152/1879 298/2154/1879
f 299/2499/1880 305/2387/1880 317/2298/1880
f 458/1047/1881 460/695/1881 457/694/1881
f 324/2500/1882 339/2501/1882 340/2502/1882
f 542/2503/1883 509/2504/1883 498/2505/1883
f 283/2125/1884 457/694/1884 193/693/1884
f 327/2329/1885 232/2397/1885 304/2441/1885
f 511/1060/1886 519/1059/1886 509/2506/1886
f 509/2507/1887 519/1478/1887 497/2115/1887
f 498/2116/1888 545/2508/1888 542/2509/1888
f 498/2510/1889 509/2507/1889 497/2115/1889
f 545/2511/1890 492/1504/1890 521/2512/1890
f 508/1490/1891 492/1489/1891 498/2116/1891
f 545/2513/1892 521/2514/1892 541/1144/1892
f 542/1127/1893 545/2513/1893 541/1144/1893
f 493/1512/1894 540/2515/1894 492/1504/1894
f 492/1489/1895 545/2508/1895 498/2116/1895
f 507/2516/1896 540/2515/1896 493/1512/1896
f 492/1504/1897 540/2515/1897 521/2512/1897
f 267/2474/1898 266/2473/1898 483/2147/1898
f 521/2514/1899 543/1157/1899 541/1144/1899
f 323/2491/1900 290/2490/1900 321/2517/1900
f 312/2518/1901 331/2519/1901 303/2520/1901
f 264/2373/1902 266/2483/1902 272/2521/1902
f 295/2522/1903 312/2523/1903 288/2524/1903
f 269/2472/1904 272/2525/1904 266/2473/1904
f 329/2526/1905 332/2527/1905 333/2528/1905
f 269/2529/1906 322/2530/1906 320/2531/1906
f 311/2300/1907 288/2475/1907 315/2386/1907
f 543/1157/1908 521/2514/1908 540/2532/1908
f 320/2531/1909 322/2530/1909 321/2296/1909
f 338/2471/1910 333/2533/1910 289/2534/1910
f 315/2488/1911 288/2535/1911 303/2536/1911
f 338/2471/1912 329/2346/1912 333/2533/1912
f 275/2537/1913 272/2538/1913 320/2539/1913
f 303/2536/1914 321/2540/1914 322/2489/1914
f 276/2389/1915 322/2541/1915 269/2472/1915
f 288/2475/1916 338/2471/1916 289/2534/1916
f 289/2542/1917 295/2543/1917 288/2535/1917
f 315/2488/1918 303/2536/1918 322/2489/1918
f 264/2373/1919 272/2521/1919 273/2544/1919
f 273/2544/1920 272/2521/1920 325/2545/1920
f 335/2478/1921 295/2477/1921 289/2546/1921
f 523/2350/1922 475/1341/1922 479/1342/1922
f 269/2547/1923 320/2548/1923 272/2549/1923
f 264/2340/1924 273/2550/1924 250/2496/1924
f 335/2478/1925 289/2546/1925 334/2551/1925
f 291/2552/1926 250/2553/1926 254/2554/1926
f 332/2555/1927 335/2556/1927 334/2557/1927
f 340/2410/1928 290/2558/1928 324/2559/1928
f 227/2560/1929 340/2561/1929 218/2562/1929
f 320/2563/1930 321/2564/1930 337/2565/1930
f 333/2566/1931 310/2567/1931 334/2568/1931
f 310/2569/1932 333/2528/1932 332/2527/1932
f 220/925/1933 218/2486/1933 306/947/1933
f 332/2570/1934 334/2571/1934 310/2572/1934
f 289/2573/1935 333/2574/1935 334/2575/1935
f 321/2564/1936 290/2576/1936 337/2565/1936
f 227/2577/1937 216/2578/1937 290/2558/1937
f 475/1341/1938 552/2476/1938 254/32/1938
f 227/2577/1939 290/2558/1939 340/2410/1939
f 275/2537/1940 320/2563/1940 239/2579/1940
f 218/2486/1941 220/925/1941 228/2580/1941
f 325/2581/1942 251/2582/1942 273/2583/1942
f 325/2581/1943 239/2584/1943 251/2582/1943
f 272/2585/1944 275/2586/1944 325/2587/1944
f 325/2581/1945 275/2588/1945 239/2584/1945
f 251/2589/1946 255/2590/1946 273/2550/1946
f 273/2550/1947 255/2590/1947 250/2496/1947
f 475/1341/1948 254/32/1948 478/29/1948
f 213/2591/1949 187/2592/1949 186/2593/1949
f 231/2594/1950 213/2595/1950 186/2596/1950
f 256/2597/1951 337/2565/1951 248/2598/1951
f 345/2599/1952 341/2600/1952 344/2601/1952
f 231/2602/1953 345/2599/1953 216/2603/1953
f 251/2582/1954 239/2584/1954 256/16/1954
f 345/2599/1955 336/2604/1955 216/2603/1955
f 227/2605/1956 218/2486/1956 228/2580/1956
f 239/2579/1957 320/2563/1957 256/2597/1957
f 320/2563/1958 337/2565/1958 256/2597/1958
f 251/2582/1959 256/16/1959 257/19/1959
f 344/2601/1960 1588/2606/1960 1307/2607/1960
f 224/946/1961 220/925/1961 306/947/1961
f 231/2602/1962 216/2603/1962 213/2608/1962
f 216/2609/1963 228/2610/1963 213/2611/1963
f 227/2605/1964 228/2612/1964 216/2578/1964
f 290/2558/1965 216/2578/1965 260/40/1965
f 254/2613/1966 250/8/1966 247/7/1966
f 341/2600/1967 1588/2606/1967 344/2601/1967
f 231/2602/1968 341/2600/1968 345/2599/1968
f 260/40/1969 337/2614/1969 290/2558/1969
f 260/40/1970 248/4/1970 337/2614/1970
f 344/2615/1971 1587/2616/1971 336/2617/1971
f 213/931/1972 228/2618/1972 223/921/1972
f 259/12/1973 336/11/1973 994/2619/1973
f 236/1/1974 181/59/1974 249/65/1974
f 187/2620/1975 213/931/1975 219/930/1975
f 251/2589/1976 257/2621/1976 255/2590/1976
f 475/1341/1977 478/29/1977 466/1337/1977
f 255/2622/1978 257/14/1978 258/13/1978
f 228/2612/1979 220/925/1979 223/926/1979
f 245/5/1980 258/2074/1980 261/6/1980
f 260/40/1981 216/2578/1981 259/39/1981
f 238/78/1982 235/77/1982 234/76/1982
f 345/2599/1983 344/2601/1983 336/2604/1983
f 249/65/1984 248/4/1984 236/1/1984
f 249/2623/1985 237/79/1985 245/2105/1985
f 237/79/1986 238/78/1986 240/2104/1986
f 231/2602/1987 1346/2624/1987 341/2600/1987
f 1001/2625/1988 1018/2626/1988 1008/2627/1988
f 995/2628/1989 1781/2629/1989 1006/2630/1989
f 1536/2631/1990 1787/2632/1990 1010/2633/1990
f 1016/2634/1991 1789/2635/1991 1002/2636/1991
f 1000/2637/1992 1013/2638/1992 1742/2639/1992
f 1012/2640/1993 1014/2641/1993 1004/2642/1993
f 1006/2643/1994 1781/2644/1994 1788/2645/1994
f 1003/2646/1995 1612/2647/1995 1008/2627/1995
f 1012/2640/1996 1004/2642/1996 1742/2639/1996
f 1018/2626/1997 1001/2625/1997 1515/2648/1997
f 1515/2648/1998 1001/2625/1998 1011/2649/1998
f 1742/2650/1999 1004/2651/1999 1744/2652/1999
f 1522/2653/2000 1789/2654/2000 1016/2655/2000
f 1003/2656/2001 1015/2657/2001 1022/2658/2001
f 1019/2659/2002 999/2660/2002 998/2661/2002
f 1021/2662/2003 1022/2663/2003 1017/2664/2003
f 1008/2627/2004 1018/2626/2004 1003/2646/2004
f 1013/2638/2005 1012/2640/2005 1742/2639/2005
f 1021/2662/2006 1004/2642/2006 1014/2641/2006
f 1018/2626/2007 1015/2665/2007 1003/2646/2007
f 1014/2641/2008 1022/2663/2008 1021/2662/2008
f 1031/2666/2009 1025/2667/2009 1033/2668/2009
f 1025/2667/2010 1174/2669/2010 1033/2668/2010
f 1028/2670/2011 1029/2671/2011 1031/2666/2011
f 1025/2667/2012 1182/2672/2012 1174/2669/2012
f 1029/2671/2013 1028/2670/2013 1053/2673/2013
f 1033/2668/2014 1028/2670/2014 1031/2666/2014
f 1174/2674/2015 1037/2675/2015 1024/2676/2015
f 1068/2677/2016 1052/2678/2016 1057/2679/2016
f 1029/2680/2017 1053/2681/2017 1032/2682/2017
f 1034/2683/2018 1024/2684/2018 1037/2685/2018
f 1174/2674/2019 1024/2676/2019 1033/2686/2019
f 1057/2687/2020 1052/2688/2020 1038/2689/2020
f 1029/2690/2021 1038/2691/2021 1052/2692/2021
f 1032/2682/2022 1053/2681/2022 1110/2693/2022
f 1041/2694/2023 1035/762/2023 180/764/2023
f 1093/2695/2024 219/930/2024 1099/2696/2024
f 198/865/2025 1039/864/2025 1049/2697/2025
f 1059/2698/2026 1075/2699/2026 1054/2700/2026
f 1046/708/2027 1051/707/2027 1043/2701/2027
f 1035/2109/2028 1030/2702/2028 1036/2703/2028
f 1035/2109/2029 1036/2703/2029 165/741/2029
f 1039/2704/2030 176/812/2030 1047/796/2030
f 1046/2705/2031 1042/2706/2031 41/2707/2031
f 1046/708/2032 1043/2701/2032 1760/2708/2032
f 1042/752/2033 1046/708/2033 1760/2708/2033
f 1028/2709/2034 1033/2686/2034 1054/2700/2034
f 1024/2676/2035 1056/2710/2035 1033/2686/2035
f 1053/2711/2036 1028/2709/2036 1055/2712/2036
f 1034/2683/2037 1059/2713/2037 1056/2714/2037
f 1029/2715/2038 1032/2716/2038 1038/2717/2038
f 1032/2682/2039 1110/2693/2039 1038/2718/2039
f 1055/2712/2040 1028/2709/2040 1054/2700/2040
f 1024/2684/2041 1034/2683/2041 1056/2719/2041
f 1049/2697/2042 199/2720/2042 198/865/2042
f 1059/2713/2043 1034/2683/2043 1060/2721/2043
f 1034/2683/2044 1070/2722/2044 1060/2721/2044
f 1068/2677/2045 1064/2723/2045 1058/2724/2045
f 1069/2725/2046 1040/2726/2046 1059/2727/2046
f 1040/2728/2047 1075/2729/2047 1059/2730/2047
f 1045/2731/2048 1070/2722/2048 1034/2683/2048
f 1067/2732/2049 1066/2733/2049 1074/2734/2049
f 1045/2735/2050 1072/2736/2050 1027/2737/2050
f 1059/2713/2051 1060/2721/2051 1069/2738/2051
f 1027/2739/2052 1070/2740/2052 1045/2741/2052
f 1078/2742/2053 1040/2743/2053 1069/2744/2053
f 1098/2745/2054 1070/2746/2054 1027/2747/2054
f 1071/2748/2055 1066/2749/2055 1747/2750/2055
f 1078/2751/2056 1069/2752/2056 1061/2753/2056
f 1063/2754/2057 1081/2755/2057 1078/2751/2057
f 1063/2756/2058 1061/2757/2058 1076/2758/2058
f 1074/2734/2059 1077/2759/2059 1067/2732/2059
f 1063/2754/2060 1078/2751/2060 1061/2753/2060
f 1033/2686/2061 1056/2710/2061 1054/2700/2061
f 1068/2677/2062 1057/2679/2062 1064/2723/2062
f 1071/2760/2063 1074/2761/2063 1066/2762/2063
f 1061/2763/2064 1069/2764/2064 1073/2765/2064
f 1063/2756/2065 1076/2758/2065 1084/2766/2065
f 1079/2767/2066 1086/2768/2066 1085/2769/2066
f 1082/2770/2067 1077/2759/2067 1071/2771/2067
f 1069/2738/2068 1060/2721/2068 1073/2772/2068
f 1084/2773/2069 1076/2774/2069 1086/2768/2069
f 1074/2734/2070 1071/2771/2070 1077/2759/2070
f 1071/2748/2071 1079/2775/2071 1089/2776/2071
f 1747/2750/2072 1079/2775/2072 1071/2748/2072
f 1060/2721/2073 1070/2722/2073 1073/2772/2073
f 1747/2777/2074 1608/2778/2074 1079/2779/2074
f 1084/2773/2075 1086/2768/2075 1079/2767/2075
f 1088/2780/2076 1089/2781/2076 1116/2782/2076
f 1083/2783/2077 1067/2784/2077 1077/2785/2077
f 1061/2786/2078 1086/2768/2078 1076/2774/2078
f 1079/2787/2079 1085/2788/2079 1089/2776/2079
f 1071/2748/2080 1089/2776/2080 1088/2789/2080
f 1090/2790/2081 1615/2791/2081 1092/2792/2081
f 1092/2793/2082 1094/2794/2082 1107/2795/2082
f 1082/2796/2083 1088/2797/2083 1077/2798/2083
f 1082/2799/2084 1071/2748/2084 1088/2789/2084
f 1083/2783/2085 1088/2800/2085 1108/2801/2085
f 1088/2800/2086 1083/2783/2086 1077/2785/2086
f 1085/2769/2087 1086/2768/2087 1087/2802/2087
f 1091/2803/2088 1107/2804/2088 1096/2805/2088
f 1083/2806/2089 1108/2807/2089 1726/2808/2089
f 1098/2745/2090 1106/2809/2090 1070/2746/2090
f 1085/2810/2091 1087/2811/2091 1089/2812/2091
f 1059/2813/2092 1054/2814/2092 1056/2815/2092
f 1027/2747/2093 1102/2816/2093 1098/2745/2093
f 1101/2817/2094 1100/2818/2094 1321/2819/2094
f 1095/2820/2095 1092/2821/2095 1726/2822/2095
f 1099/2696/2096 1101/2817/2096 1093/2695/2096
f 1095/2823/2097 1119/2824/2097 1113/2825/2097
f 1100/2818/2098 1101/2817/2098 1104/2826/2098
f 1103/2827/2099 1105/2828/2099 1106/2829/2099
f 1101/2817/2100 1103/2827/2100 1104/2826/2100
f 1099/2696/2101 1105/2828/2101 1101/2817/2101
f 1103/2827/2102 1106/2829/2102 1098/2830/2102
f 1081/2755/2103 1063/2754/2103 1111/2831/2103
f 1040/2832/2104 1078/2833/2104 1081/2834/2104
f 1100/2818/2105 1104/2826/2105 1098/2830/2105
f 1104/2826/2106 1103/2827/2106 1098/2830/2106
f 1107/2804/2107 1091/2803/2107 1090/2835/2107
f 1088/2797/2108 1112/2836/2108 1108/2807/2108
f 219/930/2109 199/904/2109 1099/2696/2109
f 1055/2712/2110 1054/2700/2110 1075/2699/2110
f 1103/2827/2111 1101/2817/2111 1105/2828/2111
f 1607/2837/2112 1726/2838/2112 1606/2839/2112
f 1073/2840/2113 1070/2746/2113 1106/2809/2113
f 1606/2841/2114 1726/2808/2114 1108/2807/2114
f 1057/2687/2115 1110/2842/2115 1064/2843/2115
f 1090/2790/2116 1091/2844/2116 1615/2791/2116
f 1116/2845/2117 1089/2846/2117 1109/2847/2117
f 1112/2836/2118 1088/2797/2118 1116/2848/2118
f 1127/2849/2119 1137/2850/2119 1105/2851/2119
f 1040/2852/2120 1081/2853/2120 1075/2854/2120
f 1055/2712/2121 1727/2855/2121 1053/2711/2121
f 1115/2856/2122 1114/2857/2122 1094/2858/2122
f 1149/2859/2123 1112/2836/2123 1145/2860/2123
f 1112/2861/2124 1116/2862/2124 1145/2863/2124
f 1073/2840/2125 1106/2809/2125 1129/2864/2125
f 1114/2865/2126 1117/2866/2126 1130/2867/2126
f 1114/2868/2127 1107/2869/2127 1094/2870/2127
f 1614/2871/2128 1124/2872/2128 1118/2873/2128
f 1123/2874/2129 1096/2805/2129 1107/2804/2129
f 1586/2875/2130 1081/2876/2130 1111/2877/2130
f 1614/2878/2131 1125/2879/2131 1065/2880/2131
f 1614/2881/2132 1118/2882/2132 1125/2883/2132
f 1096/2805/2133 1123/2874/2133 1120/2884/2133
f 1114/2865/2134 1131/2885/2134 1117/2866/2134
f 1114/2857/2135 1115/2856/2135 1131/2886/2135
f 1107/2887/2136 1090/2888/2136 1092/2889/2136
f 1132/2890/2137 1126/2891/2137 1128/2892/2137
f 1114/2893/2138 1130/2894/2138 1107/2895/2138
f 1149/2859/2139 1108/2807/2139 1112/2836/2139
f 1061/2786/2140 1087/2802/2140 1086/2768/2140
f 1122/2896/2141 1119/2897/2141 1134/2898/2141
f 1125/2879/2142 1143/2899/2142 1065/2880/2142
f 1124/2872/2143 1126/2900/2143 1118/2873/2143
f 1119/2901/2144 1095/2902/2144 1136/2903/2144
f 1081/2853/2145 1731/2904/2145 1075/2854/2145
f 1115/2856/2146 1122/2896/2146 1131/2886/2146
f 1119/2901/2147 1136/2903/2147 1134/2905/2147
f 1061/2786/2148 1129/2864/2148 1121/2906/2148
f 1142/2907/2149 1136/2903/2149 1095/2902/2149
f 1125/2879/2150 1128/2908/2150 1143/2899/2150
f 1115/2856/2151 1119/2897/2151 1122/2896/2151
f 1118/2909/2152 1132/2910/2152 1125/2879/2152
f 1110/2842/2153 1057/2687/2153 1038/2689/2153
f 1127/2911/2154 1105/2828/2154 1099/2696/2154
f 1107/2912/2155 1130/2913/2155 1123/2914/2155
f 1128/2915/2156 1126/2916/2156 1147/2917/2156
f 1049/2918/2157 1099/2696/2157 199/904/2157
f 1137/2919/2158 1121/2906/2158 1129/2864/2158
f 1139/2920/2159 1128/2921/2159 1147/2922/2159
f 1607/2923/2160 1142/2924/2160 1095/2820/2160
f 1073/2840/2161 1129/2864/2161 1061/2786/2161
f 1121/2906/2162 1087/2802/2162 1061/2786/2162
f 1133/2925/2163 1099/2696/2163 1049/2918/2163
f 1105/2828/2164 1129/2926/2164 1106/2829/2164
f 1137/2927/2165 1129/2926/2165 1105/2828/2165
f 1133/2925/2166 1127/2911/2166 1099/2696/2166
f 1087/2802/2167 1121/2906/2167 1135/2928/2167
f 1166/2929/2168 1137/2850/2168 1162/2930/2168
f 1137/2919/2169 1166/2931/2169 1121/2906/2169
f 1109/2847/2170 1087/2802/2170 1135/2928/2170
f 1121/2906/2171 1166/2931/2171 1138/2932/2171
f 1135/2928/2172 1121/2906/2172 1138/2932/2172
f 1109/2847/2173 1089/2846/2173 1087/2802/2173
f 1138/2932/2174 1146/2933/2174 1109/2847/2174
f 1145/2863/2175 1116/2862/2175 1150/2934/2175
f 1149/2859/2176 1145/2860/2176 1141/2935/2176
f 1155/2936/2177 1143/2937/2177 1154/2938/2177
f 1128/2908/2178 1148/2939/2178 1143/2899/2178
f 1154/2940/2179 1143/2899/2179 1148/2939/2179
f 1151/2941/2180 1159/2942/2180 1140/2943/2180
f 1109/2847/2181 1135/2928/2181 1138/2932/2181
f 1149/2944/2182 1141/2945/2182 1604/2946/2182
f 1116/2862/2183 1109/2947/2183 1146/2948/2183
f 1133/2949/2184 1152/2950/2184 1127/2849/2184
f 1139/2951/2185 1151/2941/2185 1140/2943/2185
f 1151/2941/2186 1139/2951/2186 1147/2952/2186
f 1139/2953/2187 1140/2954/2187 1128/2908/2187
f 1158/2955/2188 1152/2950/2188 1157/2956/2188
f 1158/2955/2189 1162/2930/2189 1137/2850/2189
f 1138/2932/2190 1167/2957/2190 1146/2933/2190
f 1156/2958/2191 1145/2863/2191 1150/2934/2191
f 1605/2959/2192 1160/2960/2192 1142/2924/2192
f 1125/2879/2193 1132/2910/2193 1128/2908/2193
f 1065/2961/2194 1143/2937/2194 1155/2936/2194
f 1155/2936/2195 1154/2938/2195 1153/2962/2195
f 1148/2963/2196 1769/2964/2196 1763/2965/2196
f 1148/2939/2197 1140/2954/2197 1142/2924/2197
f 1128/2908/2198 1140/2954/2198 1148/2939/2198
f 1148/2939/2199 1767/2966/2199 1154/2940/2199
f 1049/2967/2200 1152/2950/2200 1133/2949/2200
f 1137/2850/2201 1127/2849/2201 1158/2955/2201
f 1127/2849/2202 1152/2950/2202 1158/2955/2202
f 1141/2945/2203 1145/2863/2203 1156/2958/2203
f 1049/2967/2204 1039/2704/2204 1161/2968/2204
f 1152/2950/2205 1049/2967/2205 1161/2968/2205
f 1166/2931/2206 1144/2969/2206 1138/2932/2206
f 1118/2970/2207 1126/2891/2207 1132/2890/2207
f 1158/2955/2208 1732/2971/2208 1162/2930/2208
f 1165/2972/2209 1168/2973/2209 1163/2974/2209
f 1170/2975/2210 1045/2731/2210 1171/2976/2210
f 1156/2977/2211 1150/2978/2211 1735/2979/2211
f 1171/2980/2212 1169/2981/2212 1172/2982/2212
f 1150/2934/2213 1116/2862/2213 1146/2948/2213
f 1179/2983/2214 1172/2984/2214 1169/2985/2214
f 1171/2976/2215 1045/2731/2215 1034/2683/2215
f 1005/2986/2216 1160/2960/2216 1605/2959/2216
f 1037/2987/2217 1169/2988/2217 1171/2989/2217
f 1037/2685/2218 1171/2976/2218 1034/2683/2218
f 1179/2983/2219 1175/2990/2219 1172/2984/2219
f 1171/2980/2220 1172/2982/2220 1170/2991/2220
f 1037/2685/2221 1174/2669/2221 1169/2985/2221
f 1175/2992/2222 1181/2993/2222 1337/2994/2222
f 1169/2985/2223 1174/2669/2223 1179/2983/2223
f 1175/2992/2224 1327/2995/2224 1172/2996/2224
f 1177/2997/2225 1175/2998/2225 1179/2983/2225
f 1179/2983/2226 1174/2669/2226 1178/2999/2226
f 1179/3000/2227 1178/3001/2227 1180/3002/2227
f 1175/2992/2228 1176/3003/2228 1181/3004/2228
f 1174/2669/2229 1182/2672/2229 1178/2999/2229
f 1185/3005/2230 1202/3006/2230 1705/3007/2230
f 1709/3008/2231 1207/3009/2231 1702/3010/2231
f 1196/3011/2232 1201/3012/2232 1183/3013/2232
f 1183/3014/2233 1705/3015/2233 1202/3016/2233
f 1201/3017/2234 1198/3018/2234 1194/3019/2234
f 1618/3020/2235 1201/3021/2235 1194/3022/2235
f 1199/3023/2236 1191/3024/2236 1190/3025/2236
f 1196/3026/2237 1198/3027/2237 1201/3028/2237
f 1194/3019/2238 1198/3018/2238 1193/3029/2238
f 1201/3030/2239 1616/3031/2239 1192/3032/2239
f 1199/3033/2240 1190/3034/2240 1703/3035/2240
f 1183/3036/2241 1201/3030/2241 1192/3032/2241
f 1202/3006/2242 1195/3037/2242 1196/3038/2242
f 1227/3039/2243 1197/3040/2243 1191/3024/2243
f 1191/3041/2244 1224/3042/2244 1227/3043/2244
f 1204/3044/2245 1209/3045/2245 1216/3046/2245
f 1239/3047/2246 1195/3037/2246 1202/3006/2246
f 1228/3048/2247 1195/3049/2247 1185/3050/2247
f 1197/3051/2248 1205/3052/2248 1190/3053/2248
f 1201/3030/2249 1618/3054/2249 1203/3055/2249
f 1191/3056/2250 1199/3057/2250 1212/3058/2250
f 1199/3059/2251 1703/3060/2251 1710/3061/2251
f 1212/3062/2252 1199/3059/2252 1710/3061/2252
f 1216/3046/2253 1212/3062/2253 1710/3061/2253
f 1050/3063/2254 1213/3064/2254 1204/3065/2254
f 1187/3066/2255 1184/3067/2255 1193/3029/2255
f 1191/3068/2256 1197/3051/2256 1190/3053/2256
f 1209/3045/2257 1212/3062/2257 1216/3046/2257
f 1205/3052/2258 1197/3051/2258 1233/3069/2258
f 1210/3070/2259 1217/3071/2259 1231/3072/2259
f 1209/3045/2260 1204/3044/2260 1222/3073/2260
f 1209/3074/2261 1222/3075/2261 1211/3076/2261
f 1713/3077/2262 1215/3078/2262 1218/3079/2262
f 1211/3080/2263 1212/3058/2263 1209/3081/2263
f 1212/3058/2264 1211/3080/2264 1191/3056/2264
f 1214/3082/2265 1713/3083/2265 1188/3084/2265
f 1208/3085/2266 1214/3082/2266 1188/3084/2266
f 1219/3086/2267 1185/3087/2267 1195/3088/2267
f 1222/3073/2268 1204/3044/2268 1213/3089/2268
f 1225/3090/2269 1234/3091/2269 1712/3092/2269
f 1224/3093/2270 1191/3024/2270 1211/3094/2270
f 1230/3095/2271 1211/3096/2271 1222/3097/2271
f 1223/3098/2272 1210/3099/2272 1230/3095/2272
f 1205/3052/2273 1221/3100/2273 1189/3101/2273
f 1227/3039/2274 1233/3102/2274 1197/3040/2274
f 1214/3082/2275 1215/3103/2275 1713/3083/2275
f 1226/3104/2276 1225/3105/2276 1712/3106/2276
f 1211/3096/2277 1210/3099/2277 1224/3107/2277
f 1231/3108/2278 1227/3109/2278 1224/3110/2278
f 1224/3107/2279 1210/3099/2279 1231/3111/2279
f 1188/3084/2280 1206/3112/2280 1208/3085/2280
f 1214/3113/2281 1218/3114/2281 1215/3115/2281
f 1233/3069/2282 1221/3100/2282 1205/3052/2282
f 1189/3101/2283 1221/3100/2283 1206/3116/2283
f 1259/3117/2284 1231/3118/2284 1217/3119/2284
f 1219/3120/2285 1241/3121/2285 1185/3122/2285
f 1227/3123/2286 1231/3124/2286 1229/3125/2286
f 1213/3089/2287 1230/3126/2287 1222/3073/2287
f 1185/3005/2288 1241/3127/2288 1239/3047/2288
f 1210/3099/2289 1211/3096/2289 1230/3095/2289
f 1235/3128/2290 1210/3129/2290 1220/3130/2290
f 1218/3114/2291 1214/3113/2291 1271/3131/2291
f 1210/3132/2292 1237/3133/2292 1217/3134/2292
f 1240/3135/2293 1238/3136/2293 1232/3137/2293
f 1210/3138/2294 1223/3139/2294 1220/3140/2294
f 1185/3005/2295 1239/3047/2295 1202/3006/2295
f 1219/3086/2296 1195/3088/2296 1239/3141/2296
f 1244/3142/2297 1223/3143/2297 1260/3144/2297
f 1232/3145/2298 1221/3146/2298 1217/3071/2298
f 1234/3091/2299 1248/3147/2299 1228/3148/2299
f 1226/3149/2300 1218/3150/2300 1271/3151/2300
f 1248/3147/2301 1234/3091/2301 1225/3090/2301
f 1259/3152/2302 1217/3153/2302 1221/3154/2302
f 1238/3136/2303 1221/3155/2303 1232/3137/2303
f 1225/3105/2304 1226/3104/2304 1246/3156/2304
f 1223/3143/2305 1244/3142/2305 1220/3157/2305
f 1230/3126/2306 1213/3089/2306 1223/3158/2306
f 1243/3159/2307 1239/3047/2307 1241/3127/2307
f 1238/3136/2308 1236/3160/2308 1221/3155/2308
f 1259/3161/2309 1227/3162/2309 1229/3163/2309
f 1259/3117/2310 1229/3164/2310 1231/3118/2310
f 1242/3165/2311 1247/3166/2311 1241/3167/2311
f 1244/3142/2312 1235/3168/2312 1220/3157/2312
f 1248/3147/2313 1269/3169/2313 1250/3170/2313
f 1241/3171/2314 1219/3086/2314 1242/3172/2314
f 1239/3047/2315 1243/3159/2315 1249/3173/2315
f 1245/3174/2316 1247/3175/2316 1242/3176/2316
f 1249/3177/2317 1242/3172/2317 1239/3141/2317
f 1195/3037/2318 1198/3018/2318 1196/3038/2318
f 1242/3172/2319 1219/3086/2319 1239/3141/2319
f 1236/3178/2320 1206/3179/2320 1221/3180/2320
f 1228/3181/2321 1250/3182/2321 1195/3183/2321
f 1245/3184/2322 1248/3185/2322 1247/3186/2322
f 1225/3105/2323 1251/3187/2323 1247/3188/2323
f 1274/3189/2324 1258/3190/2324 1241/3121/2324
f 1247/3191/2325 1248/3192/2325 1225/3193/2325
f 1253/3194/2326 1235/3195/2326 1244/3196/2326
f 1257/3197/2327 1249/3173/2327 1243/3159/2327
f 1249/3198/2328 1195/3199/2328 1250/3200/2328
f 1195/3037/2329 1249/3173/2329 1198/3018/2329
f 1245/3201/2330 1269/3169/2330 1248/3147/2330
f 1266/3202/2331 1240/3203/2331 1232/3204/2331
f 1246/3205/2332 1226/3149/2332 1271/3151/2332
f 1237/3206/2333 1210/3129/2333 1235/3128/2333
f 1232/3207/2334 1217/3208/2334 1237/3209/2334
f 1259/3152/2335 1221/3154/2335 1233/3210/2335
f 1253/3211/2336 1244/3212/2336 1254/3213/2336
f 1237/3209/2337 1235/3214/2337 1255/3215/2337
f 1241/3121/2338 1247/3188/2338 1251/3187/2338
f 1241/3127/2339 1258/3216/2339 1243/3159/2339
f 1263/3217/2340 1242/3172/2340 1249/3177/2340
f 1244/3142/2341 1261/3218/2341 1254/3219/2341
f 1256/3220/2342 1238/3136/2342 1240/3135/2342
f 1266/3221/2343 1232/3207/2343 1237/3209/2343
f 1248/3147/2344 1250/3170/2344 1228/3148/2344
f 1264/3222/2345 1254/3223/2345 1268/3224/2345
f 1251/3187/2346 1274/3189/2346 1241/3121/2346
f 1286/3225/2347 1287/3226/2347 1236/3160/2347
f 1245/3201/2348 1276/3227/2348 1269/3169/2348
f 1256/3220/2349 1236/3160/2349 1238/3136/2349
f 1286/3225/2350 1236/3160/2350 1256/3220/2350
f 1268/3228/2351 1270/3229/2351 1264/3230/2351
f 1249/3231/2352 1250/3232/2352 1269/3233/2352
f 1266/3221/2353 1237/3209/2353 1255/3215/2353
f 1257/3197/2354 1198/3018/2354 1249/3173/2354
f 1256/3234/2355 1240/3235/2355 1266/3221/2355
f 1246/3156/2356 1251/3187/2356 1225/3105/2356
f 1271/3236/2357 1214/3082/2357 1208/3085/2357
f 1269/3237/2358 1267/3238/2358 1249/3239/2358
f 1253/3240/2359 1255/3215/2359 1235/3214/2359
f 1254/3241/2360 1264/3242/2360 1253/3243/2360
f 1233/3244/2361 1227/3245/2361 1259/3246/2361
f 1281/3247/2362 1262/3248/2362 1253/3243/2362
f 1281/3247/2363 1253/3243/2363 1270/3249/2363
f 1272/3250/2364 1249/3239/2364 1267/3238/2364
f 1278/3251/2365 1255/3252/2365 1262/3253/2365
f 1253/3243/2366 1264/3242/2366 1270/3249/2366
f 1277/3254/2367 1273/3255/2367 1257/3256/2367
f 1263/3257/2368 1245/3258/2368 1242/3259/2368
f 1272/3260/2369 1267/3261/2369 1263/3262/2369
f 1276/3263/2370 1198/3018/2370 1267/3264/2370
f 1267/3265/2371 1198/3266/2371 1257/3267/2371
f 1274/3189/2372 1251/3187/2372 1246/3156/2372
f 1276/3263/2373 1193/3029/2373 1198/3018/2373
f 1263/3268/2374 1249/3269/2374 1272/3270/2374
f 1286/3271/2375 1256/3234/2375 1266/3221/2375
f 1258/3216/2376 1284/3272/2376 1243/3159/2376
f 1255/3215/2377 1278/3273/2377 1266/3221/2377
f 1273/3274/2378 1263/3275/2378 1267/3276/2378
f 1257/3256/2379 1273/3255/2379 1267/3277/2379
f 1268/3228/2380 1265/3278/2380 1270/3229/2380
f 1284/3272/2381 1277/3279/2381 1243/3159/2381
f 1243/3159/2382 1277/3279/2382 1257/3197/2382
f 1268/3280/2383 1254/3281/2383 1265/3282/2383
f 1276/3283/2384 1267/3238/2384 1269/3237/2384
f 1245/3284/2385 1263/3285/2385 1276/3286/2385
f 1187/3287/2386 1275/3288/2386 1280/3289/2386
f 1289/3290/2387 1206/3112/2387 1236/3291/2387
f 1273/3292/2388 1276/3286/2388 1263/3285/2388
f 1271/3236/2389 1208/3085/2389 1289/3290/2389
f 1208/3085/2390 1206/3112/2390 1289/3290/2390
f 1271/3293/2391 1279/3294/2391 1246/3156/2391
f 1274/3189/2392 1246/3156/2392 1279/3294/2392
f 1278/3295/2393 1288/3296/2393 1266/3221/2393
f 1284/3297/2394 1274/3189/2394 1285/3298/2394
f 1278/3299/2395 1262/3300/2395 1281/3301/2395
f 1270/3229/2396 1265/3278/2396 1281/3302/2396
f 1279/3303/2397 1283/3304/2397 1274/3305/2397
f 1288/3296/2398 1286/3271/2398 1266/3221/2398
f 1274/3189/2399 1284/3297/2399 1258/3190/2399
f 1280/3306/2400 1275/3307/2400 1313/3308/2400
f 1276/3263/2401 1187/3066/2401 1193/3029/2401
f 1289/3290/2402 1236/3291/2402 1287/3309/2402
f 1273/3310/2403 1275/3307/2403 1276/3311/2403
f 1313/3312/2404 1273/3255/2404 1277/3254/2404
f 1313/3308/2405 1275/3307/2405 1273/3310/2405
f 1293/3313/2406 1278/3299/2406 1291/3314/2406
f 1262/3315/2407 1255/3215/2407 1253/3240/2407
f 1274/3305/2408 1283/3304/2408 1294/3316/2408
f 1291/3314/2409 1278/3299/2409 1282/3317/2409
f 1187/3318/2410 1276/3311/2410 1275/3307/2410
f 1289/3319/2411 1279/3320/2411 1271/3321/2411
f 1282/3317/2412 1295/3322/2412 1291/3314/2412
f 1294/3316/2413 1285/3323/2413 1274/3305/2413
f 1292/3324/2414 1281/3325/2414 1265/3326/2414
f 1278/3295/2415 1293/3327/2415 1288/3296/2415
f 1302/3328/2416 1293/3329/2416 1299/3330/2416
f 1299/3330/2417 1293/3329/2417 1291/3331/2417
f 1286/3332/2418 1314/3333/2418 1287/3334/2418
f 1296/3335/2419 1279/3320/2419 1297/3336/2419
f 1300/3337/2420 1303/3338/2420 1282/3339/2420
f 1300/3340/2421 1282/3341/2421 1292/3342/2421
f 1302/3343/2422 1309/3344/2422 1288/3345/2422
f 1279/3320/2423 1296/3335/2423 1283/3346/2423
f 1292/3342/2424 1583/3347/2424 1300/3340/2424
f 1292/3342/2425 1581/3348/2425 1583/3347/2425
f 1295/3349/2426 1299/3330/2426 1291/3331/2426
f 1287/3309/2427 1297/3350/2427 1289/3290/2427
f 1289/3319/2428 1297/3336/2428 1279/3320/2428
f 1286/3332/2429 1288/3351/2429 1314/3333/2429
f 1288/3352/2430 1309/3353/2430 1314/3354/2430
f 1308/3355/2431 1297/3350/2431 1287/3309/2431
f 1295/3349/2432 1301/3356/2432 1299/3330/2432
f 1295/3322/2433 1282/3317/2433 1303/3357/2433
f 1282/3317/2434 1278/3299/2434 1281/3301/2434
f 1302/3343/2435 1311/3358/2435 1309/3344/2435
f 1282/3359/2436 1281/3360/2436 1292/3361/2436
f 1293/3362/2437 1302/3343/2437 1288/3345/2437
f 1303/3338/2438 1300/3337/2438 1331/3363/2438
f 1301/3364/2439 1322/3365/2439 1299/3366/2439
f 1304/3367/2440 1322/3365/2440 1301/3364/2440
f 1301/3368/2441 1295/3369/2441 1303/3370/2441
f 1331/3371/2442 1304/3367/2442 1301/3364/2442
f 1287/3372/2443 1314/3373/2443 1308/3374/2443
f 1307/3375/2444 1331/3363/2444 1300/3337/2444
f 1298/3376/2445 1296/3377/2445 1297/3378/2445
f 1102/3379/2446 1317/3380/2446 1310/3381/2446
f 1294/3382/2447 1290/3383/2447 1285/3384/2447
f 1316/3385/2448 1311/3358/2448 1302/3343/2448
f 1296/3386/2449 1294/3387/2449 1283/3388/2449
f 1312/3389/2450 1102/3379/2450 1310/3381/2450
f 1325/3390/2451 1290/3383/2451 1294/3382/2451
f 1309/3353/2452 1317/3391/2452 1314/3354/2452
f 1302/3343/2453 1315/3392/2453 1316/3385/2453
f 1306/3393/2454 1309/3353/2454 1311/3394/2454
f 1100/2818/2455 1102/3379/2455 1312/3389/2455
f 1100/2818/2456 1098/2830/2456 1102/3379/2456
f 1317/3395/2457 1308/3374/2457 1314/3373/2457
f 1315/3396/2458 1302/3397/2458 1299/3398/2458
f 1308/3399/2459 1298/3376/2459 1297/3378/2459
f 1304/3400/2460 1299/3398/2460 1322/3401/2460
f 1317/3391/2461 1309/3353/2461 1328/3402/2461
f 1316/3385/2462 1306/3403/2462 1311/3358/2462
f 1306/3404/2463 1328/3405/2463 1309/3406/2463
f 1317/3407/2464 1102/2816/2464 1330/3408/2464
f 1328/3409/2465 1310/3410/2465 1317/3411/2465
f 1315/3396/2466 1320/3412/2466 1316/3413/2466
f 1321/2819/2467 1100/2818/2467 1312/3389/2467
f 1325/3414/2468 1296/3415/2468 1318/3416/2468
f 1305/3417/2469 1315/3396/2469 1299/3398/2469
f 1327/3418/2470 1325/3419/2470 1318/3420/2470
f 1324/3421/2471 1093/2695/2471 1101/2817/2471
f 1330/3408/2472 1308/3422/2472 1317/3407/2472
f 1335/3423/2473 1304/3424/2473 1319/3425/2473
f 1330/3426/2474 1298/3376/2474 1308/3399/2474
f 1321/2819/2475 1324/3421/2475 1101/2817/2475
f 1331/3371/2476 1319/3427/2476 1304/3367/2476
f 1305/3417/2477 1299/3398/2477 1304/3400/2477
f 1325/3428/2478 1294/3429/2478 1296/3430/2478
f 1298/3431/2479 1332/3432/2479 1296/3433/2479
f 1330/3408/2480 1102/2816/2480 1027/2747/2480
f 1323/3434/2481 1324/3421/2481 1321/2819/2481
f 1340/3435/2482 1320/3436/2482 1339/3437/2482
f 1336/3438/2483 1093/2695/2483 1324/3421/2483
f 1323/3434/2484 1321/2819/2484 1312/3389/2484
f 1333/3439/2485 1323/3434/2485 1312/3389/2485
f 1331/3363/2486 1301/3440/2486 1303/3338/2486
f 1312/3441/2487 1310/3442/2487 1333/3443/2487
f 1310/3444/2488 1328/3445/2488 1333/3446/2488
f 1325/3390/2489 1327/3447/2489 1337/2994/2489
f 1305/3417/2490 1341/3448/2490 1315/3396/2490
f 1349/3449/2491 1335/3450/2491 1354/3451/2491
f 1344/3452/2492 1325/3390/2492 1337/2994/2492
f 1341/3448/2493 1339/3453/2493 1315/3396/2493
f 1334/3454/2494 1305/3417/2494 1304/3400/2494
f 1298/3455/2495 1326/3456/2495 1332/3457/2495
f 1318/3458/2496 1296/3459/2496 1332/3460/2496
f 1338/3461/2497 1336/3438/2497 1324/3421/2497
f 1093/2695/2498 1336/3438/2498 219/930/2498
f 1335/3462/2499 1319/3463/2499 1331/3464/2499
f 1290/3383/2500 1325/3390/2500 1344/3452/2500
f 1332/3465/2501 1327/3418/2501 1318/3420/2501
f 1344/3466/2502 1329/3467/2502 1290/3468/2502
f 1072/3469/2503 1330/3426/2503 1027/3470/2503
f 1324/3471/2504 1323/3472/2504 1345/3473/2504
f 1320/3412/2505 1315/3396/2505 1339/3453/2505
f 1345/3474/2506 1338/3475/2506 1324/3476/2506
f 1304/3477/2507 1335/3478/2507 1334/3479/2507
f 1072/3469/2508 1298/3376/2508 1330/3426/2508
f 1342/3480/2509 1316/3385/2509 1320/3481/2509
f 1306/3403/2510 1316/3385/2510 1351/3482/2510
f 1306/3483/2511 1351/3484/2511 1328/3485/2511
f 1350/3486/2512 1338/3475/2512 1345/3474/2512
f 1333/3487/2513 1345/3473/2513 1323/3472/2513
f 1350/3488/2514 1346/3489/2514 1338/3461/2514
f 1351/3490/2515 1316/3491/2515 1342/3492/2515
f 1350/3488/2516 1345/3493/2516 1356/3494/2516
f 1342/3495/2517 1320/3496/2517 1340/3497/2517
f 1347/3498/2518 1345/3493/2518 1333/3499/2518
f 1345/3493/2519 1343/3500/2519 1356/3494/2519
f 1349/3449/2520 1352/3501/2520 1335/3450/2520
f 1305/3417/2521 1363/3502/2521 1348/3503/2521
f 1305/3417/2522 1348/3503/2522 1341/3448/2522
f 1361/3504/2523 1339/3437/2523 1341/3505/2523
f 1328/3506/2524 1351/3507/2524 1347/3508/2524
f 1347/3498/2525 1333/3499/2525 1328/3509/2525
f 1347/3498/2526 1343/3500/2526 1345/3493/2526
f 1339/3437/2527 1359/3510/2527 1340/3435/2527
f 1349/3511/2528 1353/3512/2528 1352/3513/2528
f 1354/3451/2529 1335/3450/2529 1331/3363/2529
f 1355/3514/2530 1334/3479/2530 1335/3478/2530
f 1349/3511/2531 1357/3515/2531 1353/3512/2531
f 1343/3500/2532 1364/3516/2532 1356/3494/2532
f 1364/3517/2533 1347/3508/2533 1351/3507/2533
f 1358/3518/2534 1342/3519/2534 1340/3520/2534
f 1357/3515/2535 1350/3488/2535 1356/3494/2535
f 1351/3521/2536 1342/3522/2536 1367/3523/2536
f 1363/3502/2537 1305/3417/2537 1334/3454/2537
f 1352/3524/2538 1355/3514/2538 1335/3478/2538
f 1361/3504/2539 1341/3505/2539 1348/3525/2539
f 1370/3526/2540 1348/3527/2540 1363/3528/2540
f 1332/3465/2541 1326/3529/2541 1327/3418/2541
f 1326/3530/2542 1362/3531/2542 1327/3532/2542
f 1359/3510/2543 1339/3437/2543 1361/3504/2543
f 1353/3512/2544 1360/3533/2544 1352/3513/2544
f 1353/3512/2545 1356/3494/2545 1360/3533/2545
f 1353/3512/2546 1357/3515/2546 1356/3494/2546
f 1356/3534/2547 1364/3535/2547 1360/3536/2547
f 1326/3537/2548 1298/3538/2548 1072/3539/2548
f 1170/3540/2549 1326/3541/2549 1072/3542/2549
f 1369/3543/2550 1363/3528/2550 1334/3544/2550
f 1347/3498/2551 1364/3516/2551 1343/3500/2551
f 1170/3545/2552 1072/2736/2552 1045/2735/2552
f 1355/3514/2553 1369/3546/2553 1334/3479/2553
f 1365/3547/2554 1344/3452/2554 1337/2994/2554
f 1370/3526/2555 1361/3548/2555 1348/3527/2555
f 1170/2991/2556 1362/3549/2556 1326/3550/2556
f 1365/3551/2557 1366/3552/2557 1344/3553/2557
f 1172/2996/2558 1327/2995/2558 1362/3554/2558
f 1371/3555/2559 1366/3552/2559 1365/3551/2559
f 1361/3548/2560 1370/3526/2560 1375/3556/2560
f 1367/3523/2561 1364/3516/2561 1351/3521/2561
f 1368/3557/2562 1364/3516/2562 1367/3523/2562
f 1340/3558/2563 1359/3559/2563 1358/3560/2563
f 1370/3526/2564 1363/3528/2564 1369/3543/2564
f 1368/3557/2565 1360/3533/2565 1364/3516/2565
f 1358/3561/2566 1359/3562/2566 1373/3563/2566
f 1368/3557/2567 1352/3513/2567 1360/3533/2567
f 1342/3522/2568 1358/3564/2568 1367/3523/2568
f 1368/3557/2569 1355/3565/2569 1352/3513/2569
f 1374/3566/2570 1371/3555/2570 1365/3551/2570
f 1181/3567/2571 1374/3566/2571 1365/3551/2571
f 1181/2993/2572 1365/3547/2572 1337/2994/2572
f 1170/2991/2573 1172/2982/2573 1362/3549/2573
f 1327/2995/2574 1175/2992/2574 1337/2994/2574
f 1361/3504/2575 1375/3568/2575 1359/3510/2575
f 1373/3569/2576 1367/3523/2576 1358/3570/2576
f 1355/3565/2577 1367/3523/2577 1372/3571/2577
f 1377/3572/2578 1367/3523/2578 1373/3569/2578
f 1375/3556/2579 1370/3526/2579 1376/3573/2579
f 1367/3523/2580 1355/3565/2580 1368/3557/2580
f 1359/3574/2581 1375/3575/2581 1373/3569/2581
f 1376/3573/2582 1370/3526/2582 1369/3543/2582
f 1372/3576/2583 1369/3546/2583 1355/3514/2583
f 1376/3577/2584 1369/3546/2584 1372/3576/2584
f 1373/3569/2585 1375/3575/2585 1377/3572/2585
f 1377/3572/2586 1375/3575/2586 1376/3578/2586
f 1367/3523/2587 1377/3572/2587 1372/3571/2587
f 1376/3578/2588 1372/3571/2588 1377/3572/2588
f 1570/3579/2589 1383/3580/2589 1378/3581/2589
f 1378/3582/2590 1380/3583/2590 1382/3584/2590
f 1570/3585/2591 1382/3584/2591 1385/3586/2591
f 1590/3587/2592 1380/3588/2592 1381/3589/2592
f 1382/3584/2593 1570/3585/2593 1378/3582/2593
f 1379/3590/2594 1378/3591/2594 1384/3592/2594
f 1392/3593/2595 1411/3594/2595 1384/3595/2595
f 1386/3596/2596 1385/3586/2596 1382/3584/2596
f 1417/3597/2597 1381/3589/2597 1379/3590/2597
f 1387/3598/2598 1590/3599/2598 1381/3600/2598
f 1590/3601/2599 1387/3602/2599 1589/3603/2599
f 1389/3604/2600 1387/3598/2600 1393/3605/2600
f 1378/3591/2601 1379/3590/2601 1380/3588/2601
f 1381/3589/2602 1380/3588/2602 1379/3590/2602
f 1383/3606/2603 1384/3592/2603 1378/3591/2603
f 1392/3607/2604 1384/3592/2604 1383/3606/2604
f 1386/3596/2605 1396/3608/2605 1397/3609/2605
f 1393/3605/2606 1387/3598/2606 1381/3600/2606
f 1386/3596/2607 1589/3603/2607 1396/3608/2607
f 1387/3602/2608 1396/3608/2608 1589/3603/2608
f 1386/3596/2609 1394/3610/2609 1385/3586/2609
f 1388/3611/2610 1422/3612/2610 1393/3613/2610
f 1401/3614/2611 1398/3615/2611 1394/3616/2611
f 1400/3617/2612 1391/3618/2612 1390/3619/2612
f 1421/3620/2613 1422/3621/2613 1388/3622/2613
f 1394/3623/2614 1398/3624/2614 1572/3625/2614
f 1396/3626/2615 1387/3598/2615 1389/3604/2615
f 1393/3605/2616 1381/3600/2616 1417/3627/2616
f 1388/3622/2617 1390/3628/2617 1405/3629/2617
f 1388/3630/2618 1400/3631/2618 1390/3632/2618
f 1394/3623/2619 1386/3633/2619 1397/3634/2619
f 1393/3605/2620 1417/3627/2620 1403/3635/2620
f 1399/3636/2621 1429/3637/2621 1405/3629/2621
f 1395/3638/2622 1400/3631/2622 1388/3630/2622
f 1406/3639/2623 1396/3626/2623 1389/3604/2623
f 1401/3640/2624 1410/3641/2624 1398/3624/2624
f 1390/3619/2625 1391/3618/2625 1399/3642/2625
f 1390/3628/2626 1399/3636/2626 1405/3629/2626
f 1406/3643/2627 1404/3644/2627 1397/3634/2627
f 1393/3645/2628 1403/3646/2628 1388/3630/2628
f 1402/3647/2629 1394/3623/2629 1397/3634/2629
f 1396/3648/2630 1406/3649/2630 1397/3650/2630
f 1397/3634/2631 1404/3644/2631 1402/3647/2631
f 1391/3651/2632 1441/3652/2632 1399/3653/2632
f 1411/3594/2633 1409/3654/2633 1384/3595/2633
f 1402/3647/2634 1408/3655/2634 1401/3640/2634
f 1405/3656/2635 1423/3657/2635 1416/3658/2635
f 1403/3646/2636 1395/3638/2636 1388/3630/2636
f 1395/3638/2637 1391/3651/2637 1400/3631/2637
f 1425/3659/2638 1414/3660/2638 1409/3661/2638
f 1412/3662/2639 1391/3651/2639 1407/3663/2639
f 1444/3664/2640 1407/3663/2640 1395/3638/2640
f 1405/3629/2641 1429/3637/2641 1423/3665/2641
f 1431/3666/2642 1409/3654/2642 1571/3667/2642
f 1402/3647/2643 1401/3640/2643 1394/3623/2643
f 1391/3651/2644 1395/3638/2644 1407/3663/2644
f 1409/3654/2645 1411/3594/2645 1425/3668/2645
f 1404/3644/2646 1408/3655/2646 1402/3647/2646
f 1388/3622/2647 1405/3629/2647 1421/3620/2647
f 1405/3656/2648 1416/3658/2648 1421/3669/2648
f 1409/3654/2649 1431/3666/2649 1384/3595/2649
f 1420/3670/2650 1393/3671/2650 1422/3672/2650
f 1415/3673/2651 1421/3669/2651 1416/3658/2651
f 1401/3640/2652 1408/3655/2652 1410/3641/2652
f 1415/3674/2653 1416/3675/2653 1443/3676/2653
f 1443/3676/2654 1416/3675/2654 1437/3677/2654
f 1412/3678/2655 1413/3679/2655 1423/3680/2655
f 1415/3681/2656 1419/3682/2656 1389/3683/2656
f 1571/3667/2657 1409/3654/2657 1414/3684/2657
f 1441/3652/2658 1391/3651/2658 1412/3662/2658
f 1455/3685/2659 1429/3637/2659 1399/3636/2659
f 1418/3686/2660 1461/3687/2660 1416/3675/2660
f 1420/3688/2661 1389/3689/2661 1393/3690/2661
f 1421/3691/2662 1415/3692/2662 1420/3693/2662
f 1423/3694/2663 1429/3695/2663 1457/3696/2663
f 1468/3697/2664 1432/3698/2664 1417/3597/2664
f 1419/3682/2665 1428/3699/2665 1406/3700/2665
f 1424/3701/2666 1418/3702/2666 1423/3703/2666
f 1420/3670/2667 1422/3672/2667 1421/3704/2667
f 1418/3705/2668 1416/3706/2668 1423/3707/2668
f 1406/3643/2669 1430/3708/2669 1404/3644/2669
f 1434/3709/2670 1427/3710/2670 1410/3641/2670
f 1406/3700/2671 1389/3683/2671 1419/3682/2671
f 1443/3676/2672 1419/3711/2672 1415/3674/2672
f 1399/3636/2673 1451/3712/2673 1455/3685/2673
f 1389/3713/2674 1420/3693/2674 1415/3692/2674
f 1432/3698/2675 1403/3714/2675 1417/3597/2675
f 1435/3715/2676 1408/3716/2676 1629/3717/2676
f 1463/3718/2677 1379/3590/2677 1384/3592/2677
f 1403/3646/2678 1432/3719/2678 1395/3638/2678
f 1435/3720/2679 1410/3641/2679 1408/3655/2679
f 1431/3721/2680 1439/3722/2680 1384/3592/2680
f 1406/3723/2681 1428/3724/2681 1430/3725/2681
f 1434/3709/2682 1410/3641/2682 1472/3726/2682
f 1408/3655/2683 1404/3644/2683 1430/3708/2683
f 1408/3727/2684 1430/3728/2684 1619/3729/2684
f 1428/3730/2685 1419/3711/2685 1438/3731/2685
f 1451/3712/2686 1399/3636/2686 1441/3732/2686
f 1446/3733/2687 1441/3734/2687 1412/3735/2687
f 1461/3687/2688 1437/3677/2688 1416/3675/2688
f 1457/3736/2689 1447/3737/2689 1449/3738/2689
f 1456/3739/2690 1448/3740/2690 1458/3741/2690
f 1443/3676/2691 1438/3731/2691 1419/3711/2691
f 1448/3742/2692 1424/3743/2692 1449/3744/2692
f 1457/3736/2693 1449/3738/2693 1424/3745/2693
f 1413/3746/2694 1424/3701/2694 1423/3703/2694
f 1455/3747/2695 1458/3748/2695 1466/3749/2695
f 1446/3733/2696 1442/3750/2696 1441/3734/2696
f 1445/3751/2697 1446/3752/2697 1466/3753/2697
f 1456/3739/2698 1450/3754/2698 1448/3740/2698
f 1450/3755/2699 1454/3756/2699 1424/3757/2699
f 1438/3731/2700 1443/3676/2700 1440/3758/2700
f 1454/3759/2701 1418/3760/2701 1424/3761/2701
f 1496/3762/2702 1475/3763/2702 1485/3764/2702
f 1458/3741/2703 1448/3740/2703 1452/3765/2703
f 1417/3597/2704 1379/3590/2704 1468/3697/2704
f 1437/3766/2705 1461/3767/2705 1462/3768/2705
f 1457/3769/2706 1459/3770/2706 1412/3771/2706
f 1412/3662/2707 1407/3663/2707 1413/3772/2707
f 1457/3773/2708 1429/3637/2708 1447/3774/2708
f 1457/3736/2709 1424/3745/2709 1413/3772/2709
f 1458/3741/2710 1469/3775/2710 1466/3776/2710
f 1448/3740/2711 1450/3754/2711 1424/3745/2711
f 1465/3777/2712 1463/3718/2712 1439/3778/2712
f 1459/3779/2713 1446/3733/2713 1412/3735/2713
f 1467/3780/2714 1462/3781/2714 1461/3782/2714
f 1468/3697/2715 1379/3590/2715 1463/3718/2715
f 1432/3719/2716 1473/3783/2716 1444/3664/2716
f 1464/3784/2717 1450/3754/2717 1456/3739/2717
f 1455/3785/2718 1446/3786/2718 1447/3787/2718
f 1460/3788/2719 1456/3739/2719 1458/3741/2719
f 1445/3789/2720 1442/3750/2720 1446/3733/2720
f 1464/3784/2721 1456/3739/2721 1460/3788/2721
f 1556/3790/2722 1451/3712/2722 1441/3732/2722
f 1473/3783/2723 1452/3765/2723 1444/3664/2723
f 1455/3685/2724 1451/3712/2724 1460/3791/2724
f 1455/3685/2725 1460/3791/2725 1458/3792/2725
f 1463/3793/2726 1465/3794/2726 1476/3795/2726
f 1455/3796/2727 1466/3797/2727 1448/3798/2727
f 1448/3799/2728 1466/3753/2728 1446/3752/2728
f 1009/3800/2729 1451/3712/2729 1556/3790/2729
f 1446/3801/2730 1455/3802/2730 1449/3803/2730
f 1467/3804/2731 1461/3687/2731 1484/3805/2731
f 1009/3800/2732 1460/3791/2732 1451/3712/2732
f 1448/3806/2733 1446/3807/2733 1452/3808/2733
f 1455/3685/2734 1447/3774/2734 1429/3637/2734
f 1452/3809/2735 1446/3810/2735 1449/3811/2735
f 1474/3812/2736 1465/3813/2736 1439/3814/2736
f 1474/3812/2737 1439/3814/2737 1453/3815/2737
f 1452/3816/2738 1459/3817/2738 1457/3818/2738
f 1452/3765/2739 1457/3736/2739 1413/3772/2739
f 1452/3765/2740 1449/3738/2740 1447/3737/2740
f 1480/3819/2741 1437/3820/2741 1462/3821/2741
f 1447/3737/2742 1459/3822/2742 1452/3765/2742
f 1447/3823/2743 1446/3824/2743 1459/3825/2743
f 1455/3796/2744 1448/3798/2744 1449/3826/2744
f 1468/3827/2745 1476/3828/2745 1473/3829/2745
f 1476/3828/2746 1465/3830/2746 1496/3831/2746
f 1452/3765/2747 1413/3772/2747 1444/3664/2747
f 1423/3832/2748 1457/3769/2748 1412/3771/2748
f 1439/3778/2749 1463/3718/2749 1384/3592/2749
f 1480/3833/2750 1443/3834/2750 1437/3835/2750
f 1435/3715/2751 1436/3836/2751 1472/3837/2751
f 1473/3829/2752 1476/3828/2752 1469/3838/2752
f 1454/3839/2753 1512/3840/2753 1418/3686/2753
f 1478/3841/2754 1489/3842/2754 1479/3843/2754
f 1469/3775/2755 1452/3765/2755 1473/3783/2755
f 1487/3844/2756 1488/3845/2756 1471/3846/2756
f 1496/3831/2757 1465/3830/2757 1475/3847/2757
f 1463/3793/2758 1476/3795/2758 1468/3848/2758
f 1444/3664/2759 1395/3638/2759 1432/3719/2759
f 1512/3840/2760 1461/3687/2760 1418/3686/2760
f 1436/3836/2761 1474/3812/2761 1470/3849/2761
f 1453/3815/2762 1470/3849/2762 1474/3812/2762
f 1484/3805/2763 1461/3687/2763 1512/3840/2763
f 1435/3715/2764 1472/3837/2764 1410/3850/2764
f 1465/3851/2765 1474/3852/2765 1475/3853/2765
f 1477/3854/2766 1486/3855/2766 1471/3846/2766
f 1479/3843/2767 1474/3812/2767 1436/3836/2767
f 1493/3856/2768 1486/3857/2768 1477/3858/2768
f 1477/3858/2769 1491/3859/2769 1493/3856/2769
f 1479/3843/2770 1475/3763/2770 1474/3812/2770
f 1462/3821/2771 1498/3860/2771 1480/3819/2771
f 1021/3861/2772 1560/3862/2772 1445/3789/2772
f 1468/3863/2773 1473/3864/2773 1432/3865/2773
f 1469/3775/2774 1458/3741/2774 1452/3765/2774
f 1577/3866/2775 1471/3867/2775 1486/3868/2775
f 1435/3715/2776 1433/3869/2776 1436/3836/2776
f 1476/3828/2777 1481/3870/2777 1469/3838/2777
f 1436/3871/2778 1470/3872/2778 1472/3873/2778
f 1471/3867/2779 1577/3866/2779 1574/3874/2779
f 1481/3870/2780 1476/3828/2780 1496/3831/2780
f 1478/3841/2781 1718/3875/2781 1617/3876/2781
f 1477/3854/2782 1488/3845/2782 1491/3877/2782
f 1513/3878/2783 1486/3857/2783 1493/3856/2783
f 1471/3846/2784 1488/3845/2784 1477/3854/2784
f 1489/3842/2785 1475/3763/2785 1479/3843/2785
f 1479/3843/2786 1433/3869/2786 1483/3879/2786
f 1479/3843/2787 1483/3879/2787 1718/3875/2787
f 1566/3880/2788 1500/3881/2788 1018/2626/2788
f 1017/3882/2789 1566/3883/2789 1021/3884/2789
f 1462/3885/2790 1484/3886/2790 1494/3887/2790
f 1513/3888/2791 1490/3889/2791 1486/3868/2791
f 1494/3890/2792 1498/3860/2792 1462/3821/2792
f 1487/3844/2793 1510/3891/2793 1488/3845/2793
f 1490/3889/2794 1577/3866/2794 1486/3868/2794
f 1462/3892/2795 1467/3893/2795 1484/3894/2795
f 1500/3881/2796 1015/2665/2796 1018/2626/2796
f 1466/3776/2797 1744/2652/2797 1445/3895/2797
f 1021/3896/2798 1445/3895/2798 1744/2652/2798
f 1004/2651/2799 1021/3896/2799 1744/2652/2799
f 1566/3897/2800 1017/3898/2800 1500/3899/2800
f 1506/3900/2801 1438/3731/2801 1440/3758/2801
f 1510/3891/2802 1492/3901/2802 1488/3845/2802
f 1504/3902/2803 1501/3903/2803 1480/3819/2803
f 1428/3730/2804 1438/3731/2804 1505/3904/2804
f 1460/3788/2805 1516/3905/2805 1464/3784/2805
f 1508/3906/2806 1480/3819/2806 1498/3860/2806
f 1495/3907/2807 1481/3870/2807 1496/3831/2807
f 1480/3819/2808 1508/3906/2808 1521/3908/2808
f 1502/3909/2809 1507/3910/2809 1503/3911/2809
f 1506/3912/2810 1503/3913/2810 1507/3914/2810
f 1511/3915/2811 1503/3913/2811 1506/3912/2811
f 1440/3916/2812 1480/3833/2812 1501/3917/2812
f 1508/3906/2813 1498/3860/2813 1494/3890/2813
f 1504/3902/2814 1502/3918/2814 1501/3903/2814
f 1507/3914/2815 1505/3919/2815 1506/3912/2815
f 1491/3877/2816 1488/3845/2816 1492/3901/2816
f 1019/2659/2817 1002/2636/2817 999/2660/2817
f 1506/3920/2818 1509/3921/2818 1511/3922/2818
f 1501/3923/2819 1502/3924/2819 1509/3925/2819
f 1509/3926/2820 1502/3927/2820 1503/3928/2820
f 1509/3929/2821 1440/3930/2821 1501/3931/2821
f 1509/3932/2822 1506/3900/2822 1440/3758/2822
f 1481/3870/2823 1495/3907/2823 1469/3838/2823
f 1511/3933/2824 1509/3934/2824 1503/3935/2824
f 1505/3904/2825 1438/3731/2825 1506/3900/2825
f 1482/3936/2826 1478/3937/2826 1617/3876/2826
f 1016/3938/2827 1002/3939/2827 1495/3940/2827
f 1514/3941/2828 1577/3866/2828 1490/3889/2828
f 1485/3764/2829 1475/3763/2829 1489/3842/2829
f 1489/3842/2830 1522/2653/2830 1485/3764/2830
f 1485/3764/2831 1016/2655/2831 1496/3762/2831
f 1495/3907/2832 1496/3831/2832 1016/2634/2832
f 1491/3859/2833 1520/3942/2833 1493/3856/2833
f 1009/3943/2834 1515/2648/2834 1011/2649/2834
f 1484/3805/2835 1512/3840/2835 1020/3944/2835
f 1466/3776/2836 1469/3775/2836 1744/2652/2836
f 1519/3945/2837 1484/3805/2837 1523/3946/2837
f 1009/3947/2838 1516/3905/2838 1460/3788/2838
f 1491/3859/2839 1517/3948/2839 1520/3942/2839
f 1019/2659/2840 1495/3907/2840 1002/2636/2840
f 1517/3949/2841 1494/3950/2841 1520/3951/2841
f 1525/3952/2842 1575/3953/2842 1514/3941/2842
f 1499/3954/2843 1009/3947/2843 1011/3955/2843
f 1520/3956/2844 1494/3957/2844 1518/3958/2844
f 1517/3949/2845 1508/3959/2845 1494/3950/2845
f 1520/3942/2846 1513/3878/2846 1493/3856/2846
f 1491/3960/2847 1492/3961/2847 1526/3962/2847
f 1786/3963/2848 1020/3944/2848 1512/3840/2848
f 1016/2655/2849 1485/3764/2849 1522/2653/2849
f 1480/3833/2850 1440/3916/2850 1443/3834/2850
f 1520/3942/2851 1518/3964/2851 1513/3878/2851
f 1478/3937/2852 1482/3936/2852 1489/3842/2852
f 1482/3936/2853 1522/2653/2853 1489/3842/2853
f 1478/3841/2854 1479/3843/2854 1718/3875/2854
f 1519/3965/2855 1523/3966/2855 1494/3967/2855
f 1514/3941/2856 1490/3889/2856 1525/3952/2856
f 1494/3968/2857 1484/3969/2857 1519/3970/2857
f 1521/3908/2858 1504/3902/2858 1480/3819/2858
f 1567/3971/2859 1786/3963/2859 1512/3840/2859
f 1517/3948/2860 1491/3859/2860 1526/3972/2860
f 1524/3973/2861 1490/3889/2861 1513/3888/2861
f 1529/3974/2862 1528/3975/2862 1527/3976/2862
f 1010/3977/2863 1006/3978/2863 1527/3976/2863
f 1527/3979/2864 1788/3980/2864 996/3981/2864
f 1484/3805/2865 1020/3944/2865 1523/3946/2865
f 1529/3982/2866 1527/3979/2866 996/3981/2866
f 1538/3983/2867 1532/3984/2867 35/3985/2867
f 1523/3986/2868 1518/3987/2868 1494/3988/2868
f 1524/3973/2869 1525/3952/2869 1490/3889/2869
f 1784/3989/2870 1525/3990/2870 1528/3991/2870
f 1517/3949/2871 1537/3992/2871 1508/3959/2871
f 1518/3993/2872 1524/3973/2872 1513/3888/2872
f 1785/3994/2873 1541/3995/2873 1534/3996/2873
f 1528/3991/2874 1529/3982/2874 1784/3989/2874
f 1469/3775/2875 1495/3997/2875 1744/2652/2875
f 1778/3998/2876 1523/3946/2876 1020/3944/2876
f 1492/3999/2877 35/3985/2877 1532/3984/2877
f 1778/3998/2878 1765/4000/2878 1523/3946/2878
f 1534/3996/2879 1541/3995/2879 1536/4001/2879
f 1536/4002/2880 1541/4003/2880 1525/4004/2880
f 1536/4005/2881 1528/4006/2881 1524/4007/2881
f 1666/4008/2882 1502/3918/2882 1504/3902/2882
f 1517/4009/2883 1540/4010/2883 1537/4011/2883
f 1542/4012/2884 1525/4013/2884 1541/3995/2884
f 1497/4014/2885 35/3985/2885 1492/3999/2885
f 1532/4015/2886 1550/4016/2886 1526/4017/2886
f 1532/4018/2887 1526/4019/2887 1492/4020/2887
f 1539/4021/2888 1530/4022/2888 1535/4023/2888
f 998/4024/2889 1744/2652/2889 1019/4025/2889
f 1550/4026/2890 1545/4027/2890 1526/4028/2890
f 1019/4025/2891 1744/2652/2891 1495/3997/2891
f 1543/4029/2892 1535/4030/2892 1538/4031/2892
f 1521/4032/2893 1508/3959/2893 1537/3992/2893
f 1531/4033/2894 1521/3908/2894 1537/4034/2894
f 1709/3008/2895 1733/4035/2895 1554/4036/2895
f 1526/3972/2896 1540/4037/2896 1517/3948/2896
f 1531/4033/2897 1537/4034/2897 1540/4038/2897
f 1532/3984/2898 1535/4023/2898 1530/4022/2898
f 1771/4039/2899 1518/3987/2899 1523/3986/2899
f 1530/4022/2900 1533/4040/2900 1532/3984/2900
f 1525/4041/2901 1524/4042/2901 1528/4043/2901
f 1531/4033/2902 1062/4044/2902 1552/4045/2902
f 1538/3983/2903 1535/4023/2903 1532/3984/2903
f 1531/4046/2904 1540/4047/2904 1533/4048/2904
f 1528/3975/2905 1010/4049/2905 1527/3976/2905
f 1540/4037/2906 1526/3972/2906 1545/4050/2906
f 1533/4051/2907 1550/4052/2907 1532/4053/2907
f 1550/4052/2908 1533/4051/2908 1545/4054/2908
f 1521/3908/2909 1531/4033/2909 1552/4045/2909
f 1530/4055/2910 1539/4056/2910 1533/4057/2910
f 163/4058/2911 1535/4059/2911 1543/4060/2911
f 1539/4061/2912 1535/4062/2912 1544/4063/2912
f 1546/4064/2913 1547/4065/2913 1036/4066/2913
f 163/4067/2914 1547/4068/2914 1535/4062/2914
f 163/4069/2915 1036/4070/2915 1547/4071/2915
f 1552/4045/2916 1504/3902/2916 1521/3908/2916
f 1546/4072/2917 1733/4035/2917 1544/4073/2917
f 1546/4072/2918 1544/4073/2918 1547/4074/2918
f 1553/4075/2919 1548/4076/2919 1551/4077/2919
f 1036/4078/2920 1551/4079/2920 1729/4080/2920
f 1545/4081/2921 1533/4082/2921 1540/4083/2921
f 1555/4084/2922 1551/4085/2922 1036/4086/2922
f 1207/3009/2923 1548/4076/2923 1553/4075/2923
f 1552/4045/2924 1549/4087/2924 1504/3902/2924
f 1578/4088/2925 1543/4089/2925 1538/3983/2925
f 1535/4062/2926 1547/4068/2926 1544/4063/2926
f 1553/4075/2927 1551/4077/2927 1050/4090/2927
f 1548/4091/2928 1729/4080/2928 1551/4079/2928
f 1539/4056/2929 1062/4092/2929 1533/4057/2929
f 1062/4093/2930 1531/4094/2930 1533/4095/2930
f 1556/4096/2931 1441/3734/2931 1442/3750/2931
f 1464/3784/2932 1557/4097/2932 1450/3754/2932
f 1558/4098/2933 1512/3840/2933 1454/3839/2933
f 1558/4099/2934 1454/4100/2934 1450/4101/2934
f 1442/3750/2935 1445/3789/2935 1560/3862/2935
f 1557/4097/2936 1558/4102/2936 1450/3754/2936
f 1563/4103/2937 1557/4097/2937 1516/3905/2937
f 1558/4102/2938 1557/4097/2938 1565/4104/2938
f 1442/3750/2939 1559/4105/2939 1556/4096/2939
f 1516/3905/2940 1557/4097/2940 1464/3784/2940
f 1512/3840/2941 1558/4098/2941 1567/3971/2941
f 1018/2626/2942 1562/4106/2942 1566/3880/2942
f 1561/4107/2943 1560/3862/2943 1566/4108/2943
f 1559/4109/2944 1515/2648/2944 1556/4110/2944
f 1560/3862/2945 1559/4105/2945 1442/3750/2945
f 1515/2648/2946 1009/3943/2946 1556/4110/2946
f 1515/2648/2947 1559/4109/2947 1018/2626/2947
f 1018/2626/2948 1561/4111/2948 1562/4106/2948
f 1565/4104/2949 1557/4097/2949 1563/4103/2949
f 1567/4112/2950 1558/4113/2950 1565/4114/2950
f 1567/3971/2951 1565/4115/2951 1592/4116/2951
f 1021/3861/2952 1566/4108/2952 1560/3862/2952
f 1567/3971/2953 1592/4116/2953 1786/3963/2953
f 1499/4117/2954 1569/4118/2954 1564/4119/2954
f 1565/4120/2955 1568/4121/2955 1591/4122/2955
f 1569/4123/2956 1565/4104/2956 1563/4103/2956
f 1499/3954/2957 1564/4124/2957 1009/3947/2957
f 1564/4124/2958 1569/4123/2958 1563/4103/2958
f 1564/4124/2959 1516/3905/2959 1009/3947/2959
f 1564/4124/2960 1563/4103/2960 1516/3905/2960
f 1788/2645/2961 1527/4125/2961 1006/2643/2961
f 1425/4126/2962 1571/4127/2962 1414/4128/2962
f 1426/4129/2963 1398/4130/2963 1410/4131/2963
f 1394/4132/2964 1572/4133/2964 1385/4134/2964
f 1410/4131/2965 1427/4135/2965 1426/4129/2965
f 1574/4136/2966 1487/3844/2966 1471/3846/2966
f 1487/3844/2967 1573/4137/2967 1510/3891/2967
f 1542/4138/2968 1575/4139/2968 1525/4013/2968
f 1492/3901/2969 1510/3891/2969 1497/4140/2969
f 1577/3866/2970 1514/3941/2970 1575/3953/2970
f 1573/4141/2971 1487/4142/2971 1574/4143/2971
f 1497/4144/2972 1510/4145/2972 1573/4141/2972
f 31/4146/2973 1573/4141/2973 1576/4147/2973
f 1542/4148/2974 1576/4147/2974 1575/4149/2974
f 1573/4141/2975 31/4146/2975 1497/4144/2975
f 1574/4143/2976 1575/4149/2976 1573/4141/2976
f 1538/3983/2977 35/3985/2977 1578/4088/2977
f 1575/4149/2978 1574/4143/2978 1577/4150/2978
f 1573/4141/2979 1575/4149/2979 1576/4147/2979
f 1043/4151/2980 1576/4147/2980 1542/4148/2980
f 1043/4151/2981 31/4146/2981 1576/4147/2981
f 1578/4152/2982 35/395/2982 173/397/2982
f 31/4153/2983 35/4154/2983 1497/4155/2983
f 165/741/2984 1036/2703/2984 163/4156/2984
f 1579/4157/2985 175/4158/2985 179/56/2985
f 1030/4159/2986 1555/4160/2986 1036/4161/2986
f 1041/4162/2987 1555/4163/2987 1030/4164/2987
f 179/56/2988 175/4158/2988 180/362/2988
f 179/56/2989 236/1/2989 241/3/2989
f 1580/4165/2990 1260/4166/2990 241/4167/2990
f 1213/4168/2991 1579/4169/2991 1260/3144/2991
f 1041/2694/2992 1030/4170/2992 1035/762/2992
f 1043/2701/2993 1051/707/2993 31/4153/2993
f 1551/4085/2994 1555/4084/2994 175/420/2994
f 1260/3144/2995 1223/3143/2995 1213/4168/2995
f 1580/4171/2996 1261/4172/2996 1260/4173/2996
f 1543/4174/2997 1578/4175/2997 163/4176/2997
f 1050/4177/2998 1579/4178/2998 1213/4179/2998
f 175/420/2999 1555/4084/2999 1041/421/2999
f 163/4156/3000 1578/4152/3000 173/397/3000
f 241/4167/3001 1260/4166/3001 1579/4180/3001
f 1244/3142/3002 1260/3144/3002 1261/3218/3002
f 1050/4181/3003 1551/4182/3003 175/4183/3003
f 175/4184/3004 1579/4185/3004 1050/4186/3004
f 1582/4187/3005 1587/4188/3005 1265/3326/3005
f 181/59/3006 236/1/3006 179/56/3006
f 1582/4187/3007 242/4189/3007 1585/4190/3007
f 242/4191/3008 1261/4192/3008 1580/4193/3008
f 1587/4188/3009 1581/4194/3009 1265/3326/3009
f 1582/4187/3010 1265/3326/3010 1261/4195/3010
f 1261/4195/3011 242/4189/3011 1582/4187/3011
f 186/4196/3012 1584/4197/3012 1336/4198/3012
f 1265/4199/3013 1254/4200/3013 1261/4201/3013
f 1583/3347/3014 1587/2616/3014 344/2615/3014
f 1346/3489/3015 1336/3438/3015 1338/3461/3015
f 1336/3438/3016 1584/4202/3016 219/930/3016
f 1583/3347/3017 1581/3348/3017 1587/2616/3017
f 1584/4203/3018 187/4204/3018 219/4205/3018
f 1350/3488/3019 341/4206/3019 1346/3489/3019
f 1354/3451/3020 1331/3363/3020 1307/3375/3020
f 1731/2904/3021 1081/2853/3021 1586/4207/3021
f 1585/4208/3022 994/4209/3022 1587/4210/3022
f 1582/4187/3023 1585/4190/3023 1587/4188/3023
f 1349/3449/3024 1307/3375/3024 1588/4211/3024
f 1307/4212/3025 1583/3347/3025 344/2615/3025
f 1346/2624/3026 231/2602/3026 186/4213/3026
f 1265/3326/3027 1581/4194/3027 1292/3324/3027
f 1583/4214/3028 1307/4215/3028 1300/4216/3028
f 1349/4217/3029 1354/4218/3029 1307/4219/3029
f 1350/3488/3030 1588/4220/3030 341/4206/3030
f 1346/3489/3031 186/4221/3031 1336/3438/3031
f 1349/3511/3032 1588/4220/3032 1357/3515/3032
f 1357/3515/3033 1588/4220/3033 1350/3488/3033
f 1589/3603/3034 1382/3584/3034 1380/3583/3034
f 1589/3603/3035 1380/3583/3035 1590/3601/3035
f 1386/3596/3036 1382/3584/3036 1589/3603/3036
f 1565/4114/3037 1591/4222/3037 1592/4223/3037
f 1593/4224/3038 1568/4225/3038 1569/4123/3038
f 1011/3955/3039 1593/4224/3039 1569/4123/3039
f 1598/4226/3040 1591/4227/3040 1568/4228/3040
f 1594/4229/3041 1568/4230/3041 1593/4231/3041
f 1595/4232/3042 1591/4227/3042 1598/4226/3042
f 1592/4116/3043 1591/4233/3043 1595/4234/3043
f 1569/4123/3044 1568/4225/3044 1565/4104/3044
f 1499/3954/3045 1011/3955/3045 1569/4123/3045
f 1594/4235/3046 1598/4226/3046 1568/4228/3046
f 1596/4236/3047 1593/4224/3047 1001/4237/3047
f 1598/4238/3048 1752/4239/3048 1595/4240/3048
f 1011/3955/3049 1001/4237/3049 1593/4224/3049
f 1007/4241/3050 1601/4242/3050 1596/4243/3050
f 1599/4244/3051 1598/4226/3051 1594/4235/3051
f 1598/4245/3052 1597/4246/3052 1752/4247/3052
f 1007/4248/3053 1600/4249/3053 1601/4250/3053
f 1594/4251/3054 1600/4249/3054 1603/4252/3054
f 1600/4249/3055 1594/4251/3055 1601/4250/3055
f 1593/4224/3056 1601/4250/3056 1594/4253/3056
f 1601/4250/3057 1593/4224/3057 1596/4236/3057
f 1599/4244/3058 1594/4235/3058 1603/4254/3058
f 1599/4255/3059 1156/4256/3059 1597/4246/3059
f 1597/4246/3060 1598/4245/3060 1599/4255/3060
f 1007/4248/3061 1005/2986/3061 1600/4249/3061
f 1599/4255/3062 1604/4257/3062 1156/4256/3062
f 1604/4258/3063 1599/4244/3063 1603/4254/3063
f 1605/2959/3064 1603/4252/3064 1600/4249/3064
f 1605/2959/3065 1600/4249/3065 1005/2986/3065
f 1607/2923/3066 1603/4252/3066 1605/2959/3066
f 1604/4258/3067 1603/4254/3067 1607/4259/3067
f 1149/4260/3068 1604/4258/3068 1606/4261/3068
f 1141/4262/3069 1156/4256/3069 1604/4257/3069
f 1108/2807/3070 1149/2859/3070 1606/2841/3070
f 1607/4259/3071 1606/4261/3071 1604/4258/3071
f 1607/2923/3072 1605/2959/3072 1142/2924/3072
f 1613/4263/3073 1611/4264/3073 1482/3936/3073
f 1252/4265/3074 1200/4266/3074 1617/3876/3074
f 1203/3055/3075 1616/3031/3075 1201/3030/3075
f 1048/4267/3076 1777/4268/3076 1615/4269/3076
f 1430/4270/3077 1624/4271/3077 1620/4272/3077
f 1628/4273/3078 1621/4274/3078 1629/3717/3078
f 1629/4275/3079 1626/4276/3079 1628/4277/3079
f 1626/4278/3080 1620/4279/3080 1622/4280/3080
f 1626/4281/3081 1619/4282/3081 1620/4283/3081
f 1624/4271/3082 1623/4284/3082 1620/4272/3082
f 1408/3716/3083 1619/4285/3083 1629/3717/3083
f 1433/3869/3084 1435/3715/3084 1629/3717/3084
f 1433/3869/3085 1629/3717/3085 1621/4274/3085
f 1626/4286/3086 1629/3717/3086 1619/4285/3086
f 1619/4287/3087 1430/4288/3087 1620/4289/3087
f 1430/4290/3088 1428/3730/3088 1624/4291/3088
f 1632/4292/3089 1636/4293/3089 1633/4294/3089
f 1625/4295/3090 1628/4277/3090 1626/4276/3090
f 1627/4296/3091 1625/4295/3091 1626/4276/3091
f 1623/4284/3092 1648/4297/3092 1620/4272/3092
f 1637/4298/3093 1633/4294/3093 1635/4299/3093
f 1642/4300/3094 1636/4293/3094 1665/4301/3094
f 1620/4272/3095 1648/4297/3095 1630/4302/3095
f 1630/4303/3096 1622/4304/3096 1620/4305/3096
f 1479/3843/3097 1436/3836/3097 1433/3869/3097
f 1665/4301/3098 1636/4293/3098 1634/4306/3098
f 1648/4297/3099 1640/4307/3099 1630/4302/3099
f 1648/4308/3100 1623/4309/3100 1638/4310/3100
f 1483/3879/3101 1433/3869/3101 1647/4311/3101
f 1644/4312/3102 1658/4313/3102 1639/4314/3102
f 1638/4310/3103 1623/4309/3103 1624/4291/3103
f 1635/4299/3104 1636/4293/3104 1642/4300/3104
f 1639/4314/3105 1658/4313/3105 1638/4315/3105
f 1632/4292/3106 1634/4306/3106 1636/4293/3106
f 1632/4292/3107 1633/4294/3107 1631/4316/3107
f 1643/4317/3108 1627/4318/3108 1622/4319/3108
f 1647/4311/3109 1433/3869/3109 1621/4274/3109
f 1624/4291/3110 1428/3730/3110 1505/3904/3110
f 1646/4320/3111 1622/4304/3111 1630/4303/3111
f 1680/4321/3112 1635/4299/3112 1642/4300/3112
f 1633/4294/3113 1636/4293/3113 1635/4299/3113
f 1661/4322/3114 1638/4323/3114 1658/4324/3114
f 1622/4319/3115 1627/4318/3115 1626/4325/3115
f 1649/4326/3116 1631/4327/3116 1633/4328/3116
f 1661/4329/3117 1645/4330/3117 1638/4331/3117
f 1639/4332/3118 1638/4333/3118 1505/4334/3118
f 1638/4310/3119 1624/4291/3119 1505/3904/3119
f 1646/4335/3120 1630/4336/3120 1640/4337/3120
f 1640/4337/3121 1652/4338/3121 1646/4335/3121
f 1682/4339/3122 1655/4340/3122 1653/4341/3122
f 1632/4342/3123 1631/4343/3123 1655/4340/3123
f 1640/4337/3124 1682/4344/3124 1652/4338/3124
f 1643/4345/3125 1622/4346/3125 1659/4347/3125
f 1637/4348/3126 1649/4326/3126 1633/4328/3126
f 1717/4349/3127 1649/4350/3127 1637/4351/3127
f 1655/4352/3128 1640/4353/3128 1657/4354/3128
f 1655/4352/3129 1657/4354/3129 1654/4355/3129
f 1719/4356/3130 1026/4357/3130 1631/4343/3130
f 1660/4358/3131 1659/4359/3131 1646/4320/3131
f 1682/4360/3132 1640/4361/3132 1655/4362/3132
f 1679/4363/3133 1660/4364/3133 1652/4365/3133
f 1659/4359/3134 1622/4304/3134 1646/4320/3134
f 1653/4341/3135 1655/4340/3135 1631/4343/3135
f 1673/4366/3136 1657/4367/3136 1640/4368/3136
f 1507/3910/3137 1502/3909/3137 1644/4312/3137
f 1679/4369/3138 1652/4338/3138 1653/4370/3138
f 1639/4314/3139 1505/4371/3139 1507/3910/3139
f 1639/4314/3140 1507/3910/3140 1644/4312/3140
f 1645/4372/3141 1648/4308/3141 1638/4310/3141
f 1655/4340/3142 1634/4373/3142 1632/4342/3142
f 1643/4317/3143 1660/4374/3143 1650/4375/3143
f 1653/4341/3144 1631/4343/3144 1026/4357/3144
f 1673/4366/3145 1640/4368/3145 1648/4308/3145
f 1648/4308/3146 1645/4372/3146 1673/4366/3146
f 1668/4376/3147 1660/4374/3147 1643/4317/3147
f 1654/4377/3148 1664/4378/3148 1634/4379/3148
f 1680/4380/3149 1674/4381/3149 1635/4382/3149
f 1658/4383/3150 1644/4312/3150 1676/4384/3150
f 1684/4385/3151 1662/4386/3151 1669/4387/3151
f 1666/4388/3152 1644/4312/3152 1502/3909/3152
f 1669/4387/3153 1662/4386/3153 1637/4389/3153
f 1664/4378/3154 1665/4390/3154 1634/4379/3154
f 1666/4388/3155 1676/4384/3155 1644/4312/3155
f 1682/4344/3156 1653/4370/3156 1652/4338/3156
f 1635/4382/3157 1674/4381/3157 1669/4391/3157
f 1670/4392/3158 1643/4393/3158 1659/4394/3158
f 1660/4395/3159 1670/4396/3159 1659/4397/3159
f 1677/4398/3160 1642/4399/3160 1665/4390/3160
f 1687/4400/3161 1661/4322/3161 1658/4324/3161
f 1652/4401/3162 1660/4358/3162 1646/4320/3162
f 1653/4370/3163 1651/4402/3163 1679/4369/3163
f 1669/4403/3164 1637/4298/3164 1635/4299/3164
f 1656/4404/3165 1651/4402/3165 1653/4370/3165
f 1650/4375/3166 1627/4318/3166 1643/4317/3166
f 1641/4405/3167 1650/4375/3167 1660/4374/3167
f 1677/4398/3168 1665/4390/3168 1664/4378/3168
f 1631/4343/3169 1649/4406/3169 1719/4356/3169
f 1669/4391/3170 1685/4407/3170 1684/4408/3170
f 1674/4381/3171 1685/4407/3171 1669/4391/3171
f 1660/4364/3172 1679/4363/3172 1641/4409/3172
f 1677/4410/3173 1683/4411/3173 1642/4412/3173
f 1663/4413/3174 1671/4414/3174 1693/4415/3174
f 1683/4411/3175 1680/4380/3175 1642/4412/3175
f 1693/4415/3176 1671/4414/3176 1656/4416/3176
f 1655/4340/3177 1654/4417/3177 1634/4373/3177
f 1683/4411/3178 1685/4407/3178 1680/4380/3178
f 1668/4418/3179 1643/4419/3179 1670/4420/3179
f 1675/4421/3180 1657/4367/3180 1673/4366/3180
f 1681/4422/3181 1664/4378/3181 1654/4377/3181
f 1676/4423/3182 1687/4424/3182 1658/4425/3182
f 1686/4426/3183 1657/4367/3183 1675/4421/3183
f 1681/4422/3184 1654/4377/3184 1657/4427/3184
f 1680/4380/3185 1685/4407/3185 1674/4381/3185
f 1668/4428/3186 1670/4429/3186 1660/4430/3186
f 1681/4422/3187 1677/4398/3187 1664/4378/3187
f 1667/4431/3188 1661/4322/3188 1687/4400/3188
f 1617/3876/3189 1718/3875/3189 1252/4265/3189
f 1689/4432/3190 1683/4433/3190 1677/4398/3190
f 1657/4434/3191 1686/4435/3191 1681/4436/3191
f 1708/4437/3192 1677/4398/3192 1681/4422/3192
f 1689/4438/3193 1685/4407/3193 1683/4411/3193
f 1667/4431/3194 1687/4400/3194 1690/4439/3194
f 1684/4408/3195 1685/4407/3195 1691/4440/3195
f 1688/4441/3196 1661/4442/3196 1678/4443/3196
f 1661/4442/3197 1667/4444/3197 1678/4443/3197
f 1645/4372/3198 1661/4445/3198 1688/4446/3198
f 1676/4423/3199 1189/4447/3199 1694/4448/3199
f 1666/4008/3200 1696/4449/3200 1676/4450/3200
f 1673/4366/3201 1645/4372/3201 1688/4446/3201
f 1693/4451/3202 1656/4452/3202 1653/4341/3202
f 1694/4448/3203 1690/4453/3203 1676/4423/3203
f 1653/4341/3204 1026/4357/3204 1693/4451/3204
f 1504/3902/3205 1692/4454/3205 1696/4449/3205
f 1202/4455/3206 1196/3011/3206 1183/3013/3206
f 1673/4366/3207 1688/4446/3207 1701/4456/3207
f 1549/4087/3208 1692/4454/3208 1504/3902/3208
f 1687/4424/3209 1676/4423/3209 1690/4453/3209
f 1689/4438/3210 1704/4457/3210 1685/4407/3210
f 1444/3664/3211 1413/3772/3211 1407/3663/3211
f 1690/4439/3212 1678/4458/3212 1667/4431/3212
f 1701/4459/3213 1688/4460/3213 1678/4461/3213
f 1695/4462/3214 1700/4463/3214 1697/4464/3214
f 1696/4449/3215 1189/3101/3215 1676/4450/3215
f 1711/4465/3216 1691/4440/3216 1704/4457/3216
f 1696/4449/3217 1666/4008/3217 1504/3902/3217
f 1699/4466/3218 1675/4421/3218 1673/4366/3218
f 1186/4467/3219 1673/4366/3219 1701/4456/3219
f 1701/4459/3220 1678/4461/3220 1690/4468/3220
f 1699/4466/3221 1673/4366/3221 1186/4467/3221
f 1686/4426/3222 1675/4421/3222 1713/3083/3222
f 1700/4469/3223 1695/4470/3223 1710/3061/3223
f 1689/4432/3224 1677/4398/3224 1708/4437/3224
f 1703/3060/3225 1700/4469/3225 1710/3061/3225
f 1697/4464/3226 1700/4463/3226 1703/4471/3226
f 1706/4472/3227 1204/4473/3227 1695/4474/3227
f 1190/4475/3228 1692/4476/3228 1703/3060/3228
f 1702/4477/3229 1695/4478/3229 1697/4479/3229
f 1691/4440/3230 1685/4407/3230 1704/4457/3230
f 1205/3052/3231 1692/4454/3231 1190/3053/3231
f 1711/4480/3232 1724/4481/3232 1691/4482/3232
f 1710/3061/3233 1695/4470/3233 1204/3044/3233
f 1205/3052/3234 1696/4449/3234 1692/4454/3234
f 1709/4483/3235 1697/4479/3235 1703/4484/3235
f 1702/4477/3236 1697/4479/3236 1709/4483/3236
f 1704/4457/3237 1707/4485/3237 1705/3015/3237
f 1690/4486/3238 1698/4487/3238 1701/4488/3238
f 1713/3083/3239 1675/4421/3239 1699/4466/3239
f 1681/4489/3240 1715/4490/3240 1708/4491/3240
f 1698/4492/3241 1690/4493/3241 1694/4494/3241
f 1549/4495/3242 1703/4496/3242 1692/4497/3242
f 1205/3052/3243 1189/3101/3243 1696/4449/3243
f 1702/4477/3244 1706/4498/3244 1695/4478/3244
f 1686/4499/3245 1712/4500/3245 1681/4501/3245
f 1699/4502/3246 1186/4503/3246 1698/4487/3246
f 1689/4438/3247 1707/4485/3247 1704/4457/3247
f 1183/4504/3248 1192/3032/3248 1723/4505/3248
f 1711/4465/3249 1704/4457/3249 1705/3015/3249
f 1207/4506/3250 1204/4507/3250 1706/4508/3250
f 1712/4500/3251 1715/4509/3251 1681/4501/3251
f 1207/4510/3252 1706/4498/3252 1702/4477/3252
f 1549/4495/3253 1736/4511/3253 1703/4496/3253
f 1707/4512/3254 1689/4432/3254 1708/4437/3254
f 1206/3179/3255 1694/4448/3255 1189/4447/3255
f 1216/3046/3256 1710/3061/3256 1204/3044/3256
f 1698/4487/3257 1186/4503/3257 1701/4488/3257
f 1711/4465/3258 1705/3015/3258 1183/3014/3258
f 1703/4513/3259 1736/4514/3259 1709/4515/3259
f 1050/4090/3260 1204/4516/3260 1553/4075/3260
f 1711/4480/3261 1183/4504/3261 1723/4505/3261
f 1204/4517/3262 1207/3009/3262 1553/4075/3262
f 1715/4490/3263 1714/4518/3263 1708/4491/3263
f 1206/3179/3264 1698/4519/3264 1694/4448/3264
f 1711/4480/3265 1723/4505/3265 1724/4481/3265
f 1686/4520/3266 1218/3150/3266 1712/4521/3266
f 1714/4518/3267 1715/4490/3267 1234/4522/3267
f 1714/4523/3268 1234/4524/3268 1228/4525/3268
f 1188/3084/3269 1713/3083/3269 1699/4526/3269
f 1716/4527/3270 1707/4485/3270 1708/4528/3270
f 1188/4529/3271 1698/4530/3271 1206/4531/3271
f 1188/4529/3272 1699/4532/3272 1698/4530/3272
f 1716/4533/3273 1228/4534/3273 1185/3087/3273
f 1712/4500/3274 1234/4535/3274 1715/4509/3274
f 1707/4485/3275 1716/4527/3275 1705/3015/3275
f 1185/4536/3276 1705/4537/3276 1716/4538/3276
f 1716/4539/3277 1708/4540/3277 1228/4541/3277
f 1218/3150/3278 1686/4520/3278 1713/4542/3278
f 1228/4543/3279 1708/4491/3279 1714/4518/3279
f 1218/3150/3280 1226/3149/3280 1712/4521/3280
f 1637/4389/3281 1662/4386/3281 1717/4544/3281
f 1720/4545/3282 1026/4546/3282 1719/4547/3282
f 1026/4546/3283 1720/4545/3283 1725/4548/3283
f 1722/4549/3284 1719/4550/3284 1649/4551/3284
f 1724/4481/3285 1684/4552/3285 1691/4482/3285
f 1721/4553/3286 1026/4546/3286 1725/4548/3286
f 1722/4549/3287 1649/4551/3287 1717/4554/3287
f 1055/4555/3288 1075/4556/3288 1727/4557/3288
f 1047/796/3289 1044/795/3289 1161/2968/3289
f 1732/2971/3290 1158/2955/3290 1157/2956/3290
f 1729/4558/3291 1548/4076/3291 1733/4035/3291
f 1152/4559/3292 1161/4560/3292 1157/4561/3292
f 1053/2681/3293 1746/4562/3293 1110/2693/3293
f 1162/4563/3294 1728/4564/3294 1166/2931/3294
f 1730/4565/3295 1053/2711/3295 1727/2855/3295
f 1734/4566/3296 1727/4567/3296 1586/4568/3296
f 1138/2932/3297 1144/2969/3297 1167/2957/3297
f 1165/4569/3298 1136/2903/3298 1164/4570/3298
f 1586/4571/3299 1727/4572/3299 1731/4573/3299
f 1165/4574/3300 1023/4575/3300 1769/2964/3300
f 1163/2974/3301 1136/4576/3301 1165/2972/3301
f 1164/4577/3302 1142/4578/3302 1159/2942/3302
f 1157/4579/3303 1161/4580/3303 1753/4581/3303
f 1153/4582/3304 1750/4583/3304 1080/4584/3304
f 1140/2943/3305 1159/2942/3305 1142/4578/3305
f 1148/2939/3306 1142/2924/3306 1160/2960/3306
f 1136/2903/3307 1142/2907/3307 1164/4570/3307
f 1730/4585/3308 1777/4586/3308 1053/2681/3308
f 1039/2704/3309 1047/796/3309 1161/2968/3309
f 1728/4564/3310 1162/4563/3310 1755/4587/3310
f 1160/2960/3311 1005/2986/3311 1769/4588/3311
f 1736/4511/3312 1549/4495/3312 1552/4589/3312
f 1023/4575/3313 1165/4574/3313 1164/4590/3313
f 1727/4591/3314 1075/4592/3314 1731/4593/3314
f 1150/2934/3315 1146/2948/3315 1740/4594/3315
f 1148/2939/3316 1160/2960/3316 1769/4588/3316
f 1709/3008/3317 1736/4511/3317 1733/4035/3317
f 1733/4035/3318 1546/4072/3318 1729/4558/3318
f 1734/4595/3319 1747/4596/3319 1067/4597/3319
f 1733/4035/3320 1736/4511/3320 1552/4589/3320
f 1732/4598/3321 1755/4587/3321 1162/4563/3321
f 1161/2968/3322 1044/795/3322 1753/4599/3322
f 1586/4600/3323 1111/2831/3323 1608/4601/3323
f 1144/2969/3324 1738/4602/3324 1167/2957/3324
f 1554/4036/3325 1207/3009/3325 1709/3008/3325
f 1728/4564/3326 1743/4603/3326 1166/2931/3326
f 1144/2969/3327 1166/2931/3327 1738/4602/3327
f 1738/4602/3328 1166/2931/3328 1743/4603/3328
f 1729/4558/3329 1546/4072/3329 1036/4604/3329
f 1207/3009/3330 1554/4036/3330 1548/4076/3330
f 1733/4035/3331 1548/4076/3331 1554/4036/3331
f 1586/4605/3332 1608/4606/3332 1734/4607/3332
f 1734/4595/3333 1067/4597/3333 1727/4608/3333
f 1779/4609/3334 1745/4610/3334 1173/4611/3334
f 1063/2756/3335 1084/4612/3335 1111/4613/3335
f 1752/4614/3336 1735/4615/3336 1758/4616/3336
f 1053/2681/3337 1777/4586/3337 1746/4562/3337
f 1173/4611/3338 1757/4617/3338 1779/4609/3338
f 1757/4618/3339 1758/4619/3339 1740/4620/3339
f 1608/4621/3340 1747/4622/3340 1734/4623/3340
f 1597/4624/3341 1735/4615/3341 1752/4614/3341
f 1058/4625/3342 1064/4626/3342 1737/4627/3342
f 1153/2962/3343 1154/2938/3343 1750/4628/3343
f 1767/4629/3344 1750/4628/3344 1154/2938/3344
f 1146/2948/3345 1167/4630/3345 1740/4594/3345
f 1735/4631/3346 1150/4632/3346 1740/4633/3346
f 1732/2971/3347 1751/4634/3347 1755/4635/3347
f 1752/4636/3348 1758/4616/3348 1173/4637/3348
f 1167/4638/3349 1779/4639/3349 1757/4640/3349
f 1742/2650/3350 1744/2652/3350 998/4024/3350
f 1753/4599/3351 1756/4641/3351 1157/2956/3351
f 1042/782/3352 1756/4642/3352 1044/783/3352
f 1758/4643/3353 1735/4644/3353 1740/4645/3353
f 1738/4646/3354 1779/4639/3354 1167/4638/3354
f 1727/2855/3355 1067/4647/3355 1083/2806/3355
f 1083/2806/3356 1726/2808/3356 1727/2855/3356
f 1173/4648/3357 1758/4619/3357 1757/4618/3357
f 1608/4649/3358 1084/4650/3358 1079/4651/3358
f 1763/4652/3359 1767/2966/3359 1148/2939/3359
f 1762/4653/3360 1755/4654/3360 1751/4655/3360
f 1044/783/3361 1756/4642/3361 1753/4656/3361
f 1173/4637/3362 1745/4657/3362 1752/4636/3362
f 1740/4620/3363 1167/4658/3363 1757/4618/3363
f 1760/2708/3364 1756/4659/3364 1042/752/3364
f 1759/4660/3365 1765/4661/3365 1739/4662/3365
f 1608/4663/3366 1111/4613/3366 1084/4612/3366
f 1748/4664/3367 999/4665/3367 1610/4666/3367
f 1754/4667/3368 1748/4664/3368 1610/4666/3368
f 1754/4667/3369 1749/4668/3369 1748/4664/3369
f 1080/4584/3370 1748/4664/3370 1749/4668/3370
f 1048/4669/3371 1064/4626/3371 1110/2842/3371
f 1747/4670/3372 1066/2733/3372 1067/2732/3372
f 1756/4671/3373 1751/4672/3373 1157/4673/3373
f 1760/2708/3374 1770/4674/3374 1756/4659/3374
f 1737/4675/3375 1048/4676/3375 1091/2803/3375
f 1764/4677/3376 1762/4678/3376 1774/4679/3376
f 1759/4680/3377 1739/4681/3377 1761/4682/3377
f 1157/2956/3378 1751/4634/3378 1732/2971/3378
f 1733/4035/3379 1062/4683/3379 1544/4073/3379
f 1737/4627/3380 1064/4626/3380 1048/4669/3380
f 1743/4684/3381 1728/4564/3381 1764/4677/3381
f 1728/4564/3382 1755/4587/3382 1764/4677/3382
f 1080/4584/3383 1750/4583/3383 1748/4664/3383
f 1763/4652/3384 1742/2650/3384 1767/2966/3384
f 1597/4624/3385 1156/4685/3385 1735/4615/3385
f 1552/4589/3386 1062/4683/3386 1733/4035/3386
f 1777/4686/3387 1048/4669/3387 1746/4687/3387
f 1768/4688/3388 1750/4689/3388 1767/4690/3388
f 1755/4587/3389 1762/4678/3389 1764/4677/3389
f 1048/4267/3390 1615/4269/3390 1091/4691/3390
f 1767/2966/3391 1742/2650/3391 998/4024/3391
f 1110/2842/3392 1746/4687/3392 1048/4669/3392
f 1768/4688/3393 1748/4692/3393 1750/4689/3393
f 1165/2972/3394 1602/4693/3394 1168/2973/3394
f 1766/4694/3395 1771/4695/3395 1759/4696/3395
f 1544/4063/3396 1062/4697/3396 1539/4061/3396
f 1769/2964/3397 1023/4575/3397 1000/2637/3397
f 1766/4698/3398 1759/4680/3398 1783/4699/3398
f 1739/4700/3399 1765/4000/3399 1778/3998/3399
f 1771/4701/3400 1765/4661/3400 1759/4660/3400
f 1781/4702/3401 1738/4602/3401 1743/4603/3401
f 1756/4703/3402 1762/4704/3402 1751/4705/3402
f 1739/4700/3403 1778/3998/3403 1761/4706/3403
f 1762/4707/3404 1756/4659/3404 1770/4674/3404
f 1761/4682/3405 1775/4708/3405 1783/4699/3405
f 1770/4709/3406 1774/4710/3406 1762/4711/3406
f 1766/4712/3407 1782/4713/3407 1771/4714/3407
f 1774/4715/3408 1770/4674/3408 1785/4716/3408
f 1760/2708/3409 1773/4717/3409 1785/4716/3409
f 1760/2708/3410 1785/4716/3410 1770/4674/3410
f 1768/4718/3411 999/2660/3411 1748/4719/3411
f 1522/2653/3412 1776/4720/3412 1609/4721/3412
f 1761/4682/3413 1778/4722/3413 1780/4723/3413
f 1613/4263/3414 1482/3936/3414 1617/3876/3414
f 1760/2708/3415 1043/2701/3415 1773/4717/3415
f 1767/4724/3416 998/2661/3416 1768/4718/3416
f 1745/4657/3417 1772/4725/3417 1786/4726/3417
f 1165/4727/3418 1741/4728/3418 1008/2627/3418
f 1741/4729/3419 1769/4588/3419 1005/2986/3419
f 1780/4730/3420 1786/3963/3420 1772/4731/3420
f 1780/4723/3421 1772/4732/3421 1775/4708/3421
f 1741/4728/3422 1165/4727/3422 1769/4733/3422
f 1779/4734/3423 1772/4735/3423 1745/4736/3423
f 1741/4728/3424 1007/4737/3424 1008/2627/3424
f 1596/4236/3425 1001/4237/3425 1007/4248/3425
f 1772/4732/3426 995/4738/3426 1775/4708/3426
f 1000/2637/3427 1742/2639/3427 1763/2965/3427
f 1783/4699/3428 1775/4708/3428 995/4738/3428
f 1741/4729/3429 1005/2986/3429 1007/4248/3429
f 1008/2627/3430 1612/2647/3430 1165/4727/3430
f 1737/4675/3431 1091/2803/3431 1097/4739/3431
f 1165/2972/3432 1612/4740/3432 1602/4693/3432
f 1761/4682/3433 1780/4723/3433 1775/4708/3433
f 1001/2625/3434 1008/2627/3434 1007/4737/3434
f 1764/4677/3435 1774/4679/3435 1784/3989/3435
f 1783/4699/3436 1759/4680/3436 1761/4682/3436
f 1738/4646/3437 1781/4741/3437 1779/4639/3437
f 1779/4639/3438 1781/4741/3438 995/4742/3438
f 995/4738/3439 1772/4732/3439 1779/4743/3439
f 1785/3994/3440 1773/4744/3440 1541/3995/3440
f 1542/4012/3441 1541/3995/3441 1773/4744/3441
f 1022/2658/3442 1015/2657/3442 1017/4745/3442
f 1774/4679/3443 1785/4746/3443 1534/4747/3443
f 1780/4730/3444 1778/3998/3444 1020/3944/3444
f 1780/4730/3445 1020/3944/3445 1786/3963/3445
f 1782/4713/3446 1783/4748/3446 997/4749/3446
f 1782/4713/3447 1766/4712/3447 1783/4748/3447
f 1765/4661/3448 1771/4701/3448 1523/4750/3448
f 1781/4751/3449 1743/4752/3449 996/4753/3449
f 1782/4754/3450 1524/3973/3450 1771/4701/3450
f 1783/4755/3451 1010/4756/3451 1787/4757/3451
f 1518/3993/3452 1771/4701/3452 1524/3973/3452
f 1784/4758/3453 1782/4759/3453 997/4760/3453
f 1592/4761/3454 1595/4762/3454 1745/4763/3454
f 1524/4764/3455 1782/4765/3455 1536/4766/3455
f 1774/4679/3456 1534/4747/3456 1784/3989/3456
f 997/4749/3457 1783/4748/3457 1787/2632/3457
f 1000/2637/3458 1763/2965/3458 1769/2964/3458
f 997/4749/3459 1787/2632/3459 1536/2631/3459
f 1773/4744/3460 1043/4767/3460 1542/4012/3460
f 1784/3989/3461 1534/4747/3461 1536/4768/3461
f 995/4769/3462 1010/4770/3462 1783/4771/3462
f 1745/4763/3463 1595/4762/3463 1752/4772/3463
f 1609/4721/3464 1789/2654/3464 1522/2653/3464
f 996/3981/3465 1743/4773/3465 1784/3989/3465
f 1610/4666/3466 1789/2654/3466 1609/4721/3466
f 1789/2654/3467 1610/4666/3467 999/4665/3467
f 1784/3989/3468 1743/4773/3468 1764/4677/3468
f 1768/4718/3469 998/2661/3469 999/2660/3469
f 997/4774/3470 1536/4775/3470 1525/4776/3470
f 997/4777/3471 1525/4778/3471 1784/4779/3471
f 1522/2653/3472 1611/4264/3472 1776/4720/3472
f 1522/2653/3473 1482/3936/3473 1611/4264/3473
f 996/3981/3474 1784/3989/3474 1529/3982/3474
f 999/4780/3475 1002/4781/3475 1789/4782/3475
f 1784/4783/3476 1536/4766/3476 1782/4765/3476
f 1788/4784/3477 1781/4751/3477 996/4753/3477
f 1536/4785/3478 1010/4049/3478 1528/3975/3478
f 1745/4786/3479 1786/3963/3479 1592/4116/3479
f 995/4787/3480 1006/3978/3480 1010/3977/3480
f 1095/4788/3481 1113/4789/3481 1790/4790/3481
f 1115/2856/3482 1113/4791/3482 1119/2897/3482
f 1092/4792/3483 1095/4788/3483 1790/4790/3483
f 1092/2821/3484 1791/4793/3484 1730/4794/3484
f 1094/2858/3485 1113/4791/3485 1115/2856/3485
f 1790/4790/3486 1113/4789/3486 1094/4795/3486
f 1791/4796/3487 1092/4797/3487 1615/4798/3487
f 1777/4799/3488 1730/4800/3488 1615/4801/3488
f 1092/4792/3489 1790/4790/3489 1094/4795/3489
f 1726/2822/3490 1607/2923/3490 1095/2820/3490
f 1097/4739/3491 1091/2803/3491 1096/2805/3491
f 1730/4565/3492 1727/2855/3492 1726/2808/3492
f 1726/2822/3493 1092/2821/3493 1730/4794/3493
f 1791/4802/3494 1615/4803/3494 1730/4804/3494
f 186/4805/3495 187/4204/3495 1584/4203/3495
f 242/4806/3496 1580/4165/3496 241/4167/3496
f 1587/4807/3497 994/2619/3497 336/11/3497
f 241/3/3498 1579/4157/3498 179/56/3498
l 1672 1663
