# Blender 3.6.0
# www.blender.org
mtllib cutout.mtl
o Mesh_Cutout_Bendy_#704583
v 1.438405 4.959327 0.456836
v 1.456848 4.717957 0.456836
v 1.415455 4.378644 0.456836
v 1.386959 5.185948 0.456835
v 1.310409 4.072419 0.456837
v 1.293792 5.393995 0.456835
v 1.146556 3.806252 0.456837
v 1.168745 5.581258 0.456835
v 1.008898 5.758192 0.456835
v 0.920715 3.593461 0.456837
v 0.799734 5.906689 0.456834
v 0.661815 3.421948 0.456837
v 0.544714 6.030873 0.456834
v 0.350619 3.317745 0.456837
v 0.531823 5.883020 0.456834
v 0.350619 3.317745 0.456837
v 0.479779 5.767076 0.456834
v 0.531823 5.883020 0.456834
v 0.404704 5.683719 0.456834
v 0.306550 5.623248 0.456835
v 0.000000 3.281462 0.456837
v 0.202958 5.586500 0.456835
v 0.098056 5.566567 0.456835
v -0.096725 5.560884 0.456835
v -0.322307 3.326763 0.456837
v -0.199364 5.573297 0.456835
v -0.414716 5.658730 0.456834
v -0.613980 3.435692 0.456837
v -0.487166 5.731088 0.456834
v -0.560403 5.853871 0.456834
v -0.602371 5.992552 0.456834
v -0.822976 5.868384 0.456834
v -0.880733 3.597058 0.456837
v -1.010320 5.725778 0.456834
v -1.101411 3.819521 0.456836
v -1.166537 5.562828 0.456834
v -1.272771 4.086242 0.456836
v -1.289452 5.380054 0.456835
v -1.387094 4.388596 0.456836
v -1.376894 5.177972 0.456835
v -1.426687 4.957101 0.456835
v -1.426138 4.717957 0.456835
v 0.738606 2.180246 0.456839
v 0.749840 2.055633 0.456839
v 0.710172 1.739823 0.456840
v -0.008908 3.271872 0.456838
v 0.706146 2.393339 0.456839
v -0.028229 1.157602 0.456841
v 0.613909 1.512059 0.456840
v 0.694715 2.797897 0.456839
v 0.781401 2.189911 0.456839
v 0.829490 1.875282 0.456840
v 0.838422 2.676937 0.456839
v 0.832648 1.723187 0.456840
v 1.056852 2.355904 0.456839
v 0.787202 1.081085 0.456841
v 0.801587 1.705120 0.456840
v 1.145357 2.154074 0.456839
v 0.770898 1.674031 0.456840
v 0.706125 0.752912 0.456841
v 1.236155 1.761020 0.456840
v 1.284647 1.763508 0.456840
v 0.755037 0.996982 0.456841
v 0.685835 0.991560 0.456841
v 0.771893 1.152723 0.456841
v 1.330719 1.570455 0.456840
v 1.423925 1.468973 0.456840
v 1.332933 1.735097 0.456840
v 1.342955 1.668124 0.456840
v 0.754398 1.074017 0.456841
v 1.503119 1.323318 0.456840
v 0.760432 1.587918 0.456840
v 0.756693 1.631532 0.456840
v 0.686813 1.562531 0.456840
v 0.704380 1.022957 0.456841
v 0.627495 1.009417 0.456841
v 0.562331 1.045865 0.456841
v 0.483119 1.358294 0.456840
v 0.509318 1.134257 0.456841
v 0.482472 1.259324 0.456840
v 0.399562 1.285918 0.456840
v 1.492047 1.029000 0.456841
v 1.524057 1.172805 0.456841
v 1.424173 0.918735 0.456841
v 1.345628 0.827797 0.456841
v 1.313286 0.725327 0.456841
v 1.256542 0.640944 0.456841
v 1.193624 0.593069 0.456841
v 1.121692 0.578425 0.456841
v 0.008046 1.160218 0.456841
v 0.341802 0.704069 0.456841
v 0.971938 0.638861 0.456841
v 1.036579 0.599799 0.456841
v 0.932998 0.595699 0.456841
v 0.853861 0.569062 0.456841
v 0.219662 0.140882 0.456842
v 0.391266 0.699992 0.456841
v 0.415105 0.668544 0.456841
v 0.418848 0.600121 0.456841
v 0.100213 0.146832 0.456842
v 0.040421 0.158602 0.456842
v 0.020108 0.704196 0.456841
v -0.001561 0.186424 0.456842
v -0.015457 0.689240 0.456841
v -0.016451 0.259133 0.456841
v -0.027845 0.669397 0.456841
v -0.026297 0.386415 0.456841
v -0.041960 0.183621 0.456842
v -0.043207 0.688810 0.456841
v -0.096473 0.165758 0.456842
v -0.071078 0.695499 0.456841
v 0.314848 0.035934 0.456842
v 0.240160 0.073770 0.456842
v 0.450758 0.005904 0.456842
v 0.496933 0.631121 0.456841
v 0.630116 0.648078 0.456841
v -0.575377 1.696043 0.456840
v -0.067978 1.160218 0.456841
v -0.466813 1.313648 0.456840
v -0.285659 0.134604 0.456842
v -0.070992 3.274384 0.456838
v -0.147060 3.267577 0.456838
v -0.190408 3.252554 0.456838
v -0.227645 3.220602 0.456838
v -0.328086 3.227880 0.456838
v -0.466502 3.218012 0.456838
v -0.585444 3.175132 0.456838
v -0.646148 1.511236 0.456840
v -0.703045 3.098015 0.456838
v -0.390686 0.713090 0.456841
v -0.323665 0.079896 0.456842
v -0.523686 1.357632 0.456840
v -0.393425 0.042006 0.456842
v -0.458571 0.699584 0.456841
v -0.465121 0.606512 0.456841
v -0.837977 0.017046 0.456842
v -0.553090 0.640347 0.456841
v -0.663051 0.660647 0.456841
v -0.667111 0.968491 0.456841
v -0.627045 0.913974 0.456841
v -0.617287 0.745643 0.456841
v -0.611603 0.834302 0.456841
v -0.730109 0.994146 0.456841
v -0.801218 0.996809 0.456841
v -0.823193 1.058775 0.456841
v -0.824608 1.128685 0.456841
v -0.843933 1.712442 0.456840
v -0.817077 1.682081 0.456840
v -0.802859 1.644928 0.456840
v -0.800569 1.595012 0.456840
v -0.795105 1.058973 0.456841
v -0.746976 1.022285 0.456841
v -0.729929 1.568733 0.456840
v -0.658131 1.009860 0.456841
v -0.604831 1.042734 0.456841
v -0.554516 1.135116 0.456841
v -0.516589 1.264051 0.456840
v -0.918806 0.579749 0.456841
v -0.958180 0.034628 0.456842
v -0.878111 1.721266 0.456840
v -0.980408 0.520240 0.456841
v -1.046523 0.083354 0.456842
v -1.020306 0.443134 0.456841
v -1.053775 0.342133 0.456841
v -1.069074 0.200582 0.456842
v -1.183941 2.148572 0.456839
v -0.985590 0.605001 0.456841
v -1.007582 0.652861 0.456841
v -1.089268 0.606018 0.456841
v -1.162269 0.587714 0.456841
v -0.856919 2.035941 0.456839
v -1.241054 0.603141 0.456841
v -1.270970 1.764864 0.456840
v -1.306181 0.648503 0.456841
v -1.332579 1.761998 0.456840
v -1.347473 0.713220 0.456841
v -1.374766 1.592764 0.456840
v -1.380170 1.732732 0.456840
v -1.389347 1.672711 0.456840
v -1.378221 0.824575 0.456841
v -1.484239 1.463979 0.456840
v -1.457491 0.918266 0.456841
v -1.525361 1.037316 0.456841
v -1.551863 1.324009 0.456840
v -1.562763 1.174234 0.456841
v -1.100940 2.350568 0.456839
v -0.988966 2.535785 0.456839
v -0.881043 2.670000 0.456839
v -0.831343 2.188823 0.456839
v -0.742822 2.442094 0.456839
v -0.716307 2.814763 0.456839
v -0.730541 1.706439 0.456840
v -0.765959 1.876373 0.456840
v -0.777108 2.177967 0.456839
v -0.789676 3.015986 0.456838
v -0.789236 2.892379 0.456839
v -0.814820 2.965814 0.456838
v 0.768526 3.028136 0.456838
v 0.801965 2.957262 0.456838
v 0.753080 2.872956 0.456839
v 0.675105 3.116882 0.456838
v 0.228446 3.209057 0.456838
v 0.554946 3.179992 0.456838
v 0.437628 3.217197 0.456838
v 0.314626 3.220499 0.456838
v 0.189852 3.246530 0.456838
v 0.135116 3.267577 0.456838
v 0.578724 0.733699 0.456841
v 0.572083 0.834431 0.456841
v 0.583066 0.902045 0.456841
v 0.627498 0.968704 0.456841
v 0.823476 0.002390 0.456842
v 0.915406 0.511403 0.456841
v 0.953096 0.028908 0.456842
v 0.958798 0.436174 0.456841
v 0.992275 0.332510 0.456841
v 1.012210 0.084388 0.456842
v 1.016480 0.200582 0.456842
v -0.026297 0.386415 0.456841
v -0.026297 0.386415 0.283404
v -0.041960 0.183621 0.283404
v -0.041960 0.183621 0.456842
v 0.801587 1.705120 0.283402
v 0.770898 1.674031 0.283402
v 0.756693 1.631532 0.283402
v 0.832648 1.723187 0.283402
v 1.203211 1.943393 0.283402
v 1.145357 2.154074 0.283402
v 1.056852 2.355904 0.283402
v 0.838422 2.676937 0.283401
v 0.829490 1.875281 0.283402
v 0.694715 2.797897 0.283401
v 0.781401 2.189911 0.283402
v 0.706146 2.393339 0.283401
v 0.613909 1.512059 0.283403
v 0.710172 1.739823 0.283402
v 0.749840 2.055633 0.283402
v 1.193624 0.593069 0.283404
v 1.236155 1.761020 0.283402
v 1.256542 0.640944 0.283404
v 1.121692 0.578425 0.283404
v 1.284647 1.763508 0.283402
v 1.036579 0.599799 0.283404
v 0.971938 0.638861 0.283404
v 0.932998 0.595699 0.283404
v 0.853861 0.569062 0.283404
v 0.760432 1.587918 0.283402
v 1.313286 0.725327 0.283404
v 1.330719 1.570455 0.283403
v 1.332933 1.735097 0.283402
v 1.342955 1.668124 0.283402
v 1.345628 0.827797 0.283403
v 1.423925 1.468973 0.283403
v 1.424173 0.918735 0.283403
v 1.492047 1.029000 0.283403
v 1.503119 1.323317 0.283403
v 1.524057 1.172805 0.283403
v 0.915406 0.511403 0.283404
v 0.823476 0.002389 0.283404
v 0.953096 0.028908 0.283404
v 0.958798 0.436173 0.283404
v 0.992275 0.332510 0.283404
v 1.012210 0.084388 0.283404
v 1.016480 0.200582 0.283404
v 0.787202 1.081085 0.283403
v 0.760432 1.587918 0.283402
v 0.450758 0.005904 0.283404
v 0.771893 1.152723 0.283403
v 0.754398 1.074017 0.283403
v 0.686813 1.562530 0.283402
v 0.704380 1.022957 0.283403
v 0.627495 1.009417 0.283403
v 0.755037 0.996981 0.283403
v 0.562331 1.045865 0.283403
v 0.630116 0.648078 0.283404
v 0.685835 0.991560 0.283403
v 0.627498 0.968704 0.283403
v 0.496933 0.631121 0.283404
v 0.578724 0.733699 0.283404
v 0.583066 0.902045 0.283403
v 0.572083 0.834431 0.283404
v 0.418848 0.600121 0.283404
v 0.314848 0.035934 0.283404
v 0.415105 0.668544 0.283404
v 0.391266 0.699991 0.283404
v 0.341802 0.704069 0.283404
v 0.020108 0.704195 0.283404
v 0.219662 0.140882 0.283404
v 0.240160 0.073770 0.283404
v 0.100213 0.146832 0.283404
v 0.040421 0.158602 0.283404
v -0.001561 0.186424 0.283404
v -0.015457 0.689239 0.283404
v -0.016451 0.259133 0.283404
v -0.027845 0.669397 0.283404
v -0.026297 0.386415 0.283404
v -0.041960 0.183621 0.283404
v -0.043207 0.688810 0.283404
v -0.096473 0.165758 0.283404
v -0.071078 0.695499 0.283404
v -0.147060 3.267577 0.283401
v -0.285659 0.134604 0.283404
v -0.070992 3.274384 0.283401
v -0.190408 3.252554 0.283401
v -0.227645 3.220602 0.283401
v -0.067978 1.160218 0.283403
v -0.028229 1.157602 0.283403
v 0.008046 1.160218 0.283403
v 0.135116 3.267577 0.283401
v -0.328086 3.227880 0.283401
v -0.323665 0.079896 0.283404
v 0.189852 3.246530 0.283401
v 0.228446 3.209057 0.283401
v 0.314626 3.220499 0.283401
v 0.399562 1.285918 0.283403
v 0.437628 3.217197 0.283401
v 0.483119 1.358294 0.283403
v -0.393425 0.042006 0.283404
v 0.554946 3.179992 0.283401
v -0.390686 0.713090 0.283404
v -0.466502 3.218012 0.283401
v -0.458571 0.699584 0.283404
v -0.465121 0.606512 0.283404
v -0.837977 0.017046 0.283404
v -0.553090 0.640347 0.283404
v -0.663051 0.660647 0.283404
v -0.667111 0.968491 0.283403
v -0.466813 1.313648 0.283403
v -0.585444 3.175132 0.283401
v -0.627045 0.913974 0.283403
v -0.617287 0.745643 0.283404
v -0.611603 0.834302 0.283404
v -0.730109 0.994146 0.283403
v -0.801218 0.996809 0.283403
v -0.823193 1.058775 0.283403
v -0.824608 1.128685 0.283403
v -0.716307 2.814763 0.283401
v -0.703045 3.098015 0.283401
v -0.789676 3.015986 0.283401
v -0.789236 2.892379 0.283401
v -0.814820 2.965814 0.283401
v -0.792058 2.746028 0.283401
v -0.523686 1.357632 0.283403
v -0.843933 1.712442 0.283402
v -0.817077 1.682081 0.283402
v -0.802859 1.644928 0.283402
v -0.800569 1.595012 0.283402
v -0.795105 1.058973 0.283403
v -0.746976 1.022285 0.283403
v -0.729929 1.568733 0.283402
v -0.658131 1.009860 0.283403
v -0.646148 1.511236 0.283403
v -0.604831 1.042734 0.283403
v -0.554516 1.135116 0.283403
v -0.516589 1.264050 0.283403
v -0.918806 0.579749 0.283404
v -0.878111 1.721266 0.283402
v -0.958180 0.034628 0.283404
v -0.742822 2.442094 0.283401
v -0.730541 1.706439 0.283402
v -0.765959 1.876373 0.283402
v -0.777108 2.177967 0.283402
v -1.100940 2.350568 0.283402
v -0.881043 2.670000 0.283401
v -0.988966 2.535785 0.283401
v -0.831343 2.188823 0.283402
v -0.980408 0.520239 0.283404
v -0.985590 0.605001 0.283404
v -1.046523 0.083354 0.283404
v -1.020306 0.443134 0.283404
v -1.053775 0.342132 0.283404
v -1.069074 0.200582 0.283404
v -1.007582 0.652861 0.283404
v -1.089268 0.606018 0.283404
v -1.162269 0.587714 0.283404
v -1.183941 2.148572 0.283402
v -1.241054 0.603140 0.283404
v -1.270970 1.764864 0.283402
v -1.306181 0.648503 0.283404
v -1.332579 1.761998 0.283402
v -1.347473 0.713220 0.283404
v -1.374766 1.592764 0.283403
v -1.380170 1.732732 0.283402
v -1.389347 1.672711 0.283402
v -1.378221 0.824575 0.283403
v -1.484239 1.463979 0.283403
v -1.457491 0.918266 0.283403
v -1.525361 1.037316 0.283403
v -1.551863 1.324009 0.283403
v -1.562763 1.174234 0.283403
v 0.753080 2.872956 0.283401
v 0.801965 2.957262 0.283401
v 0.768526 3.028136 0.283401
v 0.675105 3.116882 0.283401
v 0.509318 1.134257 0.283403
v 0.482472 1.259324 0.283403
v -0.390686 0.713090 0.456841
v -0.390686 0.713090 0.283404
v -0.466813 1.313648 0.283403
v -0.466813 1.313648 0.456840
v 1.415455 4.378644 0.283399
v 1.456848 4.717957 0.283399
v 1.438405 4.959327 0.283398
v 1.386959 5.185948 0.283398
v 1.310409 4.072419 0.283399
v 1.293792 5.393995 0.283398
v 1.146556 3.806252 0.283399
v 1.168745 5.581258 0.283397
v 1.008898 5.758192 0.283397
v 0.920715 3.593461 0.283400
v 0.799734 5.906689 0.283397
v 0.661815 3.421948 0.283400
v 0.544714 6.030873 0.283397
v 0.350619 3.317745 0.283400
v 0.531823 5.883020 0.283397
v 0.531823 5.883020 0.283397
v 0.479779 5.767076 0.283397
v 0.350619 3.317745 0.283400
v 0.404704 5.683719 0.283397
v 0.306550 5.623248 0.283397
v 0.000000 3.281462 0.283400
v 0.202958 5.586500 0.283397
v 0.098056 5.566567 0.283397
v -0.096725 5.560884 0.283397
v -0.322307 3.326763 0.283400
v -0.199364 5.573297 0.283397
v -0.414716 5.658730 0.283397
v -0.613980 3.435692 0.283399
v -0.487166 5.731088 0.283397
v -0.560403 5.853871 0.283397
v -0.602371 5.992552 0.283397
v -0.822976 5.868384 0.283397
v -0.880733 3.597058 0.283399
v -1.010320 5.725778 0.283397
v -1.101411 3.819521 0.283399
v -1.166537 5.562828 0.283397
v -1.272771 4.086242 0.283399
v -1.289452 5.380054 0.283397
v -1.387094 4.388596 0.283398
v -1.376894 5.177972 0.283397
v -1.426687 4.957101 0.283398
v -1.426138 4.717957 0.283398
v 0.531823 5.883020 0.456834
v 0.544714 6.030873 0.283397
v 0.544714 6.030873 0.456834
v 0.531823 5.883020 0.283397
v 0.479779 5.767076 0.456834
v 0.479779 5.767076 0.283397
v 0.404704 5.683719 0.456834
v 0.404704 5.683719 0.283397
v 0.306550 5.623248 0.456835
v 0.306550 5.623248 0.283397
v 0.202958 5.586500 0.456835
v 0.202958 5.586500 0.283397
v 0.098056 5.566567 0.456835
v 0.098056 5.566567 0.283397
v 0.544714 6.030873 0.456834
v 0.544714 6.030873 0.283397
v 0.799734 5.906689 0.283397
v 0.799734 5.906689 0.456834
v 1.008898 5.758192 0.283397
v 1.008898 5.758192 0.456835
v 1.168745 5.581258 0.283397
v 1.168745 5.581258 0.456835
v 1.293792 5.393995 0.283398
v 1.293792 5.393995 0.456835
v 1.386959 5.185948 0.283398
v 1.386959 5.185948 0.456835
v -0.199364 5.573297 0.456835
v -0.096725 5.560884 0.283397
v -0.096725 5.560884 0.456835
v -0.199364 5.573297 0.283397
v -0.414716 5.658730 0.456834
v -0.414716 5.658730 0.283397
v -0.487166 5.731088 0.456834
v -0.487166 5.731088 0.283397
v -0.560403 5.853871 0.456834
v -0.560403 5.853871 0.283397
v -0.602371 5.992552 0.456834
v -0.602371 5.992552 0.283397
v -0.822976 5.868384 0.456834
v -0.602371 5.992552 0.283397
v -0.602371 5.992552 0.456834
v -0.822976 5.868384 0.283397
v -1.010320 5.725778 0.456834
v -1.010320 5.725778 0.283397
v -1.166537 5.562828 0.456834
v -1.166537 5.562828 0.283397
v -1.289452 5.380054 0.456835
v -1.289452 5.380054 0.283397
v -1.376894 5.177972 0.456835
v -1.376894 5.177972 0.283397
v -1.426687 4.957101 0.456835
v -1.426687 4.957101 0.283398
v -1.426138 4.717957 0.456835
v -1.426138 4.717957 0.283398
v -1.387094 4.388596 0.456836
v -1.426138 4.717957 0.283398
v -1.426138 4.717957 0.456835
v -1.387094 4.388596 0.283398
v -1.272771 4.086242 0.456836
v -1.272771 4.086242 0.283399
v -1.101411 3.819521 0.456836
v -1.101411 3.819521 0.283399
v -0.880733 3.597058 0.456837
v -0.880733 3.597058 0.283399
v -0.613980 3.435692 0.456837
v -0.613980 3.435692 0.283399
v -0.322307 3.326763 0.456837
v -0.322307 3.326763 0.283400
v 0.000000 3.281462 0.456837
v 0.000000 3.281462 0.283400
v 0.350619 3.317745 0.456837
v 0.350619 3.317745 0.283400
v 0.000000 3.281462 0.283400
v 0.000000 3.281462 0.456837
v 0.661815 3.421948 0.456837
v 0.350619 3.317745 0.283400
v 0.350619 3.317745 0.456837
v 0.661815 3.421948 0.283400
v 0.920715 3.593461 0.456837
v 0.920715 3.593461 0.283400
v 1.146556 3.806252 0.456837
v 1.146556 3.806252 0.283399
v 1.310409 4.072419 0.456837
v 1.310409 4.072419 0.283399
v 1.415455 4.378644 0.456836
v 1.415455 4.378644 0.283399
v 1.456848 4.717957 0.456836
v 1.456848 4.717957 0.283399
v 1.438405 4.959327 0.456836
v 1.438405 4.959327 0.283398
v 1.386959 5.185948 0.456835
v 1.386959 5.185948 0.283398
v -0.043207 0.688810 0.456841
v -0.027845 0.669397 0.283404
v -0.027845 0.669397 0.456841
v -0.043207 0.688810 0.283404
v -0.071078 0.695499 0.456841
v -0.071078 0.695499 0.283404
v 0.020108 0.704196 0.456841
v 0.020108 0.704195 0.283404
v 0.008046 1.160218 0.283403
v 0.008046 1.160218 0.456841
v -0.878111 1.721266 0.456840
v -0.878111 1.721266 0.283402
v -0.843933 1.712442 0.283402
v -0.843933 1.712442 0.456840
v -0.817077 1.682081 0.283402
v -0.817077 1.682081 0.456840
v -0.802859 1.644928 0.283402
v -0.802859 1.644928 0.456840
v -0.800569 1.595012 0.283402
v -0.800569 1.595012 0.456840
v -0.729929 1.568733 0.456840
v -0.646148 1.511236 0.283403
v -0.646148 1.511236 0.456840
v -0.729929 1.568733 0.283402
v -0.800569 1.595012 0.456840
v -0.800569 1.595012 0.283402
v -0.553090 0.640347 0.456841
v -0.465121 0.606512 0.283404
v -0.465121 0.606512 0.456841
v -0.553090 0.640347 0.283404
v -0.663051 0.660647 0.456841
v -0.663051 0.660647 0.283404
v 0.781401 2.189911 0.456839
v 0.706146 2.393339 0.283401
v 0.706146 2.393339 0.456839
v 0.781401 2.189911 0.283402
v 0.829490 1.875282 0.456840
v 0.829490 1.875281 0.283402
v 0.832648 1.723187 0.456840
v 0.832648 1.723187 0.283402
v -0.824608 1.128685 0.456841
v -0.824608 1.128685 0.283403
v -0.823193 1.058775 0.283403
v -0.823193 1.058775 0.456841
v -0.801218 0.996809 0.283403
v -0.801218 0.996809 0.456841
v -0.617287 0.745643 0.456841
v -0.663051 0.660647 0.283404
v -0.663051 0.660647 0.456841
v -0.617287 0.745643 0.283404
v -0.611603 0.834302 0.456841
v -0.611603 0.834302 0.283404
v -0.627045 0.913974 0.456841
v -0.627045 0.913974 0.283403
v -0.667111 0.968491 0.456841
v -0.667111 0.968491 0.283403
v -0.604831 1.042734 0.456841
v -0.658131 1.009860 0.283403
v -0.658131 1.009860 0.456841
v -0.604831 1.042734 0.283403
v -0.554516 1.135116 0.456841
v -0.554516 1.135116 0.283403
v -0.516589 1.264051 0.456840
v -0.516589 1.264050 0.283403
v -0.523686 1.357632 0.456840
v -0.523686 1.357632 0.283403
v -1.380170 1.732732 0.456840
v -1.380170 1.732732 0.283402
v -1.332579 1.761998 0.283402
v -1.332579 1.761998 0.456840
v -1.270970 1.764864 0.283402
v -1.270970 1.764864 0.456840
v -1.389347 1.672711 0.456840
v -1.380170 1.732732 0.283402
v -1.380170 1.732732 0.456840
v -1.389347 1.672711 0.283402
v -1.374766 1.592764 0.456840
v -1.374766 1.592764 0.283403
v -1.525361 1.037316 0.456841
v -1.562763 1.174234 0.283403
v -1.562763 1.174234 0.456841
v -1.525361 1.037316 0.283403
v -1.457491 0.918266 0.456841
v -1.457491 0.918266 0.283403
v -1.378221 0.824575 0.456841
v -1.378221 0.824575 0.283403
v -1.347473 0.713220 0.456841
v -1.347473 0.713220 0.283404
v -1.306181 0.648503 0.456841
v -1.306181 0.648503 0.283404
v -1.241054 0.603141 0.456841
v -1.241054 0.603140 0.283404
v -0.730109 0.994146 0.456841
v -0.667111 0.968491 0.283403
v -0.667111 0.968491 0.456841
v -0.730109 0.994146 0.283403
v -0.801218 0.996809 0.456841
v -0.801218 0.996809 0.283403
v -1.484239 1.463979 0.456840
v -1.374766 1.592764 0.283403
v -1.374766 1.592764 0.456840
v -1.484239 1.463979 0.283403
v -1.551863 1.324009 0.456840
v -1.551863 1.324009 0.283403
v -1.562763 1.174234 0.456841
v -1.562763 1.174234 0.283403
v -1.046523 0.083354 0.456842
v -1.046523 0.083354 0.283404
v -1.069074 0.200582 0.283404
v -1.069074 0.200582 0.456842
v -1.053775 0.342132 0.283404
v -1.053775 0.342133 0.456841
v -1.020306 0.443134 0.283404
v -1.020306 0.443134 0.456841
v -0.980408 0.520239 0.283404
v -0.980408 0.520240 0.456841
v -0.918806 0.579749 0.283404
v -0.918806 0.579749 0.456841
v -0.958180 0.034628 0.456842
v -1.046523 0.083354 0.283404
v -1.046523 0.083354 0.456842
v -0.958180 0.034628 0.283404
v -0.837977 0.017046 0.456842
v -0.837977 0.017046 0.283404
v -0.393425 0.042006 0.456842
v -0.393425 0.042006 0.283404
v -0.323665 0.079896 0.456842
v -0.323665 0.079896 0.283404
v -0.285659 0.134604 0.456842
v -0.285659 0.134604 0.283404
v -0.777108 2.177967 0.456839
v -0.742822 2.442094 0.283401
v -0.742822 2.442094 0.456839
v -0.777108 2.177967 0.283402
v -0.765959 1.876373 0.456840
v -0.765959 1.876373 0.283402
v -0.730541 1.706439 0.456840
v -0.730541 1.706439 0.283402
v -0.646148 1.511236 0.456840
v -0.646148 1.511236 0.283403
v -1.007582 0.652861 0.456841
v -1.007582 0.652861 0.283404
v -1.089268 0.606018 0.283404
v -1.089268 0.606018 0.456841
v -1.162269 0.587714 0.283404
v -1.162269 0.587714 0.456841
v -1.241054 0.603140 0.283404
v -1.241054 0.603141 0.456841
v -0.041960 0.183621 0.456842
v -0.041960 0.183621 0.283404
v -0.096473 0.165758 0.283404
v -0.096473 0.165758 0.456842
v -0.285659 0.134604 0.283404
v -0.285659 0.134604 0.456842
v -0.458571 0.699584 0.456841
v -0.458571 0.699584 0.283404
v -0.390686 0.713090 0.283404
v -0.390686 0.713090 0.456841
v -0.742822 2.442094 0.456839
v -0.742822 2.442094 0.283401
v -0.831343 2.188823 0.283402
v -0.831343 2.188823 0.456839
v -0.856919 2.035941 0.456839
v -0.878111 1.721266 0.456840
v -0.878111 1.721266 0.283402
v -0.795105 1.058973 0.456841
v -0.824608 1.128685 0.283403
v -0.824608 1.128685 0.456841
v -0.795105 1.058973 0.283403
v -0.746976 1.022285 0.456841
v -0.746976 1.022285 0.283403
v -0.658131 1.009860 0.456841
v -0.658131 1.009860 0.283403
v -0.985590 0.605001 0.456841
v -1.007582 0.652861 0.283404
v -1.007582 0.652861 0.456841
v -0.985590 0.605001 0.283404
v -0.918806 0.579749 0.456841
v -0.918806 0.579749 0.283404
v -0.466813 1.313648 0.456840
v -0.466813 1.313648 0.283403
v -0.523686 1.357632 0.283403
v -0.523686 1.357632 0.456840
v -0.028229 1.157602 0.456841
v -0.067978 1.160218 0.283403
v -0.067978 1.160218 0.456841
v -0.028229 1.157602 0.283403
v 0.008046 1.160218 0.456841
v 0.008046 1.160218 0.283403
v -0.147060 3.267577 0.456838
v -0.070992 3.274384 0.283401
v -0.070992 3.274384 0.456838
v -0.147060 3.267577 0.283401
v -0.190408 3.252554 0.456838
v -0.190408 3.252554 0.283401
v -0.227645 3.220602 0.456838
v -0.227645 3.220602 0.283401
v -0.328086 3.227880 0.456838
v -0.328086 3.227880 0.283401
v -0.466502 3.218012 0.456838
v -0.466502 3.218012 0.283401
v -0.585444 3.175132 0.456838
v -0.585444 3.175132 0.283401
v -0.703045 3.098015 0.456838
v -0.703045 3.098015 0.283401
v -0.789676 3.015986 0.456838
v -0.789676 3.015986 0.283401
v -0.814820 2.965814 0.456838
v -0.814820 2.965814 0.283401
v -0.716307 2.814763 0.456839
v -0.716307 2.814763 0.283401
v -0.789236 2.892379 0.283401
v -0.789236 2.892379 0.456839
v -0.814820 2.965814 0.283401
v -0.814820 2.965814 0.456838
v 1.203211 1.943393 0.283402
v 1.236155 1.761020 0.283402
v 1.236155 1.761020 0.456840
v 1.145357 2.154074 0.456839
v 1.145357 2.154074 0.283402
v 1.056852 2.355904 0.456839
v 1.056852 2.355904 0.283402
v 0.838422 2.676937 0.456839
v 0.838422 2.676937 0.283401
v 0.694715 2.797897 0.456839
v 0.694715 2.797897 0.283401
v -0.465121 0.606512 0.456841
v -0.465121 0.606512 0.283404
v -0.458571 0.699584 0.283404
v -0.458571 0.699584 0.456841
v -0.067978 1.160218 0.456841
v -0.067978 1.160218 0.283403
v -0.071078 0.695499 0.283404
v -0.071078 0.695499 0.456841
v -0.792058 2.746028 0.283401
v -0.716307 2.814763 0.283401
v -0.716307 2.814763 0.456839
v -0.881043 2.670000 0.283401
v -0.881043 2.670000 0.456839
v -0.988966 2.535785 0.456839
v -0.988966 2.535785 0.283401
v -1.100940 2.350568 0.456839
v -1.100940 2.350568 0.283402
v -1.183941 2.148572 0.456839
v -1.183941 2.148572 0.283402
v -1.270970 1.764864 0.456840
v -1.270970 1.764864 0.283402
v -0.015457 0.689240 0.456841
v 0.020108 0.704195 0.283404
v 0.020108 0.704196 0.456841
v -0.015457 0.689239 0.283404
v -0.027845 0.669397 0.456841
v -0.027845 0.669397 0.283404
v 0.801587 1.705120 0.456840
v 0.832648 1.723187 0.283402
v 0.832648 1.723187 0.456840
v 0.801587 1.705120 0.283402
v 0.770898 1.674031 0.456840
v 0.770898 1.674031 0.283402
v 0.756693 1.631532 0.456840
v 0.756693 1.631532 0.283402
v 0.760432 1.587918 0.456840
v 0.760432 1.587918 0.283402
v 0.613909 1.512059 0.456840
v 0.613909 1.512059 0.283403
v 0.686813 1.562530 0.283402
v 0.686813 1.562531 0.456840
v 0.760432 1.587918 0.283402
v 0.760432 1.587918 0.456840
v 0.418848 0.600121 0.456841
v 0.418848 0.600121 0.283404
v 0.496933 0.631121 0.283404
v 0.496933 0.631121 0.456841
v 0.630116 0.648078 0.283404
v 0.630116 0.648078 0.456841
v 0.787202 1.081085 0.456841
v 0.771893 1.152723 0.283403
v 0.771893 1.152723 0.456841
v 0.787202 1.081085 0.283403
v 0.755037 0.996982 0.456841
v 0.755037 0.996981 0.283403
v 0.630116 0.648078 0.456841
v 0.630116 0.648078 0.283404
v 0.578724 0.733699 0.283404
v 0.578724 0.733699 0.456841
v 0.572083 0.834431 0.283404
v 0.572083 0.834431 0.456841
v 0.583066 0.902045 0.283403
v 0.583066 0.902045 0.456841
v 0.627498 0.968704 0.283403
v 0.627498 0.968704 0.456841
v 1.236155 1.761020 0.456840
v 1.236155 1.761020 0.283402
v 1.284647 1.763508 0.283402
v 1.284647 1.763508 0.456840
v 1.332933 1.735097 0.283402
v 1.332933 1.735097 0.456840
v 1.332933 1.735097 0.456840
v 1.332933 1.735097 0.283402
v 1.342955 1.668124 0.283402
v 1.342955 1.668124 0.456840
v 1.330719 1.570455 0.283403
v 1.330719 1.570455 0.456840
v 0.627498 0.968704 0.456841
v 0.627498 0.968704 0.283403
v 0.685835 0.991560 0.283403
v 0.685835 0.991560 0.456841
v 0.755037 0.996981 0.283403
v 0.755037 0.996982 0.456841
v 1.330719 1.570455 0.456840
v 1.330719 1.570455 0.283403
v 1.423925 1.468973 0.283403
v 1.423925 1.468973 0.456840
v 1.503119 1.323317 0.283403
v 1.503119 1.323318 0.456840
v 1.524057 1.172805 0.283403
v 1.524057 1.172805 0.456841
v 1.492047 1.029000 0.283403
v 1.492047 1.029000 0.456841
v 1.424173 0.918735 0.283403
v 1.424173 0.918735 0.456841
v 1.424173 0.918735 0.456841
v 1.424173 0.918735 0.283403
v 1.345628 0.827797 0.283403
v 1.345628 0.827797 0.456841
v 1.313286 0.725327 0.283404
v 1.313286 0.725327 0.456841
v 1.256542 0.640944 0.283404
v 1.256542 0.640944 0.456841
v 1.193624 0.593069 0.283404
v 1.193624 0.593069 0.456841
v 1.121692 0.578425 0.283404
v 1.121692 0.578425 0.456841
v 1.036579 0.599799 0.283404
v 1.036579 0.599799 0.456841
v 0.971938 0.638861 0.283404
v 0.971938 0.638861 0.456841
v 0.482472 1.259324 0.456840
v 0.483119 1.358294 0.283403
v 0.483119 1.358294 0.456840
v 0.482472 1.259324 0.283403
v 0.509318 1.134257 0.456841
v 0.509318 1.134257 0.283403
v 0.562331 1.045865 0.456841
v 0.562331 1.045865 0.283403
v 0.627495 1.009417 0.456841
v 0.627495 1.009417 0.283403
v 0.704380 1.022957 0.456841
v 0.704380 1.022957 0.283403
v -0.016451 0.259133 0.456841
v -0.026297 0.386415 0.283404
v -0.026297 0.386415 0.456841
v -0.016451 0.259133 0.283404
v -0.001561 0.186424 0.456842
v -0.001561 0.186424 0.283404
v 1.016480 0.200582 0.456842
v 1.012210 0.084388 0.283404
v 1.012210 0.084388 0.456842
v 1.016480 0.200582 0.283404
v 0.992275 0.332510 0.456841
v 0.992275 0.332510 0.283404
v 0.958798 0.436174 0.456841
v 0.958798 0.436173 0.283404
v 0.915406 0.511403 0.456841
v 0.915406 0.511403 0.283404
v 0.853861 0.569062 0.456841
v 0.853861 0.569062 0.283404
v 1.012210 0.084388 0.456842
v 1.012210 0.084388 0.283404
v 0.953096 0.028908 0.283404
v 0.953096 0.028908 0.456842
v 0.823476 0.002389 0.283404
v 0.823476 0.002390 0.456842
v 0.450758 0.005904 0.283404
v 0.450758 0.005904 0.456842
v 0.314848 0.035934 0.283404
v 0.314848 0.035934 0.456842
v 0.240160 0.073770 0.283404
v 0.240160 0.073770 0.456842
v 0.240160 0.073770 0.456842
v 0.240160 0.073770 0.283404
v 0.219662 0.140882 0.283404
v 0.219662 0.140882 0.456842
v 0.040421 0.158602 0.456842
v -0.001561 0.186424 0.283404
v -0.001561 0.186424 0.456842
v 0.040421 0.158602 0.283404
v 0.100213 0.146832 0.456842
v 0.100213 0.146832 0.283404
v 0.219662 0.140882 0.456842
v 0.219662 0.140882 0.283404
v 0.391266 0.699992 0.456841
v 0.391266 0.699991 0.283404
v 0.415105 0.668544 0.283404
v 0.415105 0.668544 0.456841
v 0.418848 0.600121 0.283404
v 0.418848 0.600121 0.456841
v 0.341802 0.704069 0.456841
v 0.341802 0.704069 0.283404
v 0.391266 0.699991 0.283404
v 0.391266 0.699992 0.456841
v 0.771893 1.152723 0.456841
v 0.771893 1.152723 0.283403
v 0.754398 1.074017 0.283403
v 0.754398 1.074017 0.456841
v 0.704380 1.022957 0.283403
v 0.704380 1.022957 0.456841
v 0.971938 0.638861 0.456841
v 0.971938 0.638861 0.283404
v 0.932998 0.595699 0.283404
v 0.932998 0.595699 0.456841
v 0.853861 0.569062 0.283404
v 0.853861 0.569062 0.456841
v 0.483119 1.358294 0.456840
v 0.483119 1.358294 0.283403
v 0.399562 1.285918 0.283403
v 0.399562 1.285918 0.456840
v 0.341802 0.704069 0.283404
v 0.341802 0.704069 0.456841
v 0.135116 3.267577 0.456838
v -0.008908 3.271872 0.456838
v 0.135116 3.267577 0.283401
v 0.189852 3.246530 0.283401
v 0.189852 3.246530 0.456838
v 0.228446 3.209057 0.283401
v 0.228446 3.209057 0.456838
v -0.070992 3.274384 0.456838
v -0.070992 3.274384 0.283401
v 0.135116 3.267577 0.283401
v -0.008908 3.271872 0.456838
v 0.710172 1.739823 0.456840
v 0.613909 1.512059 0.283403
v 0.613909 1.512059 0.456840
v 0.710172 1.739823 0.283402
v 0.749840 2.055633 0.456839
v 0.749840 2.055633 0.283402
v 0.706146 2.393339 0.283401
v 0.738606 2.180246 0.456839
v 0.706146 2.393339 0.456839
v -0.096725 5.560884 0.456835
v -0.096725 5.560884 0.283397
v 0.098056 5.566567 0.283397
v 0.098056 5.566567 0.456835
v 0.768526 3.028136 0.456838
v 0.801965 2.957262 0.283401
v 0.801965 2.957262 0.456838
v 0.768526 3.028136 0.283401
v 0.675105 3.116882 0.456838
v 0.675105 3.116882 0.283401
v 0.554946 3.179992 0.456838
v 0.554946 3.179992 0.283401
v 0.437628 3.217197 0.456838
v 0.437628 3.217197 0.283401
v 0.314626 3.220499 0.456838
v 0.314626 3.220499 0.283401
v 0.228446 3.209057 0.456838
v 0.228446 3.209057 0.283401
v 0.753080 2.872956 0.456839
v 0.694715 2.797897 0.283401
v 0.694715 2.797897 0.456839
v 0.753080 2.872956 0.283401
v 0.801965 2.957262 0.456838
v 0.801965 2.957262 0.283401
vn -0.0000 -0.0000 1.0000
vn -0.0001 -0.0000 1.0000
vn 0.0001 -0.0000 1.0000
vn 0.9970 -0.0770 -0.0000
vn -0.0000 -0.0000 -1.0000
vn 0.0001 -0.0000 -1.0000
vn 0.0002 -0.0000 -1.0000
vn -0.9921 -0.1258 -0.0000
vn -0.9962 0.0869 -0.0000
vn -0.9678 0.2517 -0.0000
vn -0.8378 0.5459 -0.0000
vn -0.6403 0.7681 -0.0000
vn -0.4318 0.9020 -0.0000
vn -0.4319 0.9019 -0.0000
vn -0.2613 0.9653 -0.0000
vn -0.1083 0.9941 -0.0000
vn 0.5101 0.8601 -0.0000
vn 0.4378 0.8991 -0.0000
vn 0.6644 0.7474 -0.0000
vn 0.7889 0.6145 -0.0000
vn 0.6644 0.7473 -0.0000
vn 0.8752 0.4837 -0.0000
vn 0.9486 0.3166 -0.0000
vn 0.0456 0.9990 -0.0000
vn 0.2465 0.9692 -0.0000
vn 0.2464 0.9692 -0.0000
vn 0.5490 0.8358 -0.0000
vn 0.7888 0.6146 -0.0000
vn 0.9148 0.4040 -0.0000
vn 0.9148 0.4039 -0.0000
vn 0.9571 0.2897 -0.0000
vn -0.4905 0.8714 -0.0000
vn -0.5494 0.8356 -0.0000
vn -0.6658 0.7461 -0.0000
vn -0.7787 0.6274 -0.0000
vn -0.8775 0.4796 -0.0000
vn -0.9508 0.3099 -0.0000
vn -0.9940 0.1095 -0.0000
vn -0.9982 -0.0601 -0.0000
vn -0.9714 -0.2375 -0.0000
vn -0.9714 -0.2374 -0.0000
vn -0.8932 -0.4496 -0.0000
vn -0.8933 -0.4496 -0.0000
vn -0.7799 -0.6259 -0.0000
vn -0.7800 -0.6258 -0.0000
vn -0.6184 -0.7858 -0.0000
vn -0.6184 -0.7859 -0.0000
vn -0.4356 -0.9001 -0.0000
vn -0.2460 -0.9693 -0.0000
vn -0.0183 -0.9998 -0.0000
vn 0.2115 -0.9774 -0.0000
vn 0.4386 -0.8987 -0.0000
vn 0.4387 -0.8986 -0.0000
vn 0.6213 -0.7836 -0.0000
vn 0.7754 -0.6315 -0.0000
vn 0.9043 -0.4270 -0.0000
vn 0.9746 -0.2240 -0.0000
vn 0.9997 -0.0225 -0.0000
vn 0.9997 -0.0226 -0.0000
vn 0.9888 0.1492 -0.0000
vn 0.7842 0.6205 -0.0000
vn 0.5383 0.8427 -0.0000
vn 0.2334 0.9724 -0.0000
vn -0.9997 -0.0264 -0.0000
vn 0.5223 0.8527 -0.0000
vn 0.2500 0.9683 -0.0000
vn 0.8552 0.5183 -0.0000
vn 0.9789 0.2042 -0.0000
vn 0.9989 0.0458 -0.0000
vn 0.5658 0.8245 -0.0000
vn 0.4607 0.8876 -0.0000
vn 0.4607 0.8875 -0.0000
vn 0.3487 0.9372 -0.0000
vn 0.3590 0.9333 -0.0000
vn 0.2714 0.9625 -0.0000
vn 0.1815 0.9834 -0.0000
vn -0.9379 -0.3469 -0.0000
vn -0.9682 -0.2503 -0.0000
vn -0.9379 -0.3470 -0.0000
vn -0.9963 -0.0861 -0.0000
vn -0.9998 -0.0208 -0.0000
vn 0.9837 0.1796 -0.0000
vn 0.9998 0.0202 -0.0000
vn 0.9425 0.3342 -0.0000
vn 0.9838 0.1795 -0.0000
vn 0.8805 -0.4741 -0.0000
vn 0.9613 -0.2754 -0.0000
vn 0.9980 0.0637 -0.0000
vn 0.9980 0.0636 -0.0000
vn 0.9161 0.4010 -0.0000
vn 0.6146 0.7889 -0.0000
vn 0.6146 0.7888 -0.0000
vn 0.2054 -0.9787 -0.0000
vn 0.7259 -0.6878 -0.0000
vn 0.9240 -0.3824 -0.0000
vn 0.9945 -0.1050 -0.0000
vn 0.9971 0.0756 -0.0000
vn -0.2945 0.9557 -0.0000
vn -0.5238 0.8518 -0.0000
vn -0.0465 0.9989 -0.0000
vn -0.9885 0.1511 -0.0000
vn -0.9999 -0.0143 -0.0000
vn -0.9838 -0.1794 -0.0000
vn -0.9953 -0.0969 -0.0000
vn -0.9240 -0.3824 -0.0000
vn -0.8195 -0.5730 -0.0000
vn -0.8196 -0.5730 -0.0000
vn -0.8843 -0.4669 -0.0000
vn -0.9136 -0.4066 -0.0000
vn -0.7213 -0.6927 0.0001
vn -0.9136 -0.4066 0.0001
vn -0.7213 -0.6926 -0.0000
vn -0.7213 -0.6927 -0.0000
vn -0.3902 -0.9207 -0.0000
vn 0.2105 0.9776 -0.0000
vn 0.0374 0.9993 -0.0000
vn -0.7619 0.6477 -0.0000
vn -0.8379 0.5458 -0.0000
vn -0.9660 0.2584 -0.0000
vn -0.9992 -0.0412 -0.0000
vn -0.9820 -0.1889 -0.0000
vn -0.9772 0.2122 -0.0000
vn -0.9215 0.3883 -0.0000
vn -0.8020 0.5973 -0.0000
vn -0.9216 0.3883 -0.0000
vn -0.8021 0.5972 -0.0000
vn -0.6948 0.7192 -0.0000
vn -0.4830 -0.8756 -0.0000
vn -0.3190 -0.9478 -0.0000
vn -0.0446 -0.9990 -0.0000
vn 0.2733 -0.9619 -0.0001
vn -0.0446 -0.9990 0.0001
vn 0.2733 -0.9619 -0.0000
vn 0.6673 -0.7448 -0.0000
vn 0.8213 -0.5705 -0.0000
vn -0.9917 0.1287 -0.0000
vn -0.9989 0.0460 -0.0000
vn -0.9989 0.0461 -0.0000
vn -0.9927 -0.1209 -0.0000
vn -0.9533 -0.3020 -0.0000
vn -0.9179 -0.3968 -0.0000
vn 0.3739 -0.9275 -0.0000
vn 0.4975 -0.8675 -0.0000
vn 0.0262 -0.9997 -0.0000
vn 0.3738 -0.9275 -0.0000
vn 0.0261 -0.9997 -0.0000
vn 0.2377 -0.9713 -0.0000
vn 0.3114 -0.9503 -0.0000
vn 0.1625 -0.9867 -0.0000
vn 0.2376 -0.9714 -0.0000
vn -0.1951 0.9808 -0.0000
vn 0.9762 -0.2162 0.0149
vn 0.9440 -0.3299 -0.0000
vn 0.9762 -0.2162 0.0148
vn 0.9762 -0.2163 0.0149
vn 0.9946 -0.0995 0.0295
vn -0.9209 -0.3897 -0.0000
vn -0.7900 -0.6131 -0.0000
vn -0.3849 -0.9229 -0.0000
vn -0.3849 -0.9229 0.0001
vn -0.9087 -0.4175 -0.0000
vn -0.6822 -0.7311 -0.0000
vn -0.3537 -0.9354 -0.0000
vn -0.6118 -0.7910 -0.0000
vn -0.0657 -0.9978 -0.0000
vn 0.0031 -1.0000 -0.0000
vn 0.0032 -1.0000 -0.0000
vn 0.0719 -0.9974 -0.0000
vn -0.0281 0.9996 0.0007
vn -0.2099 0.9777 -0.0000
vn -0.4981 0.8671 -0.0000
vn -0.3131 0.9497 -0.0000
vn 0.0006 1.0000 -0.0000
vn -0.2071 0.9783 -0.0000
vn -0.4468 0.8946 -0.0000
vn -0.6204 0.7843 -0.0000
vn -0.8029 0.5961 -0.0000
vn -0.8940 0.4480 -0.0000
vn -0.8553 -0.5182 -0.0000
vn -0.7288 -0.6848 -0.0000
vn -0.9443 -0.3290 -0.0000
vn -0.8552 -0.5182 -0.0000
vn 0.9740 0.2250 0.0258
vn 0.9491 0.3147 0.0130
vn 0.9491 0.3147 0.0129
vn 0.8750 0.4841 -0.0000
vn 0.7423 0.6701 -0.0000
vn 0.7423 0.6700 -0.0000
vn 0.6440 0.7651 -0.0000
vn -0.9975 0.0702 -0.0000
vn 1.0000 -0.0067 -0.0000
vn -0.6601 0.7512 -0.0047
vn -0.7224 0.6915 -0.0024
vn -0.8194 0.5733 -0.0000
vn -0.8930 0.4501 -0.0000
vn -0.8930 0.4500 -0.0000
vn -0.9534 0.3017 -0.0000
vn -0.9752 0.2212 -0.0000
vn -0.3877 0.9218 -0.0000
vn -0.6483 0.7614 -0.0000
vn -0.3876 0.9218 -0.0000
vn -0.8483 0.5296 -0.0000
vn -0.6483 0.7614 -0.0002
vn -0.5028 0.8644 -0.0000
vn -0.6126 0.7904 -0.0000
vn -0.8521 0.5233 -0.0000
vn -0.9930 0.1183 -0.0000
vn -0.9930 0.1182 -0.0000
vn -0.9963 -0.0854 -0.0000
vn -0.4518 0.8921 -0.0000
vn -0.5692 0.8222 -0.0000
vn -0.3260 0.9454 -0.0000
vn -0.2496 0.9683 -0.0000
vn -0.3690 0.9294 -0.0000
vn -0.1263 0.9920 -0.0000
vn -0.9779 -0.2090 -0.0000
vn -0.9970 0.0773 -0.0000
vn -0.9340 0.3572 -0.0000
vn -0.9544 -0.2986 -0.0000
vn -0.8574 -0.5146 -0.0000
vn -0.9989 0.0476 -0.0000
vn -0.9307 0.3658 -0.0000
vn -0.6273 0.7787 -0.0000
vn 0.2380 0.9713 -0.0001
vn -0.0512 0.9987 -0.0000
vn 0.2380 0.9713 -0.0000
vn 0.5071 0.8619 -0.0000
vn 0.2380 0.9713 -0.0002
vn 0.9999 0.0120 -0.0000
vn 0.9890 0.1480 -0.0000
vn 0.9922 -0.1243 -0.0000
vn 0.9999 0.0119 -0.0000
vn -0.2239 0.9746 -0.0000
vn -0.6274 0.7787 -0.0000
vn -0.0781 0.9969 -0.0000
vn 0.8136 0.5814 -0.0000
vn 0.7365 0.6764 -0.0000
vn 0.9498 0.3128 -0.0000
vn 0.9992 -0.0404 -0.0000
vn 0.9266 -0.3759 -0.0000
vn 0.8068 -0.5908 -0.0000
vn 0.9267 -0.3759 -0.0000
vn 0.8732 -0.4873 -0.0000
vn 0.9009 -0.4340 -0.0000
vn 0.8732 -0.4874 -0.0000
vn 0.7275 -0.6862 -0.0000
vn 0.9009 -0.4339 -0.0000
vn 0.4129 -0.9108 -0.0000
vn 0.7275 -0.6861 -0.0000
vn -0.0226 -0.9997 -0.0000
vn -0.3846 -0.9231 -0.0000
vn -0.5172 -0.8559 -0.0000
vn -1.0000 0.0065 -0.0000
vn -0.9948 -0.1023 -0.0000
vn -0.9302 -0.3670 -0.0000
vn -0.9302 -0.3671 -0.0000
vn -0.6963 -0.7177 -0.0000
vn -0.1671 -0.9859 -0.0000
vn -0.1670 -0.9860 -0.0000
vn 0.4662 -0.8847 -0.0000
vn -0.9970 -0.0771 -0.0000
vn -0.9903 -0.1392 -0.0000
vn -0.9903 -0.1391 -0.0000
vn -0.8289 -0.5595 -0.0000
vn 0.9103 -0.4141 -0.0000
vn 0.9974 0.0723 -0.0000
vn 0.9697 0.2444 -0.0000
vn 0.9140 0.4057 -0.0000
vn 0.7835 0.6214 -0.0000
vn 0.6837 0.7298 -0.0000
vn 0.4598 -0.8880 -0.0000
vn 0.9102 -0.4141 -0.0000
vn 0.0960 -0.9954 -0.0000
vn -0.1132 -0.9936 -0.0000
vn -0.3365 -0.9417 -0.0000
vn -0.4519 -0.8921 -0.0000
vn -0.9564 -0.2921 -0.0000
vn -0.8288 -0.5595 -0.0000
vn -0.3800 -0.9250 -0.0000
vn -0.8288 -0.5595 0.0002
vn -0.1218 -0.9926 -0.0000
vn -0.0498 -0.9988 -0.0000
vn 0.9388 0.3445 -0.0000
vn 0.7969 0.6041 -0.0000
vn 0.9985 0.0546 -0.0000
vn 0.9388 0.3444 -0.0000
vn 0.0822 0.9966 -0.0000
vn 0.0821 0.9966 -0.0000
vn 0.8791 -0.4767 -0.0000
vn 0.9762 -0.2170 -0.0000
vn 0.5486 -0.8361 -0.0000
vn 0.7425 -0.6699 -0.0000
vn 0.3190 -0.9478 -0.0000
vn 0.8879 -0.4600 -0.0000
vn 0.6547 -0.7559 -0.0000
vn 0.9951 -0.0988 -0.0000
vn 0.1987 0.9801 0.0007
vn 0.0330 0.9995 0.0013
vn 0.5387 0.8425 -0.0000
vn 0.6966 0.7174 -0.0000
vn 0.9211 -0.3893 -0.0000
vn 0.9658 -0.2594 -0.0000
vn 1.0000 0.0018 -0.0070
vn 1.0000 0.0019 -0.0070
vn 0.9916 0.1283 -0.0139
vn 0.9916 0.1283 -0.0140
vn -0.1082 0.9941 -0.0000
vn 0.9044 0.4267 -0.0000
vn 0.8104 0.5858 -0.0000
vn 0.8104 0.5859 -0.0000
vn 0.5824 0.8129 -0.0000
vn 0.3851 0.9229 -0.0000
vn 0.1662 0.9861 -0.0000
vn -0.0526 0.9986 -0.0000
vn -0.0525 0.9986 -0.0000
vn -0.1316 0.9913 -0.0000
vn 0.7894 -0.6138 -0.0000
vn 0.8292 -0.5590 -0.0000
vn 0.8651 -0.5016 -0.0000
vt 0.227642 0.846219
vt 0.230620 0.870577
vt 0.229293 0.887903
vt 0.225592 0.904171
vt 0.220085 0.824237
vt 0.218890 0.919106
vt 0.208298 0.805130
vt 0.209894 0.932549
vt 0.198394 0.945250
vt 0.192050 0.789855
vt 0.183347 0.955910
vt 0.173425 0.777543
vt 0.165000 0.964824
vt 0.151037 0.770063
vt 0.164073 0.954211
vt 0.160329 0.945887
vt 0.154928 0.939904
vt 0.147867 0.935563
vt 0.125813 0.767458
vt 0.140414 0.932925
vt 0.132867 0.931494
vt 0.118855 0.931086
vt 0.102626 0.770710
vt 0.111470 0.931977
vt 0.095978 0.938110
vt 0.081643 0.778530
vt 0.090766 0.943304
vt 0.085497 0.952118
vt 0.082478 0.962073
vt 0.066607 0.953160
vt 0.062452 0.790113
vt 0.053129 0.942923
vt 0.046576 0.806083
vt 0.041891 0.931226
vt 0.034248 0.825229
vt 0.033048 0.918105
vt 0.026024 0.846934
vt 0.026758 0.903599
vt 0.023176 0.887744
vt 0.023215 0.870577
vt 0.176904 0.656792
vt 0.179757 0.679462
vt 0.178949 0.688408
vt 0.125172 0.766770
vt 0.176614 0.703704
vt 0.123782 0.614997
vt 0.169978 0.640442
vt 0.175792 0.732746
vt 0.182028 0.689101
vt 0.185487 0.666516
vt 0.186130 0.724063
vt 0.185714 0.655598
vt 0.201844 0.701017
vt 0.182445 0.609505
vt 0.183480 0.654301
vt 0.208211 0.686529
vt 0.181272 0.652069
vt 0.176612 0.585947
vt 0.214743 0.658314
vt 0.218232 0.658492
vt 0.180131 0.603467
vt 0.175153 0.603078
vt 0.181344 0.614647
vt 0.221546 0.644634
vt 0.228252 0.637349
vt 0.221706 0.656453
vt 0.222427 0.651645
vt 0.180085 0.608997
vt 0.233949 0.626893
vt 0.180519 0.645887
vt 0.180250 0.649018
vt 0.175223 0.644065
vt 0.176487 0.605332
vt 0.170956 0.604360
vt 0.166268 0.606976
vt 0.160569 0.629404
vt 0.162454 0.613321
vt 0.160523 0.622299
vt 0.154558 0.624209
vt 0.233152 0.605766
vt 0.235455 0.616089
vt 0.228270 0.597850
vt 0.222619 0.591322
vt 0.220292 0.583967
vt 0.216210 0.577909
vt 0.211683 0.574472
vt 0.206509 0.573421
vt 0.126392 0.615185
vt 0.150403 0.582441
vt 0.195735 0.577760
vt 0.200385 0.574956
vt 0.192934 0.574661
vt 0.187241 0.572749
vt 0.141616 0.542012
vt 0.153961 0.582148
vt 0.155676 0.579890
vt 0.155945 0.574979
vt 0.133022 0.542440
vt 0.128721 0.543284
vt 0.127259 0.582450
vt 0.125701 0.545282
vt 0.124701 0.581376
vt 0.124629 0.550501
vt 0.123810 0.579952
vt 0.123921 0.559638
vt 0.122794 0.545080
vt 0.122704 0.581345
vt 0.118873 0.543798
vt 0.120700 0.581825
vt 0.148463 0.534479
vt 0.143090 0.537195
vt 0.158241 0.532323
vt 0.161563 0.577204
vt 0.171144 0.578421
vt 0.084420 0.653649
vt 0.120922 0.615185
vt 0.092230 0.626199
vt 0.105262 0.541562
vt 0.120706 0.766950
vt 0.115233 0.766461
vt 0.112115 0.765383
vt 0.109436 0.763089
vt 0.102210 0.763612
vt 0.092252 0.762904
vt 0.083696 0.759825
vt 0.079328 0.640383
vt 0.075235 0.754290
vt 0.097707 0.583088
vt 0.102528 0.537634
vt 0.088138 0.629357
vt 0.097509 0.534915
vt 0.092823 0.582119
vt 0.092352 0.575437
vt 0.065528 0.533123
vt 0.086023 0.577866
vt 0.078112 0.579323
vt 0.077820 0.601422
vt 0.080703 0.597508
vt 0.081405 0.585425
vt 0.081814 0.591789
vt 0.073288 0.603264
vt 0.068172 0.603455
vt 0.066591 0.607903
vt 0.066490 0.612922
vt 0.065099 0.654827
vt 0.067032 0.652647
vt 0.068054 0.649980
vt 0.068219 0.646397
vt 0.068612 0.607917
vt 0.072075 0.605284
vt 0.073301 0.644510
vt 0.078466 0.604392
vt 0.082301 0.606752
vt 0.085920 0.613383
vt 0.088649 0.622639
vt 0.059713 0.573516
vt 0.056880 0.534385
vt 0.062641 0.655460
vt 0.055281 0.569245
vt 0.050525 0.537883
vt 0.052411 0.563709
vt 0.050003 0.556459
vt 0.048903 0.546298
vt 0.040639 0.686134
vt 0.054908 0.575329
vt 0.053326 0.578765
vt 0.047450 0.575402
vt 0.042198 0.574088
vt 0.064165 0.678049
vt 0.036530 0.575195
vt 0.034378 0.658590
vt 0.031845 0.578452
vt 0.029946 0.658384
vt 0.028874 0.583098
vt 0.026911 0.646235
vt 0.026522 0.656283
vt 0.025862 0.651974
vt 0.026662 0.591091
vt 0.019035 0.636991
vt 0.020959 0.597817
vt 0.016077 0.606363
vt 0.014170 0.626943
vt 0.013386 0.616191
vt 0.054666 0.713930
vt 0.046610 0.700634
vt 0.062430 0.723565
vt 0.066005 0.689023
vt 0.072373 0.707204
vt 0.074281 0.733956
vt 0.073257 0.654396
vt 0.070709 0.666594
vt 0.069907 0.688244
vt 0.069003 0.748401
vt 0.069034 0.739528
vt 0.067194 0.744799
vt 0.179990 0.738134
vt 0.183507 0.744186
vt 0.181102 0.749273
vt 0.174381 0.755644
vt 0.142248 0.762261
vt 0.165736 0.760174
vt 0.157296 0.762845
vt 0.148447 0.763082
vt 0.139471 0.764951
vt 0.135533 0.766461
vt 0.167759 0.596652
vt 0.166969 0.591799
vt 0.167447 0.584568
vt 0.170956 0.601437
vt 0.185055 0.532071
vt 0.191668 0.568610
vt 0.194380 0.533974
vt 0.194790 0.563210
vt 0.197198 0.555768
vt 0.198632 0.537957
vt 0.198940 0.546298
vt 0.019864 0.512742
vt 0.002777 0.512742
vt 0.002777 0.501097
vt 0.019864 0.501097
vt 0.430250 0.649018
vt 0.431272 0.652069
vt 0.433480 0.654301
vt 0.435715 0.655598
vt 0.462373 0.671405
vt 0.458211 0.686529
vt 0.451844 0.701017
vt 0.436130 0.724063
vt 0.435487 0.666516
vt 0.425792 0.732746
vt 0.432028 0.689101
vt 0.426614 0.703704
vt 0.419978 0.640442
vt 0.426903 0.656792
vt 0.429757 0.679462
vt 0.461684 0.574472
vt 0.464743 0.658314
vt 0.466210 0.577909
vt 0.456509 0.573421
vt 0.468232 0.658492
vt 0.450386 0.574956
vt 0.445735 0.577760
vt 0.442934 0.574661
vt 0.437241 0.572749
vt 0.430519 0.645887
vt 0.470292 0.583967
vt 0.471546 0.644634
vt 0.471706 0.656453
vt 0.472427 0.651645
vt 0.472619 0.591322
vt 0.478252 0.637349
vt 0.478269 0.597850
vt 0.483152 0.605766
vt 0.483949 0.626893
vt 0.485455 0.616089
vt 0.435055 0.532071
vt 0.441668 0.568610
vt 0.444380 0.533974
vt 0.444790 0.563210
vt 0.447198 0.555768
vt 0.448632 0.537957
vt 0.448940 0.546298
vt 0.432445 0.609505
vt 0.408241 0.532323
vt 0.431344 0.614647
vt 0.430085 0.608997
vt 0.425223 0.644065
vt 0.426487 0.605332
vt 0.420956 0.604360
vt 0.430131 0.603467
vt 0.416268 0.606976
vt 0.421144 0.578421
vt 0.425153 0.603078
vt 0.420956 0.601437
vt 0.411563 0.577204
vt 0.417447 0.584568
vt 0.417759 0.596652
vt 0.416969 0.591799
vt 0.405945 0.574979
vt 0.398463 0.534479
vt 0.405676 0.579890
vt 0.403961 0.582148
vt 0.400402 0.582441
vt 0.377259 0.582450
vt 0.391616 0.542012
vt 0.393090 0.537195
vt 0.383022 0.542440
vt 0.378721 0.543284
vt 0.375701 0.545282
vt 0.374701 0.581376
vt 0.374629 0.550501
vt 0.373810 0.579952
vt 0.373921 0.559638
vt 0.372794 0.545080
vt 0.372705 0.581345
vt 0.368872 0.543798
vt 0.370699 0.581825
vt 0.365233 0.766461
vt 0.355262 0.541562
vt 0.370706 0.766950
vt 0.362115 0.765383
vt 0.359436 0.763089
vt 0.370923 0.615185
vt 0.373782 0.614997
vt 0.376392 0.615185
vt 0.385533 0.766461
vt 0.352210 0.763612
vt 0.352528 0.537634
vt 0.389471 0.764951
vt 0.392248 0.762261
vt 0.398448 0.763082
vt 0.404558 0.624209
vt 0.407296 0.762845
vt 0.410569 0.629404
vt 0.347510 0.534915
vt 0.415736 0.760174
vt 0.347706 0.583088
vt 0.342252 0.762904
vt 0.342823 0.582119
vt 0.342352 0.575437
vt 0.315528 0.533123
vt 0.336023 0.577866
vt 0.328112 0.579323
vt 0.327820 0.601422
vt 0.342230 0.626199
vt 0.333696 0.759825
vt 0.330703 0.597508
vt 0.331405 0.585425
vt 0.331814 0.591789
vt 0.323288 0.603264
vt 0.318172 0.603455
vt 0.316592 0.607903
vt 0.316490 0.612922
vt 0.324281 0.733956
vt 0.325235 0.754290
vt 0.319003 0.748401
vt 0.319034 0.739528
vt 0.317194 0.744799
vt 0.318832 0.729022
vt 0.338138 0.629357
vt 0.315099 0.654827
vt 0.317032 0.652647
vt 0.318054 0.649980
vt 0.318219 0.646397
vt 0.318612 0.607917
vt 0.322075 0.605284
vt 0.323301 0.644510
vt 0.328466 0.604392
vt 0.329328 0.640383
vt 0.332301 0.606752
vt 0.335920 0.613383
vt 0.338649 0.622639
vt 0.309713 0.573516
vt 0.312641 0.655460
vt 0.306880 0.534385
vt 0.322374 0.707204
vt 0.323257 0.654396
vt 0.320709 0.666594
vt 0.319907 0.688244
vt 0.296610 0.700634
vt 0.312430 0.723565
vt 0.304666 0.713930
vt 0.316005 0.689023
vt 0.305281 0.569245
vt 0.304908 0.575329
vt 0.300525 0.537883
vt 0.302411 0.563709
vt 0.300003 0.556459
vt 0.298903 0.546298
vt 0.303326 0.578765
vt 0.297450 0.575402
vt 0.292198 0.574088
vt 0.290639 0.686134
vt 0.286530 0.575195
vt 0.284378 0.658590
vt 0.281845 0.578452
vt 0.279946 0.658384
vt 0.278874 0.583098
vt 0.276911 0.646235
vt 0.276522 0.656283
vt 0.275862 0.651974
vt 0.276662 0.591091
vt 0.269035 0.636991
vt 0.270959 0.597817
vt 0.266077 0.606363
vt 0.264170 0.626943
vt 0.263386 0.616191
vt 0.431102 0.749273
vt 0.433507 0.744186
vt 0.429990 0.738134
vt 0.424381 0.755644
vt 0.412454 0.613321
vt 0.410522 0.622299
vt 0.017487 0.856574
vt 0.017487 0.941362
vt 0.004008 0.941362
vt 0.004007 0.856574
vt 0.479293 0.887903
vt 0.480620 0.870577
vt 0.477642 0.846219
vt 0.475592 0.904171
vt 0.470085 0.824237
vt 0.468890 0.919106
vt 0.458297 0.805130
vt 0.459894 0.932549
vt 0.448394 0.945250
vt 0.442050 0.789855
vt 0.433347 0.955910
vt 0.423425 0.777543
vt 0.415000 0.964824
vt 0.401037 0.770063
vt 0.414073 0.954211
vt 0.410329 0.945887
vt 0.404928 0.939904
vt 0.397866 0.935563
vt 0.375813 0.767458
vt 0.390414 0.932925
vt 0.382867 0.931494
vt 0.368854 0.931086
vt 0.352626 0.770710
vt 0.361470 0.931977
vt 0.345978 0.938110
vt 0.331643 0.778530
vt 0.340766 0.943304
vt 0.335497 0.952118
vt 0.332478 0.962073
vt 0.316607 0.953160
vt 0.312452 0.790113
vt 0.303129 0.942923
vt 0.296576 0.806083
vt 0.291891 0.931226
vt 0.284248 0.825229
vt 0.283048 0.918105
vt 0.276024 0.846934
vt 0.276758 0.903599
vt 0.273176 0.887744
vt 0.273215 0.870577
vt 0.087290 0.986517
vt 0.087290 0.999728
vt 0.071924 0.986517
vt 0.071924 0.999728
vt 0.058765 0.986517
vt 0.058765 0.999728
vt 0.047150 0.986517
vt 0.047150 0.999728
vt 0.035214 0.986517
vt 0.035214 0.999728
vt 0.023834 0.986517
vt 0.023834 0.999728
vt 0.009933 0.986517
vt 0.009933 0.999728
vt 0.116658 0.999728
vt 0.116658 0.986517
vt 0.143217 0.999728
vt 0.143217 0.986517
vt 0.167905 0.999728
vt 0.167905 0.986517
vt 0.191219 0.999728
vt 0.191219 0.986517
vt 0.214822 0.999728
vt 0.214822 0.986517
vt 0.489456 0.969632
vt 0.489456 0.984118
vt 0.479315 0.969632
vt 0.479315 0.984118
vt 0.454665 0.969632
vt 0.454665 0.984118
vt 0.443785 0.969632
vt 0.443785 0.984118
vt 0.428594 0.969632
vt 0.428594 0.984118
vt 0.413198 0.969632
vt 0.413198 0.984118
vt 0.386297 0.969632
vt 0.386297 0.984118
vt 0.361276 0.969632
vt 0.361276 0.984118
vt 0.337286 0.969632
vt 0.337286 0.984118
vt 0.313878 0.969632
vt 0.313878 0.984118
vt 0.290478 0.969632
vt 0.290478 0.984118
vt 0.266415 0.969632
vt 0.266415 0.984118
vt 0.240999 0.969632
vt 0.240999 0.984118
vt 0.205749 0.969632
vt 0.205749 0.984118
vt 0.171394 0.969632
vt 0.171394 0.984118
vt 0.137700 0.969632
vt 0.137700 0.984118
vt 0.104397 0.969632
vt 0.104397 0.984118
vt 0.071263 0.969632
vt 0.071263 0.984118
vt 0.038173 0.969632
vt 0.038173 0.984118
vt 0.003582 0.969632
vt 0.003582 0.984118
vt 0.499981 0.999728
vt 0.463486 0.999728
vt 0.463486 0.986517
vt 0.499981 0.986517
vt 0.429507 0.986517
vt 0.429507 0.999728
vt 0.397352 0.986517
vt 0.397352 0.999728
vt 0.365224 0.986517
vt 0.365224 0.999728
vt 0.332861 0.986517
vt 0.332861 0.999728
vt 0.299340 0.986517
vt 0.299340 0.999728
vt 0.263947 0.986517
vt 0.263947 0.999728
vt 0.238883 0.986517
vt 0.238883 0.999728
vt 0.244079 0.529239
vt 0.257998 0.529239
vt 0.244079 0.532561
vt 0.257998 0.532561
vt 0.244079 0.536405
vt 0.257999 0.536405
vt 0.257999 0.608985
vt 0.258000 0.670203
vt 0.244080 0.670203
vt 0.244080 0.608985
vt 0.250097 0.725376
vt 0.250097 0.730299
vt 0.237103 0.730299
vt 0.237103 0.725376
vt 0.250098 0.719723
vt 0.237103 0.719723
vt 0.250098 0.714176
vt 0.237103 0.714176
vt 0.250098 0.707207
vt 0.237103 0.707207
vt 0.237103 0.682523
vt 0.250097 0.682522
vt 0.237103 0.696695
vt 0.250097 0.696695
vt 0.004007 0.645256
vt 0.017487 0.645256
vt 0.004007 0.658457
vt 0.017487 0.658457
vt 0.004007 0.674118
vt 0.017487 0.674118
vt 0.253655 0.682573
vt 0.266650 0.682573
vt 0.253655 0.714575
vt 0.266650 0.714575
vt 0.253655 0.761503
vt 0.266650 0.761503
vt 0.253655 0.783923
vt 0.266650 0.783923
vt 0.017487 0.749601
vt 0.017487 0.759391
vt 0.004007 0.759391
vt 0.004007 0.749601
vt 0.017487 0.740398
vt 0.004007 0.740398
vt 0.004007 0.687637
vt 0.017487 0.687637
vt 0.004007 0.700078
vt 0.017487 0.700078
vt 0.004007 0.711442
vt 0.017487 0.711442
vt 0.004007 0.720914
vt 0.017487 0.720914
vt 0.004007 0.791029
vt 0.017487 0.791029
vt 0.004007 0.799800
vt 0.017487 0.799800
vt 0.004007 0.814533
vt 0.017487 0.814533
vt 0.004007 0.833358
vt 0.017487 0.833358
vt 0.004007 0.846503
vt 0.017487 0.846503
vt 0.299123 0.512741
vt 0.294426 0.512741
vt 0.294426 0.501096
vt 0.299123 0.501096
vt 0.304307 0.512741
vt 0.304307 0.501096
vt 0.289321 0.501096
vt 0.289321 0.512741
vt 0.282491 0.501096
vt 0.282491 0.512741
vt 0.242609 0.501096
vt 0.242609 0.512741
vt 0.230683 0.501096
vt 0.230683 0.512741
vt 0.219169 0.501096
vt 0.219169 0.512741
vt 0.208857 0.501096
vt 0.208857 0.512741
vt 0.199150 0.501096
vt 0.199150 0.512741
vt 0.192699 0.501096
vt 0.192699 0.512741
vt 0.186030 0.501096
vt 0.186030 0.512741
vt 0.004007 0.730436
vt 0.017487 0.730436
vt 0.268288 0.501096
vt 0.268288 0.512741
vt 0.255227 0.501096
vt 0.255227 0.512741
vt 0.119227 0.512742
vt 0.109197 0.512742
vt 0.109197 0.501096
vt 0.119227 0.501096
vt 0.131189 0.512742
vt 0.131189 0.501096
vt 0.140129 0.512742
vt 0.140129 0.501096
vt 0.147424 0.512742
vt 0.147424 0.501096
vt 0.154621 0.512741
vt 0.154621 0.501096
vt 0.100720 0.501096
vt 0.100720 0.512742
vt 0.090514 0.501096
vt 0.090514 0.512742
vt 0.053071 0.501096
vt 0.053071 0.512742
vt 0.046401 0.501096
vt 0.046401 0.512742
vt 0.040804 0.501096
vt 0.040804 0.512742
vt 0.237103 0.833370
vt 0.250098 0.833370
vt 0.237103 0.870520
vt 0.250098 0.870520
vt 0.237103 0.912664
vt 0.250098 0.912664
vt 0.237103 0.936875
vt 0.250098 0.936875
vt 0.237103 0.966537
vt 0.250098 0.966537
vt 0.172959 0.512741
vt 0.165047 0.512741
vt 0.165047 0.501096
vt 0.172959 0.501096
vt 0.179284 0.512741
vt 0.179284 0.501096
vt 0.024683 0.512742
vt 0.024683 0.501096
vt 0.017487 0.951056
vt 0.004008 0.951056
vt 0.250097 0.795916
vt 0.237103 0.795916
vt 0.237103 0.774296
vt 0.004007 0.769991
vt 0.017487 0.769991
vt 0.004007 0.778466
vt 0.017487 0.778466
vt 0.160621 0.501096
vt 0.160621 0.512741
vt 0.244080 0.598760
vt 0.257999 0.598760
vt 0.244080 0.604105
vt 0.257999 0.604105
vt 0.493984 0.501096
vt 0.493984 0.512741
vt 0.487570 0.501096
vt 0.487570 0.512741
vt 0.483716 0.501096
vt 0.483716 0.512741
vt 0.479595 0.501096
vt 0.479595 0.512741
vt 0.471136 0.501096
vt 0.471136 0.512741
vt 0.459480 0.501096
vt 0.459480 0.512741
vt 0.448860 0.501096
vt 0.448860 0.512741
vt 0.437047 0.501096
vt 0.437047 0.512741
vt 0.427024 0.501096
vt 0.427024 0.512741
vt 0.422309 0.501096
vt 0.422309 0.512741
vt 0.415775 0.512741
vt 0.406826 0.512741
vt 0.406826 0.501096
vt 0.415775 0.501096
vt 0.196901 0.514572
vt 0.196901 0.525757
vt 0.181476 0.525757
vt 0.163291 0.514572
vt 0.163291 0.525757
vt 0.144948 0.514572
vt 0.144948 0.525757
vt 0.112584 0.514572
vt 0.112584 0.525757
vt 0.096933 0.514572
vt 0.096933 0.525757
vt 0.017487 0.964127
vt 0.004008 0.964127
vt 0.398232 0.512741
vt 0.388399 0.512741
vt 0.388399 0.501096
vt 0.373930 0.501096
vt 0.373930 0.512741
vt 0.355746 0.501096
vt 0.355746 0.512741
vt 0.337398 0.501096
vt 0.337398 0.512741
vt 0.244081 0.675379
vt 0.258000 0.675379
vt 0.244081 0.678518
vt 0.258000 0.678518
vt 0.253655 0.789217
vt 0.266650 0.789217
vt 0.253655 0.795654
vt 0.266650 0.795654
vt 0.253655 0.802257
vt 0.266650 0.802257
vt 0.253655 0.808708
vt 0.266650 0.808708
vt 0.266650 0.820186
vt 0.266650 0.833256
vt 0.253655 0.833256
vt 0.253655 0.820186
vt 0.498532 0.837111
vt 0.498532 0.848613
vt 0.484023 0.848614
vt 0.484022 0.837112
vt 0.498531 0.818731
vt 0.484022 0.818731
vt 0.484022 0.730456
vt 0.498531 0.730456
vt 0.484022 0.740485
vt 0.498531 0.740485
vt 0.484022 0.752813
vt 0.498531 0.752813
vt 0.498531 0.805059
vt 0.484022 0.805059
vt 0.498531 0.791239
vt 0.484022 0.791239
vt 0.498531 0.781861
vt 0.484022 0.781861
vt 0.498531 0.770893
vt 0.484022 0.770893
vt 0.200944 0.525757
vt 0.200944 0.514572
vt 0.205609 0.525757
vt 0.205609 0.514572
vt 0.211247 0.525757
vt 0.211247 0.514572
vt 0.219442 0.525757
vt 0.219442 0.514572
vt 0.498531 0.762316
vt 0.484022 0.762316
vt 0.230911 0.525757
vt 0.230911 0.514572
vt 0.244712 0.525757
vt 0.244712 0.514572
vt 0.257362 0.525757
vt 0.257362 0.514572
vt 0.269626 0.525757
vt 0.269626 0.514572
vt 0.280405 0.525757
vt 0.280405 0.514572
vt 0.290410 0.525757
vt 0.290410 0.514572
vt 0.299356 0.525757
vt 0.299356 0.514572
vt 0.307823 0.525757
vt 0.307823 0.514572
vt 0.314407 0.525757
vt 0.314407 0.514572
vt 0.320521 0.525757
vt 0.320521 0.514572
vt 0.327829 0.525757
vt 0.327829 0.514572
vt 0.334120 0.525757
vt 0.334120 0.514572
vt 0.484022 0.643551
vt 0.498532 0.643551
vt 0.484022 0.657100
vt 0.498532 0.657100
vt 0.484022 0.674613
vt 0.498531 0.674613
vt 0.484022 0.688724
vt 0.498531 0.688724
vt 0.484022 0.698945
vt 0.498531 0.698945
vt 0.484022 0.709633
vt 0.498531 0.709633
vt 0.499299 0.514572
vt 0.499299 0.525757
vt 0.488675 0.514572
vt 0.488675 0.525757
vt 0.482499 0.514572
vt 0.482499 0.525757
vt 0.390088 0.514572
vt 0.390088 0.525757
vt 0.380409 0.514572
vt 0.380409 0.525757
vt 0.369243 0.514572
vt 0.369243 0.525757
vt 0.360173 0.514572
vt 0.360173 0.525757
vt 0.352941 0.514572
vt 0.352941 0.525757
vt 0.345917 0.514572
vt 0.345917 0.525757
vt 0.396837 0.525757
vt 0.396837 0.514572
vt 0.407850 0.525757
vt 0.407850 0.514572
vt 0.438885 0.525757
vt 0.438885 0.514572
vt 0.450469 0.525757
vt 0.450469 0.514572
vt 0.457437 0.525757
vt 0.457437 0.514572
vt 0.463277 0.525757
vt 0.463277 0.514572
vt 0.478308 0.514572
vt 0.478308 0.525757
vt 0.473237 0.514572
vt 0.473237 0.525757
vt 0.498532 0.857995
vt 0.498532 0.863398
vt 0.484023 0.863398
vt 0.484023 0.857995
vt 0.498532 0.870193
vt 0.484023 0.870193
vt 0.498531 0.719418
vt 0.484022 0.719418
vt 0.338963 0.525757
vt 0.338963 0.514572
vt 0.498532 0.950256
vt 0.498533 0.965390
vt 0.484023 0.965390
vt 0.484023 0.950256
vt 0.015281 0.525756
vt 0.003288 0.514572
vt 0.015281 0.514572
vt 0.020162 0.525756
vt 0.020162 0.514572
vt 0.024639 0.525756
vt 0.024640 0.514572
vt 0.253655 0.869703
vt 0.266650 0.869703
vt 0.253655 0.916681
vt 0.266650 0.916681
vt 0.266650 0.966921
vt 0.253655 0.935122
vt 0.253655 0.966921
vt 0.273769 0.984204
vt 0.251889 0.984204
vt 0.251889 0.969715
vt 0.273769 0.969715
vt 0.080906 0.514572
vt 0.080906 0.525756
vt 0.074383 0.514572
vt 0.074383 0.525756
vt 0.063658 0.514572
vt 0.063658 0.525756
vt 0.052361 0.514572
vt 0.052361 0.525756
vt 0.042117 0.514572
vt 0.042117 0.525756
vt 0.031875 0.514572
vt 0.031875 0.525756
vt 0.089018 0.514572
vt 0.089018 0.525757
s 0
usemtl Matériau
f 3/1/1 2/2/1 1/3/1
f 1/3/1 4/4/1 3/1/1
f 4/4/1 5/5/1 3/1/1
f 4/4/1 6/6/1 5/5/1
f 6/6/1 7/7/1 5/5/1
f 6/6/1 8/8/1 7/7/1
f 8/8/1 9/9/1 7/7/1
f 9/9/1 10/10/1 7/7/1
f 9/9/1 11/11/1 10/10/1
f 11/11/1 12/12/1 10/10/1
f 11/11/1 13/13/1 12/12/1
f 13/13/1 14/14/1 12/12/1
f 13/13/1 15/15/1 14/14/1
f 18/15/1 17/16/1 16/14/1
f 17/16/1 19/17/1 16/14/1
f 19/17/1 20/18/1 16/14/1
f 20/18/1 21/19/1 16/14/1
f 20/18/1 22/20/1 21/19/1
f 22/20/1 23/21/1 21/19/1
f 23/21/1 24/22/1 21/19/1
f 24/22/1 25/23/1 21/19/1
f 24/22/1 26/24/1 25/23/1
f 26/24/1 27/25/1 25/23/1
f 27/25/1 28/26/1 25/23/1
f 27/25/1 29/27/1 28/26/1
f 29/27/1 30/28/1 28/26/1
f 30/28/1 31/29/1 28/26/1
f 31/29/1 32/30/1 28/26/1
f 32/30/1 33/31/1 28/26/1
f 32/30/1 34/32/1 33/31/1
f 34/32/1 35/33/1 33/31/1
f 34/32/1 36/34/1 35/33/1
f 36/34/1 37/35/1 35/33/1
f 36/34/1 38/36/1 37/35/1
f 38/36/1 39/37/1 37/35/1
f 38/36/1 40/38/1 39/37/1
f 40/38/1 41/39/1 39/37/1
f 41/39/1 42/40/1 39/37/1
f 45/41/1 44/42/1 43/43/1
f 43/43/1 46/44/1 45/41/1
f 46/44/1 43/43/1 47/45/1
f 46/44/1 48/46/1 45/41/1
f 49/47/1 45/41/1 48/46/1
f 47/45/1 50/48/1 46/44/1
f 50/48/1 47/45/1 51/49/1
f 50/48/2 51/49/2 52/50/2
f 53/51/1 50/48/1 52/50/1
f 52/50/1 54/52/1 53/51/1
f 55/53/1 53/51/1 54/52/1
f 55/53/1 54/52/1 56/54/1
f 54/52/1 57/55/1 56/54/1
f 58/56/1 55/53/1 56/54/1
f 56/54/1 57/55/1 59/57/1
f 58/56/1 56/54/1 60/58/1
f 61/59/1 58/56/1 60/58/1
f 62/60/1 61/59/1 60/58/1
f 56/54/1 63/61/1 60/58/1
f 60/58/1 63/61/1 64/62/1
f 59/57/1 65/63/1 56/54/1
f 66/64/1 62/60/1 60/58/1
f 67/65/1 66/64/1 60/58/1
f 68/66/1 62/60/1 66/64/1
f 66/64/1 69/67/1 68/66/1
f 59/57/1 70/68/1 65/63/1
f 60/58/1 71/69/1 67/65/1
f 59/57/1 72/70/1 70/68/1
f 72/70/1 59/57/1 73/71/1
f 72/70/1 74/72/1 70/68/1
f 74/72/1 75/73/1 70/68/1
f 74/72/1 76/74/1 75/73/1
f 74/72/1 49/47/1 76/74/1
f 49/47/1 77/75/1 76/74/1
f 78/76/1 77/75/1 49/47/1
f 78/76/1 79/77/1 77/75/1
f 79/77/1 78/76/1 80/78/1
f 48/46/1 78/76/1 49/47/1
f 48/46/1 81/79/1 78/76/1
f 71/69/1 60/58/1 82/80/1
f 82/80/1 83/81/1 71/69/1
f 60/58/1 84/82/1 82/80/1
f 60/58/1 85/83/1 84/82/1
f 60/58/1 86/84/1 85/83/1
f 60/58/1 87/85/1 86/84/1
f 60/58/1 88/86/1 87/85/1
f 60/58/1 89/87/1 88/86/1
f 48/46/1 90/88/1 81/79/1
f 90/88/1 91/89/1 81/79/1
f 60/58/1 92/90/1 89/87/1
f 92/90/1 93/91/1 89/87/1
f 60/58/1 94/92/1 92/90/1
f 60/58/1 95/93/1 94/92/1
f 90/88/1 96/94/1 91/89/1
f 97/95/1 91/89/1 96/94/1
f 98/96/1 97/95/1 96/94/1
f 96/94/1 99/97/1 98/96/1
f 90/88/1 100/98/1 96/94/1
f 90/88/1 101/99/1 100/98/1
f 90/88/3 102/100/3 101/99/3
f 103/101/1 101/99/1 102/100/1
f 102/100/1 104/102/1 103/101/1
f 104/102/1 105/103/1 103/101/1
f 104/102/1 106/104/1 105/103/1
f 106/104/1 107/105/1 105/103/1
f 106/104/1 108/106/1 107/105/1
f 106/104/1 109/107/1 108/106/1
f 109/107/1 110/108/1 108/106/1
f 109/107/1 111/109/1 110/108/1
f 99/97/1 96/94/1 112/110/1
f 96/94/1 113/111/1 112/110/1
f 99/97/1 112/110/1 114/112/1
f 115/113/1 99/97/1 114/112/1
f 116/114/1 115/113/1 114/112/1
f 117/115/1 110/108/1 111/109/1
f 111/109/1 118/116/1 117/115/1
f 117/115/1 119/117/1 110/108/1
f 119/117/1 120/118/1 110/108/1
f 121/119/1 117/115/1 118/116/1
f 121/119/1 118/116/1 48/46/1
f 121/119/1 122/120/1 117/115/1
f 122/120/1 123/121/1 117/115/1
f 46/44/1 121/119/1 48/46/1
f 123/121/1 124/122/1 117/115/1
f 124/122/1 125/123/1 117/115/1
f 125/123/1 126/124/1 117/115/1
f 126/124/1 127/125/1 117/115/1
f 117/115/1 127/125/1 128/126/1
f 127/125/1 129/127/1 128/126/1
f 119/117/1 130/128/1 120/118/1
f 130/128/1 131/129/1 120/118/1
f 132/130/1 119/117/1 117/115/1
f 117/115/1 128/126/1 132/130/1
f 133/131/1 131/129/1 130/128/1
f 130/128/1 134/132/1 133/131/1
f 134/132/1 135/133/1 133/131/1
f 135/133/1 136/134/1 133/131/1
f 135/133/1 137/135/1 136/134/1
f 137/135/1 138/136/1 136/134/1
f 138/136/1 139/137/1 136/134/1
f 140/138/1 139/137/1 138/136/1
f 140/138/1 138/136/1 141/139/1
f 141/139/1 142/140/1 140/138/1
f 139/137/1 143/141/1 136/134/1
f 143/141/1 144/142/1 136/134/1
f 144/142/1 145/143/1 136/134/1
f 145/143/1 146/144/1 136/134/1
f 147/145/1 136/134/1 146/144/1
f 148/146/1 147/145/1 146/144/1
f 149/147/1 148/146/1 146/144/1
f 150/148/1 149/147/1 146/144/1
f 150/148/1 146/144/1 151/149/1
f 150/148/1 151/149/1 152/150/1
f 153/151/1 150/148/1 152/150/1
f 153/151/1 152/150/1 154/152/1
f 128/126/1 153/151/1 154/152/1
f 128/126/1 154/152/1 155/153/1
f 128/126/1 155/153/1 156/154/1
f 132/130/1 128/126/1 156/154/1
f 156/154/1 157/155/1 132/130/1
f 147/145/1 158/156/1 136/134/1
f 158/156/1 159/157/1 136/134/1
f 147/145/1 160/158/1 158/156/1
f 158/156/1 161/159/1 159/157/1
f 161/159/1 162/160/1 159/157/1
f 161/159/1 163/161/1 162/160/1
f 163/161/1 164/162/1 162/160/1
f 164/162/1 165/163/1 162/160/1
f 166/164/1 158/156/1 160/158/1
f 166/164/1 167/165/1 158/156/1
f 166/164/1 168/166/1 167/165/1
f 166/164/1 169/167/1 168/166/1
f 166/164/1 170/168/1 169/167/1
f 160/158/1 171/169/1 166/164/1
f 166/164/1 172/170/1 170/168/1
f 166/164/1 173/171/1 172/170/1
f 173/171/1 174/172/1 172/170/1
f 173/171/1 175/173/1 174/172/1
f 175/173/1 176/174/1 174/172/1
f 175/173/1 177/175/1 176/174/1
f 175/173/1 178/176/1 177/175/1
f 178/176/1 179/177/1 177/175/1
f 180/178/1 176/174/1 177/175/1
f 177/175/1 181/179/1 180/178/1
f 181/179/1 182/180/1 180/178/1
f 181/179/1 183/181/1 182/180/1
f 181/179/1 184/182/1 183/181/1
f 184/182/1 185/183/1 183/181/1
f 187/184/1 186/185/1 166/164/1
f 188/186/1 187/184/1 166/164/1
f 188/186/1 166/164/1 171/169/1
f 188/186/1 171/169/1 189/187/1
f 188/186/1 189/187/1 190/188/1
f 191/189/1 188/186/1 190/188/1
f 191/189/1 190/188/1 192/190/1
f 193/191/1 192/190/1 190/188/1
f 190/188/1 194/192/1 193/191/1
f 129/127/1 191/189/1 192/190/1
f 129/127/1 192/190/1 128/126/1
f 191/189/1 129/127/1 195/193/1
f 195/193/1 196/194/1 191/189/1
f 195/193/1 197/195/1 196/194/1
f 200/196/1 199/197/1 198/198/1
f 198/198/1 201/199/1 200/196/1
f 201/199/1 50/48/1 200/196/1
f 50/48/1 201/199/1 202/200/1
f 201/199/1 203/201/1 202/200/1
f 203/201/1 204/202/1 202/200/1
f 204/202/1 205/203/1 202/200/1
f 50/48/1 202/200/1 46/44/1
f 202/200/1 206/204/1 46/44/1
f 206/204/1 207/205/1 46/44/1
f 210/206/1 209/207/1 208/208/1
f 211/209/1 210/206/1 208/208/1
f 211/209/1 208/208/1 116/114/1
f 116/114/1 64/62/1 211/209/1
f 60/58/1 64/62/1 116/114/1
f 60/58/1 116/114/1 114/112/1
f 60/58/1 114/112/1 212/210/1
f 60/58/1 212/210/1 95/93/1
f 213/211/1 95/93/1 212/210/1
f 213/211/1 212/210/1 214/212/1
f 215/213/1 213/211/1 214/212/1
f 216/214/1 215/213/1 214/212/1
f 216/214/1 214/212/1 217/215/1
f 217/215/1 218/216/1 216/214/1
f 221/217/4 220/218/4 219/219/4
f 222/220/4 221/217/4 219/219/4
f 225/221/5 224/222/5 223/223/5
f 225/221/5 223/223/5 226/224/5
f 227/225/5 225/221/5 226/224/5
f 226/224/5 228/226/5 227/225/5
f 226/224/5 229/227/5 228/226/5
f 226/224/5 230/228/5 229/227/5
f 230/228/5 226/224/5 231/229/5
f 231/229/5 232/230/5 230/228/5
f 231/229/6 233/231/6 232/230/6
f 233/231/5 234/232/5 232/230/5
f 235/233/5 232/230/5 234/232/5
f 236/234/5 235/233/5 234/232/5
f 234/232/5 237/235/5 236/234/5
f 238/236/5 225/221/5 227/225/5
f 238/236/5 227/225/5 239/237/5
f 240/238/5 238/236/5 239/237/5
f 238/236/5 241/239/5 225/221/5
f 240/238/5 239/237/5 242/240/5
f 241/239/5 243/241/5 225/221/5
f 243/241/5 244/242/5 225/221/5
f 244/242/5 245/243/5 225/221/5
f 245/243/5 246/244/5 225/221/5
f 246/244/7 247/245/7 225/221/7
f 248/246/5 240/238/5 242/240/5
f 249/247/5 248/246/5 242/240/5
f 249/247/5 242/240/5 250/248/5
f 250/248/5 251/249/5 249/247/5
f 252/250/5 248/246/5 249/247/5
f 252/250/5 249/247/5 253/251/5
f 254/252/5 252/250/5 253/251/5
f 255/253/5 254/252/5 253/251/5
f 255/253/5 253/251/5 256/254/5
f 256/254/5 257/255/5 255/253/5
f 259/256/5 246/244/5 258/257/5
f 260/258/5 259/256/5 258/257/5
f 260/258/5 258/257/5 261/259/5
f 260/258/5 261/259/5 262/260/5
f 263/261/5 260/258/5 262/260/5
f 262/260/5 264/262/5 263/261/5
f 246/244/5 259/256/5 265/263/5
f 246/244/5 265/263/5 266/245/5
f 265/263/5 259/256/5 267/264/5
f 265/263/5 268/265/5 266/245/5
f 266/245/5 268/265/5 269/266/5
f 269/266/5 270/267/5 266/245/5
f 269/266/5 271/268/5 270/267/5
f 271/268/5 272/269/5 270/267/5
f 272/269/5 235/233/5 270/267/5
f 267/264/5 273/270/5 265/263/5
f 272/269/5 274/271/5 235/233/5
f 267/264/5 275/272/5 273/270/5
f 275/272/5 276/273/5 273/270/5
f 277/274/5 276/273/5 275/272/5
f 267/264/5 278/275/5 275/272/5
f 275/272/5 279/276/5 277/274/5
f 279/276/5 280/277/5 277/274/5
f 279/276/5 281/278/5 280/277/5
f 267/264/5 282/279/5 278/275/5
f 267/264/5 283/280/5 282/279/5
f 283/280/5 284/281/5 282/279/5
f 283/280/5 285/282/5 284/281/5
f 283/280/5 286/283/5 285/282/5
f 283/280/5 287/284/5 286/283/5
f 283/280/5 288/285/5 287/284/5
f 283/280/5 289/286/5 288/285/5
f 288/285/5 290/287/5 287/284/5
f 290/287/5 291/288/5 287/284/5
f 291/288/5 292/289/5 287/284/5
f 292/289/5 293/290/5 287/284/5
f 292/289/5 294/291/5 293/290/5
f 294/291/5 295/292/5 293/290/5
f 294/291/5 296/293/5 295/292/5
f 295/292/5 296/293/5 297/294/5
f 297/294/5 298/295/5 295/292/5
f 297/294/5 299/296/5 298/295/5
f 299/296/5 300/297/5 298/295/5
f 300/297/5 299/296/5 301/298/5
f 299/296/5 302/299/5 301/298/5
f 300/297/5 301/298/5 303/300/5
f 302/299/5 304/301/5 301/298/5
f 302/299/5 305/302/5 304/301/5
f 306/303/5 300/297/5 303/300/5
f 307/304/5 306/303/5 303/300/5
f 308/305/5 307/304/5 303/300/5
f 308/305/5 303/300/5 309/306/5
f 302/299/5 310/307/5 305/302/5
f 287/284/5 308/305/5 309/306/5
f 302/299/5 311/308/5 310/307/5
f 287/284/5 309/306/5 312/309/5
f 287/284/5 312/309/5 313/310/5
f 287/284/5 313/310/5 314/311/5
f 286/283/5 287/284/5 314/311/5
f 315/312/5 286/283/5 314/311/5
f 315/312/5 314/311/5 316/313/5
f 317/314/5 315/312/5 316/313/5
f 311/308/5 318/315/5 310/307/5
f 317/314/5 316/313/5 319/316/5
f 318/315/5 320/317/5 310/307/5
f 321/318/5 310/307/5 320/317/5
f 318/315/5 322/319/5 320/317/5
f 318/315/5 323/320/5 322/319/5
f 318/315/5 324/321/5 323/320/5
f 324/321/5 325/322/5 323/320/5
f 324/321/5 326/323/5 325/322/5
f 324/321/5 327/324/5 326/323/5
f 320/317/5 328/325/5 321/318/5
f 328/325/5 329/326/5 321/318/5
f 326/323/5 327/324/5 330/327/5
f 331/328/5 326/323/5 330/327/5
f 330/327/5 332/329/5 331/328/5
f 324/321/5 333/330/5 327/324/5
f 324/321/5 334/331/5 333/330/5
f 324/321/5 335/332/5 334/331/5
f 324/321/5 336/333/5 335/332/5
f 328/325/5 337/334/5 329/326/5
f 337/334/5 338/335/5 329/326/5
f 339/336/5 338/335/5 337/334/5
f 337/334/5 340/337/5 339/336/5
f 340/337/5 341/338/5 339/336/5
f 328/325/5 342/339/5 337/334/5
f 342/339/5 328/325/5 343/340/5
f 336/333/5 324/321/5 344/341/5
f 336/333/5 344/341/5 345/342/5
f 336/333/5 345/342/5 346/343/5
f 336/333/5 346/343/5 347/344/5
f 348/345/5 336/333/5 347/344/5
f 349/346/5 348/345/5 347/344/5
f 349/346/5 347/344/5 350/347/5
f 351/348/5 349/346/5 350/347/5
f 351/348/5 350/347/5 352/349/5
f 353/350/5 351/348/5 352/349/5
f 354/351/5 353/350/5 352/349/5
f 354/351/5 352/349/5 343/340/5
f 343/340/5 355/352/5 354/351/5
f 324/321/5 356/353/5 344/341/5
f 356/353/5 357/354/5 344/341/5
f 324/321/5 358/355/5 356/353/5
f 343/340/5 352/349/5 359/356/5
f 352/349/5 360/357/5 359/356/5
f 359/356/5 360/357/5 361/358/5
f 361/358/5 362/359/5 359/356/5
f 343/340/5 359/356/5 342/339/5
f 359/356/5 363/360/5 342/339/5
f 357/354/5 356/353/5 363/360/5
f 363/360/5 364/361/5 342/339/5
f 363/360/5 365/362/5 364/361/5
f 363/360/5 359/356/5 366/363/5
f 366/363/5 357/354/5 363/360/5
f 358/355/5 367/364/5 356/353/5
f 356/353/5 368/365/5 363/360/5
f 358/355/5 369/366/5 367/364/5
f 369/366/5 370/367/5 367/364/5
f 369/366/5 371/368/5 370/367/5
f 369/366/5 372/369/5 371/368/5
f 368/365/5 373/370/5 363/360/5
f 373/370/5 374/371/5 363/360/5
f 374/371/5 375/372/5 363/360/5
f 375/372/5 376/373/5 363/360/5
f 375/372/5 377/374/5 376/373/5
f 377/374/5 378/375/5 376/373/5
f 377/374/5 379/376/5 378/375/5
f 379/376/5 380/377/5 378/375/5
f 379/376/5 381/378/5 380/377/5
f 381/378/5 382/379/5 380/377/5
f 382/379/5 383/380/5 380/377/5
f 382/379/5 384/381/5 383/380/5
f 382/379/5 381/378/5 385/382/5
f 385/382/5 386/383/5 382/379/5
f 385/382/5 387/384/5 386/383/5
f 387/384/5 388/385/5 386/383/5
f 388/385/5 389/386/5 386/383/5
f 388/385/5 390/387/5 389/386/5
f 393/388/5 392/389/5 391/390/5
f 391/390/5 394/391/5 393/388/5
f 391/390/5 232/230/5 394/391/5
f 235/233/5 394/391/5 232/230/5
f 235/233/5 319/316/5 394/391/5
f 235/233/5 317/314/5 319/316/5
f 274/271/5 317/314/5 235/233/5
f 274/271/5 395/392/5 317/314/5
f 395/392/5 396/393/5 317/314/5
f 399/394/8 398/395/8 397/396/8
f 400/397/8 399/394/8 397/396/8
f 403/398/5 402/399/5 401/400/5
f 401/400/5 404/401/5 403/398/5
f 401/400/5 405/402/5 404/401/5
f 405/402/5 406/403/5 404/401/5
f 405/402/5 407/404/5 406/403/5
f 407/404/5 408/405/5 406/403/5
f 407/404/5 409/406/5 408/405/5
f 407/404/5 410/407/5 409/406/5
f 410/407/5 411/408/5 409/406/5
f 410/407/5 412/409/5 411/408/5
f 412/409/5 413/410/5 411/408/5
f 412/409/5 414/411/5 413/410/5
f 414/411/5 415/412/5 413/410/5
f 418/411/5 417/413/5 416/412/5
f 418/411/5 419/414/5 417/413/5
f 418/411/5 420/415/5 419/414/5
f 418/411/5 421/416/5 420/415/5
f 421/416/5 422/417/5 420/415/5
f 421/416/5 423/418/5 422/417/5
f 421/416/5 424/419/5 423/418/5
f 421/416/5 425/420/5 424/419/5
f 425/420/5 426/421/5 424/419/5
f 425/420/5 427/422/5 426/421/5
f 425/420/5 428/423/5 427/422/5
f 428/423/5 429/424/5 427/422/5
f 428/423/5 430/425/5 429/424/5
f 428/423/5 431/426/5 430/425/5
f 428/423/5 432/427/5 431/426/5
f 428/423/5 433/428/5 432/427/5
f 433/428/5 434/429/5 432/427/5
f 433/428/5 435/430/5 434/429/5
f 435/430/5 436/431/5 434/429/5
f 435/430/5 437/432/5 436/431/5
f 437/432/5 438/433/5 436/431/5
f 437/432/5 439/434/5 438/433/5
f 439/434/5 440/435/5 438/433/5
f 439/434/5 441/436/5 440/435/5
f 439/434/5 442/437/5 441/436/5
f 445/438/9 444/439/9 443/440/10
f 444/439/9 446/441/10 443/440/10
f 443/440/10 446/441/10 447/442/11
f 446/441/10 448/443/11 447/442/11
f 447/442/11 448/443/11 449/444/12
f 448/443/11 450/445/12 449/444/12
f 449/444/12 450/445/12 451/446/13
f 450/445/12 452/447/13 451/446/13
f 451/446/14 452/447/14 453/448/15
f 452/447/14 454/449/15 453/448/15
f 453/448/15 454/449/15 455/450/16
f 454/449/15 456/451/16 455/450/16
f 459/452/17 458/439/18 457/438/18
f 460/453/17 459/452/17 457/438/18
f 461/454/19 459/452/17 460/453/17
f 462/455/19 461/454/19 460/453/17
f 463/456/20 461/454/21 462/455/21
f 464/457/20 463/456/20 462/455/21
f 465/458/22 463/456/20 464/457/20
f 466/459/22 465/458/22 464/457/20
f 467/460/23 465/458/22 466/459/22
f 468/461/23 467/460/23 466/459/22
f 471/462/24 470/463/24 469/464/25
f 470/463/24 472/465/25 469/464/25
f 469/464/26 472/465/26 473/466/27
f 472/465/26 474/467/27 473/466/27
f 473/466/27 474/467/27 475/468/28
f 474/467/27 476/469/28 475/468/28
f 475/468/28 476/469/28 477/470/29
f 476/469/28 478/471/29 477/470/29
f 477/470/30 478/471/30 479/472/31
f 478/471/30 480/473/31 479/472/31
f 483/472/32 482/473/32 481/474/33
f 482/473/32 484/475/33 481/474/33
f 481/474/33 484/475/33 485/476/34
f 484/475/33 486/477/34 485/476/34
f 485/476/34 486/477/34 487/478/35
f 486/477/34 488/479/35 487/478/35
f 487/478/35 488/479/35 489/480/36
f 488/479/35 490/481/36 489/480/36
f 489/480/36 490/481/36 491/482/37
f 490/481/36 492/483/37 491/482/37
f 491/482/37 492/483/37 493/484/38
f 492/483/37 494/485/38 493/484/38
f 493/484/38 494/485/38 495/486/39
f 494/485/38 496/487/39 495/486/39
f 499/486/39 498/487/39 497/488/40
f 498/487/39 500/489/40 497/488/40
f 497/488/41 500/489/41 501/490/42
f 500/489/41 502/491/42 501/490/42
f 501/490/43 502/491/43 503/492/44
f 502/491/43 504/493/44 503/492/45
f 503/492/45 504/493/45 505/494/46
f 504/493/45 506/495/46 505/494/46
f 505/494/47 506/495/47 507/496/48
f 506/495/47 508/497/48 507/496/48
f 507/496/48 508/497/48 509/498/49
f 508/497/48 510/499/49 509/498/49
f 509/498/49 510/499/49 511/500/50
f 510/499/49 512/501/50 511/500/50
f 515/502/50 514/503/51 513/504/51
f 516/505/50 515/502/50 513/504/51
f 519/504/51 518/503/51 517/506/52
f 518/503/51 520/507/52 517/506/52
f 517/506/53 520/507/53 521/508/54
f 520/507/53 522/509/54 521/508/54
f 521/508/54 522/509/54 523/510/55
f 522/509/54 524/511/55 523/510/55
f 523/510/55 524/511/55 525/512/56
f 524/511/55 526/513/56 525/512/56
f 525/512/56 526/513/56 527/514/57
f 526/513/56 528/515/57 527/514/57
f 527/514/57 528/515/57 529/516/58
f 528/515/57 530/517/59 529/516/59
f 529/516/59 530/517/59 531/518/60
f 530/517/59 532/519/60 531/518/60
f 531/518/60 532/519/60 533/461/23
f 532/519/60 534/460/23 533/461/23
f 537/520/61 536/521/61 535/522/62
f 536/521/61 538/523/62 535/522/62
f 535/522/62 538/523/62 539/524/63
f 538/523/62 540/525/63 539/524/63
f 543/526/64 542/527/64 541/528/64
f 544/529/64 543/526/64 541/528/64
f 547/530/65 546/531/66 545/532/66
f 548/533/65 547/530/65 545/532/66
f 549/534/67 547/530/65 548/533/65
f 550/535/67 549/534/67 548/533/65
f 551/536/68 549/534/67 550/535/67
f 552/537/68 551/536/68 550/535/67
f 553/538/69 551/536/68 552/537/68
f 554/539/69 553/538/69 552/537/68
f 557/540/70 556/541/70 555/542/71
f 556/541/70 558/543/71 555/542/71
f 555/542/72 558/543/72 559/539/73
f 558/543/72 560/538/73 559/539/73
f 563/544/74 562/545/74 561/546/75
f 562/545/74 564/547/75 561/546/75
f 561/546/75 564/547/75 565/548/76
f 564/547/75 566/549/76 565/548/76
f 569/550/77 568/551/77 567/552/78
f 568/551/79 570/553/78 567/552/78
f 567/552/78 570/553/78 571/554/80
f 570/553/78 572/555/80 571/554/80
f 571/554/80 572/555/80 573/556/81
f 572/555/80 574/557/81 573/556/81
f 577/558/82 576/559/83 575/560/83
f 578/561/82 577/558/82 575/560/83
f 579/562/84 577/558/85 578/561/85
f 580/563/84 579/562/84 578/561/85
f 583/548/86 582/549/86 581/564/87
f 582/549/86 584/565/87 581/564/87
f 581/564/87 584/565/87 585/566/88
f 584/565/87 586/567/88 585/566/88
f 585/566/89 586/567/89 587/568/90
f 586/567/89 588/569/90 587/568/90
f 587/568/90 588/569/90 589/570/91
f 588/569/90 590/571/92 589/570/92
f 593/572/93 592/573/93 591/574/94
f 592/573/93 594/575/94 591/574/94
f 591/574/94 594/575/94 595/576/95
f 594/575/94 596/577/95 595/576/95
f 595/576/95 596/577/95 597/578/96
f 596/577/95 598/579/96 597/578/96
f 597/578/96 598/579/96 599/580/97
f 598/579/96 600/581/97 599/580/97
f 603/582/98 602/583/99 601/584/99
f 604/585/98 603/582/98 601/584/99
f 605/586/100 603/582/98 604/585/98
f 606/587/100 605/586/100 604/585/98
f 609/584/101 608/583/101 607/588/102
f 608/583/101 610/589/102 607/588/102
f 607/588/102 610/589/102 611/590/103
f 610/589/102 612/591/103 611/590/103
f 615/592/104 614/593/104 613/594/105
f 614/593/104 616/595/105 613/594/105
f 613/594/105 616/595/105 617/596/106
f 616/595/105 618/597/106 617/596/106
f 617/596/107 618/597/107 619/598/108
f 618/597/107 620/599/108 619/598/108
f 619/598/108 620/599/108 621/600/109
f 620/599/108 622/601/109 621/600/109
f 621/600/109 622/601/109 623/602/110
f 622/601/111 624/603/112 623/602/112
f 623/602/113 624/603/113 625/604/114
f 624/603/113 626/605/114 625/604/114
f 629/570/92 628/571/91 627/606/115
f 628/571/92 630/607/115 627/606/115
f 627/606/115 630/607/115 631/563/116
f 630/607/115 632/562/116 631/563/116
f 635/590/117 634/591/117 633/608/118
f 634/591/117 636/609/118 633/608/118
f 633/608/118 636/609/118 637/610/119
f 636/609/118 638/611/119 637/610/119
f 637/610/119 638/611/119 639/592/104
f 638/611/119 640/593/104 639/592/104
f 643/612/120 642/613/121 641/614/121
f 644/615/120 643/612/120 641/614/121
f 645/616/122 643/612/120 644/615/120
f 646/617/122 645/616/122 644/615/120
f 647/618/123 645/616/122 646/617/122
f 648/619/123 647/618/123 646/617/122
f 649/620/124 647/618/125 648/619/125
f 650/621/126 649/620/126 648/619/123
f 651/622/127 649/620/124 650/621/124
f 652/623/127 651/622/127 650/621/126
f 655/614/128 654/613/128 653/624/129
f 654/613/128 656/625/129 653/624/129
f 653/624/129 656/625/129 657/626/130
f 656/625/129 658/627/130 657/626/130
f 657/626/130 658/627/130 659/628/131
f 658/627/132 660/629/133 659/628/133
f 659/628/133 660/629/133 661/630/134
f 660/629/133 662/631/134 661/630/134
f 661/630/134 662/631/134 663/632/135
f 662/631/134 664/633/135 663/632/135
f 667/634/136 666/635/136 665/636/137
f 666/635/136 668/637/137 665/636/137
f 665/636/138 668/637/138 669/638/139
f 668/637/138 670/639/139 669/638/139
f 669/638/139 670/639/139 671/640/140
f 670/639/139 672/641/140 671/640/140
f 671/640/140 672/641/140 673/642/141
f 672/641/140 674/643/141 673/642/141
f 677/644/142 676/645/143 675/646/143
f 678/647/142 677/644/142 675/646/143
f 679/648/144 677/644/145 678/647/145
f 680/649/144 679/648/144 678/647/145
f 681/605/114 679/648/146 680/649/146
f 682/604/114 681/605/114 680/649/146
f 685/650/147 684/217/148 683/220/148
f 686/651/147 685/650/147 683/220/148
f 687/633/149 685/650/150 686/651/150
f 688/632/149 687/633/149 686/651/150
f 691/395/151 690/652/151 689/653/151
f 692/396/151 691/395/151 689/653/151
f 695/654/152 694/635/153 693/634/153
f 696/655/152 695/654/154 693/634/153
f 695/654/155 696/655/155 697/656/156
f 695/654/154 697/656/156 698/532/156
f 698/532/156 699/531/156 695/654/154
f 702/560/157 701/559/157 700/657/158
f 701/559/157 703/658/158 700/657/158
f 700/657/158 703/658/158 704/659/159
f 703/658/158 705/660/159 704/659/159
f 704/659/159 705/660/159 706/572/93
f 705/660/160 707/573/93 706/572/93
f 710/646/161 709/645/161 708/661/162
f 709/645/161 711/662/162 708/661/162
f 708/661/162 711/662/162 712/623/163
f 711/662/162 713/622/163 712/623/163
f 716/581/164 715/394/164 714/397/164
f 717/580/164 716/581/164 714/397/164
f 720/663/165 719/664/165 718/665/166
f 719/664/165 721/666/166 718/665/166
f 718/665/167 721/666/167 722/529/168
f 721/666/167 723/526/168 722/529/168
f 726/667/169 725/668/169 724/669/170
f 725/668/169 727/670/170 724/669/170
f 724/669/170 727/670/170 728/671/171
f 727/670/170 729/672/171 728/671/171
f 728/671/171 729/672/171 730/673/172
f 729/672/171 731/674/172 730/673/172
f 730/673/172 731/674/172 732/675/173
f 731/674/172 733/676/173 732/675/173
f 732/675/173 733/676/173 734/677/174
f 733/676/173 735/678/174 734/677/174
f 734/677/174 735/678/174 736/679/175
f 735/678/174 737/680/175 736/679/175
f 736/679/175 737/680/175 738/681/176
f 737/680/175 739/682/176 738/681/176
f 738/681/176 739/682/176 740/683/177
f 739/682/176 741/684/177 740/683/177
f 740/683/177 741/684/177 742/685/178
f 741/684/177 743/686/178 742/685/178
f 746/687/179 745/688/180 744/689/180
f 747/690/179 746/687/179 744/689/180
f 748/686/181 746/687/182 747/690/182
f 749/685/181 748/686/181 747/690/182
f 752/691/183 751/692/183 750/693/183
f 750/693/183 753/694/184 752/691/183
f 750/693/183 754/695/184 753/694/185
f 753/694/184 754/695/184 755/696/186
f 754/695/184 756/697/186 755/696/186
f 755/696/186 756/697/186 757/698/187
f 756/697/186 758/699/187 757/698/187
f 757/698/188 758/699/188 759/700/189
f 758/699/188 760/701/189 759/700/189
f 763/652/190 762/702/190 761/703/190
f 764/653/190 763/652/190 761/703/190
f 767/525/191 766/664/191 765/663/191
f 768/524/191 767/525/191 765/663/191
f 771/689/192 770/688/192 769/704/192
f 769/704/192 772/705/193 771/689/192
f 772/705/193 773/706/193 771/689/192
f 773/706/193 772/705/193 774/707/194
f 772/705/193 775/708/194 774/707/194
f 774/707/194 775/708/194 776/709/195
f 775/708/194 777/710/195 776/709/195
f 776/709/196 777/710/196 778/711/197
f 777/710/196 779/712/197 778/711/197
f 778/711/197 779/712/197 780/587/198
f 779/712/197 781/586/198 780/587/198
f 784/528/199 783/527/199 782/713/200
f 783/527/201 785/714/200 782/713/200
f 782/713/200 785/714/200 786/715/202
f 785/714/203 787/716/202 786/715/202
f 790/556/204 789/557/204 788/717/205
f 789/557/204 791/718/205 788/717/205
f 788/717/205 791/718/205 792/719/206
f 791/718/205 793/720/206 792/719/206
f 792/719/206 793/720/206 794/721/207
f 793/720/206 795/722/208 794/721/208
f 794/721/208 795/722/208 796/723/209
f 795/722/208 797/724/209 796/723/209
f 800/725/210 799/726/211 798/727/211
f 801/728/210 800/725/210 798/727/211
f 802/724/212 800/725/210 801/728/210
f 803/723/212 802/724/212 801/728/210
f 806/729/213 805/730/214 804/731/214
f 807/732/213 806/729/213 804/731/214
f 808/733/215 806/729/213 807/732/213
f 809/734/215 808/733/215 807/732/213
f 812/735/216 811/736/216 810/737/217
f 811/736/216 813/738/217 810/737/217
f 810/737/217 813/738/217 814/739/218
f 813/738/217 815/740/218 814/739/218
f 818/741/219 817/733/220 816/734/220
f 819/742/219 818/741/219 816/734/220
f 820/743/221 818/741/219 819/742/219
f 821/744/221 820/743/221 819/742/219
f 822/745/222 820/743/221 821/744/221
f 823/746/222 822/745/222 821/744/221
f 824/747/223 822/745/222 823/746/222
f 825/748/223 824/747/223 823/746/222
f 828/749/224 827/692/225 826/691/225
f 829/750/226 828/749/226 826/691/225
f 830/751/227 828/749/226 829/750/226
f 831/752/227 830/751/227 829/750/228
f 834/753/229 833/751/230 832/752/230
f 835/754/229 834/753/229 832/752/230
f 836/755/231 834/753/232 835/754/232
f 837/756/231 836/755/231 835/754/232
f 840/757/233 839/747/234 838/748/234
f 841/758/233 840/757/233 838/748/234
f 842/740/235 840/757/233 841/758/233
f 843/739/235 842/740/235 841/758/233
f 846/759/236 845/755/237 844/756/237
f 847/760/236 846/759/236 844/756/237
f 848/761/238 846/759/236 847/760/236
f 849/762/238 848/761/238 847/760/236
f 850/763/239 848/761/238 849/762/238
f 851/764/239 850/763/239 849/762/238
f 852/765/240 850/763/239 851/764/239
f 853/766/240 852/765/240 851/764/239
f 854/767/241 852/765/242 853/766/242
f 855/768/241 854/767/241 853/766/242
f 858/769/243 857/767/241 856/768/241
f 859/770/243 858/769/243 856/768/241
f 860/771/244 858/769/245 859/770/245
f 861/772/244 860/771/244 859/770/245
f 862/773/246 860/771/247 861/772/247
f 863/774/246 862/773/246 861/772/247
f 864/775/248 862/773/249 863/774/249
f 865/776/248 864/775/248 863/774/249
f 866/777/250 864/775/248 865/776/248
f 867/778/250 866/777/250 865/776/248
f 868/779/251 866/777/250 867/778/250
f 869/780/251 868/779/251 867/778/250
f 870/781/252 868/779/251 869/780/251
f 871/782/252 870/781/252 869/780/251
f 874/783/253 873/784/253 872/785/254
f 873/784/253 875/786/254 872/785/254
f 872/785/254 875/786/254 876/787/255
f 875/786/254 877/788/255 876/787/255
f 876/787/256 877/788/256 878/789/257
f 877/788/256 879/790/257 878/789/257
f 878/789/257 879/790/257 880/791/258
f 879/790/257 881/792/258 880/791/258
f 880/791/259 881/792/259 882/793/260
f 881/792/259 883/794/260 882/793/260
f 886/795/261 885/796/261 884/797/262
f 885/796/261 887/798/262 884/797/262
f 884/797/263 887/798/263 888/799/264
f 887/798/263 889/800/264 888/799/264
f 892/801/265 891/802/265 890/803/266
f 891/802/265 893/804/266 890/803/266
f 890/803/266 893/804/266 894/805/267
f 893/804/266 895/806/267 894/805/267
f 894/805/267 895/806/267 896/807/268
f 895/806/267 897/808/268 896/807/268
f 896/807/268 897/808/268 898/809/269
f 897/808/268 899/810/269 898/809/269
f 898/809/269 899/810/269 900/811/270
f 899/810/269 901/812/270 900/811/270
f 904/813/271 903/802/272 902/801/272
f 905/814/271 904/813/271 902/801/272
f 906/815/273 904/813/271 905/814/271
f 907/816/273 906/815/273 905/814/271
f 908/817/274 906/815/273 907/816/273
f 909/818/274 908/817/274 907/816/273
f 910/819/275 908/817/274 909/818/274
f 911/820/275 910/819/275 909/818/274
f 912/821/276 910/819/275 911/820/275
f 913/822/276 912/821/276 911/820/275
f 916/823/277 915/821/277 914/822/277
f 917/824/277 916/823/277 914/822/277
f 920/799/278 919/800/278 918/825/279
f 919/800/280 921/826/279 918/825/279
f 918/825/279 921/826/279 922/827/281
f 921/826/279 923/828/281 922/827/281
f 922/827/281 923/828/281 924/824/282
f 923/828/281 925/823/282 924/824/282
f 928/829/283 927/830/284 926/831/284
f 929/832/283 928/829/283 926/831/284
f 930/730/285 928/829/286 929/832/286
f 931/731/285 930/730/285 929/832/286
f 934/830/287 933/833/287 932/834/287
f 935/831/288 934/830/288 932/834/288
f 938/835/289 937/736/290 936/735/290
f 939/836/289 938/835/289 936/735/290
f 940/794/260 938/835/289 939/836/289
f 941/793/260 940/794/260 939/836/289
f 944/837/291 943/781/292 942/782/292
f 945/838/291 944/837/291 942/782/292
f 946/812/293 944/837/291 945/838/291
f 947/811/293 946/812/293 945/838/291
f 950/839/294 949/840/295 948/841/295
f 951/842/294 950/839/294 948/841/295
f 952/833/296 950/839/294 951/842/294
f 953/834/296 952/833/296 951/842/294
f 956/843/297 955/844/298 954/845/297
f 957/846/299 956/843/297 954/845/297
f 958/847/299 957/846/299 954/845/297
f 959/848/300 957/846/299 958/847/299
f 960/849/300 959/848/300 958/847/299
f 963/843/297 962/668/169 961/667/169
f 961/667/169 964/844/298 963/843/297
f 967/727/301 966/726/301 965/850/302
f 966/726/301 968/851/302 965/850/302
f 965/850/302 968/851/302 969/852/303
f 968/851/302 970/853/303 969/852/303
f 969/852/304 970/853/304 971/854/305
f 971/854/306 972/855/306 969/852/303
f 971/854/306 973/856/306 972/855/306
f 976/857/307 975/858/24 974/859/24
f 977/860/307 976/857/307 974/859/24
f 980/861/308 979/862/308 978/863/309
f 979/862/308 981/864/309 978/863/309
f 978/863/310 981/864/310 982/865/311
f 981/864/310 983/866/311 982/865/311
f 982/865/311 983/866/311 984/867/312
f 983/866/311 985/868/312 984/867/312
f 984/867/312 985/868/312 986/869/313
f 985/868/312 987/870/313 986/869/313
f 986/869/313 987/870/313 988/871/314
f 987/870/313 989/872/314 988/871/314
f 988/871/315 989/872/315 990/849/316
f 989/872/315 991/848/316 990/849/316
f 994/700/317 993/701/317 992/873/318
f 993/701/317 995/874/318 992/873/318
f 992/873/318 995/874/318 996/861/319
f 995/874/318 997/862/319 996/861/319
o Mesh_Cutout_Bendy_#704583.001
v -0.206973 5.383782 0.212237
v -0.113006 5.160690 0.212238
v -0.044761 4.825744 0.212238
v -0.327569 5.582428 0.212237
v -0.047374 4.502013 0.212238
v -0.481852 5.750238 0.212237
v -0.118455 4.197644 0.212238
v -0.659788 5.888235 0.212236
v -0.867458 6.005409 0.212236
v -0.265242 3.924262 0.212239
v -1.112895 6.079986 0.212236
v -0.456463 3.679558 0.212239
v -1.394122 6.116973 0.212236
v -0.718613 3.482126 0.212239
v -1.359505 5.972653 0.212236
v -0.718613 3.482126 0.212239
v -1.372132 5.846194 0.212236
v -1.359505 5.972653 0.212236
v -1.416930 5.743345 0.212236
v -1.490868 5.654891 0.212236
v -1.039672 3.336625 0.212239
v -1.577480 5.587215 0.212236
v -1.670662 5.535072 0.212236
v -1.853608 5.467969 0.212236
v -1.359727 3.277475 0.212239
v -1.954892 5.447224 0.212236
v -2.186217 5.460025 0.212236
v -1.670886 3.288381 0.212238
v -2.277861 5.505701 0.212236
v -2.386225 5.598954 0.212236
v -2.469970 5.717194 0.212236
v -2.639869 5.529528 0.212236
v -1.975022 3.356918 0.212238
v -2.772380 5.334912 0.212236
v -2.254815 3.498002 0.212238
v -2.868921 5.130862 0.212236
v -2.501852 3.696690 0.212238
v -2.927595 4.918561 0.212236
v -2.706081 3.947245 0.212237
v -2.946506 4.699186 0.212236
v -2.923755 4.473917 0.212237
v -2.847466 4.247268 0.212237
v 0.009782 2.526156 0.212241
v 0.059919 2.411522 0.212241
v 0.122353 2.099414 0.212241
v -1.045083 3.324707 0.212239
v -0.088519 2.717986 0.212240
v -0.393540 1.313239 0.212242
v 0.103212 1.852885 0.212242
v -0.227539 3.098081 0.212240
v 0.047310 2.548881 0.212241
v 0.192607 2.265698 0.212241
v -0.052911 3.028883 0.212240
v 0.243790 2.122439 0.212241
v 0.255979 2.793595 0.212241
v 0.404124 1.499018 0.212242
v 0.220054 2.095462 0.212241
v 0.403871 2.630204 0.212241
v 0.200796 2.056251 0.212241
v 0.431200 1.162064 0.212243
v 0.614523 2.286167 0.212241
v 0.659728 2.303891 0.212241
v 0.400263 1.409057 0.212242
v 0.336344 1.381990 0.212242
v 0.366907 1.562115 0.212242
v 0.764592 2.135381 0.212242
v 0.885149 2.068657 0.212242
v 0.714528 2.292242 0.212241
v 0.745253 2.231894 0.212241
v 0.375250 1.481921 0.212242
v 1.006411 1.955598 0.212242
v 0.218153 1.971259 0.212241
v 0.200788 2.011441 0.212241
v 0.156370 1.923855 0.212241
v 0.343986 1.417645 0.212242
v 0.275352 1.380442 0.212242
v 0.201997 1.394367 0.212242
v 0.027879 1.665603 0.212242
v 0.123710 1.461409 0.212242
v 0.058622 1.571527 0.212242
v -0.028443 1.570482 0.212242
v 1.089159 1.672934 0.212242
v 1.073958 1.819472 0.212242
v 1.059717 1.546845 0.212242
v 1.014031 1.435706 0.212242
v 1.015821 1.328269 0.212242
v 0.988735 1.230255 0.212243
v 0.944227 1.164912 0.212243
v 0.880641 1.128231 0.212243
v -0.359963 1.327213 0.212242
v 0.101121 1.000308 0.212243
v 0.719454 1.138107 0.212243
v 0.793141 1.121538 0.212243
v 0.696195 1.084831 0.212243
v 0.629574 1.034494 0.212243
v 0.163710 0.427438 0.212243
v 0.149329 1.012113 0.212243
v 0.181904 0.989838 0.212243
v 0.207132 0.926126 0.212243
v 0.048529 0.395236 0.212243
v -0.011912 0.387456 0.212243
v -0.204040 0.898506 0.212243
v -0.060546 0.400544 0.212243
v -0.233033 0.873052 0.212243
v -0.097705 0.464789 0.212243
v -0.238497 0.850307 0.212243
v -0.147371 0.582394 0.212243
v -0.097975 0.385086 0.212243
v -0.259218 0.863853 0.212243
v -0.144021 0.350871 0.212243
v -0.287773 0.861367 0.212243
v 0.287242 0.358055 0.212243
v 0.204414 0.370278 0.212243
v 0.425665 0.372633 0.212243
v 0.271372 0.980269 0.212243
v 0.392321 1.038550 0.212243
v -1.083095 1.650586 0.212241
v -0.432070 1.303126 0.212242
v -0.858969 1.322288 0.212242
v -0.313589 0.261382 0.212243
v -1.104764 3.307419 0.212240
v -1.174757 3.276862 0.212240
v -1.211112 3.248879 0.212240
v -1.236307 3.206775 0.212240
v -1.333879 3.181855 0.212240
v -1.462038 3.128641 0.212240
v -1.561266 3.050286 0.212240
v -1.091668 1.452878 0.212242
v -1.648375 2.939882 0.212240
v -0.596488 0.776789 0.212243
v -0.332304 0.197451 0.212243
v -0.926848 1.345987 0.212242
v -0.386465 0.139410 0.212243
v -0.656596 0.742471 0.212243
v -0.633321 0.652119 0.212243
v -0.800206 -0.025112 0.212243
v -0.727478 0.656339 0.212243
v -0.838206 0.640754 0.212243
v -0.939591 0.931452 0.212242
v -0.884317 0.892438 0.212242
v -0.821729 0.735870 0.212243
v -0.844428 0.821763 0.212242
v -1.007472 0.935826 0.212242
v -1.075762 0.915822 0.212242
v -1.116238 0.967633 0.212242
v -1.139729 1.033493 0.212242
v -1.343012 1.581053 0.212241
v -1.307919 1.560765 0.212241
v -1.282663 1.530031 0.212241
v -1.264676 1.483412 0.212241
v -1.089659 0.976720 0.212242
v -1.032385 0.957171 0.212242
v -1.189349 1.480868 0.212241
v -0.944181 0.973535 0.212242
v -0.904042 1.021603 0.212242
v -0.885590 1.125166 0.212242
v -0.890467 1.259476 0.212242
v -1.055154 0.482993 0.212243
v -0.919788 -0.046520 0.212243
v -1.378225 1.578594 0.212241
v -1.094728 0.407031 0.212243
v -1.019017 -0.028294 0.212243
v -1.108141 0.321257 0.212243
v -1.107885 0.214855 0.212243
v -1.077548 0.075750 0.212243
v -1.803683 1.886989 0.212241
v -1.126498 0.485784 0.212243
v -1.162520 0.524210 0.212243
v -1.225156 0.453900 0.212243
v -1.288597 0.413410 0.212243
v -1.457824 1.883772 0.212241
v -1.368211 0.403080 0.212243
v -1.764657 1.495476 0.212241
v -1.444355 0.425472 0.212243
v -1.822184 1.473238 0.212241
v -1.504024 0.473772 0.212243
v -1.808579 1.299356 0.212242
v -1.858051 1.430401 0.212241
v -1.847739 1.370564 0.212241
v -1.568469 0.569648 0.212242
v -1.871609 1.142521 0.212242
v -1.673340 0.633397 0.212242
v -1.775432 0.724810 0.212242
v -1.891402 0.988337 0.212242
v -1.854287 0.842824 0.212242
v -1.788957 2.104876 0.212241
v -1.741434 2.316028 0.212240
v -1.681594 2.477522 0.212240
v -1.482002 2.036881 0.212241
v -1.478287 2.305150 0.212240
v -1.571211 2.667021 0.212240
v -1.233559 1.611286 0.212241
v -1.320993 1.761243 0.212241
v -1.427123 2.043767 0.212241
v -1.704555 2.834631 0.212240
v -1.664974 2.717532 0.212240
v -1.712506 2.779078 0.212240
v -0.230477 3.339844 0.212240
v -0.176306 3.283215 0.212240
v -0.195962 3.187764 0.212240
v -0.347203 3.394419 0.212240
v -0.800055 3.340329 0.212240
v -0.481167 3.416207 0.212240
v -0.604228 3.414325 0.212240
v -0.721940 3.378486 0.212240
v -0.848533 3.363644 0.212240
v -0.907118 3.366265 0.212240
v 0.316449 1.103477 0.212243
v 0.278235 1.196915 0.212242
v 0.267231 1.264526 0.212242
v 0.288254 1.341828 0.212242
v 0.780295 0.487388 0.212243
v 0.706217 0.999305 0.212243
v 0.894835 0.553608 0.212243
v 0.771208 0.941699 0.212243
v 0.835804 0.853982 0.212243
v 0.933326 0.624959 0.212243
v 0.900562 0.736520 0.212243
v -0.147371 0.582394 0.212243
v -0.147371 0.582394 0.038805
v -0.097975 0.385085 0.038806
v -0.097975 0.385086 0.212243
v 0.220054 2.095462 0.038804
v 0.200796 2.056251 0.038804
v 0.200788 2.011441 0.038804
v 0.243790 2.122439 0.038804
v 0.525494 2.448707 0.038804
v 0.403871 2.630204 0.038803
v 0.255979 2.793595 0.038803
v -0.052911 3.028883 0.038803
v 0.192607 2.265697 0.038804
v -0.227539 3.098081 0.038803
v 0.047310 2.548881 0.038803
v -0.088519 2.717986 0.038803
v 0.103212 1.852885 0.038804
v 0.122353 2.099414 0.038804
v 0.059919 2.411522 0.038803
v 0.944227 1.164912 0.038805
v 0.614523 2.286167 0.038804
v 0.988735 1.230255 0.038805
v 0.880641 1.128231 0.038805
v 0.659728 2.303891 0.038804
v 0.793141 1.121538 0.038805
v 0.719454 1.138107 0.038805
v 0.696195 1.084831 0.038805
v 0.629574 1.034494 0.038805
v 0.218153 1.971259 0.038804
v 1.015821 1.328269 0.038805
v 0.764592 2.135381 0.038804
v 0.714528 2.292242 0.038804
v 0.745253 2.231894 0.038804
v 1.014031 1.435706 0.038805
v 0.885149 2.068657 0.038804
v 1.059717 1.546845 0.038805
v 1.089159 1.672934 0.038805
v 1.006412 1.955597 0.038804
v 1.073958 1.819472 0.038805
v 0.706217 0.999305 0.038805
v 0.780295 0.487388 0.038806
v 0.894835 0.553608 0.038806
v 0.771208 0.941699 0.038805
v 0.835804 0.853982 0.038805
v 0.933326 0.624959 0.038806
v 0.900562 0.736520 0.038806
v 0.404124 1.499018 0.038805
v 0.218153 1.971259 0.038804
v 0.425665 0.372633 0.038806
v 0.366907 1.562115 0.038805
v 0.375250 1.481921 0.038805
v 0.156370 1.923854 0.038804
v 0.343986 1.417645 0.038805
v 0.275352 1.380442 0.038805
v 0.400263 1.409057 0.038805
v 0.201997 1.394367 0.038805
v 0.392321 1.038549 0.038805
v 0.336344 1.381989 0.038805
v 0.288254 1.341828 0.038805
v 0.271372 0.980269 0.038805
v 0.316449 1.103477 0.038805
v 0.267231 1.264525 0.038805
v 0.278235 1.196915 0.038805
v 0.207132 0.926126 0.038805
v 0.287242 0.358055 0.038806
v 0.181904 0.989838 0.038805
v 0.149329 1.012113 0.038805
v 0.101121 1.000308 0.038805
v -0.204040 0.898506 0.038805
v 0.163710 0.427438 0.038806
v 0.204414 0.370278 0.038806
v 0.048529 0.395236 0.038806
v -0.011912 0.387456 0.038806
v -0.060546 0.400544 0.038806
v -0.233033 0.873052 0.038805
v -0.097705 0.464789 0.038805
v -0.238497 0.850307 0.038805
v -0.147371 0.582394 0.038805
v -0.097975 0.385085 0.038806
v -0.259218 0.863853 0.038805
v -0.144021 0.350871 0.038806
v -0.287773 0.861367 0.038805
v -1.174757 3.276862 0.038802
v -0.313589 0.261382 0.038806
v -1.104764 3.307419 0.038802
v -1.211112 3.248879 0.038802
v -1.236307 3.206775 0.038802
v -0.432070 1.303126 0.038805
v -0.393540 1.313239 0.038805
v -0.359963 1.327213 0.038805
v -0.907118 3.366265 0.038802
v -1.333879 3.181855 0.038802
v -0.332304 0.197450 0.038806
v -0.848533 3.363644 0.038802
v -0.800055 3.340329 0.038802
v -0.721940 3.378486 0.038802
v -0.028443 1.570482 0.038804
v -0.604228 3.414325 0.038802
v 0.027879 1.665603 0.038804
v -0.386465 0.139410 0.038806
v -0.481167 3.416207 0.038802
v -0.596488 0.776789 0.038805
v -1.462038 3.128641 0.038802
v -0.656596 0.742471 0.038805
v -0.633321 0.652119 0.038805
v -0.800206 -0.025112 0.038806
v -0.727478 0.656339 0.038805
v -0.838206 0.640754 0.038805
v -0.939591 0.931452 0.038805
v -0.858969 1.322288 0.038804
v -1.561266 3.050286 0.038802
v -0.884317 0.892438 0.038805
v -0.821729 0.735870 0.038805
v -0.844428 0.821763 0.038805
v -1.007472 0.935826 0.038805
v -1.075762 0.915822 0.038805
v -1.116238 0.967633 0.038805
v -1.139729 1.033493 0.038805
v -1.571211 2.667021 0.038803
v -1.648375 2.939882 0.038802
v -1.704555 2.834631 0.038802
v -1.664974 2.717532 0.038803
v -1.712506 2.779078 0.038802
v -1.621282 2.577826 0.038803
v -0.926848 1.345987 0.038804
v -1.343012 1.581053 0.038804
v -1.307919 1.560765 0.038804
v -1.282663 1.530031 0.038804
v -1.264676 1.483412 0.038804
v -1.089659 0.976720 0.038805
v -1.032385 0.957171 0.038805
v -1.189349 1.480868 0.038804
v -0.944181 0.973535 0.038805
v -1.091668 1.452878 0.038804
v -0.904042 1.021603 0.038805
v -0.885590 1.125166 0.038805
v -0.890467 1.259475 0.038804
v -1.055154 0.482993 0.038805
v -1.378225 1.578594 0.038804
v -0.919788 -0.046520 0.038806
v -1.478287 2.305150 0.038803
v -1.233559 1.611286 0.038804
v -1.320993 1.761243 0.038804
v -1.427123 2.043767 0.038803
v -1.788957 2.104876 0.038803
v -1.681594 2.477522 0.038803
v -1.741434 2.316028 0.038803
v -1.482002 2.036881 0.038803
v -1.094728 0.407031 0.038805
v -1.126498 0.485784 0.038805
v -1.019017 -0.028294 0.038806
v -1.108140 0.321257 0.038805
v -1.107885 0.214855 0.038805
v -1.077548 0.075750 0.038806
v -1.162520 0.524210 0.038805
v -1.225156 0.453900 0.038805
v -1.288597 0.413410 0.038805
v -1.803683 1.886989 0.038803
v -1.368211 0.403080 0.038805
v -1.764657 1.495476 0.038804
v -1.444355 0.425472 0.038805
v -1.822184 1.473238 0.038804
v -1.504024 0.473772 0.038805
v -1.808579 1.299356 0.038804
v -1.858051 1.430401 0.038804
v -1.847739 1.370564 0.038804
v -1.568469 0.569648 0.038805
v -1.871609 1.142521 0.038804
v -1.673340 0.633397 0.038805
v -1.775432 0.724810 0.038805
v -1.891402 0.988337 0.038804
v -1.854287 0.842824 0.038805
v -0.195962 3.187764 0.038803
v -0.176306 3.283215 0.038802
v -0.230477 3.339844 0.038802
v -0.347203 3.394419 0.038802
v 0.123710 1.461409 0.038805
v 0.058622 1.571527 0.038804
v -0.596488 0.776789 0.212243
v -0.596488 0.776789 0.038805
v -0.858969 1.322288 0.038804
v -0.858969 1.322288 0.212242
v -0.044761 4.825744 0.038800
v -0.113006 5.160690 0.038800
v -0.206973 5.383782 0.038800
v -0.327569 5.582428 0.038799
v -0.047374 4.502013 0.038801
v -0.481852 5.750238 0.038799
v -0.118455 4.197644 0.038801
v -0.659788 5.888235 0.038799
v -0.867458 6.005409 0.038799
v -0.265242 3.924262 0.038801
v -1.112895 6.079986 0.038798
v -0.456463 3.679558 0.038801
v -1.394122 6.116973 0.038798
v -0.718613 3.482126 0.038801
v -1.359505 5.972653 0.038798
v -1.359505 5.972653 0.038798
v -1.372132 5.846194 0.038798
v -0.718613 3.482126 0.038801
v -1.416930 5.743345 0.038798
v -1.490868 5.654891 0.038799
v -1.039672 3.336625 0.038801
v -1.577480 5.587215 0.038799
v -1.670662 5.535072 0.038799
v -1.853608 5.467969 0.038799
v -1.359727 3.277475 0.038801
v -1.954892 5.447224 0.038799
v -2.186217 5.460025 0.038798
v -1.670886 3.288381 0.038801
v -2.277861 5.505701 0.038798
v -2.386225 5.598954 0.038798
v -2.469970 5.717194 0.038798
v -2.639869 5.529528 0.038798
v -1.975022 3.356918 0.038801
v -2.772380 5.334912 0.038798
v -2.254815 3.498002 0.038800
v -2.868921 5.130862 0.038799
v -2.501852 3.696690 0.038800
v -2.927595 4.918561 0.038799
v -2.706081 3.947245 0.038800
v -2.946506 4.699186 0.038799
v -2.923755 4.473917 0.038799
v -2.847466 4.247268 0.038800
v -1.359505 5.972653 0.212236
v -1.394122 6.116973 0.038798
v -1.394122 6.116973 0.212236
v -1.359505 5.972653 0.038798
v -1.372132 5.846194 0.212236
v -1.372132 5.846194 0.038798
v -1.416930 5.743345 0.212236
v -1.416930 5.743345 0.038798
v -1.490868 5.654891 0.212236
v -1.490868 5.654891 0.038799
v -1.577480 5.587215 0.212236
v -1.577480 5.587215 0.038799
v -1.670662 5.535072 0.212236
v -1.670662 5.535072 0.038799
v -1.394122 6.116973 0.212236
v -1.394122 6.116973 0.038798
v -1.112895 6.079986 0.038798
v -1.112895 6.079986 0.212236
v -0.867458 6.005409 0.038799
v -0.867458 6.005409 0.212236
v -0.659788 5.888235 0.038799
v -0.659788 5.888235 0.212236
v -0.481852 5.750238 0.038799
v -0.481852 5.750238 0.212237
v -0.327569 5.582428 0.038799
v -0.327569 5.582428 0.212237
v -1.954892 5.447224 0.212236
v -1.853608 5.467969 0.038799
v -1.853608 5.467969 0.212236
v -1.954892 5.447224 0.038799
v -2.186217 5.460025 0.212236
v -2.186217 5.460025 0.038798
v -2.277861 5.505701 0.212236
v -2.277861 5.505701 0.038798
v -2.386225 5.598954 0.212236
v -2.386225 5.598954 0.038798
v -2.469970 5.717194 0.212236
v -2.469970 5.717194 0.038798
v -2.639869 5.529528 0.212236
v -2.469970 5.717194 0.038798
v -2.469970 5.717194 0.212236
v -2.639869 5.529528 0.038798
v -2.772380 5.334912 0.212236
v -2.772380 5.334912 0.038798
v -2.868921 5.130862 0.212236
v -2.868921 5.130862 0.038799
v -2.927595 4.918561 0.212236
v -2.927595 4.918561 0.038799
v -2.946506 4.699186 0.212236
v -2.946506 4.699186 0.038799
v -2.923755 4.473917 0.212237
v -2.923755 4.473917 0.038799
v -2.847466 4.247268 0.212237
v -2.847466 4.247268 0.038800
v -2.706081 3.947245 0.212237
v -2.847466 4.247268 0.038800
v -2.847466 4.247268 0.212237
v -2.706081 3.947245 0.038800
v -2.501852 3.696690 0.212238
v -2.501852 3.696690 0.038800
v -2.254815 3.498002 0.212238
v -2.254815 3.498002 0.038800
v -1.975022 3.356918 0.212238
v -1.975022 3.356918 0.038801
v -1.670886 3.288381 0.212238
v -1.670886 3.288381 0.038801
v -1.359727 3.277475 0.212239
v -1.359727 3.277475 0.038801
v -1.039672 3.336625 0.212239
v -1.039672 3.336625 0.038801
v -0.718613 3.482126 0.212239
v -0.718613 3.482126 0.038801
v -1.039672 3.336625 0.038801
v -1.039672 3.336625 0.212239
v -0.456463 3.679558 0.212239
v -0.718613 3.482126 0.038801
v -0.718613 3.482126 0.212239
v -0.456463 3.679558 0.038801
v -0.265242 3.924262 0.212239
v -0.265242 3.924262 0.038801
v -0.118455 4.197644 0.212238
v -0.118455 4.197644 0.038801
v -0.047374 4.502013 0.212238
v -0.047374 4.502013 0.038801
v -0.044761 4.825744 0.212238
v -0.044761 4.825744 0.038800
v -0.113006 5.160690 0.212238
v -0.113006 5.160690 0.038800
v -0.206973 5.383782 0.212237
v -0.206973 5.383782 0.038800
v -0.327569 5.582428 0.212237
v -0.327569 5.582428 0.038799
v -0.259218 0.863853 0.212243
v -0.238497 0.850307 0.038805
v -0.238497 0.850307 0.212243
v -0.259218 0.863853 0.038805
v -0.287773 0.861367 0.212243
v -0.287773 0.861367 0.038805
v -0.204040 0.898506 0.212243
v -0.204040 0.898506 0.038805
v -0.359963 1.327213 0.038805
v -0.359963 1.327213 0.212242
v -1.378225 1.578594 0.212241
v -1.378225 1.578594 0.038804
v -1.343012 1.581053 0.038804
v -1.343012 1.581053 0.212241
v -1.307919 1.560765 0.038804
v -1.307919 1.560765 0.212241
v -1.282663 1.530031 0.038804
v -1.282663 1.530031 0.212241
v -1.264676 1.483412 0.038804
v -1.264676 1.483412 0.212241
v -1.189349 1.480868 0.212241
v -1.091668 1.452878 0.038804
v -1.091668 1.452878 0.212242
v -1.189349 1.480868 0.038804
v -1.264676 1.483412 0.212241
v -1.264676 1.483412 0.038804
v -0.727478 0.656339 0.212243
v -0.633321 0.652119 0.038805
v -0.633321 0.652119 0.212243
v -0.727478 0.656339 0.038805
v -0.838206 0.640754 0.212243
v -0.838206 0.640754 0.038805
v 0.047310 2.548881 0.212241
v -0.088519 2.717986 0.038803
v -0.088519 2.717986 0.212240
v 0.047310 2.548881 0.038803
v 0.192607 2.265698 0.212241
v 0.192607 2.265697 0.038804
v 0.243790 2.122439 0.212241
v 0.243790 2.122439 0.038804
v -1.139729 1.033493 0.212242
v -1.139729 1.033493 0.038805
v -1.116238 0.967633 0.038805
v -1.116238 0.967633 0.212242
v -1.075762 0.915822 0.038805
v -1.075762 0.915822 0.212242
v -0.821729 0.735870 0.212243
v -0.838206 0.640754 0.038805
v -0.838206 0.640754 0.212243
v -0.821729 0.735870 0.038805
v -0.844428 0.821763 0.212242
v -0.844428 0.821763 0.038805
v -0.884317 0.892438 0.212242
v -0.884317 0.892438 0.038805
v -0.939591 0.931452 0.212242
v -0.939591 0.931452 0.038805
v -0.904042 1.021603 0.212242
v -0.944181 0.973535 0.038805
v -0.944181 0.973535 0.212242
v -0.904042 1.021603 0.038805
v -0.885590 1.125166 0.212242
v -0.885590 1.125166 0.038805
v -0.890467 1.259476 0.212242
v -0.890467 1.259475 0.038804
v -0.926848 1.345987 0.212242
v -0.926848 1.345987 0.038804
v -1.858051 1.430401 0.212241
v -1.858051 1.430401 0.038804
v -1.822184 1.473238 0.038804
v -1.822184 1.473238 0.212241
v -1.764657 1.495476 0.038804
v -1.764657 1.495476 0.212241
v -1.847739 1.370564 0.212241
v -1.858051 1.430401 0.038804
v -1.858051 1.430401 0.212241
v -1.847739 1.370564 0.038804
v -1.808579 1.299356 0.212242
v -1.808579 1.299356 0.038804
v -1.775432 0.724810 0.212242
v -1.854287 0.842824 0.038805
v -1.854287 0.842824 0.212242
v -1.775432 0.724810 0.038805
v -1.673340 0.633397 0.212242
v -1.673340 0.633397 0.038805
v -1.568469 0.569648 0.212242
v -1.568469 0.569648 0.038805
v -1.504024 0.473772 0.212243
v -1.504024 0.473772 0.038805
v -1.444355 0.425472 0.212243
v -1.444355 0.425472 0.038805
v -1.368211 0.403080 0.212243
v -1.368211 0.403080 0.038805
v -1.007472 0.935826 0.212242
v -0.939591 0.931452 0.038805
v -0.939591 0.931452 0.212242
v -1.007472 0.935826 0.038805
v -1.075762 0.915822 0.212242
v -1.075762 0.915822 0.038805
v -1.871609 1.142521 0.212242
v -1.808579 1.299356 0.038804
v -1.808579 1.299356 0.212242
v -1.871609 1.142521 0.038804
v -1.891402 0.988337 0.212242
v -1.891402 0.988337 0.038804
v -1.854287 0.842824 0.212242
v -1.854287 0.842824 0.038805
v -1.019017 -0.028294 0.212243
v -1.019017 -0.028294 0.038806
v -1.077548 0.075750 0.038806
v -1.077548 0.075750 0.212243
v -1.107885 0.214855 0.038805
v -1.107885 0.214855 0.212243
v -1.108140 0.321257 0.038805
v -1.108141 0.321257 0.212243
v -1.094728 0.407031 0.038805
v -1.094728 0.407031 0.212243
v -1.055154 0.482993 0.038805
v -1.055154 0.482993 0.212243
v -0.919788 -0.046520 0.212243
v -1.019017 -0.028294 0.038806
v -1.019017 -0.028294 0.212243
v -0.919788 -0.046520 0.038806
v -0.800206 -0.025112 0.212243
v -0.800206 -0.025112 0.038806
v -0.386465 0.139410 0.212243
v -0.386465 0.139410 0.038806
v -0.332304 0.197451 0.212243
v -0.332304 0.197450 0.038806
v -0.313589 0.261382 0.212243
v -0.313589 0.261382 0.038806
v -1.427123 2.043767 0.212241
v -1.478287 2.305150 0.038803
v -1.478287 2.305150 0.212240
v -1.427123 2.043767 0.038803
v -1.320993 1.761243 0.212241
v -1.320993 1.761243 0.038804
v -1.233559 1.611286 0.212241
v -1.233559 1.611286 0.038804
v -1.091668 1.452878 0.212242
v -1.091668 1.452878 0.038804
v -1.162520 0.524210 0.212243
v -1.162520 0.524210 0.038805
v -1.225156 0.453900 0.038805
v -1.225156 0.453900 0.212243
v -1.288597 0.413410 0.038805
v -1.288597 0.413410 0.212243
v -1.368211 0.403080 0.038805
v -1.368211 0.403080 0.212243
v -0.097975 0.385086 0.212243
v -0.097975 0.385085 0.038806
v -0.144021 0.350871 0.038806
v -0.144021 0.350871 0.212243
v -0.313589 0.261382 0.038806
v -0.313589 0.261382 0.212243
v -0.656596 0.742471 0.212243
v -0.656596 0.742471 0.038805
v -0.596488 0.776789 0.038805
v -0.596488 0.776789 0.212243
v -1.478287 2.305150 0.212240
v -1.478287 2.305150 0.038803
v -1.482002 2.036881 0.038803
v -1.482002 2.036881 0.212241
v -1.457824 1.883772 0.212241
v -1.378225 1.578594 0.212241
v -1.378225 1.578594 0.038804
v -1.089659 0.976720 0.212242
v -1.139729 1.033493 0.038805
v -1.139729 1.033493 0.212242
v -1.089659 0.976720 0.038805
v -1.032385 0.957171 0.212242
v -1.032385 0.957171 0.038805
v -0.944181 0.973535 0.212242
v -0.944181 0.973535 0.038805
v -1.126498 0.485784 0.212243
v -1.162520 0.524210 0.038805
v -1.162520 0.524210 0.212243
v -1.126498 0.485784 0.038805
v -1.055154 0.482993 0.212243
v -1.055154 0.482993 0.038805
v -0.858969 1.322288 0.212242
v -0.858969 1.322288 0.038804
v -0.926848 1.345987 0.038804
v -0.926848 1.345987 0.212242
v -0.393540 1.313239 0.212242
v -0.432070 1.303126 0.038805
v -0.432070 1.303126 0.212242
v -0.393540 1.313239 0.038805
v -0.359963 1.327213 0.212242
v -0.359963 1.327213 0.038805
v -1.174757 3.276862 0.212240
v -1.104764 3.307419 0.038802
v -1.104764 3.307419 0.212240
v -1.174757 3.276862 0.038802
v -1.211112 3.248879 0.212240
v -1.211112 3.248879 0.038802
v -1.236307 3.206775 0.212240
v -1.236307 3.206775 0.038802
v -1.333879 3.181855 0.212240
v -1.333879 3.181855 0.038802
v -1.462038 3.128641 0.212240
v -1.462038 3.128641 0.038802
v -1.561266 3.050286 0.212240
v -1.561266 3.050286 0.038802
v -1.648375 2.939882 0.212240
v -1.648375 2.939882 0.038802
v -1.704555 2.834631 0.212240
v -1.704555 2.834631 0.038802
v -1.712506 2.779078 0.212240
v -1.712506 2.779078 0.038802
v -1.571211 2.667021 0.212240
v -1.571211 2.667021 0.038803
v -1.664974 2.717532 0.038803
v -1.664974 2.717532 0.212240
v -1.712506 2.779078 0.038802
v -1.712506 2.779078 0.212240
v 0.525494 2.448707 0.038804
v 0.614523 2.286167 0.038804
v 0.614523 2.286167 0.212241
v 0.403871 2.630204 0.212241
v 0.403871 2.630204 0.038803
v 0.255979 2.793595 0.212241
v 0.255979 2.793595 0.038803
v -0.052911 3.028883 0.212240
v -0.052911 3.028883 0.038803
v -0.227539 3.098081 0.212240
v -0.227539 3.098081 0.038803
v -0.633321 0.652119 0.212243
v -0.633321 0.652119 0.038805
v -0.656596 0.742471 0.038805
v -0.656596 0.742471 0.212243
v -0.432070 1.303126 0.212242
v -0.432070 1.303126 0.038805
v -0.287773 0.861367 0.038805
v -0.287773 0.861367 0.212243
v -1.621282 2.577826 0.038803
v -1.571211 2.667021 0.038803
v -1.571211 2.667021 0.212240
v -1.681594 2.477522 0.038803
v -1.681594 2.477522 0.212240
v -1.741434 2.316028 0.212240
v -1.741434 2.316028 0.038803
v -1.788957 2.104876 0.212241
v -1.788957 2.104876 0.038803
v -1.803683 1.886989 0.212241
v -1.803683 1.886989 0.038803
v -1.764657 1.495476 0.212241
v -1.764657 1.495476 0.038804
v -0.233033 0.873052 0.212243
v -0.204040 0.898506 0.038805
v -0.204040 0.898506 0.212243
v -0.233033 0.873052 0.038805
v -0.238497 0.850307 0.212243
v -0.238497 0.850307 0.038805
v 0.220054 2.095462 0.212241
v 0.243790 2.122439 0.038804
v 0.243790 2.122439 0.212241
v 0.220054 2.095462 0.038804
v 0.200796 2.056251 0.212241
v 0.200796 2.056251 0.038804
v 0.200788 2.011441 0.212241
v 0.200788 2.011441 0.038804
v 0.218153 1.971259 0.212241
v 0.218153 1.971259 0.038804
v 0.103212 1.852885 0.212242
v 0.103212 1.852885 0.038804
v 0.156370 1.923854 0.038804
v 0.156370 1.923855 0.212241
v 0.218153 1.971259 0.038804
v 0.218153 1.971259 0.212241
v 0.207132 0.926126 0.212243
v 0.207132 0.926126 0.038805
v 0.271372 0.980269 0.038805
v 0.271372 0.980269 0.212243
v 0.392321 1.038549 0.038805
v 0.392321 1.038550 0.212243
v 0.404124 1.499018 0.212242
v 0.366907 1.562115 0.038805
v 0.366907 1.562115 0.212242
v 0.404124 1.499018 0.038805
v 0.400263 1.409057 0.212242
v 0.400263 1.409057 0.038805
v 0.392321 1.038550 0.212243
v 0.392321 1.038549 0.038805
v 0.316449 1.103477 0.038805
v 0.316449 1.103477 0.212243
v 0.278235 1.196915 0.038805
v 0.278235 1.196915 0.212242
v 0.267231 1.264525 0.038805
v 0.267231 1.264526 0.212242
v 0.288254 1.341828 0.038805
v 0.288254 1.341828 0.212242
v 0.614523 2.286167 0.212241
v 0.614523 2.286167 0.038804
v 0.659728 2.303891 0.038804
v 0.659728 2.303891 0.212241
v 0.714528 2.292242 0.038804
v 0.714528 2.292242 0.212241
v 0.714528 2.292242 0.212241
v 0.714528 2.292242 0.038804
v 0.745253 2.231894 0.038804
v 0.745253 2.231894 0.212241
v 0.764592 2.135381 0.038804
v 0.764592 2.135381 0.212242
v 0.288254 1.341828 0.212242
v 0.288254 1.341828 0.038805
v 0.336344 1.381989 0.038805
v 0.336344 1.381990 0.212242
v 0.400263 1.409057 0.038805
v 0.400263 1.409057 0.212242
v 0.764592 2.135381 0.212242
v 0.764592 2.135381 0.038804
v 0.885149 2.068657 0.038804
v 0.885149 2.068657 0.212242
v 1.006412 1.955597 0.038804
v 1.006411 1.955598 0.212242
v 1.073958 1.819472 0.038805
v 1.073958 1.819472 0.212242
v 1.089159 1.672934 0.038805
v 1.089159 1.672934 0.212242
v 1.059717 1.546845 0.038805
v 1.059717 1.546845 0.212242
v 1.059717 1.546845 0.212242
v 1.059717 1.546845 0.038805
v 1.014031 1.435706 0.038805
v 1.014031 1.435706 0.212242
v 1.015821 1.328269 0.038805
v 1.015821 1.328269 0.212242
v 0.988735 1.230255 0.038805
v 0.988735 1.230255 0.212243
v 0.944227 1.164912 0.038805
v 0.944227 1.164912 0.212243
v 0.880641 1.128231 0.038805
v 0.880641 1.128231 0.212243
v 0.793141 1.121538 0.038805
v 0.793141 1.121538 0.212243
v 0.719454 1.138107 0.038805
v 0.719454 1.138107 0.212243
v 0.058622 1.571527 0.212242
v 0.027879 1.665603 0.038804
v 0.027879 1.665603 0.212242
v 0.058622 1.571527 0.038804
v 0.123710 1.461409 0.212242
v 0.123710 1.461409 0.038805
v 0.201997 1.394367 0.212242
v 0.201997 1.394367 0.038805
v 0.275352 1.380442 0.212242
v 0.275352 1.380442 0.038805
v 0.343986 1.417645 0.212242
v 0.343986 1.417645 0.038805
v -0.097705 0.464789 0.212243
v -0.147371 0.582394 0.038805
v -0.147371 0.582394 0.212243
v -0.097705 0.464789 0.038805
v -0.060546 0.400544 0.212243
v -0.060546 0.400544 0.038806
v 0.900562 0.736520 0.212243
v 0.933326 0.624959 0.038806
v 0.933326 0.624959 0.212243
v 0.900562 0.736520 0.038806
v 0.835804 0.853982 0.212243
v 0.835804 0.853982 0.038805
v 0.771208 0.941699 0.212243
v 0.771208 0.941699 0.038805
v 0.706217 0.999305 0.212243
v 0.706217 0.999305 0.038805
v 0.629574 1.034494 0.212243
v 0.629574 1.034494 0.038805
v 0.933326 0.624959 0.212243
v 0.933326 0.624959 0.038806
v 0.894835 0.553608 0.038806
v 0.894835 0.553608 0.212243
v 0.780295 0.487388 0.038806
v 0.780295 0.487388 0.212243
v 0.425665 0.372633 0.038806
v 0.425665 0.372633 0.212243
v 0.287242 0.358055 0.038806
v 0.287242 0.358055 0.212243
v 0.204414 0.370278 0.038806
v 0.204414 0.370278 0.212243
v 0.204414 0.370278 0.212243
v 0.204414 0.370278 0.038806
v 0.163710 0.427438 0.038806
v 0.163710 0.427438 0.212243
v -0.011912 0.387456 0.212243
v -0.060546 0.400544 0.038806
v -0.060546 0.400544 0.212243
v -0.011912 0.387456 0.038806
v 0.048529 0.395236 0.212243
v 0.048529 0.395236 0.038806
v 0.163710 0.427438 0.212243
v 0.163710 0.427438 0.038806
v 0.149329 1.012113 0.212243
v 0.149329 1.012113 0.038805
v 0.181904 0.989838 0.038805
v 0.181904 0.989838 0.212243
v 0.207132 0.926126 0.038805
v 0.207132 0.926126 0.212243
v 0.101121 1.000308 0.212243
v 0.101121 1.000308 0.038805
v 0.149329 1.012113 0.038805
v 0.149329 1.012113 0.212243
v 0.366907 1.562115 0.212242
v 0.366907 1.562115 0.038805
v 0.375250 1.481921 0.038805
v 0.375250 1.481921 0.212242
v 0.343986 1.417645 0.038805
v 0.343986 1.417645 0.212242
v 0.719454 1.138107 0.212243
v 0.719454 1.138107 0.038805
v 0.696195 1.084831 0.038805
v 0.696195 1.084831 0.212243
v 0.629574 1.034494 0.038805
v 0.629574 1.034494 0.212243
v 0.027879 1.665603 0.212242
v 0.027879 1.665603 0.038804
v -0.028443 1.570482 0.038804
v -0.028443 1.570482 0.212242
v 0.101121 1.000308 0.038805
v 0.101121 1.000308 0.212243
v -0.907118 3.366265 0.212240
v -1.045083 3.324707 0.212239
v -0.907118 3.366265 0.038802
v -0.848533 3.363644 0.038802
v -0.848533 3.363644 0.212240
v -0.800055 3.340329 0.038802
v -0.800055 3.340329 0.212240
v -1.104764 3.307419 0.212240
v -1.104764 3.307419 0.038802
v -0.907118 3.366265 0.038802
v -1.045083 3.324707 0.212239
v 0.122353 2.099414 0.212241
v 0.103212 1.852885 0.038804
v 0.103212 1.852885 0.212242
v 0.122353 2.099414 0.038804
v 0.059919 2.411522 0.212241
v 0.059919 2.411522 0.038803
v -0.088519 2.717986 0.038803
v 0.009782 2.526156 0.212241
v -0.088519 2.717986 0.212240
v -1.853608 5.467969 0.212236
v -1.853608 5.467969 0.038799
v -1.670662 5.535072 0.038799
v -1.670662 5.535072 0.212236
v -0.230477 3.339844 0.212240
v -0.176306 3.283215 0.038802
v -0.176306 3.283215 0.212240
v -0.230477 3.339844 0.038802
v -0.347203 3.394419 0.212240
v -0.347203 3.394419 0.038802
v -0.481167 3.416207 0.212240
v -0.481167 3.416207 0.038802
v -0.604228 3.414325 0.212240
v -0.604228 3.414325 0.038802
v -0.721940 3.378486 0.212240
v -0.721940 3.378486 0.038802
v -0.800055 3.340329 0.212240
v -0.800055 3.340329 0.038802
v -0.195962 3.187764 0.212240
v -0.227539 3.098081 0.038803
v -0.227539 3.098081 0.212240
v -0.195962 3.187764 0.038803
v -0.176306 3.283215 0.212240
v -0.176306 3.283215 0.038802
vn -0.0000 -0.0000 1.0000
vn -0.0001 -0.0000 1.0000
vn 0.0001 -0.0000 1.0000
vn 0.9701 0.2429 -0.0000
vn -0.0000 -0.0000 -1.0000
vn 0.0001 -0.0000 -1.0000
vn 0.0002 0.0001 -1.0000
vn -0.9011 -0.4336 -0.0000
vn -0.9724 -0.2333 -0.0000
vn -0.9977 -0.0679 -0.0000
vn -0.9676 0.2524 -0.0000
vn -0.8507 0.5257 -0.0000
vn -0.6953 0.7187 -0.0000
vn -0.6954 0.7187 -0.0000
vn -0.5536 0.8328 -0.0000
vn -0.4177 0.9086 -0.0000
vn 0.2113 0.9774 -0.0000
vn 0.1304 0.9915 -0.0000
vn 0.3934 0.9194 -0.0000
vn 0.5536 0.8328 -0.0000
vn 0.6769 0.7361 -0.0000
vn 0.7994 0.6008 -0.0000
vn -0.2733 0.9619 -0.0000
vn -0.0733 0.9973 -0.0000
vn 0.2559 0.9667 -0.0000
vn 0.5534 0.8329 -0.0000
vn 0.7396 0.6730 -0.0000
vn 0.7397 0.6730 -0.0000
vn 0.8161 0.5780 -0.0000
vn 0.8160 0.5780 -0.0000
vn -0.7413 0.6711 -0.0000
vn -0.7858 0.6184 -0.0000
vn -0.8679 0.4967 -0.0000
vn -0.8679 0.4968 -0.0000
vn -0.9374 0.3483 -0.0000
vn -0.9842 0.1769 -0.0000
vn -1.0000 -0.0073 -0.0000
vn -0.9775 -0.2111 -0.0000
vn -0.9277 -0.3733 -0.0000
vn -0.8461 -0.5330 -0.0000
vn -0.7048 -0.7094 -0.0000
vn -0.5415 -0.8407 -0.0000
vn -0.3376 -0.9413 -0.0000
vn -0.1280 -0.9918 -0.0000
vn 0.0738 -0.9973 -0.0000
vn 0.2995 -0.9541 -0.0000
vn 0.5103 -0.8600 -0.0000
vn 0.7008 -0.7134 -0.0000
vn 0.8375 -0.5464 -0.0000
vn 0.9355 -0.3533 -0.0000
vn 0.9930 -0.1185 -0.0000
vn 0.9953 0.0963 -0.0000
vn 0.9954 0.0963 -0.0000
vn 0.9554 0.2954 -0.0000
vn 0.9554 0.2953 -0.0000
vn 0.8906 0.4548 -0.0000
vn 0.5472 0.8370 -0.0000
vn 0.2436 0.9699 -0.0000
vn -0.0867 0.9962 -0.0000
vn -0.9398 -0.3418 -0.0000
vn 0.2253 0.9743 -0.0000
vn -0.0697 0.9976 -0.0000
vn 0.6469 0.7625 -0.0000
vn 0.8638 0.5038 -0.0000
vn 0.6469 0.7626 -0.0000
vn 0.9330 0.3600 -0.0000
vn 0.8638 0.5039 -0.0000
vn 0.2755 0.9613 -0.0000
vn 0.1558 0.9878 -0.0000
vn 0.0338 0.9994 -0.0000
vn 0.0448 0.9990 -0.0000
vn -0.0475 0.9989 -0.0000
vn -0.1394 0.9902 -0.0000
vn -0.7796 -0.6262 -0.0000
vn -0.8390 -0.5441 -0.0000
vn -0.8390 -0.5442 -0.0000
vn -0.9177 -0.3973 -0.0000
vn -0.9417 -0.3365 -0.0000
vn 0.8762 0.4820 -0.0000
vn 0.9419 0.3359 -0.0000
vn 0.7880 0.6156 -0.0000
vn 0.9853 -0.1707 -0.0000
vn 0.9991 0.0434 -0.0000
vn 0.9264 0.3766 -0.0000
vn 0.7418 0.6706 -0.0000
vn 0.3330 0.9429 -0.0000
vn 0.5049 -0.8632 -0.0000
vn 0.9064 -0.4223 -0.0000
vn 0.9064 -0.4224 -0.0000
vn 0.9976 -0.0699 -0.0000
vn 0.9975 -0.0700 -0.0000
vn 0.9765 0.2155 -0.0000
vn 0.9218 0.3877 -0.0000
vn -0.5821 0.8131 -0.0000
vn -0.7667 0.6420 -0.0000
vn -0.3606 0.9327 -0.0000
vn -0.9855 -0.1698 -0.0000
vn -0.9438 -0.3304 -0.0000
vn -0.8762 -0.4819 -0.0000
vn -0.9133 -0.4072 -0.0000
vn -0.7552 -0.6555 -0.0000
vn -0.5958 -0.8032 -0.0000
vn -0.5958 -0.8031 -0.0000
vn -0.6908 -0.7230 -0.0000
vn -0.7377 -0.6751 -0.0000
vn -0.4646 -0.8855 0.0001
vn -0.7377 -0.6751 0.0001
vn -0.4647 -0.8855 -0.0000
vn -0.4646 -0.8855 -0.0000
vn -0.0784 -0.9969 -0.0000
vn -0.1101 0.9939 -0.0000
vn -0.2811 0.9597 -0.0000
vn -0.9279 0.3729 -0.0000
vn -0.9677 0.2522 -0.0000
vn -0.9677 0.2521 -0.0000
vn -0.9981 -0.0610 -0.0000
vn -0.9346 -0.3556 -0.0000
vn -0.8716 -0.4903 -0.0000
vn -0.9941 -0.1084 -0.0000
vn -0.9971 0.0763 -0.0000
vn -0.9941 -0.1083 -0.0000
vn -0.9499 0.3124 -0.0000
vn -0.9500 0.3124 -0.0000
vn -0.8869 0.4620 -0.0000
vn -0.1807 -0.9835 -0.0000
vn -0.0023 -1.0000 -0.0000
vn -0.0022 -1.0000 -0.0000
vn 0.2743 -0.9617 -0.0000
vn 0.2742 -0.9617 -0.0000
vn 0.5640 -0.8258 -0.0001
vn 0.2742 -0.9617 0.0001
vn 0.5640 -0.8258 -0.0000
vn 0.8689 -0.4950 -0.0000
vn 0.9597 -0.2809 -0.0000
vn -0.9814 -0.1921 -0.0000
vn -0.9621 -0.2728 -0.0000
vn -0.9032 -0.4292 -0.0000
vn -0.8085 -0.5885 -0.0000
vn -0.7449 -0.6672 -0.0000
vn 0.6485 -0.7612 -0.0000
vn 0.7467 -0.6652 -0.0000
vn 0.3415 -0.9399 -0.0000
vn 0.6484 -0.7613 -0.0000
vn 0.5332 -0.8460 -0.0000
vn 0.5964 -0.8027 -0.0000
vn 0.4667 -0.8844 -0.0000
vn 0.5331 -0.8460 -0.0000
vn -0.4958 0.8684 -0.0000
vn 0.9944 0.1042 0.0149
vn 0.9999 -0.0138 -0.0000
vn 0.9944 0.1042 0.0148
vn 0.9749 0.2208 0.0295
vn -0.7500 -0.6614 -0.0000
vn -0.5551 -0.8318 -0.0000
vn -0.0727 -0.9974 -0.0000
vn -0.0727 -0.9974 0.0001
vn -0.7296 -0.6839 -0.0000
vn -0.4154 -0.9096 -0.0000
vn -0.0391 -0.9992 -0.0000
vn -0.3296 -0.9441 -0.0000
vn 0.2539 -0.9672 -0.0000
vn 0.3198 -0.9475 -0.0000
vn 0.3842 -0.9232 -0.0000
vn -0.3434 0.9392 0.0007
vn -0.5088 0.8609 -0.0000
vn -0.7472 0.6646 -0.0000
vn -0.5978 0.8016 -0.0000
vn -0.3163 0.9487 -0.0000
vn -0.5064 0.8623 -0.0000
vn -0.7073 0.7070 -0.0000
vn -0.7072 0.7070 -0.0000
vn -0.8369 0.5473 -0.0000
vn -0.9504 0.3110 -0.0000
vn -0.9899 0.1417 -0.0000
vn -0.6470 -0.7625 -0.0000
vn -0.4743 -0.8804 -0.0000
vn -0.7914 -0.6112 -0.0000
vn 0.8526 0.5220 0.0258
vn 0.8525 0.5220 0.0258
vn 0.8005 0.5992 0.0130
vn 0.8005 0.5992 0.0129
vn 0.6765 0.7364 -0.0000
vn 0.4917 0.8707 -0.0000
vn 0.4918 0.8707 -0.0000
vn 0.3684 0.9297 -0.0000
vn -0.9684 -0.2495 -0.0000
vn 0.9506 0.3105 -0.0000
vn -0.8641 0.5033 -0.0047
vn -0.9043 0.4270 -0.0024
vn -0.9588 0.2842 -0.0000
vn -0.9588 0.2841 -0.0000
vn -0.9896 0.1439 -0.0000
vn -0.9999 -0.0159 -0.0000
vn -0.9951 -0.0992 -0.0000
vn -0.6597 0.7515 -0.0000
vn -0.8561 0.5167 -0.0000
vn -0.8562 0.5167 -0.0000
vn -0.9723 0.2336 -0.0000
vn -0.8562 0.5167 -0.0002
vn -0.7508 0.6606 -0.0000
vn -0.8315 0.5556 -0.0000
vn -0.9740 0.2264 -0.0000
vn -0.9793 -0.2024 -0.0000
vn -0.9793 -0.2025 -0.0000
vn -0.9180 -0.3967 -0.0000
vn -0.7112 0.7030 -0.0000
vn -0.8004 0.5995 -0.0000
vn -0.6087 0.7934 -0.0000
vn -0.5436 0.8394 -0.0000
vn -0.6445 0.7646 -0.0000
vn -0.4341 0.9009 -0.0000
vn -0.8613 -0.5081 -0.0000
vn -0.9701 -0.2426 -0.0000
vn -0.9991 0.0429 -0.0000
vn -0.8106 -0.5856 -0.0000
vn -0.6502 -0.7598 -0.0000
vn -0.9625 -0.2714 -0.0000
vn -0.9986 0.0521 -0.0000
vn -0.9625 -0.2713 -0.0000
vn -0.8418 0.5399 -0.0000
vn -0.0820 0.9966 -0.0001
vn -0.3650 0.9310 -0.0000
vn -0.0820 0.9966 -0.0000
vn 0.2079 0.9781 -0.0000
vn -0.0820 0.9966 -0.0002
vn 0.9446 0.3282 -0.0000
vn 0.8911 0.4537 -0.0000
vn 0.9805 0.1965 -0.0000
vn 0.9446 0.3281 -0.0000
vn -0.5212 0.8535 -0.0000
vn -0.8418 0.5398 -0.0000
vn -0.3899 0.9208 -0.0000
vn -0.5211 0.8535 -0.0000
vn 0.5875 0.8092 -0.0000
vn 0.4842 0.8749 -0.0000
vn 0.8018 0.5976 -0.0000
vn 0.9605 0.2783 -0.0000
vn 0.9980 -0.0630 -0.0000
vn 0.9524 -0.3048 -0.0000
vn 0.9980 -0.0629 -0.0000
vn 0.9826 -0.1856 -0.0000
vn 0.9920 -0.1262 -0.0000
vn 0.9074 -0.4203 -0.0000
vn 0.9920 -0.1261 -0.0000
vn 0.6802 -0.7330 -0.0000
vn 0.2953 -0.9554 -0.0000
vn -0.0723 -0.9974 -0.0000
vn -0.2194 -0.9756 -0.0000
vn -0.0724 -0.9974 -0.0000
vn -0.9505 -0.3106 -0.0000
vn -0.9111 -0.4122 -0.0000
vn -0.7660 -0.6429 -0.0000
vn -0.4330 -0.9014 -0.0000
vn -0.4331 -0.9014 -0.0000
vn 0.1539 -0.9881 -0.0000
vn 0.1540 -0.9881 -0.0000
vn 0.7225 -0.6914 -0.0000
vn -0.9212 -0.3890 -0.0000
vn -0.8952 -0.4457 -0.0000
vn -0.6089 -0.7933 -0.0000
vn 0.9945 -0.1043 -0.0000
vn 0.9231 0.3846 -0.0000
vn 0.8423 0.5390 -0.0000
vn 0.8423 0.5391 -0.0000
vn 0.7384 0.6744 -0.0000
vn 0.5462 0.8377 -0.0000
vn 0.4172 0.9088 -0.0000
vn 0.7175 -0.6966 -0.0000
vn 0.9945 -0.1044 -0.0000
vn 0.4065 -0.9137 -0.0000
vn 0.7174 -0.6966 -0.0000
vn 0.2074 -0.9783 -0.0000
vn -0.0208 -0.9998 -0.0000
vn 0.2074 -0.9782 -0.0000
vn -0.1460 -0.9893 -0.0000
vn -0.8146 -0.5801 -0.0000
vn -0.0674 -0.9977 -0.0000
vn -0.6089 -0.7933 0.0002
vn 0.1990 -0.9800 -0.0000
vn 0.2693 -0.9631 -0.0000
vn 0.7813 0.6242 -0.0000
vn 0.5644 0.8255 -0.0000
vn 0.9298 0.3682 -0.0000
vn 0.7813 0.6241 -0.0000
vn -0.2378 0.9713 -0.0000
vn 0.9848 -0.1736 -0.0000
vn 0.9946 0.1035 -0.0000
vn 0.7853 -0.6192 -0.0000
vn 0.9165 -0.4001 -0.0000
vn 0.6028 -0.7979 -0.0000
vn 0.9879 -0.1550 -0.0000
vn 0.8605 -0.5095 -0.0000
vn 0.9751 0.2216 -0.0000
vn 0.9879 -0.1549 -0.0000
vn -0.1220 0.9925 0.0007
vn -0.2854 0.9584 0.0013
vn 0.2440 0.9698 -0.0000
vn 0.4334 0.9012 -0.0000
vn -0.2853 0.9584 0.0013
vn 0.9970 -0.0774 -0.0000
vn 0.9982 0.0599 -0.0000
vn 0.9982 0.0600 -0.0000
vn 0.9479 0.3186 -0.0070
vn 0.8999 0.4359 -0.0139
vn 0.8999 0.4359 -0.0140
vn -0.4176 0.9086 -0.0000
vn 0.7226 0.6913 -0.0000
vn 0.5831 0.8124 -0.0000
vn 0.5830 0.8125 -0.0000
vn 0.2948 0.9555 -0.0000
vn 0.0729 0.9973 -0.0000
vn -0.1548 0.9879 -0.0000
vn -0.3663 0.9305 -0.0000
vn -0.3662 0.9305 -0.0000
vn -0.4389 0.8985 -0.0000
vn 0.9432 -0.3321 -0.0000
vn 0.9636 -0.2675 -0.0000
vn 0.9794 -0.2017 -0.0000
vt 0.227642 0.846219
vt 0.230620 0.870577
vt 0.229293 0.887903
vt 0.225592 0.904171
vt 0.220085 0.824237
vt 0.218890 0.919106
vt 0.208298 0.805130
vt 0.209894 0.932549
vt 0.198394 0.945250
vt 0.192050 0.789855
vt 0.183347 0.955910
vt 0.173425 0.777543
vt 0.165000 0.964824
vt 0.151037 0.770063
vt 0.164073 0.954211
vt 0.160329 0.945887
vt 0.154928 0.939904
vt 0.147867 0.935563
vt 0.125813 0.767458
vt 0.140414 0.932925
vt 0.132867 0.931494
vt 0.118855 0.931086
vt 0.102626 0.770710
vt 0.111470 0.931977
vt 0.095978 0.938110
vt 0.081643 0.778530
vt 0.090766 0.943304
vt 0.085497 0.952118
vt 0.082478 0.962073
vt 0.066607 0.953160
vt 0.062452 0.790113
vt 0.053129 0.942923
vt 0.046576 0.806083
vt 0.041891 0.931226
vt 0.034248 0.825229
vt 0.033048 0.918105
vt 0.026024 0.846934
vt 0.026758 0.903599
vt 0.023176 0.887744
vt 0.023215 0.870577
vt 0.176904 0.656792
vt 0.179757 0.679462
vt 0.178949 0.688408
vt 0.125172 0.766770
vt 0.176614 0.703704
vt 0.123782 0.614997
vt 0.169978 0.640442
vt 0.175792 0.732746
vt 0.182028 0.689101
vt 0.185487 0.666516
vt 0.186130 0.724063
vt 0.185714 0.655598
vt 0.201844 0.701017
vt 0.182445 0.609505
vt 0.183480 0.654301
vt 0.208211 0.686529
vt 0.181272 0.652069
vt 0.176612 0.585947
vt 0.214743 0.658314
vt 0.218232 0.658492
vt 0.180131 0.603467
vt 0.175153 0.603078
vt 0.181344 0.614647
vt 0.221546 0.644634
vt 0.228252 0.637349
vt 0.221706 0.656453
vt 0.222427 0.651645
vt 0.180085 0.608997
vt 0.233949 0.626893
vt 0.180519 0.645887
vt 0.180250 0.649018
vt 0.175223 0.644065
vt 0.176487 0.605332
vt 0.170956 0.604360
vt 0.166268 0.606976
vt 0.160569 0.629404
vt 0.162454 0.613321
vt 0.160523 0.622299
vt 0.154558 0.624209
vt 0.233152 0.605766
vt 0.235455 0.616089
vt 0.228270 0.597850
vt 0.222619 0.591322
vt 0.220292 0.583967
vt 0.216210 0.577909
vt 0.211683 0.574472
vt 0.206509 0.573421
vt 0.126392 0.615185
vt 0.150403 0.582441
vt 0.195735 0.577760
vt 0.200385 0.574956
vt 0.192934 0.574661
vt 0.187241 0.572749
vt 0.141616 0.542012
vt 0.153961 0.582148
vt 0.155676 0.579890
vt 0.155945 0.574979
vt 0.133022 0.542440
vt 0.128721 0.543284
vt 0.127259 0.582450
vt 0.125701 0.545282
vt 0.124701 0.581376
vt 0.124629 0.550501
vt 0.123810 0.579952
vt 0.123921 0.559638
vt 0.122794 0.545080
vt 0.122704 0.581345
vt 0.118873 0.543798
vt 0.120700 0.581825
vt 0.148463 0.534479
vt 0.143090 0.537195
vt 0.158241 0.532323
vt 0.161563 0.577204
vt 0.171144 0.578421
vt 0.084420 0.653649
vt 0.120922 0.615185
vt 0.092230 0.626199
vt 0.105262 0.541562
vt 0.120706 0.766950
vt 0.115233 0.766461
vt 0.112115 0.765383
vt 0.109436 0.763089
vt 0.102210 0.763612
vt 0.092252 0.762904
vt 0.083696 0.759825
vt 0.079328 0.640383
vt 0.075235 0.754290
vt 0.097707 0.583088
vt 0.102528 0.537634
vt 0.088138 0.629357
vt 0.097509 0.534915
vt 0.092823 0.582119
vt 0.092352 0.575437
vt 0.065528 0.533123
vt 0.086023 0.577866
vt 0.078112 0.579323
vt 0.077820 0.601422
vt 0.080703 0.597508
vt 0.081405 0.585425
vt 0.081814 0.591789
vt 0.073288 0.603264
vt 0.068172 0.603455
vt 0.066591 0.607903
vt 0.066490 0.612922
vt 0.065099 0.654827
vt 0.067032 0.652647
vt 0.068054 0.649980
vt 0.068219 0.646397
vt 0.068612 0.607917
vt 0.072075 0.605284
vt 0.073301 0.644510
vt 0.078466 0.604392
vt 0.082301 0.606752
vt 0.085920 0.613383
vt 0.088649 0.622639
vt 0.059713 0.573516
vt 0.056880 0.534385
vt 0.062641 0.655460
vt 0.055281 0.569245
vt 0.050525 0.537883
vt 0.052411 0.563709
vt 0.050003 0.556459
vt 0.048903 0.546298
vt 0.040639 0.686134
vt 0.054908 0.575329
vt 0.053326 0.578765
vt 0.047450 0.575402
vt 0.042198 0.574088
vt 0.064165 0.678049
vt 0.036530 0.575195
vt 0.034378 0.658590
vt 0.031845 0.578452
vt 0.029946 0.658384
vt 0.028874 0.583098
vt 0.026911 0.646235
vt 0.026522 0.656283
vt 0.025862 0.651974
vt 0.026662 0.591091
vt 0.019035 0.636991
vt 0.020959 0.597817
vt 0.016077 0.606363
vt 0.014170 0.626943
vt 0.013386 0.616191
vt 0.054666 0.713930
vt 0.046610 0.700634
vt 0.062430 0.723565
vt 0.066005 0.689023
vt 0.072373 0.707204
vt 0.074281 0.733956
vt 0.073257 0.654396
vt 0.070709 0.666594
vt 0.069907 0.688244
vt 0.069003 0.748401
vt 0.069034 0.739528
vt 0.067194 0.744799
vt 0.179990 0.738134
vt 0.183507 0.744186
vt 0.181102 0.749273
vt 0.174381 0.755644
vt 0.142248 0.762261
vt 0.165736 0.760174
vt 0.157296 0.762845
vt 0.148447 0.763082
vt 0.139471 0.764951
vt 0.135533 0.766461
vt 0.167759 0.596652
vt 0.166969 0.591799
vt 0.167447 0.584568
vt 0.170956 0.601437
vt 0.185055 0.532071
vt 0.191668 0.568610
vt 0.194380 0.533974
vt 0.194790 0.563210
vt 0.197198 0.555768
vt 0.198632 0.537957
vt 0.198940 0.546298
vt 0.019864 0.512742
vt 0.002777 0.512742
vt 0.002777 0.501097
vt 0.019864 0.501097
vt 0.430250 0.649018
vt 0.431272 0.652069
vt 0.433480 0.654301
vt 0.435715 0.655598
vt 0.462373 0.671405
vt 0.458211 0.686529
vt 0.451844 0.701017
vt 0.436130 0.724063
vt 0.435487 0.666516
vt 0.425792 0.732746
vt 0.432028 0.689101
vt 0.426614 0.703704
vt 0.419978 0.640442
vt 0.426903 0.656792
vt 0.429757 0.679462
vt 0.461684 0.574472
vt 0.464743 0.658314
vt 0.466210 0.577909
vt 0.456509 0.573421
vt 0.468232 0.658492
vt 0.450386 0.574956
vt 0.445735 0.577760
vt 0.442934 0.574661
vt 0.437241 0.572749
vt 0.430519 0.645887
vt 0.470292 0.583967
vt 0.471546 0.644634
vt 0.471706 0.656453
vt 0.472427 0.651645
vt 0.472619 0.591322
vt 0.478252 0.637349
vt 0.478269 0.597850
vt 0.483152 0.605766
vt 0.483949 0.626893
vt 0.485455 0.616089
vt 0.435055 0.532071
vt 0.441668 0.568610
vt 0.444380 0.533974
vt 0.444790 0.563210
vt 0.447198 0.555768
vt 0.448632 0.537957
vt 0.448940 0.546298
vt 0.432445 0.609505
vt 0.408241 0.532323
vt 0.431344 0.614647
vt 0.430085 0.608997
vt 0.425223 0.644065
vt 0.426487 0.605332
vt 0.420956 0.604360
vt 0.430131 0.603467
vt 0.416268 0.606976
vt 0.421144 0.578421
vt 0.425153 0.603078
vt 0.420956 0.601437
vt 0.411563 0.577204
vt 0.417447 0.584568
vt 0.417759 0.596652
vt 0.416969 0.591799
vt 0.405945 0.574979
vt 0.398463 0.534479
vt 0.405676 0.579890
vt 0.403961 0.582148
vt 0.400402 0.582441
vt 0.377259 0.582450
vt 0.391616 0.542012
vt 0.393090 0.537195
vt 0.383022 0.542440
vt 0.378721 0.543284
vt 0.375701 0.545282
vt 0.374701 0.581376
vt 0.374629 0.550501
vt 0.373810 0.579952
vt 0.373921 0.559638
vt 0.372794 0.545080
vt 0.372705 0.581345
vt 0.368872 0.543798
vt 0.370699 0.581825
vt 0.365233 0.766461
vt 0.355262 0.541562
vt 0.370706 0.766950
vt 0.362115 0.765383
vt 0.359436 0.763089
vt 0.370923 0.615185
vt 0.373782 0.614997
vt 0.376392 0.615185
vt 0.385533 0.766461
vt 0.352210 0.763612
vt 0.352528 0.537634
vt 0.389471 0.764951
vt 0.392248 0.762261
vt 0.398448 0.763082
vt 0.404558 0.624209
vt 0.407296 0.762845
vt 0.410569 0.629404
vt 0.347510 0.534915
vt 0.415736 0.760174
vt 0.347706 0.583088
vt 0.342252 0.762904
vt 0.342823 0.582119
vt 0.342352 0.575437
vt 0.315528 0.533123
vt 0.336023 0.577866
vt 0.328112 0.579323
vt 0.327820 0.601422
vt 0.342230 0.626199
vt 0.333696 0.759825
vt 0.330703 0.597508
vt 0.331405 0.585425
vt 0.331814 0.591789
vt 0.323288 0.603264
vt 0.318172 0.603455
vt 0.316592 0.607903
vt 0.316490 0.612922
vt 0.324281 0.733956
vt 0.325235 0.754290
vt 0.319003 0.748401
vt 0.319034 0.739528
vt 0.317194 0.744799
vt 0.318832 0.729022
vt 0.338138 0.629357
vt 0.315099 0.654827
vt 0.317032 0.652647
vt 0.318054 0.649980
vt 0.318219 0.646397
vt 0.318612 0.607917
vt 0.322075 0.605284
vt 0.323301 0.644510
vt 0.328466 0.604392
vt 0.329328 0.640383
vt 0.332301 0.606752
vt 0.335920 0.613383
vt 0.338649 0.622639
vt 0.309713 0.573516
vt 0.312641 0.655460
vt 0.306880 0.534385
vt 0.322374 0.707204
vt 0.323257 0.654396
vt 0.320709 0.666594
vt 0.319907 0.688244
vt 0.296610 0.700634
vt 0.312430 0.723565
vt 0.304666 0.713930
vt 0.316005 0.689023
vt 0.305281 0.569245
vt 0.304908 0.575329
vt 0.300525 0.537883
vt 0.302411 0.563709
vt 0.300003 0.556459
vt 0.298903 0.546298
vt 0.303326 0.578765
vt 0.297450 0.575402
vt 0.292198 0.574088
vt 0.290639 0.686134
vt 0.286530 0.575195
vt 0.284378 0.658590
vt 0.281845 0.578452
vt 0.279946 0.658384
vt 0.278874 0.583098
vt 0.276911 0.646235
vt 0.276522 0.656283
vt 0.275862 0.651974
vt 0.276662 0.591091
vt 0.269035 0.636991
vt 0.270959 0.597817
vt 0.266077 0.606363
vt 0.264170 0.626943
vt 0.263386 0.616191
vt 0.431102 0.749273
vt 0.433507 0.744186
vt 0.429990 0.738134
vt 0.424381 0.755644
vt 0.412454 0.613321
vt 0.410522 0.622299
vt 0.017487 0.856574
vt 0.017487 0.941362
vt 0.004008 0.941362
vt 0.004007 0.856574
vt 0.479293 0.887903
vt 0.480620 0.870577
vt 0.477642 0.846219
vt 0.475592 0.904171
vt 0.470085 0.824237
vt 0.468890 0.919106
vt 0.458297 0.805130
vt 0.459894 0.932549
vt 0.448394 0.945250
vt 0.442050 0.789855
vt 0.433347 0.955910
vt 0.423425 0.777543
vt 0.415000 0.964824
vt 0.401037 0.770063
vt 0.414073 0.954211
vt 0.410329 0.945887
vt 0.404928 0.939904
vt 0.397866 0.935563
vt 0.375813 0.767458
vt 0.390414 0.932925
vt 0.382867 0.931494
vt 0.368854 0.931086
vt 0.352626 0.770710
vt 0.361470 0.931977
vt 0.345978 0.938110
vt 0.331643 0.778530
vt 0.340766 0.943304
vt 0.335497 0.952118
vt 0.332478 0.962073
vt 0.316607 0.953160
vt 0.312452 0.790113
vt 0.303129 0.942923
vt 0.296576 0.806083
vt 0.291891 0.931226
vt 0.284248 0.825229
vt 0.283048 0.918105
vt 0.276024 0.846934
vt 0.276758 0.903599
vt 0.273176 0.887744
vt 0.273215 0.870577
vt 0.087290 0.986517
vt 0.087290 0.999728
vt 0.071924 0.986517
vt 0.071924 0.999728
vt 0.058765 0.986517
vt 0.058765 0.999728
vt 0.047150 0.986517
vt 0.047150 0.999728
vt 0.035214 0.986517
vt 0.035214 0.999728
vt 0.023834 0.986517
vt 0.023834 0.999728
vt 0.009933 0.986517
vt 0.009933 0.999728
vt 0.116658 0.999728
vt 0.116658 0.986517
vt 0.143217 0.999728
vt 0.143217 0.986517
vt 0.167905 0.999728
vt 0.167905 0.986517
vt 0.191219 0.999728
vt 0.191219 0.986517
vt 0.214822 0.999728
vt 0.214822 0.986517
vt 0.489456 0.969632
vt 0.489456 0.984118
vt 0.479315 0.969632
vt 0.479315 0.984118
vt 0.454665 0.969632
vt 0.454665 0.984118
vt 0.443785 0.969632
vt 0.443785 0.984118
vt 0.428594 0.969632
vt 0.428594 0.984118
vt 0.413198 0.969632
vt 0.413198 0.984118
vt 0.386297 0.969632
vt 0.386297 0.984118
vt 0.361276 0.969632
vt 0.361276 0.984118
vt 0.337286 0.969632
vt 0.337286 0.984118
vt 0.313878 0.969632
vt 0.313878 0.984118
vt 0.290478 0.969632
vt 0.290478 0.984118
vt 0.266415 0.969632
vt 0.266415 0.984118
vt 0.240999 0.969632
vt 0.240999 0.984118
vt 0.205749 0.969632
vt 0.205749 0.984118
vt 0.171394 0.969632
vt 0.171394 0.984118
vt 0.137700 0.969632
vt 0.137700 0.984118
vt 0.104397 0.969632
vt 0.104397 0.984118
vt 0.071263 0.969632
vt 0.071263 0.984118
vt 0.038173 0.969632
vt 0.038173 0.984118
vt 0.003582 0.969632
vt 0.003582 0.984118
vt 0.499981 0.999728
vt 0.463486 0.999728
vt 0.463486 0.986517
vt 0.499981 0.986517
vt 0.429507 0.986517
vt 0.429507 0.999728
vt 0.397352 0.986517
vt 0.397352 0.999728
vt 0.365224 0.986517
vt 0.365224 0.999728
vt 0.332861 0.986517
vt 0.332861 0.999728
vt 0.299340 0.986517
vt 0.299340 0.999728
vt 0.263947 0.986517
vt 0.263947 0.999728
vt 0.238883 0.986517
vt 0.238883 0.999728
vt 0.244079 0.529239
vt 0.257998 0.529239
vt 0.244079 0.532561
vt 0.257998 0.532561
vt 0.244079 0.536405
vt 0.257999 0.536405
vt 0.257999 0.608985
vt 0.258000 0.670203
vt 0.244080 0.670203
vt 0.244080 0.608985
vt 0.250097 0.725376
vt 0.250097 0.730299
vt 0.237103 0.730299
vt 0.237103 0.725376
vt 0.250098 0.719723
vt 0.237103 0.719723
vt 0.250098 0.714176
vt 0.237103 0.714176
vt 0.250098 0.707207
vt 0.237103 0.707207
vt 0.237103 0.682523
vt 0.250097 0.682522
vt 0.237103 0.696695
vt 0.250097 0.696695
vt 0.004007 0.645256
vt 0.017487 0.645256
vt 0.004007 0.658457
vt 0.017487 0.658457
vt 0.004007 0.674118
vt 0.017487 0.674118
vt 0.253655 0.682573
vt 0.266650 0.682573
vt 0.253655 0.714575
vt 0.266650 0.714575
vt 0.253655 0.761503
vt 0.266650 0.761503
vt 0.253655 0.783923
vt 0.266650 0.783923
vt 0.017487 0.749601
vt 0.017487 0.759391
vt 0.004007 0.759391
vt 0.004007 0.749601
vt 0.017487 0.740398
vt 0.004007 0.740398
vt 0.004007 0.687637
vt 0.017487 0.687637
vt 0.004007 0.700078
vt 0.017487 0.700078
vt 0.004007 0.711442
vt 0.017487 0.711442
vt 0.004007 0.720914
vt 0.017487 0.720914
vt 0.004007 0.791029
vt 0.017487 0.791029
vt 0.004007 0.799800
vt 0.017487 0.799800
vt 0.004007 0.814533
vt 0.017487 0.814533
vt 0.004007 0.833358
vt 0.017487 0.833358
vt 0.004007 0.846503
vt 0.017487 0.846503
vt 0.299123 0.512741
vt 0.294426 0.512741
vt 0.294426 0.501096
vt 0.299123 0.501096
vt 0.304307 0.512741
vt 0.304307 0.501096
vt 0.289321 0.501096
vt 0.289321 0.512741
vt 0.282491 0.501096
vt 0.282491 0.512741
vt 0.242609 0.501096
vt 0.242609 0.512741
vt 0.230683 0.501096
vt 0.230683 0.512741
vt 0.219169 0.501096
vt 0.219169 0.512741
vt 0.208857 0.501096
vt 0.208857 0.512741
vt 0.199150 0.501096
vt 0.199150 0.512741
vt 0.192699 0.501096
vt 0.192699 0.512741
vt 0.186030 0.501096
vt 0.186030 0.512741
vt 0.004007 0.730436
vt 0.017487 0.730436
vt 0.268288 0.501096
vt 0.268288 0.512741
vt 0.255227 0.501096
vt 0.255227 0.512741
vt 0.119227 0.512742
vt 0.109197 0.512742
vt 0.109197 0.501096
vt 0.119227 0.501096
vt 0.131189 0.512742
vt 0.131189 0.501096
vt 0.140129 0.512742
vt 0.140129 0.501096
vt 0.147424 0.512742
vt 0.147424 0.501096
vt 0.154621 0.512741
vt 0.154621 0.501096
vt 0.100720 0.501096
vt 0.100720 0.512742
vt 0.090514 0.501096
vt 0.090514 0.512742
vt 0.053071 0.501096
vt 0.053071 0.512742
vt 0.046401 0.501096
vt 0.046401 0.512742
vt 0.040804 0.501096
vt 0.040804 0.512742
vt 0.237103 0.833370
vt 0.250098 0.833370
vt 0.237103 0.870520
vt 0.250098 0.870520
vt 0.237103 0.912664
vt 0.250098 0.912664
vt 0.237103 0.936875
vt 0.250098 0.936875
vt 0.237103 0.966537
vt 0.250098 0.966537
vt 0.172959 0.512741
vt 0.165047 0.512741
vt 0.165047 0.501096
vt 0.172959 0.501096
vt 0.179284 0.512741
vt 0.179284 0.501096
vt 0.024683 0.512742
vt 0.024683 0.501096
vt 0.017487 0.951056
vt 0.004008 0.951056
vt 0.250097 0.795916
vt 0.237103 0.795916
vt 0.237103 0.774296
vt 0.004007 0.769991
vt 0.017487 0.769991
vt 0.004007 0.778466
vt 0.017487 0.778466
vt 0.160621 0.501096
vt 0.160621 0.512741
vt 0.244080 0.598760
vt 0.257999 0.598760
vt 0.244080 0.604105
vt 0.257999 0.604105
vt 0.493984 0.501096
vt 0.493984 0.512741
vt 0.487570 0.501096
vt 0.487570 0.512741
vt 0.483716 0.501096
vt 0.483716 0.512741
vt 0.479595 0.501096
vt 0.479595 0.512741
vt 0.471136 0.501096
vt 0.471136 0.512741
vt 0.459480 0.501096
vt 0.459480 0.512741
vt 0.448860 0.501096
vt 0.448860 0.512741
vt 0.437047 0.501096
vt 0.437047 0.512741
vt 0.427024 0.501096
vt 0.427024 0.512741
vt 0.422309 0.501096
vt 0.422309 0.512741
vt 0.415775 0.512741
vt 0.406826 0.512741
vt 0.406826 0.501096
vt 0.415775 0.501096
vt 0.196901 0.514572
vt 0.196901 0.525757
vt 0.181476 0.525757
vt 0.163291 0.514572
vt 0.163291 0.525757
vt 0.144948 0.514572
vt 0.144948 0.525757
vt 0.112584 0.514572
vt 0.112584 0.525757
vt 0.096933 0.514572
vt 0.096933 0.525757
vt 0.017487 0.964127
vt 0.004008 0.964127
vt 0.398232 0.512741
vt 0.388399 0.512741
vt 0.388399 0.501096
vt 0.373930 0.501096
vt 0.373930 0.512741
vt 0.355746 0.501096
vt 0.355746 0.512741
vt 0.337398 0.501096
vt 0.337398 0.512741
vt 0.244081 0.675379
vt 0.258000 0.675379
vt 0.244081 0.678518
vt 0.258000 0.678518
vt 0.253655 0.789217
vt 0.266650 0.789217
vt 0.253655 0.795654
vt 0.266650 0.795654
vt 0.253655 0.802257
vt 0.266650 0.802257
vt 0.253655 0.808708
vt 0.266650 0.808708
vt 0.266650 0.820186
vt 0.266650 0.833256
vt 0.253655 0.833256
vt 0.253655 0.820186
vt 0.498532 0.837111
vt 0.498532 0.848613
vt 0.484023 0.848614
vt 0.484022 0.837112
vt 0.498531 0.818731
vt 0.484022 0.818731
vt 0.484022 0.730456
vt 0.498531 0.730456
vt 0.484022 0.740485
vt 0.498531 0.740485
vt 0.484022 0.752813
vt 0.498531 0.752813
vt 0.498531 0.805059
vt 0.484022 0.805059
vt 0.498531 0.791239
vt 0.484022 0.791239
vt 0.498531 0.781861
vt 0.484022 0.781861
vt 0.498531 0.770893
vt 0.484022 0.770893
vt 0.200944 0.525757
vt 0.200944 0.514572
vt 0.205609 0.525757
vt 0.205609 0.514572
vt 0.211247 0.525757
vt 0.211247 0.514572
vt 0.219442 0.525757
vt 0.219442 0.514572
vt 0.498531 0.762316
vt 0.484022 0.762316
vt 0.230911 0.525757
vt 0.230911 0.514572
vt 0.244712 0.525757
vt 0.244712 0.514572
vt 0.257362 0.525757
vt 0.257362 0.514572
vt 0.269626 0.525757
vt 0.269626 0.514572
vt 0.280405 0.525757
vt 0.280405 0.514572
vt 0.290410 0.525757
vt 0.290410 0.514572
vt 0.299356 0.525757
vt 0.299356 0.514572
vt 0.307823 0.525757
vt 0.307823 0.514572
vt 0.314407 0.525757
vt 0.314407 0.514572
vt 0.320521 0.525757
vt 0.320521 0.514572
vt 0.327829 0.525757
vt 0.327829 0.514572
vt 0.334120 0.525757
vt 0.334120 0.514572
vt 0.484022 0.643551
vt 0.498532 0.643551
vt 0.484022 0.657100
vt 0.498532 0.657100
vt 0.484022 0.674613
vt 0.498531 0.674613
vt 0.484022 0.688724
vt 0.498531 0.688724
vt 0.484022 0.698945
vt 0.498531 0.698945
vt 0.484022 0.709633
vt 0.498531 0.709633
vt 0.499299 0.514572
vt 0.499299 0.525757
vt 0.488675 0.514572
vt 0.488675 0.525757
vt 0.482499 0.514572
vt 0.482499 0.525757
vt 0.390088 0.514572
vt 0.390088 0.525757
vt 0.380409 0.514572
vt 0.380409 0.525757
vt 0.369243 0.514572
vt 0.369243 0.525757
vt 0.360173 0.514572
vt 0.360173 0.525757
vt 0.352941 0.514572
vt 0.352941 0.525757
vt 0.345917 0.514572
vt 0.345917 0.525757
vt 0.396837 0.525757
vt 0.396837 0.514572
vt 0.407850 0.525757
vt 0.407850 0.514572
vt 0.438885 0.525757
vt 0.438885 0.514572
vt 0.450469 0.525757
vt 0.450469 0.514572
vt 0.457437 0.525757
vt 0.457437 0.514572
vt 0.463277 0.525757
vt 0.463277 0.514572
vt 0.478308 0.514572
vt 0.478308 0.525757
vt 0.473237 0.514572
vt 0.473237 0.525757
vt 0.498532 0.857995
vt 0.498532 0.863398
vt 0.484023 0.863398
vt 0.484023 0.857995
vt 0.498532 0.870193
vt 0.484023 0.870193
vt 0.498531 0.719418
vt 0.484022 0.719418
vt 0.338963 0.525757
vt 0.338963 0.514572
vt 0.498532 0.950256
vt 0.498533 0.965390
vt 0.484023 0.965390
vt 0.484023 0.950256
vt 0.015281 0.525756
vt 0.003288 0.514572
vt 0.015281 0.514572
vt 0.020162 0.525756
vt 0.020162 0.514572
vt 0.024639 0.525756
vt 0.024640 0.514572
vt 0.253655 0.869703
vt 0.266650 0.869703
vt 0.253655 0.916681
vt 0.266650 0.916681
vt 0.266650 0.966921
vt 0.253655 0.935122
vt 0.253655 0.966921
vt 0.273769 0.984204
vt 0.251889 0.984204
vt 0.251889 0.969715
vt 0.273769 0.969715
vt 0.080906 0.514572
vt 0.080906 0.525756
vt 0.074383 0.514572
vt 0.074383 0.525756
vt 0.063658 0.514572
vt 0.063658 0.525756
vt 0.052361 0.514572
vt 0.052361 0.525756
vt 0.042117 0.514572
vt 0.042117 0.525756
vt 0.031875 0.514572
vt 0.031875 0.525756
vt 0.089018 0.514572
vt 0.089018 0.525757
s 0
usemtl Matériau.002
f 1000/875/320 999/876/320 998/877/320
f 998/877/320 1001/878/320 1000/875/320
f 1001/878/320 1002/879/320 1000/875/320
f 1001/878/320 1003/880/320 1002/879/320
f 1003/880/320 1004/881/320 1002/879/320
f 1003/880/320 1005/882/320 1004/881/320
f 1005/882/320 1006/883/320 1004/881/320
f 1006/883/320 1007/884/320 1004/881/320
f 1006/883/320 1008/885/320 1007/884/320
f 1008/885/320 1009/886/320 1007/884/320
f 1008/885/320 1010/887/320 1009/886/320
f 1010/887/320 1011/888/320 1009/886/320
f 1010/887/320 1012/889/320 1011/888/320
f 1015/889/320 1014/890/320 1013/888/320
f 1014/890/320 1016/891/320 1013/888/320
f 1016/891/320 1017/892/320 1013/888/320
f 1017/892/320 1018/893/320 1013/888/320
f 1017/892/320 1019/894/320 1018/893/320
f 1019/894/320 1020/895/320 1018/893/320
f 1020/895/320 1021/896/320 1018/893/320
f 1021/896/320 1022/897/320 1018/893/320
f 1021/896/320 1023/898/320 1022/897/320
f 1023/898/320 1024/899/320 1022/897/320
f 1024/899/320 1025/900/320 1022/897/320
f 1024/899/320 1026/901/320 1025/900/320
f 1026/901/320 1027/902/320 1025/900/320
f 1027/902/320 1028/903/320 1025/900/320
f 1028/903/320 1029/904/320 1025/900/320
f 1029/904/320 1030/905/320 1025/900/320
f 1029/904/320 1031/906/320 1030/905/320
f 1031/906/320 1032/907/320 1030/905/320
f 1031/906/320 1033/908/320 1032/907/320
f 1033/908/320 1034/909/320 1032/907/320
f 1033/908/320 1035/910/320 1034/909/320
f 1035/910/320 1036/911/320 1034/909/320
f 1035/910/320 1037/912/320 1036/911/320
f 1037/912/320 1038/913/320 1036/911/320
f 1038/913/320 1039/914/320 1036/911/320
f 1042/915/320 1041/916/320 1040/917/320
f 1040/917/320 1043/918/320 1042/915/320
f 1043/918/320 1040/917/320 1044/919/320
f 1043/918/320 1045/920/320 1042/915/320
f 1046/921/320 1042/915/320 1045/920/320
f 1044/919/320 1047/922/320 1043/918/320
f 1047/922/320 1044/919/320 1048/923/320
f 1047/922/321 1048/923/321 1049/924/321
f 1050/925/320 1047/922/320 1049/924/320
f 1049/924/320 1051/926/320 1050/925/320
f 1052/927/320 1050/925/320 1051/926/320
f 1052/927/320 1051/926/320 1053/928/320
f 1051/926/320 1054/929/320 1053/928/320
f 1055/930/320 1052/927/320 1053/928/320
f 1053/928/320 1054/929/320 1056/931/320
f 1055/930/320 1053/928/320 1057/932/320
f 1058/933/320 1055/930/320 1057/932/320
f 1059/934/320 1058/933/320 1057/932/320
f 1053/928/320 1060/935/320 1057/932/320
f 1057/932/320 1060/935/320 1061/936/320
f 1056/931/320 1062/937/320 1053/928/320
f 1063/938/320 1059/934/320 1057/932/320
f 1064/939/320 1063/938/320 1057/932/320
f 1065/940/320 1059/934/320 1063/938/320
f 1063/938/320 1066/941/320 1065/940/320
f 1056/931/320 1067/942/320 1062/937/320
f 1057/932/320 1068/943/320 1064/939/320
f 1056/931/320 1069/944/320 1067/942/320
f 1069/944/320 1056/931/320 1070/945/320
f 1069/944/320 1071/946/320 1067/942/320
f 1071/946/320 1072/947/320 1067/942/320
f 1071/946/320 1073/948/320 1072/947/320
f 1071/946/320 1046/921/320 1073/948/320
f 1046/921/320 1074/949/320 1073/948/320
f 1075/950/320 1074/949/320 1046/921/320
f 1075/950/320 1076/951/320 1074/949/320
f 1076/951/320 1075/950/320 1077/952/320
f 1045/920/320 1075/950/320 1046/921/320
f 1045/920/320 1078/953/320 1075/950/320
f 1068/943/320 1057/932/320 1079/954/320
f 1079/954/320 1080/955/320 1068/943/320
f 1057/932/320 1081/956/320 1079/954/320
f 1057/932/320 1082/957/320 1081/956/320
f 1057/932/320 1083/958/320 1082/957/320
f 1057/932/320 1084/959/320 1083/958/320
f 1057/932/320 1085/960/320 1084/959/320
f 1057/932/320 1086/961/320 1085/960/320
f 1045/920/320 1087/962/320 1078/953/320
f 1087/962/320 1088/963/320 1078/953/320
f 1057/932/320 1089/964/320 1086/961/320
f 1089/964/320 1090/965/320 1086/961/320
f 1057/932/320 1091/966/320 1089/964/320
f 1057/932/320 1092/967/320 1091/966/320
f 1087/962/320 1093/968/320 1088/963/320
f 1094/969/320 1088/963/320 1093/968/320
f 1095/970/320 1094/969/320 1093/968/320
f 1093/968/320 1096/971/320 1095/970/320
f 1087/962/320 1097/972/320 1093/968/320
f 1087/962/320 1098/973/320 1097/972/320
f 1087/962/322 1099/974/322 1098/973/322
f 1100/975/320 1098/973/320 1099/974/320
f 1099/974/320 1101/976/320 1100/975/320
f 1101/976/320 1102/977/320 1100/975/320
f 1101/976/320 1103/978/320 1102/977/320
f 1103/978/320 1104/979/320 1102/977/320
f 1103/978/320 1105/980/320 1104/979/320
f 1103/978/320 1106/981/320 1105/980/320
f 1106/981/320 1107/982/320 1105/980/320
f 1106/981/320 1108/983/320 1107/982/320
f 1096/971/320 1093/968/320 1109/984/320
f 1093/968/320 1110/985/320 1109/984/320
f 1096/971/320 1109/984/320 1111/986/320
f 1112/987/320 1096/971/320 1111/986/320
f 1113/988/320 1112/987/320 1111/986/320
f 1114/989/320 1107/982/320 1108/983/320
f 1108/983/320 1115/990/320 1114/989/320
f 1114/989/320 1116/991/320 1107/982/320
f 1116/991/320 1117/992/320 1107/982/320
f 1118/993/320 1114/989/320 1115/990/320
f 1118/993/320 1115/990/320 1045/920/320
f 1118/993/320 1119/994/320 1114/989/320
f 1119/994/320 1120/995/320 1114/989/320
f 1043/918/320 1118/993/320 1045/920/320
f 1120/995/320 1121/996/320 1114/989/320
f 1121/996/320 1122/997/320 1114/989/320
f 1122/997/320 1123/998/320 1114/989/320
f 1123/998/320 1124/999/320 1114/989/320
f 1114/989/320 1124/999/320 1125/1000/320
f 1124/999/320 1126/1001/320 1125/1000/320
f 1116/991/320 1127/1002/320 1117/992/320
f 1127/1002/320 1128/1003/320 1117/992/320
f 1129/1004/320 1116/991/320 1114/989/320
f 1114/989/320 1125/1000/320 1129/1004/320
f 1130/1005/320 1128/1003/320 1127/1002/320
f 1127/1002/320 1131/1006/320 1130/1005/320
f 1131/1006/320 1132/1007/320 1130/1005/320
f 1132/1007/320 1133/1008/320 1130/1005/320
f 1132/1007/320 1134/1009/320 1133/1008/320
f 1134/1009/320 1135/1010/320 1133/1008/320
f 1135/1010/320 1136/1011/320 1133/1008/320
f 1137/1012/320 1136/1011/320 1135/1010/320
f 1137/1012/320 1135/1010/320 1138/1013/320
f 1138/1013/320 1139/1014/320 1137/1012/320
f 1136/1011/320 1140/1015/320 1133/1008/320
f 1140/1015/320 1141/1016/320 1133/1008/320
f 1141/1016/320 1142/1017/320 1133/1008/320
f 1142/1017/320 1143/1018/320 1133/1008/320
f 1144/1019/320 1133/1008/320 1143/1018/320
f 1145/1020/320 1144/1019/320 1143/1018/320
f 1146/1021/320 1145/1020/320 1143/1018/320
f 1147/1022/320 1146/1021/320 1143/1018/320
f 1147/1022/320 1143/1018/320 1148/1023/320
f 1147/1022/320 1148/1023/320 1149/1024/320
f 1150/1025/320 1147/1022/320 1149/1024/320
f 1150/1025/320 1149/1024/320 1151/1026/320
f 1125/1000/320 1150/1025/320 1151/1026/320
f 1125/1000/320 1151/1026/320 1152/1027/320
f 1125/1000/320 1152/1027/320 1153/1028/320
f 1129/1004/320 1125/1000/320 1153/1028/320
f 1153/1028/320 1154/1029/320 1129/1004/320
f 1144/1019/320 1155/1030/320 1133/1008/320
f 1155/1030/320 1156/1031/320 1133/1008/320
f 1144/1019/320 1157/1032/320 1155/1030/320
f 1155/1030/320 1158/1033/320 1156/1031/320
f 1158/1033/320 1159/1034/320 1156/1031/320
f 1158/1033/320 1160/1035/320 1159/1034/320
f 1160/1035/320 1161/1036/320 1159/1034/320
f 1161/1036/320 1162/1037/320 1159/1034/320
f 1163/1038/320 1155/1030/320 1157/1032/320
f 1163/1038/320 1164/1039/320 1155/1030/320
f 1163/1038/320 1165/1040/320 1164/1039/320
f 1163/1038/320 1166/1041/320 1165/1040/320
f 1163/1038/320 1167/1042/320 1166/1041/320
f 1157/1032/320 1168/1043/320 1163/1038/320
f 1163/1038/320 1169/1044/320 1167/1042/320
f 1163/1038/320 1170/1045/320 1169/1044/320
f 1170/1045/320 1171/1046/320 1169/1044/320
f 1170/1045/320 1172/1047/320 1171/1046/320
f 1172/1047/320 1173/1048/320 1171/1046/320
f 1172/1047/320 1174/1049/320 1173/1048/320
f 1172/1047/320 1175/1050/320 1174/1049/320
f 1175/1050/320 1176/1051/320 1174/1049/320
f 1177/1052/320 1173/1048/320 1174/1049/320
f 1174/1049/320 1178/1053/320 1177/1052/320
f 1178/1053/320 1179/1054/320 1177/1052/320
f 1178/1053/320 1180/1055/320 1179/1054/320
f 1178/1053/320 1181/1056/320 1180/1055/320
f 1181/1056/320 1182/1057/320 1180/1055/320
f 1184/1058/320 1183/1059/320 1163/1038/320
f 1185/1060/320 1184/1058/320 1163/1038/320
f 1185/1060/320 1163/1038/320 1168/1043/320
f 1185/1060/320 1168/1043/320 1186/1061/320
f 1185/1060/320 1186/1061/320 1187/1062/320
f 1188/1063/320 1185/1060/320 1187/1062/320
f 1188/1063/320 1187/1062/320 1189/1064/320
f 1190/1065/320 1189/1064/320 1187/1062/320
f 1187/1062/320 1191/1066/320 1190/1065/320
f 1126/1001/320 1188/1063/320 1189/1064/320
f 1126/1001/320 1189/1064/320 1125/1000/320
f 1188/1063/320 1126/1001/320 1192/1067/320
f 1192/1067/320 1193/1068/320 1188/1063/320
f 1192/1067/320 1194/1069/320 1193/1068/320
f 1197/1070/320 1196/1071/320 1195/1072/320
f 1195/1072/320 1198/1073/320 1197/1070/320
f 1198/1073/320 1047/922/320 1197/1070/320
f 1047/922/320 1198/1073/320 1199/1074/320
f 1198/1073/320 1200/1075/320 1199/1074/320
f 1200/1075/320 1201/1076/320 1199/1074/320
f 1201/1076/320 1202/1077/320 1199/1074/320
f 1047/922/320 1199/1074/320 1043/918/320
f 1199/1074/320 1203/1078/320 1043/918/320
f 1203/1078/320 1204/1079/320 1043/918/320
f 1207/1080/320 1206/1081/320 1205/1082/320
f 1208/1083/320 1207/1080/320 1205/1082/320
f 1208/1083/320 1205/1082/320 1113/988/320
f 1113/988/320 1061/936/320 1208/1083/320
f 1057/932/320 1061/936/320 1113/988/320
f 1057/932/320 1113/988/320 1111/986/320
f 1057/932/320 1111/986/320 1209/1084/320
f 1057/932/320 1209/1084/320 1092/967/320
f 1210/1085/320 1092/967/320 1209/1084/320
f 1210/1085/320 1209/1084/320 1211/1086/320
f 1212/1087/320 1210/1085/320 1211/1086/320
f 1213/1088/320 1212/1087/320 1211/1086/320
f 1213/1088/320 1211/1086/320 1214/1089/320
f 1214/1089/320 1215/1090/320 1213/1088/320
f 1218/1091/323 1217/1092/323 1216/1093/323
f 1219/1094/323 1218/1091/323 1216/1093/323
f 1222/1095/324 1221/1096/324 1220/1097/324
f 1222/1095/324 1220/1097/324 1223/1098/324
f 1224/1099/324 1222/1095/324 1223/1098/324
f 1223/1098/324 1225/1100/324 1224/1099/324
f 1223/1098/324 1226/1101/324 1225/1100/324
f 1223/1098/324 1227/1102/324 1226/1101/324
f 1227/1102/324 1223/1098/324 1228/1103/324
f 1228/1103/324 1229/1104/324 1227/1102/324
f 1228/1103/325 1230/1105/325 1229/1104/325
f 1230/1105/324 1231/1106/324 1229/1104/324
f 1232/1107/324 1229/1104/324 1231/1106/324
f 1233/1108/324 1232/1107/324 1231/1106/324
f 1231/1106/324 1234/1109/324 1233/1108/324
f 1235/1110/324 1222/1095/324 1224/1099/324
f 1235/1110/324 1224/1099/324 1236/1111/324
f 1237/1112/324 1235/1110/324 1236/1111/324
f 1235/1110/324 1238/1113/324 1222/1095/324
f 1237/1112/324 1236/1111/324 1239/1114/324
f 1238/1113/324 1240/1115/324 1222/1095/324
f 1240/1115/324 1241/1116/324 1222/1095/324
f 1241/1116/324 1242/1117/324 1222/1095/324
f 1242/1117/324 1243/1118/324 1222/1095/324
f 1243/1118/326 1244/1119/326 1222/1095/326
f 1245/1120/324 1237/1112/324 1239/1114/324
f 1246/1121/324 1245/1120/324 1239/1114/324
f 1246/1121/324 1239/1114/324 1247/1122/324
f 1247/1122/324 1248/1123/324 1246/1121/324
f 1249/1124/324 1245/1120/324 1246/1121/324
f 1249/1124/324 1246/1121/324 1250/1125/324
f 1251/1126/324 1249/1124/324 1250/1125/324
f 1252/1127/324 1251/1126/324 1250/1125/324
f 1252/1127/324 1250/1125/324 1253/1128/324
f 1253/1128/324 1254/1129/324 1252/1127/324
f 1256/1130/324 1243/1118/324 1255/1131/324
f 1257/1132/324 1256/1130/324 1255/1131/324
f 1257/1132/324 1255/1131/324 1258/1133/324
f 1257/1132/324 1258/1133/324 1259/1134/324
f 1260/1135/324 1257/1132/324 1259/1134/324
f 1259/1134/324 1261/1136/324 1260/1135/324
f 1243/1118/324 1256/1130/324 1262/1137/324
f 1243/1118/324 1262/1137/324 1263/1119/324
f 1262/1137/324 1256/1130/324 1264/1138/324
f 1262/1137/324 1265/1139/324 1263/1119/324
f 1263/1119/324 1265/1139/324 1266/1140/324
f 1266/1140/324 1267/1141/324 1263/1119/324
f 1266/1140/324 1268/1142/324 1267/1141/324
f 1268/1142/324 1269/1143/324 1267/1141/324
f 1269/1143/324 1232/1107/324 1267/1141/324
f 1264/1138/324 1270/1144/324 1262/1137/324
f 1269/1143/324 1271/1145/324 1232/1107/324
f 1264/1138/324 1272/1146/324 1270/1144/324
f 1272/1146/324 1273/1147/324 1270/1144/324
f 1274/1148/324 1273/1147/324 1272/1146/324
f 1264/1138/324 1275/1149/324 1272/1146/324
f 1272/1146/324 1276/1150/324 1274/1148/324
f 1276/1150/324 1277/1151/324 1274/1148/324
f 1276/1150/324 1278/1152/324 1277/1151/324
f 1264/1138/324 1279/1153/324 1275/1149/324
f 1264/1138/324 1280/1154/324 1279/1153/324
f 1280/1154/324 1281/1155/324 1279/1153/324
f 1280/1154/324 1282/1156/324 1281/1155/324
f 1280/1154/324 1283/1157/324 1282/1156/324
f 1280/1154/324 1284/1158/324 1283/1157/324
f 1280/1154/324 1285/1159/324 1284/1158/324
f 1280/1154/324 1286/1160/324 1285/1159/324
f 1285/1159/324 1287/1161/324 1284/1158/324
f 1287/1161/324 1288/1162/324 1284/1158/324
f 1288/1162/324 1289/1163/324 1284/1158/324
f 1289/1163/324 1290/1164/324 1284/1158/324
f 1289/1163/324 1291/1165/324 1290/1164/324
f 1291/1165/324 1292/1166/324 1290/1164/324
f 1291/1165/324 1293/1167/324 1292/1166/324
f 1292/1166/324 1293/1167/324 1294/1168/324
f 1294/1168/324 1295/1169/324 1292/1166/324
f 1294/1168/324 1296/1170/324 1295/1169/324
f 1296/1170/324 1297/1171/324 1295/1169/324
f 1297/1171/324 1296/1170/324 1298/1172/324
f 1296/1170/324 1299/1173/324 1298/1172/324
f 1297/1171/324 1298/1172/324 1300/1174/324
f 1299/1173/324 1301/1175/324 1298/1172/324
f 1299/1173/324 1302/1176/324 1301/1175/324
f 1303/1177/324 1297/1171/324 1300/1174/324
f 1304/1178/324 1303/1177/324 1300/1174/324
f 1305/1179/324 1304/1178/324 1300/1174/324
f 1305/1179/324 1300/1174/324 1306/1180/324
f 1299/1173/324 1307/1181/324 1302/1176/324
f 1284/1158/324 1305/1179/324 1306/1180/324
f 1299/1173/324 1308/1182/324 1307/1181/324
f 1284/1158/324 1306/1180/324 1309/1183/324
f 1284/1158/324 1309/1183/324 1310/1184/324
f 1284/1158/324 1310/1184/324 1311/1185/324
f 1283/1157/324 1284/1158/324 1311/1185/324
f 1312/1186/324 1283/1157/324 1311/1185/324
f 1312/1186/324 1311/1185/324 1313/1187/324
f 1314/1188/324 1312/1186/324 1313/1187/324
f 1308/1182/324 1315/1189/324 1307/1181/324
f 1314/1188/324 1313/1187/324 1316/1190/324
f 1315/1189/324 1317/1191/324 1307/1181/324
f 1318/1192/324 1307/1181/324 1317/1191/324
f 1315/1189/324 1319/1193/324 1317/1191/324
f 1315/1189/324 1320/1194/324 1319/1193/324
f 1315/1189/324 1321/1195/324 1320/1194/324
f 1321/1195/324 1322/1196/324 1320/1194/324
f 1321/1195/324 1323/1197/324 1322/1196/324
f 1321/1195/324 1324/1198/324 1323/1197/324
f 1317/1191/324 1325/1199/324 1318/1192/324
f 1325/1199/324 1326/1200/324 1318/1192/324
f 1323/1197/324 1324/1198/324 1327/1201/324
f 1328/1202/324 1323/1197/324 1327/1201/324
f 1327/1201/324 1329/1203/324 1328/1202/324
f 1321/1195/324 1330/1204/324 1324/1198/324
f 1321/1195/324 1331/1205/324 1330/1204/324
f 1321/1195/324 1332/1206/324 1331/1205/324
f 1321/1195/324 1333/1207/324 1332/1206/324
f 1325/1199/324 1334/1208/324 1326/1200/324
f 1334/1208/324 1335/1209/324 1326/1200/324
f 1336/1210/324 1335/1209/324 1334/1208/324
f 1334/1208/324 1337/1211/324 1336/1210/324
f 1337/1211/324 1338/1212/324 1336/1210/324
f 1325/1199/324 1339/1213/324 1334/1208/324
f 1339/1213/324 1325/1199/324 1340/1214/324
f 1333/1207/324 1321/1195/324 1341/1215/324
f 1333/1207/324 1341/1215/324 1342/1216/324
f 1333/1207/324 1342/1216/324 1343/1217/324
f 1333/1207/324 1343/1217/324 1344/1218/324
f 1345/1219/324 1333/1207/324 1344/1218/324
f 1346/1220/324 1345/1219/324 1344/1218/324
f 1346/1220/324 1344/1218/324 1347/1221/324
f 1348/1222/324 1346/1220/324 1347/1221/324
f 1348/1222/324 1347/1221/324 1349/1223/324
f 1350/1224/324 1348/1222/324 1349/1223/324
f 1351/1225/324 1350/1224/324 1349/1223/324
f 1351/1225/324 1349/1223/324 1340/1214/324
f 1340/1214/324 1352/1226/324 1351/1225/324
f 1321/1195/324 1353/1227/324 1341/1215/324
f 1353/1227/324 1354/1228/324 1341/1215/324
f 1321/1195/324 1355/1229/324 1353/1227/324
f 1340/1214/324 1349/1223/324 1356/1230/324
f 1349/1223/324 1357/1231/324 1356/1230/324
f 1356/1230/324 1357/1231/324 1358/1232/324
f 1358/1232/324 1359/1233/324 1356/1230/324
f 1340/1214/324 1356/1230/324 1339/1213/324
f 1356/1230/324 1360/1234/324 1339/1213/324
f 1354/1228/324 1353/1227/324 1360/1234/324
f 1360/1234/324 1361/1235/324 1339/1213/324
f 1360/1234/324 1362/1236/324 1361/1235/324
f 1360/1234/324 1356/1230/324 1363/1237/324
f 1363/1237/324 1354/1228/324 1360/1234/324
f 1355/1229/324 1364/1238/324 1353/1227/324
f 1353/1227/324 1365/1239/324 1360/1234/324
f 1355/1229/324 1366/1240/324 1364/1238/324
f 1366/1240/324 1367/1241/324 1364/1238/324
f 1366/1240/324 1368/1242/324 1367/1241/324
f 1366/1240/324 1369/1243/324 1368/1242/324
f 1365/1239/324 1370/1244/324 1360/1234/324
f 1370/1244/324 1371/1245/324 1360/1234/324
f 1371/1245/324 1372/1246/324 1360/1234/324
f 1372/1246/324 1373/1247/324 1360/1234/324
f 1372/1246/324 1374/1248/324 1373/1247/324
f 1374/1248/324 1375/1249/324 1373/1247/324
f 1374/1248/324 1376/1250/324 1375/1249/324
f 1376/1250/324 1377/1251/324 1375/1249/324
f 1376/1250/324 1378/1252/324 1377/1251/324
f 1378/1252/324 1379/1253/324 1377/1251/324
f 1379/1253/324 1380/1254/324 1377/1251/324
f 1379/1253/324 1381/1255/324 1380/1254/324
f 1379/1253/324 1378/1252/324 1382/1256/324
f 1382/1256/324 1383/1257/324 1379/1253/324
f 1382/1256/324 1384/1258/324 1383/1257/324
f 1384/1258/324 1385/1259/324 1383/1257/324
f 1385/1259/324 1386/1260/324 1383/1257/324
f 1385/1259/324 1387/1261/324 1386/1260/324
f 1390/1262/324 1389/1263/324 1388/1264/324
f 1388/1264/324 1391/1265/324 1390/1262/324
f 1388/1264/324 1229/1104/324 1391/1265/324
f 1232/1107/324 1391/1265/324 1229/1104/324
f 1232/1107/324 1316/1190/324 1391/1265/324
f 1232/1107/324 1314/1188/324 1316/1190/324
f 1271/1145/324 1314/1188/324 1232/1107/324
f 1271/1145/324 1392/1266/324 1314/1188/324
f 1392/1266/324 1393/1267/324 1314/1188/324
f 1396/1268/327 1395/1269/327 1394/1270/327
f 1397/1271/327 1396/1268/327 1394/1270/327
f 1400/1272/324 1399/1273/324 1398/1274/324
f 1398/1274/324 1401/1275/324 1400/1272/324
f 1398/1274/324 1402/1276/324 1401/1275/324
f 1402/1276/324 1403/1277/324 1401/1275/324
f 1402/1276/324 1404/1278/324 1403/1277/324
f 1404/1278/324 1405/1279/324 1403/1277/324
f 1404/1278/324 1406/1280/324 1405/1279/324
f 1404/1278/324 1407/1281/324 1406/1280/324
f 1407/1281/324 1408/1282/324 1406/1280/324
f 1407/1281/324 1409/1283/324 1408/1282/324
f 1409/1283/324 1410/1284/324 1408/1282/324
f 1409/1283/324 1411/1285/324 1410/1284/324
f 1411/1285/324 1412/1286/324 1410/1284/324
f 1415/1285/324 1414/1287/324 1413/1286/324
f 1415/1285/324 1416/1288/324 1414/1287/324
f 1415/1285/324 1417/1289/324 1416/1288/324
f 1415/1285/324 1418/1290/324 1417/1289/324
f 1418/1290/324 1419/1291/324 1417/1289/324
f 1418/1290/324 1420/1292/324 1419/1291/324
f 1418/1290/324 1421/1293/324 1420/1292/324
f 1418/1290/324 1422/1294/324 1421/1293/324
f 1422/1294/324 1423/1295/324 1421/1293/324
f 1422/1294/324 1424/1296/324 1423/1295/324
f 1422/1294/324 1425/1297/324 1424/1296/324
f 1425/1297/324 1426/1298/324 1424/1296/324
f 1425/1297/324 1427/1299/324 1426/1298/324
f 1425/1297/324 1428/1300/324 1427/1299/324
f 1425/1297/324 1429/1301/324 1428/1300/324
f 1425/1297/324 1430/1302/324 1429/1301/324
f 1430/1302/324 1431/1303/324 1429/1301/324
f 1430/1302/324 1432/1304/324 1431/1303/324
f 1432/1304/324 1433/1305/324 1431/1303/324
f 1432/1304/324 1434/1306/324 1433/1305/324
f 1434/1306/324 1435/1307/324 1433/1305/324
f 1434/1306/324 1436/1308/324 1435/1307/324
f 1436/1308/324 1437/1309/324 1435/1307/324
f 1436/1308/324 1438/1310/324 1437/1309/324
f 1436/1308/324 1439/1311/324 1438/1310/324
f 1442/1312/328 1441/1313/328 1440/1314/329
f 1441/1313/328 1443/1315/329 1440/1314/329
f 1440/1314/329 1443/1315/329 1444/1316/330
f 1443/1315/329 1445/1317/330 1444/1316/330
f 1444/1316/330 1445/1317/330 1446/1318/331
f 1445/1317/330 1447/1319/331 1446/1318/331
f 1446/1318/331 1447/1319/331 1448/1320/332
f 1447/1319/331 1449/1321/332 1448/1320/332
f 1448/1320/333 1449/1321/333 1450/1322/334
f 1449/1321/333 1451/1323/334 1450/1322/334
f 1450/1322/334 1451/1323/334 1452/1324/335
f 1451/1323/334 1453/1325/335 1452/1324/335
f 1456/1326/336 1455/1313/337 1454/1312/337
f 1457/1327/336 1456/1326/336 1454/1312/337
f 1458/1328/338 1456/1326/336 1457/1327/336
f 1459/1329/338 1458/1328/338 1457/1327/336
f 1460/1330/339 1458/1328/338 1459/1329/338
f 1461/1331/339 1460/1330/339 1459/1329/338
f 1462/1332/340 1460/1330/339 1461/1331/339
f 1463/1333/340 1462/1332/340 1461/1331/339
f 1464/1334/341 1462/1332/340 1463/1333/340
f 1465/1335/341 1464/1334/341 1463/1333/340
f 1468/1336/342 1467/1337/342 1466/1338/343
f 1467/1337/342 1469/1339/343 1466/1338/343
f 1466/1338/343 1469/1339/343 1470/1340/344
f 1469/1339/343 1471/1341/344 1470/1340/344
f 1470/1340/344 1471/1341/344 1472/1342/345
f 1471/1341/344 1473/1343/345 1472/1342/345
f 1472/1342/345 1473/1343/345 1474/1344/346
f 1473/1343/345 1475/1345/346 1474/1344/346
f 1474/1344/347 1475/1345/347 1476/1346/348
f 1475/1345/347 1477/1347/349 1476/1346/349
f 1480/1346/350 1479/1347/350 1478/1348/351
f 1479/1347/350 1481/1349/351 1478/1348/351
f 1478/1348/351 1481/1349/351 1482/1350/352
f 1481/1349/351 1483/1351/352 1482/1350/352
f 1482/1350/353 1483/1351/353 1484/1352/354
f 1483/1351/353 1485/1353/354 1484/1352/354
f 1484/1352/354 1485/1353/354 1486/1354/355
f 1485/1353/354 1487/1355/355 1486/1354/355
f 1486/1354/355 1487/1355/355 1488/1356/356
f 1487/1355/355 1489/1357/356 1488/1356/356
f 1488/1356/356 1489/1357/356 1490/1358/357
f 1489/1357/356 1491/1359/357 1490/1358/357
f 1490/1358/357 1491/1359/357 1492/1360/358
f 1491/1359/357 1493/1361/358 1492/1360/358
f 1496/1360/358 1495/1361/358 1494/1362/359
f 1495/1361/358 1497/1363/359 1494/1362/359
f 1494/1362/359 1497/1363/359 1498/1364/360
f 1497/1363/359 1499/1365/360 1498/1364/360
f 1498/1364/360 1499/1365/360 1500/1366/361
f 1499/1365/360 1501/1367/361 1500/1366/361
f 1500/1366/361 1501/1367/361 1502/1368/362
f 1501/1367/361 1503/1369/362 1502/1368/362
f 1502/1368/362 1503/1369/362 1504/1370/363
f 1503/1369/362 1505/1371/363 1504/1370/363
f 1504/1370/363 1505/1371/363 1506/1372/364
f 1505/1371/363 1507/1373/364 1506/1372/364
f 1506/1372/364 1507/1373/364 1508/1374/365
f 1507/1373/364 1509/1375/365 1508/1374/365
f 1512/1376/365 1511/1377/366 1510/1378/366
f 1513/1379/365 1512/1376/365 1510/1378/366
f 1516/1378/366 1515/1377/366 1514/1380/367
f 1515/1377/366 1517/1381/367 1514/1380/367
f 1514/1380/367 1517/1381/367 1518/1382/368
f 1517/1381/367 1519/1383/368 1518/1382/368
f 1518/1382/368 1519/1383/368 1520/1384/369
f 1519/1383/368 1521/1385/369 1520/1384/369
f 1520/1384/369 1521/1385/369 1522/1386/370
f 1521/1385/369 1523/1387/370 1522/1386/370
f 1522/1386/370 1523/1387/370 1524/1388/371
f 1523/1387/370 1525/1389/371 1524/1388/371
f 1524/1388/372 1525/1389/372 1526/1390/373
f 1525/1389/372 1527/1391/374 1526/1390/374
f 1526/1390/374 1527/1391/374 1528/1392/375
f 1527/1391/374 1529/1393/375 1528/1392/375
f 1528/1392/375 1529/1393/375 1530/1335/341
f 1529/1393/375 1531/1334/341 1530/1335/341
f 1534/1394/376 1533/1395/376 1532/1396/377
f 1533/1395/376 1535/1397/377 1532/1396/377
f 1532/1396/377 1535/1397/377 1536/1398/378
f 1535/1397/377 1537/1399/378 1536/1398/378
f 1540/1400/379 1539/1401/379 1538/1402/379
f 1541/1403/379 1540/1400/379 1538/1402/379
f 1544/1404/380 1543/1405/381 1542/1406/381
f 1545/1407/380 1544/1404/380 1542/1406/381
f 1546/1408/382 1544/1404/380 1545/1407/380
f 1547/1409/382 1546/1408/382 1545/1407/380
f 1548/1410/383 1546/1408/384 1547/1409/384
f 1549/1411/383 1548/1410/383 1547/1409/384
f 1550/1412/385 1548/1410/386 1549/1411/386
f 1551/1413/385 1550/1412/385 1549/1411/386
f 1554/1414/387 1553/1415/387 1552/1416/388
f 1553/1415/387 1555/1417/388 1552/1416/388
f 1552/1416/388 1555/1417/388 1556/1413/389
f 1555/1417/388 1557/1412/389 1556/1413/389
f 1560/1418/390 1559/1419/390 1558/1420/391
f 1559/1419/390 1561/1421/391 1558/1420/391
f 1558/1420/391 1561/1421/391 1562/1422/392
f 1561/1421/391 1563/1423/392 1562/1422/392
f 1566/1424/393 1565/1425/393 1564/1426/394
f 1565/1425/393 1567/1427/394 1564/1426/394
f 1564/1426/395 1567/1427/395 1568/1428/396
f 1567/1427/395 1569/1429/396 1568/1428/396
f 1568/1428/396 1569/1429/396 1570/1430/397
f 1569/1429/396 1571/1431/397 1570/1430/397
f 1574/1432/398 1573/1433/399 1572/1434/399
f 1575/1435/398 1574/1432/398 1572/1434/399
f 1576/1436/400 1574/1432/398 1575/1435/398
f 1577/1437/400 1576/1436/400 1575/1435/398
f 1580/1422/401 1579/1423/401 1578/1438/402
f 1579/1423/401 1581/1439/402 1578/1438/402
f 1578/1438/402 1581/1439/402 1582/1440/403
f 1581/1439/402 1583/1441/403 1582/1440/403
f 1582/1440/403 1583/1441/403 1584/1442/404
f 1583/1441/403 1585/1443/404 1584/1442/404
f 1584/1442/404 1585/1443/404 1586/1444/405
f 1585/1443/404 1587/1445/405 1586/1444/405
f 1590/1446/406 1589/1447/406 1588/1448/407
f 1589/1447/406 1591/1449/407 1588/1448/407
f 1588/1448/408 1591/1449/408 1592/1450/409
f 1591/1449/408 1593/1451/409 1592/1450/409
f 1592/1450/410 1593/1451/410 1594/1452/411
f 1593/1451/410 1595/1453/411 1594/1452/411
f 1594/1452/411 1595/1453/411 1596/1454/412
f 1595/1453/411 1597/1455/412 1596/1454/412
f 1600/1456/413 1599/1457/414 1598/1458/414
f 1601/1459/413 1600/1456/413 1598/1458/414
f 1602/1460/415 1600/1456/413 1601/1459/413
f 1603/1461/415 1602/1460/415 1601/1459/413
f 1606/1458/416 1605/1457/416 1604/1462/417
f 1605/1457/416 1607/1463/417 1604/1462/417
f 1604/1462/417 1607/1463/417 1608/1464/418
f 1607/1463/417 1609/1465/418 1608/1464/418
f 1612/1466/419 1611/1467/419 1610/1468/420
f 1611/1467/419 1613/1469/420 1610/1468/420
f 1610/1468/420 1613/1469/420 1614/1470/421
f 1613/1469/420 1615/1471/421 1614/1470/421
f 1614/1470/422 1615/1471/422 1616/1472/423
f 1615/1471/422 1617/1473/423 1616/1472/423
f 1616/1472/423 1617/1473/423 1618/1474/424
f 1617/1473/423 1619/1475/424 1618/1474/424
f 1618/1474/424 1619/1475/424 1620/1476/425
f 1619/1475/426 1621/1477/427 1620/1476/427
f 1620/1476/428 1621/1477/428 1622/1478/429
f 1621/1477/428 1623/1479/429 1622/1478/429
f 1626/1444/405 1625/1445/405 1624/1480/430
f 1625/1445/405 1627/1481/430 1624/1480/430
f 1624/1480/430 1627/1481/430 1628/1437/431
f 1627/1481/430 1629/1436/431 1628/1437/431
f 1632/1464/432 1631/1465/432 1630/1482/433
f 1631/1465/432 1633/1483/433 1630/1482/433
f 1630/1482/434 1633/1483/434 1634/1484/435
f 1633/1483/433 1635/1485/435 1634/1484/435
f 1634/1484/435 1635/1485/435 1636/1466/419
f 1635/1485/435 1637/1467/419 1636/1466/419
f 1640/1486/436 1639/1487/437 1638/1488/437
f 1641/1489/436 1640/1486/436 1638/1488/437
f 1642/1490/438 1640/1486/436 1641/1489/436
f 1643/1491/438 1642/1490/438 1641/1489/436
f 1644/1492/439 1642/1490/440 1643/1491/440
f 1645/1493/439 1644/1492/439 1643/1491/438
f 1646/1494/441 1644/1492/439 1645/1493/439
f 1647/1495/442 1646/1494/442 1645/1493/439
f 1648/1496/443 1646/1494/441 1647/1495/441
f 1649/1497/443 1648/1496/443 1647/1495/442
f 1652/1488/444 1651/1487/444 1650/1498/445
f 1651/1487/444 1653/1499/445 1650/1498/445
f 1650/1498/446 1653/1499/446 1654/1500/447
f 1653/1499/446 1655/1501/447 1654/1500/447
f 1654/1500/448 1655/1501/448 1656/1502/449
f 1655/1501/450 1657/1503/451 1656/1502/451
f 1656/1502/451 1657/1503/451 1658/1504/452
f 1657/1503/451 1659/1505/452 1658/1504/452
f 1658/1504/452 1659/1505/452 1660/1506/453
f 1659/1505/452 1661/1507/453 1660/1506/453
f 1664/1508/454 1663/1509/454 1662/1510/455
f 1663/1509/454 1665/1511/455 1662/1510/455
f 1662/1510/455 1665/1511/455 1666/1512/456
f 1665/1511/455 1667/1513/456 1666/1512/456
f 1666/1512/456 1667/1513/456 1668/1514/457
f 1667/1513/456 1669/1515/457 1668/1514/457
f 1668/1514/457 1669/1515/457 1670/1516/458
f 1669/1515/457 1671/1517/458 1670/1516/458
f 1674/1518/459 1673/1519/460 1672/1520/460
f 1675/1521/459 1674/1518/459 1672/1520/460
f 1676/1522/461 1674/1518/462 1675/1521/462
f 1677/1523/461 1676/1522/461 1675/1521/462
f 1678/1479/429 1676/1522/461 1677/1523/461
f 1679/1478/429 1678/1479/429 1677/1523/461
f 1682/1524/463 1681/1091/464 1680/1094/464
f 1683/1525/463 1682/1524/463 1680/1094/464
f 1684/1507/465 1682/1524/466 1683/1525/466
f 1685/1506/465 1684/1507/465 1683/1525/466
f 1688/1269/467 1687/1526/467 1686/1527/467
f 1689/1270/467 1688/1269/467 1686/1527/467
f 1692/1528/468 1691/1509/469 1690/1508/469
f 1693/1529/468 1692/1528/470 1690/1508/469
f 1692/1528/468 1693/1529/468 1694/1530/471
f 1692/1528/470 1694/1530/471 1695/1406/471
f 1695/1406/471 1696/1405/471 1692/1528/470
f 1699/1434/472 1698/1433/472 1697/1531/473
f 1698/1433/472 1700/1532/473 1697/1531/473
f 1697/1531/473 1700/1532/473 1701/1533/474
f 1700/1532/473 1702/1534/474 1701/1533/474
f 1701/1533/474 1702/1534/474 1703/1446/406
f 1702/1534/475 1704/1447/406 1703/1446/406
f 1707/1520/476 1706/1519/476 1705/1535/477
f 1706/1519/476 1708/1536/477 1705/1535/477
f 1705/1535/477 1708/1536/477 1709/1497/478
f 1708/1536/477 1710/1496/478 1709/1497/478
f 1713/1455/479 1712/1268/479 1711/1271/479
f 1714/1454/479 1713/1455/479 1711/1271/479
f 1717/1537/480 1716/1538/480 1715/1539/481
f 1716/1538/480 1718/1540/481 1715/1539/481
f 1715/1539/481 1718/1540/481 1719/1403/482
f 1718/1540/481 1720/1400/482 1719/1403/482
f 1723/1541/483 1722/1542/483 1721/1543/484
f 1722/1542/483 1724/1544/484 1721/1543/484
f 1721/1543/484 1724/1544/484 1725/1545/485
f 1724/1544/484 1726/1546/485 1725/1545/485
f 1725/1545/485 1726/1546/485 1727/1547/486
f 1726/1546/485 1728/1548/486 1727/1547/486
f 1727/1547/486 1728/1548/486 1729/1549/487
f 1728/1548/486 1730/1550/487 1729/1549/487
f 1729/1549/487 1730/1550/487 1731/1551/488
f 1730/1550/487 1732/1552/488 1731/1551/488
f 1731/1551/488 1732/1552/488 1733/1553/489
f 1732/1552/488 1734/1554/489 1733/1553/489
f 1733/1553/490 1734/1554/490 1735/1555/491
f 1734/1554/490 1736/1556/491 1735/1555/491
f 1735/1555/491 1736/1556/491 1737/1557/492
f 1736/1556/491 1738/1558/492 1737/1557/492
f 1737/1557/492 1738/1558/492 1739/1559/493
f 1738/1558/492 1740/1560/493 1739/1559/493
f 1743/1561/494 1742/1562/495 1741/1563/495
f 1744/1564/494 1743/1561/494 1741/1563/495
f 1745/1560/496 1743/1561/494 1744/1564/494
f 1746/1559/496 1745/1560/496 1744/1564/494
f 1749/1565/497 1748/1566/497 1747/1567/497
f 1747/1567/498 1750/1568/499 1749/1565/498
f 1747/1567/498 1751/1569/499 1750/1568/500
f 1750/1568/499 1751/1569/499 1752/1570/501
f 1751/1569/499 1753/1571/501 1752/1570/501
f 1752/1570/501 1753/1571/501 1754/1572/502
f 1753/1571/501 1755/1573/502 1754/1572/502
f 1754/1572/503 1755/1573/503 1756/1574/504
f 1755/1573/503 1757/1575/504 1756/1574/504
f 1760/1526/505 1759/1576/505 1758/1577/505
f 1761/1527/505 1760/1526/505 1758/1577/505
f 1764/1399/506 1763/1538/506 1762/1537/506
f 1765/1398/506 1764/1399/506 1762/1537/506
f 1768/1563/507 1767/1562/507 1766/1578/507
f 1766/1578/507 1769/1579/508 1768/1563/507
f 1769/1579/508 1770/1580/508 1768/1563/507
f 1770/1580/508 1769/1579/508 1771/1581/509
f 1769/1579/508 1772/1582/509 1771/1581/509
f 1771/1581/510 1772/1582/510 1773/1583/511
f 1772/1582/510 1774/1584/511 1773/1583/511
f 1773/1583/511 1774/1584/511 1775/1585/512
f 1774/1584/511 1776/1586/512 1775/1585/512
f 1775/1585/512 1776/1586/512 1777/1461/513
f 1776/1586/512 1778/1460/513 1777/1461/513
f 1781/1402/514 1780/1401/514 1779/1587/515
f 1780/1401/514 1782/1588/515 1779/1587/515
f 1779/1587/516 1782/1588/516 1783/1589/517
f 1782/1588/518 1784/1590/517 1783/1589/517
f 1787/1430/519 1786/1431/519 1785/1591/520
f 1786/1431/519 1788/1592/520 1785/1591/520
f 1785/1591/520 1788/1592/520 1789/1593/521
f 1788/1592/520 1790/1594/521 1789/1593/521
f 1789/1593/521 1790/1594/521 1791/1595/522
f 1790/1594/521 1792/1596/523 1791/1595/523
f 1791/1595/523 1792/1596/523 1793/1597/524
f 1792/1596/523 1794/1598/524 1793/1597/524
f 1797/1599/525 1796/1600/526 1795/1601/526
f 1798/1602/525 1797/1599/525 1795/1601/526
f 1799/1598/527 1797/1599/525 1798/1602/525
f 1800/1597/527 1799/1598/527 1798/1602/525
f 1803/1603/528 1802/1604/529 1801/1605/529
f 1804/1606/528 1803/1603/528 1801/1605/529
f 1805/1607/530 1803/1603/528 1804/1606/528
f 1806/1608/530 1805/1607/530 1804/1606/528
f 1809/1609/531 1808/1610/531 1807/1611/532
f 1808/1610/531 1810/1612/532 1807/1611/532
f 1807/1611/532 1810/1612/532 1811/1613/533
f 1810/1612/532 1812/1614/533 1811/1613/533
f 1815/1615/534 1814/1607/535 1813/1608/535
f 1816/1616/534 1815/1615/534 1813/1608/535
f 1817/1617/536 1815/1615/534 1816/1616/534
f 1818/1618/536 1817/1617/536 1816/1616/534
f 1819/1619/537 1817/1617/538 1818/1618/538
f 1820/1620/537 1819/1619/537 1818/1618/538
f 1821/1621/539 1819/1619/537 1820/1620/537
f 1822/1622/539 1821/1621/539 1820/1620/537
f 1825/1623/540 1824/1566/541 1823/1565/541
f 1826/1624/542 1825/1623/542 1823/1565/541
f 1827/1625/543 1825/1623/542 1826/1624/542
f 1828/1626/543 1827/1625/543 1826/1624/544
f 1831/1627/545 1830/1625/546 1829/1626/546
f 1832/1628/545 1831/1627/545 1829/1626/546
f 1833/1629/547 1831/1627/548 1832/1628/548
f 1834/1630/547 1833/1629/547 1832/1628/548
f 1837/1631/549 1836/1621/550 1835/1622/550
f 1838/1632/549 1837/1631/549 1835/1622/550
f 1839/1614/551 1837/1631/552 1838/1632/552
f 1840/1613/551 1839/1614/551 1838/1632/552
f 1843/1633/553 1842/1629/554 1841/1630/554
f 1844/1634/553 1843/1633/553 1841/1630/554
f 1845/1635/555 1843/1633/553 1844/1634/553
f 1846/1636/555 1845/1635/555 1844/1634/553
f 1847/1637/556 1845/1635/555 1846/1636/555
f 1848/1638/556 1847/1637/556 1846/1636/555
f 1849/1639/557 1847/1637/556 1848/1638/556
f 1850/1640/557 1849/1639/557 1848/1638/556
f 1851/1641/558 1849/1639/559 1850/1640/559
f 1852/1642/558 1851/1641/558 1850/1640/557
f 1855/1643/560 1854/1641/558 1853/1642/558
f 1856/1644/560 1855/1643/560 1853/1642/558
f 1857/1645/561 1855/1643/560 1856/1644/560
f 1858/1646/561 1857/1645/561 1856/1644/560
f 1859/1647/562 1857/1645/563 1858/1646/563
f 1860/1648/562 1859/1647/562 1858/1646/563
f 1861/1649/564 1859/1647/562 1860/1648/562
f 1862/1650/564 1861/1649/564 1860/1648/562
f 1863/1651/565 1861/1649/564 1862/1650/564
f 1864/1652/565 1863/1651/565 1862/1650/564
f 1865/1653/566 1863/1651/565 1864/1652/565
f 1866/1654/566 1865/1653/566 1864/1652/565
f 1867/1655/567 1865/1653/568 1866/1654/568
f 1868/1656/567 1867/1655/567 1866/1654/568
f 1871/1657/569 1870/1658/569 1869/1659/570
f 1870/1658/569 1872/1660/570 1869/1659/570
f 1869/1659/570 1872/1660/570 1873/1661/571
f 1872/1660/570 1874/1662/571 1873/1661/571
f 1873/1661/571 1874/1662/571 1875/1663/572
f 1874/1662/571 1876/1664/572 1875/1663/572
f 1875/1663/573 1876/1664/573 1877/1665/574
f 1876/1664/573 1878/1666/574 1877/1665/574
f 1877/1665/575 1878/1666/575 1879/1667/576
f 1878/1666/575 1880/1668/576 1879/1667/576
f 1883/1669/577 1882/1670/577 1881/1671/578
f 1882/1670/577 1884/1672/578 1881/1671/578
f 1881/1671/578 1884/1672/578 1885/1673/579
f 1884/1672/578 1886/1674/579 1885/1673/579
f 1889/1675/580 1888/1676/580 1887/1677/581
f 1888/1676/580 1890/1678/581 1887/1677/581
f 1887/1677/581 1890/1678/581 1891/1679/582
f 1890/1678/581 1892/1680/582 1891/1679/582
f 1891/1679/583 1892/1680/583 1893/1681/584
f 1892/1680/583 1894/1682/584 1893/1681/584
f 1893/1681/584 1894/1682/584 1895/1683/585
f 1894/1682/584 1896/1684/585 1895/1683/585
f 1895/1683/585 1896/1684/585 1897/1685/586
f 1896/1684/585 1898/1686/586 1897/1685/586
f 1901/1687/587 1900/1676/588 1899/1675/588
f 1902/1688/587 1901/1687/587 1899/1675/588
f 1903/1689/589 1901/1687/590 1902/1688/590
f 1904/1690/589 1903/1689/589 1902/1688/590
f 1905/1691/591 1903/1689/589 1904/1690/589
f 1906/1692/591 1905/1691/591 1904/1690/589
f 1907/1693/592 1905/1691/593 1906/1692/593
f 1908/1694/592 1907/1693/592 1906/1692/593
f 1909/1695/594 1907/1693/592 1908/1694/592
f 1910/1696/594 1909/1695/594 1908/1694/592
f 1913/1697/595 1912/1695/595 1911/1696/595
f 1914/1698/595 1913/1697/595 1911/1696/595
f 1917/1673/579 1916/1674/579 1915/1699/596
f 1916/1674/597 1918/1700/596 1915/1699/596
f 1915/1699/596 1918/1700/596 1919/1701/598
f 1918/1700/596 1920/1702/598 1919/1701/598
f 1919/1701/598 1920/1702/598 1921/1698/599
f 1920/1702/598 1922/1697/599 1921/1698/599
f 1925/1703/600 1924/1704/601 1923/1705/601
f 1926/1706/600 1925/1703/600 1923/1705/601
f 1927/1604/602 1925/1703/603 1926/1706/603
f 1928/1605/602 1927/1604/602 1926/1706/603
f 1931/1704/604 1930/1707/604 1929/1708/604
f 1932/1705/604 1931/1704/604 1929/1708/604
f 1935/1709/605 1934/1610/606 1933/1609/606
f 1936/1710/605 1935/1709/605 1933/1609/606
f 1937/1668/576 1935/1709/605 1936/1710/605
f 1938/1667/576 1937/1668/576 1936/1710/605
f 1941/1711/607 1940/1655/608 1939/1656/608
f 1942/1712/607 1941/1711/607 1939/1656/608
f 1943/1686/609 1941/1711/607 1942/1712/607
f 1944/1685/609 1943/1686/609 1942/1712/607
f 1947/1713/610 1946/1714/611 1945/1715/611
f 1948/1716/610 1947/1713/610 1945/1715/611
f 1949/1707/612 1947/1713/613 1948/1716/613
f 1950/1708/612 1949/1707/612 1948/1716/613
f 1953/1717/614 1952/1718/615 1951/1719/614
f 1954/1720/616 1953/1717/614 1951/1719/614
f 1955/1721/616 1954/1720/616 1951/1719/614
f 1956/1722/617 1954/1720/616 1955/1721/616
f 1957/1723/617 1956/1722/617 1955/1721/616
f 1960/1717/614 1959/1542/483 1958/1541/483
f 1958/1541/483 1961/1718/618 1960/1717/614
f 1964/1601/619 1963/1600/619 1962/1724/620
f 1963/1600/619 1965/1725/620 1962/1724/620
f 1962/1724/621 1965/1725/621 1966/1726/622
f 1965/1725/621 1967/1727/622 1966/1726/622
f 1966/1726/622 1967/1727/622 1968/1728/623
f 1968/1728/624 1969/1729/624 1966/1726/622
f 1968/1728/624 1970/1730/624 1969/1729/624
f 1973/1731/625 1972/1732/342 1971/1733/342
f 1974/1734/625 1973/1731/625 1971/1733/342
f 1977/1735/626 1976/1736/626 1975/1737/627
f 1976/1736/626 1978/1738/627 1975/1737/627
f 1975/1737/628 1978/1738/628 1979/1739/629
f 1978/1738/628 1980/1740/629 1979/1739/629
f 1979/1739/629 1980/1740/629 1981/1741/630
f 1980/1740/629 1982/1742/630 1981/1741/630
f 1981/1741/630 1982/1742/630 1983/1743/631
f 1982/1742/630 1984/1744/631 1983/1743/631
f 1983/1743/631 1984/1744/631 1985/1745/632
f 1984/1744/631 1986/1746/632 1985/1745/632
f 1985/1745/633 1986/1746/633 1987/1723/634
f 1986/1746/633 1988/1722/634 1987/1723/634
f 1991/1574/635 1990/1575/635 1989/1747/636
f 1990/1575/635 1992/1748/636 1989/1747/636
f 1989/1747/636 1992/1748/636 1993/1735/637
f 1992/1748/636 1994/1736/637 1993/1735/637
o Mesh_Cutout_Alice
v -6.215662 3.245095 0.000494
v -6.103360 3.062958 0.000494
v -6.183636 3.148456 0.000494
v -6.221179 3.771819 0.000494
v -6.311424 3.693213 0.000494
v -6.216609 3.812284 0.000494
v -6.266888 3.264478 0.000494
v -6.361264 3.622142 0.000494
v -6.334729 3.312936 0.000494
v -6.387110 3.570454 0.000494
v -6.378572 3.406621 0.000494
v -6.397261 3.512305 0.000494
v -6.007418 3.039462 0.000494
v -6.193768 3.860581 0.000494
v -6.170924 3.886035 0.000494
v -6.100437 3.898435 0.000494
v -5.907561 3.051210 0.000494
v -5.999272 3.925195 0.000494
v -5.832505 2.997692 0.000494
v -5.930088 3.967618 0.000494
v -5.713721 2.971585 0.000494
v -5.864204 4.002700 0.000494
v -5.620392 3.004218 0.000494
v -5.825039 4.003841 0.000494
v -5.757164 3.987524 0.000494
v -5.534894 3.062305 0.000494
v -5.700380 3.954891 0.000494
v -5.261365 3.686365 0.000494
v -5.597260 3.962722 0.000494
v -5.204908 3.786873 0.000494
v -5.543743 4.024725 0.000494
v -5.157886 3.946286 0.000494
v -5.513065 4.108919 0.000494
v -5.132041 4.092120 0.000494
v -5.497728 4.201438 0.000494
v -5.121894 4.299794 0.000494
v -5.491201 4.373741 0.000494
v -5.484674 4.564318 0.000494
v -3.971171 2.995026 0.000494
v -3.979410 2.991555 0.000494
v -5.552513 2.891960 0.000494
v -3.959104 2.752499 0.000494
v -5.565953 2.513210 0.000494
v -3.916648 2.493135 0.000494
v -5.365365 2.062344 0.000494
v -5.508519 2.078537 0.000494
v -4.088326 2.059323 0.000494
v -3.856656 2.307611 0.000494
v -4.283069 1.404913 0.000494
v -5.101456 1.419815 0.000494
v -4.258147 1.310768 0.000494
v -5.135708 1.286061 0.000494
v -5.163857 1.101336 0.000494
v -4.226766 1.107708 0.000494
v -5.148195 0.935560 0.000494
v -4.218458 0.913877 0.000494
v -5.086843 0.764562 0.000493
v -3.870502 2.220849 0.000494
v -3.946187 2.148855 0.000494
v -3.853887 2.266076 0.000494
v -4.273839 0.005627 0.000493
v -4.059702 0.878803 0.000493
v -3.904639 0.807732 0.000493
v -3.758805 0.698818 0.000493
v -3.680350 0.599134 0.000493
v -3.597682 0.005627 0.000493
v -3.616660 0.492065 0.000493
v -5.033544 0.005627 0.000493
v -3.468981 0.497604 0.000493
v -5.216070 0.819386 0.000493
v -5.355741 0.844188 0.000493
v -5.483661 0.838966 0.000493
v -3.304686 0.463452 0.000493
v -5.962934 0.005627 0.000493
v -5.635074 0.788059 0.000493
v -5.774742 0.696686 0.000493
v -5.909190 0.562238 0.000493
v -5.979664 0.478922 0.000493
v -3.173619 0.395151 0.000493
v -6.095963 0.487229 0.000493
v -3.049936 0.295467 0.000493
v -2.961327 0.174553 0.000493
v -2.912409 0.075792 0.000493
v -2.900410 0.005627 0.000493
v -6.197812 0.467642 0.000493
v -6.367395 0.393415 0.000493
v -6.466156 0.316806 0.000493
v -6.564919 0.205122 0.000493
v -6.620299 0.089747 0.000493
v -6.639680 0.005627 0.000493
v -3.228155 2.801196 0.000494
v -3.113701 2.939644 0.000494
v -3.153391 2.867652 0.000494
v -3.105395 2.997793 0.000494
v -2.966505 3.354151 0.000494
v -3.017709 3.054097 0.000494
v -3.033884 3.435375 0.000494
v -2.950725 3.303486 0.000494
v -2.965083 3.132489 0.000494
v -2.946157 3.219946 0.000494
v -3.314916 2.778120 0.000494
v -3.125262 3.518445 0.000494
v -3.391527 2.787350 0.000494
v -3.167720 3.599669 0.000494
v -3.198179 3.635666 0.000494
v -3.441367 2.738431 0.000494
v -3.517976 2.700588 0.000494
v -3.270174 3.645819 0.000494
v -3.380563 3.665857 0.000494
v -3.616739 2.701511 0.000494
v -3.695193 2.723663 0.000494
v -3.515012 3.714154 0.000494
v -3.826260 2.813195 0.000494
v -3.584908 3.714570 0.000494
v -3.660594 3.675803 0.000494
v -3.923176 2.912878 0.000494
v -3.695669 3.652729 0.000494
v -3.802736 3.651806 0.000494
v -3.873808 3.711801 0.000494
v -5.123060 3.850438 0.000494
v -3.951341 3.847482 0.000494
v -5.021071 3.948022 0.000494
v -4.007647 3.992392 0.000494
v -4.027030 4.145610 0.000494
v -5.075745 4.136425 0.000494
v -3.957804 4.248064 0.000494
v -3.859042 4.392051 0.000494
v -3.823044 4.500041 0.000494
v -3.820275 4.603418 0.000494
v -5.484674 4.705293 0.000494
v -3.846118 4.782479 0.000494
v -3.872887 4.911699 0.000494
v -5.496754 4.830604 0.000494
v -3.877501 5.026152 0.000494
v -4.906048 5.616983 0.000494
v -3.836892 5.162755 0.000494
v -5.555493 4.878901 0.000494
v -3.772283 5.281821 0.000494
v -5.619455 4.957873 0.000494
v -3.748284 5.429502 0.000494
v -5.664488 5.052509 0.000494
v -3.765822 5.575336 0.000494
v -5.679510 5.149590 0.000494
v -3.693823 5.709166 0.000494
v -5.671597 5.274020 0.000494
v -3.677209 5.867000 0.000494
v -5.741747 5.394934 0.000494
v -3.680903 5.986066 0.000494
v -5.786962 5.554612 0.000494
v -5.788806 5.767825 0.000494
v -5.751886 5.944119 0.000494
v -3.738129 6.140207 0.000494
v -5.705397 6.076157 0.000494
v -4.719167 6.586982 0.000494
v -3.711361 6.317422 0.000494
v -5.729545 6.233449 0.000494
v -3.722436 6.443872 0.000494
v -5.717796 6.401834 0.000494
v -3.893609 6.961229 0.000494
v -3.621774 6.563756 0.000494
v -3.727181 7.022577 0.000494
v -3.558141 6.664268 0.000494
v -3.516372 6.764778 0.000494
v -3.640377 7.080013 0.000494
v -3.495487 6.877035 0.000494
v -3.513109 6.987988 0.000494
v -3.575110 7.072181 0.000494
v -3.921021 7.000388 0.000494
v -5.664259 7.017388 0.000494
v -5.684564 7.106919 0.000494
v -3.847272 7.058475 0.000494
v -5.660567 7.198297 0.000494
v -3.800932 7.149195 0.000494
v -5.600572 7.288751 0.000494
v -3.792445 7.267978 0.000494
v -5.475799 7.370704 0.000494
v -3.827689 7.363920 0.000494
v -5.272740 7.444544 0.000494
v -3.916451 7.435711 0.000494
v -4.955775 7.513696 0.000494
v -4.055469 7.497714 0.000494
v -4.637271 7.539802 0.000494
v -4.314857 7.539802 0.000494
v -5.756559 7.046924 0.000494
v -5.794155 6.516049 0.000494
v -5.898588 6.705974 0.000494
v -5.822090 7.041387 0.000494
v -5.890104 6.981398 0.000494
v -5.935134 6.845645 0.000494
v -5.929263 6.908953 0.000494
v -6.103360 3.062958 -0.197628
v -6.215662 3.245095 -0.197628
v -6.183636 3.148456 -0.197628
v -6.221179 3.771819 -0.197628
v -6.216609 3.812284 -0.197628
v -6.311424 3.693213 -0.197628
v -6.266888 3.264478 -0.197628
v -6.361264 3.622142 -0.197628
v -6.334729 3.312936 -0.197628
v -6.387110 3.570454 -0.197628
v -6.378572 3.406621 -0.197628
v -6.397261 3.512305 -0.197628
v -6.007418 3.039462 -0.197628
v -6.193768 3.860581 -0.197628
v -6.170924 3.886035 -0.197628
v -6.100437 3.898435 -0.197628
v -5.907561 3.051210 -0.197628
v -5.999272 3.925195 -0.197628
v -5.832505 2.997692 -0.197628
v -5.930088 3.967618 -0.197628
v -5.713721 2.971585 -0.197628
v -5.864204 4.002700 -0.197628
v -5.620392 3.004218 -0.197628
v -5.825039 4.003841 -0.197628
v -5.757164 3.987524 -0.197628
v -5.534970 3.062203 -0.197628
v -5.700539 3.955005 -0.197628
v -5.261620 3.686343 -0.197628
v -5.597478 3.963387 -0.197628
v -5.205414 3.787182 -0.197628
v -5.544254 4.025022 -0.197628
v -5.158458 3.946488 -0.197628
v -5.513643 4.109073 -0.197628
v -5.132627 4.092250 -0.197628
v -5.498309 4.201506 -0.197628
v -5.121964 4.300292 -0.197628
v -5.491771 4.373762 -0.197628
v -5.484817 4.564474 -0.197628
v -3.971123 2.994980 -0.197628
v -3.979410 2.991555 -0.197628
v -5.552513 2.891960 -0.197628
v -3.959104 2.752499 -0.197628
v -5.565953 2.513210 -0.197628
v -3.916648 2.493135 -0.197628
v -5.365365 2.062344 -0.197628
v -5.508519 2.078537 -0.197628
v -4.088326 2.059323 -0.197628
v -3.856656 2.307611 -0.197628
v -4.283069 1.404913 -0.197628
v -5.101456 1.419815 -0.197628
v -4.258147 1.310768 -0.197628
v -5.135708 1.286061 -0.197628
v -5.163857 1.101336 -0.197628
v -4.226766 1.107708 -0.197628
v -5.148195 0.935560 -0.197628
v -4.218458 0.913877 -0.197628
v -5.086843 0.764562 -0.197628
v -3.870502 2.220849 -0.197628
v -3.946187 2.148855 -0.197628
v -3.853887 2.266076 -0.197628
v -4.273839 0.005627 -0.197628
v -4.059702 0.878803 -0.197628
v -3.904639 0.807732 -0.197628
v -3.758805 0.698818 -0.197628
v -3.680350 0.599134 -0.197628
v -3.597682 0.005627 -0.197628
v -3.616660 0.492065 -0.197628
v -5.033544 0.005627 -0.197628
v -3.468981 0.497604 -0.197628
v -5.216070 0.819386 -0.197628
v -5.355741 0.844188 -0.197628
v -5.483661 0.838966 -0.197628
v -3.304686 0.463452 -0.197628
v -5.962934 0.005627 -0.197628
v -5.635074 0.788059 -0.197628
v -5.774742 0.696686 -0.197628
v -5.909190 0.562238 -0.197628
v -5.979664 0.478921 -0.197628
v -3.173619 0.395150 -0.197628
v -6.095963 0.487229 -0.197628
v -3.049936 0.295467 -0.197628
v -2.961327 0.174553 -0.197628
v -2.912409 0.075792 -0.197628
v -2.900410 0.005627 -0.197628
v -6.197812 0.467642 -0.197628
v -6.367395 0.393415 -0.197628
v -6.466156 0.316806 -0.197628
v -6.564919 0.205122 -0.197628
v -6.620299 0.089747 -0.197628
v -6.639680 0.005627 -0.197628
v -3.113701 2.939644 -0.197628
v -3.228155 2.801196 -0.197628
v -3.153391 2.867652 -0.197628
v -3.105395 2.997793 -0.197628
v -2.966505 3.354151 -0.197628
v -3.017709 3.054097 -0.197628
v -3.033884 3.435375 -0.197628
v -2.950725 3.303486 -0.197628
v -2.965083 3.132489 -0.197628
v -2.946157 3.219946 -0.197628
v -3.314916 2.778120 -0.197628
v -3.125262 3.518445 -0.197628
v -3.391527 2.787350 -0.197628
v -3.167720 3.599669 -0.197628
v -3.198179 3.635666 -0.197628
v -3.441367 2.738431 -0.197628
v -3.517976 2.700588 -0.197628
v -3.270174 3.645819 -0.197628
v -3.380563 3.665857 -0.197628
v -3.616739 2.701511 -0.197628
v -3.695193 2.723663 -0.197628
v -3.515012 3.714154 -0.197628
v -3.826260 2.813195 -0.197628
v -3.584908 3.714570 -0.197628
v -3.660594 3.675803 -0.197628
v -3.923176 2.912878 -0.197628
v -3.695669 3.652729 -0.197628
v -3.802736 3.651806 -0.197628
v -3.873676 3.711823 -0.197628
v -5.122876 3.850530 -0.197628
v -3.951157 3.847577 -0.197628
v -5.020884 3.948087 -0.197628
v -4.007465 3.992441 -0.197628
v -4.026849 4.145555 -0.197628
v -5.075554 4.136405 -0.197628
v -3.957735 4.248082 -0.197628
v -3.859042 4.392051 -0.197628
v -3.823044 4.500041 -0.197628
v -3.820275 4.603418 -0.197628
v -5.484674 4.705293 -0.197628
v -3.846118 4.782479 -0.197628
v -3.872887 4.911699 -0.197628
v -5.496754 4.830604 -0.197628
v -3.877501 5.026152 -0.197628
v -4.906048 5.616983 -0.197628
v -5.555493 4.878901 -0.197628
v -3.836892 5.162755 -0.197628
v -5.619455 4.957873 -0.197628
v -3.772283 5.281821 -0.197628
v -5.664488 5.052509 -0.197628
v -3.748284 5.429502 -0.197628
v -5.679510 5.149590 -0.197628
v -3.765822 5.575336 -0.197628
v -5.671597 5.274020 -0.197628
v -3.693823 5.709166 -0.197628
v -5.741747 5.394934 -0.197628
v -3.677209 5.867000 -0.197628
v -5.786962 5.554612 -0.197628
v -3.680903 5.986066 -0.197628
v -5.788806 5.767825 -0.197628
v -5.751886 5.944119 -0.197628
v -3.738129 6.140207 -0.197628
v -5.705397 6.076157 -0.197628
v -4.719167 6.586982 -0.197628
v -3.711361 6.317422 -0.197628
v -5.729545 6.233449 -0.197628
v -3.722436 6.443872 -0.197628
v -5.717796 6.401834 -0.197628
v -3.893609 6.961229 -0.197628
v -3.621774 6.563756 -0.197628
v -3.727181 7.022577 -0.197628
v -3.558141 6.664268 -0.197628
v -3.516372 6.764778 -0.197628
v -3.640377 7.080013 -0.197628
v -3.495487 6.877035 -0.197628
v -3.513109 6.987988 -0.197628
v -3.575110 7.072181 -0.197628
v -3.921021 7.000388 -0.197628
v -5.664259 7.017388 -0.197628
v -5.684564 7.106919 -0.197628
v -3.847272 7.058475 -0.197628
v -5.660567 7.198297 -0.197628
v -3.800932 7.149195 -0.197628
v -5.600572 7.288751 -0.197628
v -3.792445 7.267978 -0.197628
v -5.475799 7.370704 -0.197628
v -3.827689 7.363920 -0.197628
v -5.272740 7.444544 -0.197628
v -3.916451 7.435711 -0.197628
v -4.955775 7.513696 -0.197628
v -4.055469 7.497714 -0.197628
v -4.637271 7.539802 -0.197628
v -4.314857 7.539802 -0.197628
v -5.756559 7.046924 -0.197628
v -5.794155 6.516049 -0.197628
v -5.898588 6.705974 -0.197628
v -5.822090 7.041387 -0.197628
v -5.890104 6.981398 -0.197628
v -5.935134 6.845645 -0.197628
v -5.929263 6.908953 -0.197628
v -3.616660 0.492065 0.000493
v -3.616660 0.492065 -0.197628
v -3.468981 0.497604 -0.197628
v -3.468981 0.497604 0.000493
v -3.304686 0.463452 -0.197628
v -3.304686 0.463452 0.000493
v -3.173619 0.395150 -0.197628
v -3.173619 0.395151 0.000493
v -3.049936 0.295467 -0.197628
v -3.049936 0.295467 0.000493
v -2.961327 0.174553 -0.197628
v -2.961327 0.174553 0.000493
v -2.912409 0.075792 -0.197628
v -2.912409 0.075792 0.000493
v -2.900410 0.005627 -0.197628
v -2.900410 0.005627 0.000493
v -5.075745 4.136425 0.000494
v -5.121964 4.300292 -0.197628
v -5.121894 4.299794 0.000494
v -5.075554 4.136405 -0.197628
v -5.021071 3.948022 0.000494
v -5.020884 3.948087 -0.197628
v -5.121894 4.299794 0.000494
v -5.121964 4.300292 -0.197628
v -5.132627 4.092250 -0.197628
v -5.132041 4.092120 0.000494
v -5.158458 3.946488 -0.197628
v -5.157886 3.946286 0.000494
v -5.205414 3.787182 -0.197628
v -5.204908 3.786873 0.000494
v -5.261620 3.686343 -0.197628
v -5.261365 3.686365 0.000494
v -5.123060 3.850438 0.000494
v -5.122876 3.850530 -0.197628
v -5.020884 3.948087 -0.197628
v -5.021071 3.948022 0.000494
v -5.484674 4.705293 0.000494
v -5.496754 4.830604 -0.197628
v -5.496754 4.830604 0.000494
v -5.484674 4.705293 -0.197628
v -5.484674 4.564318 0.000494
v -5.484817 4.564474 -0.197628
v -5.491201 4.373741 0.000494
v -5.491771 4.373762 -0.197628
v -5.497728 4.201438 0.000494
v -5.498309 4.201506 -0.197628
v -5.513065 4.108919 0.000494
v -5.513643 4.109073 -0.197628
v -5.543743 4.024725 0.000494
v -5.544254 4.025022 -0.197628
v -5.597260 3.962722 0.000494
v -5.597478 3.963387 -0.197628
v -5.555493 4.878901 0.000494
v -5.619455 4.957873 -0.197628
v -5.619455 4.957873 0.000494
v -5.555493 4.878901 -0.197628
v -5.496754 4.830604 0.000494
v -5.496754 4.830604 -0.197628
v -5.619455 4.957873 0.000494
v -5.619455 4.957873 -0.197628
v -5.664488 5.052509 -0.197628
v -5.664488 5.052509 0.000494
v -5.679510 5.149590 -0.197628
v -5.679510 5.149590 0.000494
v -5.671597 5.274020 -0.197628
v -5.671597 5.274020 0.000494
v -5.741747 5.394934 -0.197628
v -5.741747 5.394934 0.000494
v -5.786962 5.554612 -0.197628
v -5.786962 5.554612 0.000494
v -5.788806 5.767825 -0.197628
v -5.788806 5.767825 0.000494
v -5.751886 5.944119 -0.197628
v -5.751886 5.944119 0.000494
v -5.705397 6.076157 -0.197628
v -5.705397 6.076157 0.000494
v -5.729545 6.233449 -0.197628
v -5.729545 6.233449 0.000494
v -5.717796 6.401834 -0.197628
v -5.717796 6.401834 0.000494
v -5.794155 6.516049 -0.197628
v -5.794155 6.516049 0.000494
v -5.898588 6.705974 -0.197628
v -5.898588 6.705974 0.000494
v -5.935134 6.845645 -0.197628
v -5.935134 6.845645 0.000494
v -5.929263 6.908953 -0.197628
v -5.929263 6.908953 0.000494
v -5.890104 6.981398 -0.197628
v -5.890104 6.981398 0.000494
v -5.822090 7.041387 -0.197628
v -5.822090 7.041387 0.000494
v -5.101456 1.419815 0.000494
v -5.365365 2.062344 -0.197628
v -5.365365 2.062344 0.000494
v -5.101456 1.419815 -0.197628
v -5.135708 1.286061 0.000494
v -5.135708 1.286061 -0.197628
v -5.163857 1.101336 0.000494
v -5.163857 1.101336 -0.197628
v -5.148195 0.935560 0.000494
v -5.148195 0.935560 -0.197628
v -5.086843 0.764562 0.000493
v -5.086843 0.764562 -0.197628
v -3.979410 2.991555 0.000494
v -3.979410 2.991555 -0.197628
v -3.959104 2.752499 -0.197628
v -3.959104 2.752499 0.000494
v -3.916648 2.493135 -0.197628
v -3.916648 2.493135 0.000494
v -3.856656 2.307611 -0.197628
v -3.856656 2.307611 0.000494
v -3.853887 2.266076 -0.197628
v -3.853887 2.266076 0.000494
v -3.870502 2.220849 -0.197628
v -3.870502 2.220849 0.000494
v -3.946187 2.148855 -0.197628
v -3.946187 2.148855 0.000494
v -4.088326 2.059323 -0.197628
v -4.088326 2.059323 0.000494
v -4.283069 1.404913 -0.197628
v -4.283069 1.404913 0.000494
v -4.258147 1.310768 -0.197628
v -4.258147 1.310768 0.000494
v -4.226766 1.107708 -0.197628
v -4.226766 1.107708 0.000494
v -4.218458 0.913877 -0.197628
v -4.218458 0.913877 0.000494
v -5.552513 2.891960 0.000494
v -5.534970 3.062203 -0.197628
v -5.534894 3.062305 0.000494
v -5.552513 2.891960 -0.197628
v -5.565953 2.513210 0.000494
v -5.565953 2.513210 -0.197628
v -5.508519 2.078537 0.000494
v -5.508519 2.078537 -0.197628
v -3.971171 2.995026 0.000494
v -3.971123 2.994980 -0.197628
v -3.979410 2.991555 -0.197628
v -3.979410 2.991555 0.000494
v -3.923176 2.912878 0.000494
v -3.971123 2.994980 -0.197628
v -3.971171 2.995026 0.000494
v -3.923176 2.912878 -0.197628
v -3.826260 2.813195 0.000494
v -3.826260 2.813195 -0.197628
v -3.802736 3.651806 0.000494
v -3.802736 3.651806 -0.197628
v -3.695669 3.652729 -0.197628
v -3.695669 3.652729 0.000494
v -3.660594 3.675803 -0.197628
v -3.660594 3.675803 0.000494
v -3.584908 3.714570 -0.197628
v -3.584908 3.714570 0.000494
v -3.515012 3.714154 -0.197628
v -3.515012 3.714154 0.000494
v -3.380563 3.665857 -0.197628
v -3.380563 3.665857 0.000494
v -3.270174 3.645819 -0.197628
v -3.270174 3.645819 0.000494
v -3.198179 3.635666 -0.197628
v -3.198179 3.635666 0.000494
v -3.167720 3.599669 -0.197628
v -3.167720 3.599669 0.000494
v -3.125262 3.518445 -0.197628
v -3.125262 3.518445 0.000494
v -3.033884 3.435375 -0.197628
v -3.033884 3.435375 0.000494
v -2.966505 3.354151 -0.197628
v -2.966505 3.354151 0.000494
v -2.950725 3.303486 -0.197628
v -2.950725 3.303486 0.000494
v -2.946157 3.219946 -0.197628
v -2.946157 3.219946 0.000494
v -3.873808 3.711801 0.000494
v -3.802736 3.651806 -0.197628
v -3.802736 3.651806 0.000494
v -3.873676 3.711823 -0.197628
v -3.951341 3.847482 0.000494
v -3.951157 3.847577 -0.197628
v -4.007647 3.992392 0.000494
v -4.007465 3.992441 -0.197628
v -4.027030 4.145610 0.000494
v -4.026849 4.145555 -0.197628
v -3.957804 4.248064 0.000494
v -3.957735 4.248082 -0.197628
v -3.859042 4.392051 0.000494
v -3.859042 4.392051 -0.197628
v -3.823044 4.500041 0.000494
v -3.823044 4.500041 -0.197628
v -3.820275 4.603418 0.000494
v -3.820275 4.603418 -0.197628
v -3.846118 4.782479 0.000494
v -3.846118 4.782479 -0.197628
v -3.872887 4.911699 0.000494
v -3.872887 4.911699 -0.197628
v -3.877501 5.026152 0.000494
v -3.877501 5.026152 -0.197628
v -3.836892 5.162755 0.000494
v -3.836892 5.162755 -0.197628
v -3.772283 5.281821 0.000494
v -3.772283 5.281821 -0.197628
v -3.748284 5.429502 0.000494
v -3.748284 5.429502 -0.197628
v -3.765822 5.575336 0.000494
v -3.765822 5.575336 -0.197628
v -3.693823 5.709166 0.000494
v -3.693823 5.709166 -0.197628
v -3.677209 5.867000 0.000494
v -3.677209 5.867000 -0.197628
v -3.680903 5.986066 0.000494
v -3.680903 5.986066 -0.197628
v -3.738129 6.140207 0.000494
v -3.738129 6.140207 -0.197628
v -3.711361 6.317422 0.000494
v -3.711361 6.317422 -0.197628
v -3.722436 6.443872 0.000494
v -3.722436 6.443872 -0.197628
v -5.700380 3.954891 0.000494
v -5.597478 3.963387 -0.197628
v -5.597260 3.962722 0.000494
v -5.700539 3.955005 -0.197628
v -5.757164 3.987524 0.000494
v -5.757164 3.987524 -0.197628
v -5.825039 4.003841 0.000494
v -5.825039 4.003841 -0.197628
v -5.864204 4.002700 0.000494
v -5.864204 4.002700 -0.197628
v -5.930088 3.967618 0.000494
v -5.930088 3.967618 -0.197628
v -5.999272 3.925195 0.000494
v -5.999272 3.925195 -0.197628
v -6.100437 3.898435 0.000494
v -6.100437 3.898435 -0.197628
v -6.170924 3.886035 0.000494
v -6.170924 3.886035 -0.197628
v -5.534894 3.062305 0.000494
v -5.534970 3.062203 -0.197628
v -5.620392 3.004218 -0.197628
v -5.620392 3.004218 0.000494
v -5.713721 2.971585 -0.197628
v -5.713721 2.971585 0.000494
v -5.832505 2.997692 -0.197628
v -5.832505 2.997692 0.000494
v -5.907561 3.051210 -0.197628
v -5.907561 3.051210 0.000494
v -6.007418 3.039462 -0.197628
v -6.007418 3.039462 0.000494
v -6.103360 3.062958 -0.197628
v -6.103360 3.062958 0.000494
v -6.183636 3.148456 -0.197628
v -6.183636 3.148456 0.000494
v -6.215662 3.245095 -0.197628
v -6.215662 3.245095 0.000494
v -6.193768 3.860581 0.000494
v -6.170924 3.886035 -0.197628
v -6.170924 3.886035 0.000494
v -6.193768 3.860581 -0.197628
v -6.216609 3.812284 0.000494
v -6.216609 3.812284 -0.197628
v -6.221179 3.771819 0.000494
v -6.221179 3.771819 -0.197628
v -6.311424 3.693213 0.000494
v -6.311424 3.693213 -0.197628
v -6.361264 3.622142 0.000494
v -6.361264 3.622142 -0.197628
v -6.387110 3.570454 0.000494
v -6.387110 3.570454 -0.197628
v -6.397261 3.512305 0.000494
v -6.397261 3.512305 -0.197628
v -6.378572 3.406621 0.000494
v -6.378572 3.406621 -0.197628
v -6.215662 3.245095 0.000494
v -6.215662 3.245095 -0.197628
v -6.266888 3.264478 -0.197628
v -6.266888 3.264478 0.000494
v -6.334729 3.312936 -0.197628
v -6.334729 3.312936 0.000494
v -6.378572 3.406621 -0.197628
v -6.378572 3.406621 0.000494
v -5.261365 3.686365 0.000494
v -5.261620 3.686343 -0.197628
v -5.122876 3.850530 -0.197628
v -5.123060 3.850438 0.000494
v -5.365365 2.062344 0.000494
v -5.365365 2.062344 -0.197628
v -5.508519 2.078537 -0.197628
v -5.508519 2.078537 0.000494
v -6.095963 0.487229 0.000493
v -5.979664 0.478921 -0.197628
v -5.979664 0.478922 0.000493
v -6.095963 0.487229 -0.197628
v -6.197812 0.467642 0.000493
v -6.197812 0.467642 -0.197628
v -6.367395 0.393415 0.000493
v -6.367395 0.393415 -0.197628
v -6.466156 0.316806 0.000493
v -6.466156 0.316806 -0.197628
v -6.564919 0.205122 0.000493
v -6.564919 0.205122 -0.197628
v -6.620299 0.089747 0.000493
v -6.620299 0.089747 -0.197628
v -6.639680 0.005627 0.000493
v -6.639680 0.005627 -0.197628
v -5.216070 0.819386 0.000493
v -5.086843 0.764562 -0.197628
v -5.086843 0.764562 0.000493
v -5.216070 0.819386 -0.197628
v -5.355741 0.844188 0.000493
v -5.355741 0.844188 -0.197628
v -5.483661 0.838966 0.000493
v -5.483661 0.838966 -0.197628
v -5.635074 0.788059 0.000493
v -5.635074 0.788059 -0.197628
v -5.774742 0.696686 0.000493
v -5.774742 0.696686 -0.197628
v -5.909190 0.562238 0.000493
v -5.909190 0.562238 -0.197628
v -5.979664 0.478922 0.000493
v -5.979664 0.478921 -0.197628
v -3.680350 0.599134 0.000493
v -3.616660 0.492065 -0.197628
v -3.616660 0.492065 0.000493
v -3.680350 0.599134 -0.197628
v -3.758805 0.698818 0.000493
v -3.758805 0.698818 -0.197628
v -3.904639 0.807732 0.000493
v -3.904639 0.807732 -0.197628
v -4.059702 0.878803 0.000493
v -4.059702 0.878803 -0.197628
v -4.218458 0.913877 0.000494
v -4.218458 0.913877 -0.197628
v -5.962934 0.005627 0.000493
v -6.639680 0.005627 -0.197628
v -6.639680 0.005627 0.000493
v -5.962934 0.005627 -0.197628
v -5.033544 0.005627 0.000493
v -5.033544 0.005627 -0.197628
v -4.273839 0.005627 0.000493
v -4.273839 0.005627 -0.197628
v -3.597682 0.005627 0.000493
v -3.597682 0.005627 -0.197628
v -2.900410 0.005627 0.000493
v -2.900410 0.005627 -0.197628
v -3.695193 2.723663 0.000494
v -3.826260 2.813195 -0.197628
v -3.826260 2.813195 0.000494
v -3.695193 2.723663 -0.197628
v -3.616739 2.701511 0.000494
v -3.616739 2.701511 -0.197628
v -3.517976 2.700588 0.000494
v -3.517976 2.700588 -0.197628
v -3.441367 2.738431 0.000494
v -3.517976 2.700588 -0.197628
v -3.517976 2.700588 0.000494
v -3.441367 2.738431 -0.197628
v -3.391527 2.787350 0.000494
v -3.391527 2.787350 -0.197628
v -3.314916 2.778120 0.000494
v -3.391527 2.787350 -0.197628
v -3.391527 2.787350 0.000494
v -3.314916 2.778120 -0.197628
v -3.228155 2.801196 0.000494
v -3.228155 2.801196 -0.197628
v -3.153391 2.867652 0.000494
v -3.153391 2.867652 -0.197628
v -3.113701 2.939644 0.000494
v -3.113701 2.939644 -0.197628
v -3.105395 2.997793 0.000494
v -3.105395 2.997793 -0.197628
v -3.017709 3.054097 0.000494
v -3.105395 2.997793 -0.197628
v -3.105395 2.997793 0.000494
v -3.017709 3.054097 -0.197628
v -2.965083 3.132489 0.000494
v -2.965083 3.132489 -0.197628
v -2.946157 3.219946 0.000494
v -2.946157 3.219946 -0.197628
v -3.893609 6.961229 0.000494
v -3.893609 6.961229 -0.197628
v -3.727181 7.022577 -0.197628
v -3.727181 7.022577 0.000494
v -3.640377 7.080013 -0.197628
v -3.640377 7.080013 0.000494
v -3.575110 7.072181 -0.197628
v -3.575110 7.072181 0.000494
v -3.621774 6.563756 0.000494
v -3.722436 6.443872 -0.197628
v -3.722436 6.443872 0.000494
v -3.621774 6.563756 -0.197628
v -3.558141 6.664268 0.000494
v -3.558141 6.664268 -0.197628
v -3.516372 6.764778 0.000494
v -3.516372 6.764778 -0.197628
v -3.921021 7.000388 0.000494
v -3.921021 7.000388 -0.197628
v -3.893609 6.961229 -0.197628
v -3.893609 6.961229 0.000494
v -3.495487 6.877035 0.000494
v -3.516372 6.764778 -0.197628
v -3.516372 6.764778 0.000494
v -3.495487 6.877035 -0.197628
v -3.513109 6.987988 0.000494
v -3.513109 6.987988 -0.197628
v -3.575110 7.072181 0.000494
v -3.575110 7.072181 -0.197628
v -5.756559 7.046924 0.000494
v -5.664259 7.017388 -0.197628
v -5.664259 7.017388 0.000494
v -5.756559 7.046924 -0.197628
v -5.822090 7.041387 0.000494
v -5.822090 7.041387 -0.197628
v -3.847272 7.058475 0.000494
v -3.921021 7.000388 -0.197628
v -3.921021 7.000388 0.000494
v -3.847272 7.058475 -0.197628
v -3.800932 7.149195 0.000494
v -3.800932 7.149195 -0.197628
v -3.792445 7.267978 0.000494
v -3.792445 7.267978 -0.197628
v -3.827689 7.363920 0.000494
v -3.827689 7.363920 -0.197628
v -5.664259 7.017388 0.000494
v -5.664259 7.017388 -0.197628
v -5.684564 7.106919 -0.197628
v -5.684564 7.106919 0.000494
v -5.660567 7.198297 -0.197628
v -5.660567 7.198297 0.000494
v -5.600572 7.288751 -0.197628
v -5.600572 7.288751 0.000494
v -5.475799 7.370704 -0.197628
v -5.475799 7.370704 0.000494
v -5.272740 7.444544 -0.197628
v -5.272740 7.444544 0.000494
v -4.955775 7.513696 -0.197628
v -4.955775 7.513696 0.000494
v -4.637271 7.539802 -0.197628
v -4.637271 7.539802 0.000494
v -4.314857 7.539802 -0.197628
v -4.314857 7.539802 0.000494
v -4.055469 7.497714 -0.197628
v -4.055469 7.497714 0.000494
v -3.916451 7.435711 -0.197628
v -3.916451 7.435711 0.000494
v -3.827689 7.363920 -0.197628
v -3.827689 7.363920 0.000494
vn -0.0000 -0.0000 1.0000
vn -0.0000 -0.0000 -1.0000
vn 0.0837 0.9965 -0.0000
vn -0.0375 0.9993 -0.0000
vn 0.3360 0.9419 -0.0000
vn 0.0836 0.9965 -0.0000
vn 0.0836 0.9965 -0.0001
vn 0.5475 0.8368 -0.0000
vn 0.7232 0.6907 -0.0000
vn 0.8545 0.5194 -0.0000
vn 0.9509 0.3095 -0.0000
vn 0.9857 0.1686 -0.0000
vn -0.9623 -0.2721 -0.0006
vn -0.9613 -0.2754 -0.0008
vn -0.9613 -0.2755 -0.0008
vn -0.9604 -0.2787 -0.0009
vn -0.9603 -0.2788 -0.0010
vn 0.9937 -0.1124 -0.0024
vn 0.9987 -0.0500 -0.0017
vn 0.9937 -0.1125 -0.0024
vn 0.9734 -0.2290 -0.0030
vn 0.9936 -0.1125 -0.0024
vn 0.9217 -0.3880 -0.0025
vn 0.9216 -0.3880 -0.0025
vn 0.9217 -0.3879 -0.0025
vn 0.8727 -0.4883 -0.0020
vn -0.6912 0.7226 -0.0003
vn -0.7287 0.6848 -0.0001
vn -0.7288 0.6847 -0.0001
vn -0.6913 0.7225 -0.0004
vn -0.9954 -0.0960 -0.0000
vn -0.9989 -0.0478 -0.0000
vn -0.9989 -0.0478 0.0002
vn -0.9998 0.0179 0.0011
vn -0.9989 -0.0478 0.0007
vn -0.9993 0.0366 0.0024
vn -0.9949 0.1010 0.0029
vn -0.9993 0.0366 0.0023
vn -0.9949 0.1010 0.0030
vn -0.9672 0.2540 0.0029
vn -0.9949 0.1009 0.0030
vn -0.9672 0.2540 0.0030
vn -0.8624 0.5062 0.0030
vn -0.4515 0.8923 0.0027
vn -0.4517 0.8922 0.0027
vn -0.8459 -0.5333 -0.0000
vn -0.7097 -0.7045 -0.0000
vn -0.6351 -0.7724 -0.0000
vn -0.9557 -0.2944 -0.0000
vn -0.8460 -0.5333 -0.0000
vn -0.9990 -0.0450 -0.0000
vn -0.9734 -0.2291 -0.0000
vn -0.9207 -0.3902 -0.0000
vn -0.9734 -0.2290 -0.0000
vn -0.9899 -0.1418 -0.0000
vn -0.9951 0.0987 -0.0000
vn -0.9631 0.2691 -0.0000
vn -0.9951 0.0988 -0.0000
vn -0.9957 0.0930 -0.0000
vn -0.9991 -0.0413 -0.0000
vn -0.9664 -0.2569 -0.0000
vn -0.8546 -0.5193 -0.0000
vn -0.9289 -0.3703 -0.0000
vn -0.9967 -0.0816 -0.0000
vn -0.9571 0.2898 -0.0000
vn -0.7827 0.6224 -0.0000
vn -0.9571 0.2898 0.0001
vn -0.3927 0.9197 -0.0000
vn -0.9250 -0.3799 -0.0000
vn -0.9976 -0.0694 -0.0000
vn -0.9976 -0.0695 -0.0000
vn -0.9799 0.1996 -0.0000
vn -0.9996 0.0285 -0.0000
vn -0.9760 -0.2176 -0.0000
vn -0.9413 -0.3377 -0.0000
vn 0.9924 0.1232 -0.0000
vn 0.9964 0.0846 -0.0000
vn 0.9719 0.2353 -0.0000
vn 0.9821 0.1885 -0.0000
vn 0.9898 -0.1422 -0.0000
vn 0.8358 -0.5491 -0.0000
vn 0.9898 -0.1423 -0.0000
vn 0.8358 -0.5490 -0.0000
vn 0.6141 -0.7892 -0.0000
vn 0.8358 -0.5490 -0.0001
vn 0.7967 -0.6044 -0.0000
vn 0.9999 -0.0152 -0.0000
vn 0.9788 0.2046 -0.0000
vn 0.9952 0.0979 -0.0000
vn 0.9991 0.0428 -0.0000
vn -0.9947 0.1029 0.0003
vn -0.9976 0.0691 0.0001
vn -0.9947 0.1025 -0.0000
vn -0.9989 -0.0479 -0.0000
vn -0.9914 -0.1310 -0.0000
vn 0.3850 -0.9229 0.0002
vn 0.3851 -0.9229 0.0002
vn -0.8634 -0.5045 -0.0001
vn -0.7961 -0.6052 -0.0000
vn -0.8635 -0.5043 -0.0000
vn -0.6437 -0.7652 0.0001
vn -0.6437 -0.7652 -0.0000
vn -0.2910 0.9567 -0.0000
vn 0.3396 0.9406 0.0001
vn 0.3396 0.9406 -0.0000
vn -0.5035 0.8640 -0.0000
vn -0.2316 0.9728 -0.0000
vn 0.1745 0.9847 -0.0000
vn -0.2316 0.9728 -0.0001
vn 0.2592 0.9658 -0.0000
vn 0.1591 0.9873 -0.0000
vn 0.4832 0.8755 -0.0000
vn 0.8299 0.5580 -0.0000
vn 0.7916 0.6110 -0.0000
vn 0.8298 0.5580 -0.0000
vn 0.7229 0.6909 -0.0000
vn 0.8789 0.4770 0.0001
vn 0.7230 0.6909 -0.0000
vn 0.8789 0.4770 -0.0000
vn 0.9842 0.1773 -0.0000
vn 0.9841 0.1774 -0.0000
vn 0.8789 0.4770 -0.0001
vn 0.9969 -0.0792 -0.0000
vn 0.7687 0.6396 -0.0000
vn 0.3396 0.9406 0.0005
vn 0.7686 0.6397 0.0006
vn 0.7687 0.6396 0.0005
vn 0.7687 0.6396 0.0006
vn 0.9027 0.4303 0.0006
vn 0.7686 0.6397 0.0010
vn 0.9027 0.4302 0.0009
vn 0.9027 0.4303 0.0009
vn 0.9693 0.2457 0.0010
vn 0.9693 0.2457 0.0009
vn 0.9728 -0.2318 0.0009
vn 0.9728 -0.2318 0.0008
vn 0.8268 -0.5625 0.0003
vn 0.9728 -0.2318 0.0002
vn 0.8954 -0.4452 0.0001
vn 0.9849 -0.1734 -0.0000
vn 0.8954 -0.4452 -0.0000
vn 0.9983 0.0582 -0.0000
vn 0.9983 0.0583 -0.0000
vn 0.9849 0.1729 -0.0000
vn 0.9849 0.1730 -0.0000
vn 0.9925 0.1220 -0.0000
vn 0.9923 -0.1240 -0.0000
vn 0.9237 -0.3830 -0.0000
vn 0.9463 -0.3232 -0.0000
vn 0.9998 -0.0207 -0.0000
vn 0.9826 -0.1858 -0.0000
vn 0.9826 -0.1859 -0.0000
vn 0.9556 -0.2948 -0.0000
vn 0.9993 -0.0369 -0.0000
vn 0.9814 0.1920 -0.0000
vn 0.9814 0.1921 -0.0000
vn 0.9947 0.1026 -0.0000
vn 0.9995 -0.0313 -0.0000
vn 0.9962 0.0872 -0.0000
vn 0.9962 0.0873 -0.0000
vn 0.2195 0.9756 0.0033
vn -0.4517 0.8922 0.0006
vn 0.2199 0.9755 0.0011
vn 0.2195 0.9756 0.0011
vn 0.2198 0.9755 0.0011
vn 0.3697 0.9291 -0.0000
vn 0.2199 0.9755 -0.0000
vn 0.3697 0.9292 -0.0000
vn 0.1032 0.9947 -0.0000
vn -0.2563 0.9666 -0.0000
vn -0.4966 0.8680 -0.0000
vn -0.3934 0.9194 -0.0000
vn -0.2147 0.9767 -0.0000
vn -0.4854 0.8743 -0.0000
vn 0.4497 -0.8932 0.0001
vn 0.5616 -0.8274 0.0002
vn 0.4497 -0.8932 -0.0000
vn 0.5620 -0.8272 -0.0000
vn 0.0600 -0.9982 -0.0000
vn -0.4058 -0.9140 -0.0000
vn -0.2485 -0.9686 -0.0000
vn -0.4058 -0.9139 -0.0000
vn -0.0615 -0.9981 -0.0000
vn -0.5043 -0.8636 -0.0000
vn -0.8593 -0.5115 -0.0000
vn -0.5043 -0.8635 -0.0000
vn -0.9492 -0.3146 -0.0000
vn -0.4853 0.8743 -0.0000
vn -0.8328 0.5535 -0.0000
vn -0.4854 0.8743 0.0001
vn -0.9619 0.2736 -0.0000
vn -0.9618 0.2736 -0.0000
vn -0.8854 0.4648 -0.0000
vn -0.7432 0.6690 -0.0000
vn -0.8589 0.5121 -0.0000
vn -0.9498 0.3129 -0.0000
vn -1.0000 -0.0011 -0.0000
vn -0.9534 -0.3016 -0.0000
vn -0.4715 -0.8819 -0.0000
vn -0.3539 -0.9353 -0.0000
vn -0.7686 -0.6397 -0.0000
vn -0.7288 0.6848 -0.0000
vn -0.7641 0.6450 0.0003
vn -0.7642 0.6450 0.0002
vn -0.1124 -0.9937 -0.0000
vn 0.0712 0.9975 -0.0000
vn -0.0593 0.9982 -0.0000
vn -0.2968 0.9550 -0.0000
vn -0.2967 0.9550 -0.0000
vn -0.5108 0.8597 -0.0000
vn -0.6840 0.7295 -0.0000
vn -0.8333 0.5529 -0.0000
vn -0.9438 0.3306 -0.0000
vn -0.8333 0.5528 -0.0000
vn -0.9438 0.3307 -0.0000
vn -0.9745 0.2245 -0.0000
vn 0.3906 0.9206 -0.0000
vn 0.2845 0.9587 -0.0000
vn 0.0674 0.9977 -0.0000
vn -0.1815 0.9834 -0.0000
vn -0.1816 0.9834 -0.0000
vn -0.4366 0.8996 -0.0000
vn -0.4366 0.8997 -0.0000
vn -0.6306 0.7761 -0.0000
vn -0.7359 0.6770 -0.0000
vn -0.7635 0.6458 -0.0000
vn 0.8594 0.5112 -0.0000
vn 0.8244 0.5661 -0.0000
vn 0.8244 0.5660 -0.0000
vn 0.6981 0.7160 -0.0000
vn 0.5104 0.8599 -0.0000
vn 0.6981 0.7160 0.0001
vn 0.5104 0.8600 -0.0000
vn 0.3180 0.9481 -0.0000
vn 0.2157 0.9765 -0.0000
vn -0.0000 -1.0000 -0.0000
vn -0.6438 -0.7652 -0.0000
vn -0.4235 -0.9059 -0.0000
vn -0.4234 -0.9059 -0.0000
vn -0.1418 -0.9899 -0.0000
vn -0.4234 -0.9059 0.0001
vn 0.2229 -0.9749 -0.0000
vn 0.2228 -0.9749 -0.0000
vn 0.5790 -0.8154 -0.0000
vn 0.5789 -0.8154 -0.0000
vn 0.7005 -0.7137 -0.0000
vn -0.1196 -0.9928 -0.0000
vn 0.0700 -0.9975 -0.0000
vn 0.4736 -0.8808 -0.0000
vn 0.0700 -0.9975 -0.0001
vn 0.4735 -0.8808 -0.0000
vn 0.7813 -0.6241 -0.0001
vn 0.7813 -0.6241 -0.0000
vn 0.9483 -0.3173 -0.0000
vn 0.9900 -0.1414 -0.0000
vn 0.5403 -0.8415 -0.0000
vn 0.6998 -0.7143 -0.0000
vn 0.9202 -0.3914 -0.0000
vn 0.6998 -0.7143 0.0001
vn 0.9969 -0.0791 -0.0000
vn -0.4519 0.8921 -0.0000
vn -0.3459 0.9383 -0.0000
vn -0.2305 0.9731 -0.0000
vn 0.1191 0.9929 -0.0000
vn 0.7658 -0.6430 -0.0000
vn 0.8072 -0.5903 -0.0000
vn 0.8874 -0.4610 -0.0000
vn 0.9586 -0.2849 -0.0000
vn 0.8192 0.5735 -0.0000
vn 0.9999 -0.0132 -0.0000
vn 0.9226 0.3859 -0.0000
vn 0.9226 0.3858 -0.0000
vn 0.8052 0.5930 -0.0000
vn 0.3048 0.9524 -0.0000
vn 0.1124 0.9937 -0.0000
vn 0.6188 -0.7856 -0.0000
vn 0.7725 -0.6350 -0.0000
vn 0.9633 -0.2684 -0.0000
vn 0.7726 -0.6349 -0.0000
vn 0.9633 -0.2685 -0.0000
vn 0.9902 0.1399 -0.0000
vn 0.8131 0.5821 -0.0000
vn -0.9999 0.0169 -0.0000
vn -0.9752 -0.2212 -0.0000
vn -0.9126 0.4089 -0.0000
vn -0.7055 0.7087 0.0001
vn -0.7055 0.7087 -0.0000
vn -0.4484 0.8938 -0.0000
vn -0.2781 0.9606 -0.0000
vn -0.1478 0.9890 -0.0000
vn -0.0409 0.9992 -0.0000
vn -0.1477 0.9890 -0.0000
vn 0.0804 0.9968 -0.0000
vn 0.2861 0.9582 -0.0000
vn 0.0803 0.9968 -0.0000
vn 0.5225 0.8526 -0.0000
vn 0.8131 0.5822 -0.0000
vt 0.525122 0.670729
vt 0.529100 0.666492
vt 0.523534 0.675518
vt 0.523261 0.701619
vt 0.518789 0.697724
vt 0.523488 0.703625
vt 0.520996 0.676478
vt 0.516319 0.694202
vt 0.517634 0.678879
vt 0.515038 0.691641
vt 0.515461 0.683522
vt 0.514535 0.688759
vt 0.533854 0.665327
vt 0.524620 0.706018
vt 0.525752 0.707280
vt 0.529244 0.707894
vt 0.538802 0.665910
vt 0.534258 0.709220
vt 0.542522 0.663257
vt 0.537686 0.711322
vt 0.548408 0.661964
vt 0.540951 0.713061
vt 0.553033 0.663581
vt 0.542892 0.713117
vt 0.546256 0.712309
vt 0.557270 0.666459
vt 0.549069 0.710692
vt 0.570825 0.697385
vt 0.554179 0.711080
vt 0.573622 0.702366
vt 0.556831 0.714152
vt 0.575953 0.710265
vt 0.558352 0.718324
vt 0.577233 0.717492
vt 0.559112 0.722909
vt 0.577736 0.727783
vt 0.559435 0.731448
vt 0.559759 0.740892
vt 0.634760 0.663126
vt 0.634352 0.662953
vt 0.556397 0.658018
vt 0.635359 0.651107
vt 0.555731 0.639249
vt 0.637462 0.638254
vt 0.565671 0.616906
vt 0.558577 0.617709
vt 0.628955 0.616757
vt 0.640435 0.629061
vt 0.619304 0.584327
vt 0.578749 0.585066
vt 0.620539 0.579662
vt 0.577052 0.578438
vt 0.575657 0.569283
vt 0.622094 0.569599
vt 0.576433 0.561068
vt 0.622506 0.559994
vt 0.579473 0.552595
vt 0.639749 0.624761
vt 0.635998 0.621194
vt 0.640572 0.627002
vt 0.619762 0.514986
vt 0.630373 0.558256
vt 0.638057 0.554734
vt 0.645284 0.549337
vt 0.649172 0.544397
vt 0.653269 0.514986
vt 0.652328 0.539091
vt 0.582115 0.514986
vt 0.659646 0.539366
vt 0.573069 0.555311
vt 0.566148 0.556540
vt 0.559809 0.556282
vt 0.667788 0.537673
vt 0.536058 0.514986
vt 0.552306 0.553759
vt 0.545384 0.549231
vt 0.538722 0.542568
vt 0.535230 0.538440
vt 0.674283 0.534289
vt 0.529466 0.538851
vt 0.680412 0.529349
vt 0.684803 0.523357
vt 0.687227 0.518462
vt 0.687822 0.514986
vt 0.524419 0.537881
vt 0.516016 0.534203
vt 0.511121 0.530406
vt 0.506227 0.524872
vt 0.503483 0.519154
vt 0.502522 0.514986
vt 0.675286 0.656813
vt 0.677253 0.660381
vt 0.671581 0.653520
vt 0.677664 0.663263
vt 0.684547 0.680922
vt 0.682009 0.666053
vt 0.681208 0.684947
vt 0.685329 0.678411
vt 0.684617 0.669937
vt 0.685555 0.674272
vt 0.667281 0.652377
vt 0.676680 0.689063
vt 0.663485 0.652834
vt 0.674576 0.693088
vt 0.673066 0.694872
vt 0.661015 0.650410
vt 0.657219 0.648534
vt 0.669498 0.695375
vt 0.664028 0.696369
vt 0.652324 0.648580
vt 0.648436 0.649678
vt 0.657365 0.698762
vt 0.641942 0.654115
vt 0.653902 0.698783
vt 0.650151 0.696861
vt 0.637139 0.659055
vt 0.648413 0.695718
vt 0.643107 0.695672
vt 0.639585 0.698645
vt 0.577679 0.705515
vt 0.635743 0.705369
vt 0.582733 0.710351
vt 0.632953 0.712550
vt 0.631993 0.720143
vt 0.580023 0.719688
vt 0.635423 0.725220
vt 0.640317 0.732355
vt 0.642101 0.737706
vt 0.642238 0.742829
vt 0.559759 0.747878
vt 0.640957 0.751703
vt 0.639631 0.758106
vt 0.559160 0.754088
vt 0.639402 0.763778
vt 0.588433 0.793057
vt 0.641415 0.770547
vt 0.556249 0.756481
vt 0.644616 0.776448
vt 0.553080 0.760395
vt 0.645806 0.783766
vt 0.550848 0.765084
vt 0.644937 0.790993
vt 0.550104 0.769895
vt 0.648504 0.797625
vt 0.550496 0.776061
vt 0.649328 0.805446
vt 0.547019 0.782053
vt 0.649145 0.811347
vt 0.544779 0.789966
vt 0.544687 0.800532
vt 0.546517 0.809268
vt 0.646309 0.818985
vt 0.548821 0.815811
vt 0.597694 0.841125
vt 0.647636 0.827767
vt 0.547624 0.823606
vt 0.647087 0.834033
vt 0.548206 0.831950
vt 0.638604 0.859671
vt 0.652075 0.839974
vt 0.646851 0.862711
vt 0.655228 0.844955
vt 0.657298 0.849936
vt 0.651153 0.865557
vt 0.658333 0.855499
vt 0.657460 0.860997
vt 0.654387 0.865169
vt 0.637246 0.861611
vt 0.550859 0.862454
vt 0.549853 0.866890
vt 0.640900 0.864490
vt 0.551042 0.871419
vt 0.643197 0.868985
vt 0.554015 0.875901
vt 0.643617 0.874872
vt 0.560198 0.879963
vt 0.641871 0.879626
vt 0.570261 0.883622
vt 0.637472 0.883184
vt 0.585968 0.887049
vt 0.630583 0.886257
vt 0.601752 0.888342
vt 0.617729 0.888342
vt 0.546286 0.863918
vt 0.544422 0.837610
vt 0.539247 0.847022
vt 0.543038 0.863643
vt 0.539667 0.860671
vt 0.537436 0.853943
vt 0.537727 0.857081
vt 0.814866 0.805835
vt 0.816448 0.801062
vt 0.810900 0.810059
vt 0.816720 0.775041
vt 0.816495 0.773042
vt 0.821179 0.778925
vt 0.818978 0.800104
vt 0.823641 0.782435
vt 0.822330 0.797710
vt 0.824917 0.784989
vt 0.824495 0.793082
vt 0.825419 0.787861
vt 0.806160 0.811220
vt 0.815366 0.770657
vt 0.814238 0.769399
vt 0.810756 0.768786
vt 0.801228 0.810639
vt 0.805758 0.767465
vt 0.797520 0.813283
vt 0.802341 0.765369
vt 0.791652 0.814573
vt 0.799086 0.763636
vt 0.787041 0.812961
vt 0.797151 0.763579
vt 0.793798 0.764386
vt 0.782818 0.810091
vt 0.790993 0.765998
vt 0.769306 0.779263
vt 0.785899 0.765611
vt 0.766516 0.774298
vt 0.783255 0.762548
vt 0.764193 0.766423
vt 0.781739 0.758389
vt 0.762917 0.759219
vt 0.780982 0.753818
vt 0.762416 0.748959
vt 0.780659 0.745306
vt 0.780337 0.735892
vt 0.705570 0.813415
vt 0.705977 0.813586
vt 0.783688 0.818506
vt 0.704974 0.825396
vt 0.784352 0.837217
vt 0.702876 0.838208
vt 0.774443 0.859490
vt 0.781515 0.858690
vt 0.711357 0.859639
vt 0.699912 0.847373
vt 0.720977 0.891967
vt 0.761406 0.891231
vt 0.719746 0.896617
vt 0.763098 0.897838
vt 0.764489 0.906964
vt 0.718196 0.906649
vt 0.763715 0.915153
vt 0.717786 0.916224
vt 0.760684 0.923600
vt 0.700597 0.851659
vt 0.704336 0.855216
vt 0.699776 0.849425
vt 0.720522 0.961092
vt 0.709943 0.917956
vt 0.702283 0.921467
vt 0.695079 0.926848
vt 0.691203 0.931772
vt 0.687119 0.961092
vt 0.688057 0.937061
vt 0.758051 0.961092
vt 0.680761 0.936788
vt 0.767068 0.920892
vt 0.773968 0.919667
vt 0.780287 0.919924
vt 0.672645 0.938475
vt 0.803963 0.961092
vt 0.787767 0.922439
vt 0.794666 0.926953
vt 0.801308 0.933595
vt 0.804789 0.937711
vt 0.666170 0.941849
vt 0.810535 0.937300
vt 0.660061 0.946773
vt 0.655683 0.952747
vt 0.653267 0.957625
vt 0.652674 0.961092
vt 0.815566 0.938268
vt 0.823943 0.941935
vt 0.828822 0.945719
vt 0.833701 0.951236
vt 0.836437 0.956936
vt 0.837394 0.961092
vt 0.665171 0.819707
vt 0.668865 0.822990
vt 0.663211 0.816151
vt 0.662800 0.813278
vt 0.655939 0.795674
vt 0.658468 0.810497
vt 0.659267 0.791662
vt 0.655160 0.798177
vt 0.655869 0.806624
vt 0.654934 0.802304
vt 0.673150 0.824130
vt 0.663782 0.787558
vt 0.676935 0.823674
vt 0.665879 0.783546
vt 0.667384 0.781767
vt 0.679397 0.826091
vt 0.683182 0.827960
vt 0.670940 0.781266
vt 0.676394 0.780276
vt 0.688061 0.827914
vt 0.691936 0.826820
vt 0.683035 0.777890
vt 0.698411 0.822397
vt 0.686488 0.777869
vt 0.690227 0.779785
vt 0.703199 0.817473
vt 0.691960 0.780924
vt 0.697249 0.780970
vt 0.700760 0.778006
vt 0.762473 0.771158
vt 0.704590 0.771304
vt 0.757435 0.766337
vt 0.707371 0.764145
vt 0.708329 0.756576
vt 0.760136 0.757030
vt 0.704909 0.751515
vt 0.700030 0.744402
vt 0.698252 0.739067
vt 0.698115 0.733960
vt 0.780337 0.728928
vt 0.699392 0.725115
vt 0.700714 0.718731
vt 0.780934 0.722737
vt 0.700942 0.713077
vt 0.751753 0.683890
vt 0.783835 0.720352
vt 0.698936 0.706329
vt 0.786995 0.716450
vt 0.695745 0.700447
vt 0.789220 0.711775
vt 0.694559 0.693152
vt 0.789962 0.706979
vt 0.695425 0.685947
vt 0.789571 0.700832
vt 0.691869 0.679336
vt 0.793036 0.694859
vt 0.691048 0.671539
vt 0.795270 0.686971
vt 0.691230 0.665657
vt 0.795361 0.676438
vt 0.793537 0.667729
vt 0.694057 0.658043
vt 0.791241 0.661207
vt 0.742521 0.635972
vt 0.692735 0.649288
vt 0.792434 0.653437
vt 0.693282 0.643042
vt 0.791853 0.645118
vt 0.701738 0.617484
vt 0.688309 0.637119
vt 0.693516 0.614454
vt 0.685166 0.632154
vt 0.683102 0.627189
vt 0.689228 0.611616
vt 0.682071 0.621643
vt 0.682941 0.616162
vt 0.686004 0.612003
vt 0.703092 0.615550
vt 0.789208 0.614710
vt 0.790211 0.610287
vt 0.699449 0.612680
vt 0.789026 0.605773
vt 0.697160 0.608199
vt 0.786062 0.601304
vt 0.696740 0.602331
vt 0.779898 0.597256
vt 0.698482 0.597591
vt 0.769867 0.593608
vt 0.702866 0.594045
vt 0.754209 0.590192
vt 0.709734 0.590982
vt 0.738475 0.588903
vt 0.722548 0.588903
vt 0.793768 0.613251
vt 0.795625 0.639476
vt 0.800784 0.630094
vt 0.797005 0.613524
vt 0.800365 0.616488
vt 0.802589 0.623194
vt 0.802300 0.620067
vt 0.693434 0.995594
vt 0.685910 0.995593
vt 0.685910 0.982883
vt 0.693434 0.982883
vt 0.701959 0.995594
vt 0.701959 0.982883
vt 0.709465 0.995594
vt 0.709465 0.982883
vt 0.717519 0.995594
vt 0.717519 0.982883
vt 0.725112 0.995594
vt 0.725112 0.982883
vt 0.730691 0.995594
vt 0.730691 0.982883
vt 0.734290 0.995594
vt 0.734290 0.982883
vt 0.727465 0.995652
vt 0.727465 0.983203
vt 0.739774 0.995652
vt 0.739774 0.983203
vt 0.751979 0.995652
vt 0.751979 0.983203
vt 0.713782 0.983203
vt 0.713782 0.995652
vt 0.700900 0.983203
vt 0.700900 0.995652
vt 0.689529 0.983203
vt 0.689529 0.995652
vt 0.679336 0.983203
vt 0.679336 0.995652
vt 0.762195 0.983203
vt 0.762195 0.995652
vt 0.786230 0.982895
vt 0.786230 0.995605
vt 0.779840 0.982896
vt 0.779841 0.995606
vt 0.772693 0.982898
vt 0.772700 0.995608
vt 0.763039 0.982898
vt 0.763036 0.995608
vt 0.754312 0.982892
vt 0.754305 0.995602
vt 0.749560 0.982887
vt 0.749548 0.995598
vt 0.745022 0.982881
vt 0.745008 0.995591
vt 0.740877 0.982875
vt 0.740875 0.995585
vt 0.795273 0.982893
vt 0.795275 0.995603
vt 0.790105 0.982894
vt 0.790106 0.995604
vt 0.507824 0.995601
vt 0.502492 0.995603
vt 0.502490 0.982893
vt 0.507822 0.982891
vt 0.512827 0.995599
vt 0.512824 0.982889
vt 0.519166 0.995597
vt 0.519164 0.982887
vt 0.526269 0.995595
vt 0.526268 0.982885
vt 0.534696 0.995594
vt 0.534695 0.982884
vt 0.545510 0.995594
vt 0.545510 0.982883
vt 0.554654 0.995593
vt 0.554654 0.982883
vt 0.561774 0.995593
vt 0.561774 0.982883
vt 0.569861 0.995593
vt 0.569861 0.982883
vt 0.578437 0.995594
vt 0.578437 0.982883
vt 0.585427 0.995593
vt 0.585427 0.982883
vt 0.596425 0.995594
vt 0.596425 0.982883
vt 0.603769 0.995593
vt 0.603769 0.982883
vt 0.607034 0.995594
vt 0.607034 0.982883
vt 0.611247 0.995594
vt 0.611247 0.982883
vt 0.615881 0.995594
vt 0.615881 0.982883
vt 0.571264 0.982891
vt 0.571264 0.995601
vt 0.536249 0.982885
vt 0.536247 0.995595
vt 0.529330 0.982884
vt 0.529329 0.995594
vt 0.519948 0.982883
vt 0.519948 0.995594
vt 0.511593 0.982883
vt 0.511593 0.995593
vt 0.502471 0.982884
vt 0.502471 0.995594
vt 0.544433 0.995594
vt 0.532159 0.995593
vt 0.532159 0.982883
vt 0.544433 0.982883
vt 0.557859 0.995593
vt 0.557859 0.982883
vt 0.567857 0.995594
vt 0.567857 0.982883
vt 0.570110 0.995594
vt 0.570110 0.982883
vt 0.572689 0.995594
vt 0.572689 0.982883
vt 0.578105 0.995594
vt 0.578105 0.982883
vt 0.586723 0.995593
vt 0.586723 0.982883
vt 0.621325 0.995594
vt 0.621325 0.982883
vt 0.626367 0.995593
vt 0.626367 0.982883
vt 0.636860 0.995594
vt 0.636860 0.982883
vt 0.646766 0.995594
vt 0.646766 0.982883
vt 0.628236 0.982881
vt 0.628240 0.995591
vt 0.619645 0.982887
vt 0.619649 0.995597
vt 0.600566 0.982892
vt 0.600567 0.995602
vt 0.578484 0.982891
vt 0.578484 0.995601
vt 0.531544 0.995593
vt 0.531546 0.982883
vt 0.526579 0.982884
vt 0.526579 0.995594
vt 0.519394 0.982884
vt 0.519395 0.995594
vt 0.679135 0.995594
vt 0.673639 0.995594
vt 0.673639 0.982884
vt 0.679135 0.982884
vt 0.681348 0.995594
vt 0.681348 0.982883
vt 0.685739 0.995594
vt 0.685739 0.982883
vt 0.689370 0.995594
vt 0.689370 0.982883
vt 0.696690 0.995594
vt 0.696690 0.982883
vt 0.702465 0.995594
vt 0.702465 0.982883
vt 0.706251 0.995594
vt 0.706251 0.982883
vt 0.708752 0.995594
vt 0.708752 0.982883
vt 0.713503 0.995594
vt 0.713503 0.982883
vt 0.719866 0.995594
vt 0.719866 0.982883
vt 0.725327 0.995594
vt 0.725327 0.982883
vt 0.728142 0.995594
vt 0.728142 0.982883
vt 0.732507 0.995594
vt 0.732507 0.982883
vt 0.668859 0.982884
vt 0.668862 0.995594
vt 0.660889 0.982883
vt 0.660887 0.995593
vt 0.652963 0.982882
vt 0.652962 0.995592
vt 0.645093 0.982880
vt 0.645095 0.995591
vt 0.638781 0.982883
vt 0.638780 0.995593
vt 0.629899 0.982884
vt 0.629900 0.995594
vt 0.624088 0.982884
vt 0.624088 0.995594
vt 0.618806 0.982884
vt 0.618806 0.995594
vt 0.609614 0.982884
vt 0.609614 0.995594
vt 0.602897 0.982883
vt 0.602896 0.995594
vt 0.597061 0.982883
vt 0.597060 0.995593
vt 0.589815 0.982883
vt 0.589815 0.995593
vt 0.582927 0.982883
vt 0.582927 0.995593
vt 0.575326 0.982883
vt 0.575326 0.995594
vt 0.567866 0.982883
vt 0.567866 0.995594
vt 0.560150 0.982883
vt 0.560150 0.995594
vt 0.552095 0.982883
vt 0.552095 0.995594
vt 0.546040 0.982883
vt 0.546040 0.995594
vt 0.537698 0.982883
vt 0.537698 0.995594
vt 0.528610 0.982883
vt 0.528610 0.995594
vt 0.522163 0.982883
vt 0.522163 0.995594
vt 0.735647 0.982876
vt 0.735639 0.995586
vt 0.732332 0.982877
vt 0.732332 0.995587
vt 0.728802 0.982878
vt 0.728802 0.995588
vt 0.726821 0.982879
vt 0.726821 0.995589
vt 0.723054 0.982880
vt 0.723054 0.995590
vt 0.718961 0.982881
vt 0.718961 0.995591
vt 0.713685 0.982881
vt 0.713685 0.995592
vt 0.710082 0.982882
vt 0.710082 0.995592
vt 0.633401 0.995592
vt 0.633401 0.982882
vt 0.638341 0.995592
vt 0.638341 0.982882
vt 0.644431 0.995593
vt 0.644431 0.982882
vt 0.649036 0.995593
vt 0.649036 0.982883
vt 0.654064 0.995593
vt 0.654064 0.982883
vt 0.659004 0.995593
vt 0.659004 0.982883
vt 0.664880 0.995594
vt 0.664880 0.982883
vt 0.669977 0.995594
vt 0.669977 0.982883
vt 0.708369 0.982882
vt 0.708370 0.995593
vt 0.705689 0.982883
vt 0.705689 0.995593
vt 0.703654 0.982883
vt 0.703654 0.995593
vt 0.697635 0.982883
vt 0.697635 0.995593
vt 0.693278 0.982883
vt 0.693278 0.995593
vt 0.690390 0.982883
vt 0.690390 0.995593
vt 0.687441 0.982883
vt 0.687441 0.995594
vt 0.682057 0.982883
vt 0.682057 0.995594
vt 0.672701 0.995594
vt 0.672701 0.982883
vt 0.676871 0.995594
vt 0.676871 0.982883
vt 0.666190 0.983203
vt 0.666190 0.995652
vt 0.736074 0.982883
vt 0.736074 0.995594
vt 0.730223 0.982883
vt 0.730223 0.995594
vt 0.725020 0.982883
vt 0.725020 0.995594
vt 0.715704 0.982883
vt 0.715704 0.995594
vt 0.709421 0.982883
vt 0.709421 0.995594
vt 0.701919 0.982883
vt 0.701919 0.995594
vt 0.695479 0.982883
vt 0.695479 0.995594
vt 0.691139 0.982883
vt 0.691139 0.995594
vt 0.788078 0.982884
vt 0.788078 0.995594
vt 0.781040 0.982883
vt 0.781040 0.995594
vt 0.773926 0.982883
vt 0.773926 0.995594
vt 0.767508 0.982883
vt 0.767508 0.995594
vt 0.759488 0.982883
vt 0.759488 0.995594
vt 0.751104 0.982883
vt 0.751104 0.995594
vt 0.741545 0.982883
vt 0.741545 0.995594
vt 0.679549 0.982883
vt 0.679550 0.995594
vt 0.673065 0.982883
vt 0.673065 0.995594
vt 0.663787 0.982883
vt 0.663787 0.995594
vt 0.655079 0.982883
vt 0.655079 0.995594
vt 0.656987 0.982883
vt 0.656987 0.995594
vt 0.610077 0.982883
vt 0.610077 0.995594
vt 0.571731 0.982883
vt 0.571731 0.995594
vt 0.537599 0.982883
vt 0.537599 0.995594
vt 0.502397 0.982883
vt 0.502397 0.995594
vt 0.794668 0.982884
vt 0.794668 0.995594
vt 0.786488 0.982884
vt 0.786488 0.995594
vt 0.782206 0.982884
vt 0.782206 0.995594
vt 0.777054 0.982883
vt 0.777054 0.995594
vt 0.772574 0.982883
vt 0.772574 0.995594
vt 0.768884 0.982883
vt 0.768884 0.995594
vt 0.764825 0.982883
vt 0.764825 0.995594
vt 0.760131 0.982883
vt 0.760131 0.995594
vt 0.754922 0.982883
vt 0.754922 0.995594
vt 0.750615 0.982883
vt 0.750615 0.995594
vt 0.747495 0.982883
vt 0.747495 0.995594
vt 0.742083 0.982883
vt 0.742083 0.995594
vt 0.737169 0.982883
vt 0.737169 0.995594
vt 0.766257 0.995594
vt 0.757263 0.995594
vt 0.757263 0.982883
vt 0.766257 0.982883
vt 0.771551 0.995594
vt 0.771551 0.982883
vt 0.774909 0.995594
vt 0.774909 0.982883
vt 0.514221 0.982883
vt 0.514221 0.995594
vt 0.508177 0.982883
vt 0.508177 0.995594
vt 0.502644 0.982883
vt 0.502644 0.995594
vt 0.754809 0.995594
vt 0.754809 0.982883
vt 0.791738 0.982883
vt 0.791738 0.995594
vt 0.785936 0.982883
vt 0.785936 0.995594
vt 0.780226 0.982883
vt 0.780226 0.995594
vt 0.624203 0.982883
vt 0.624203 0.995594
vt 0.619256 0.982883
vt 0.619256 0.995594
vt 0.750028 0.982883
vt 0.750028 0.995594
vt 0.744843 0.982883
vt 0.744843 0.995594
vt 0.738788 0.982883
vt 0.738788 0.995594
vt 0.733585 0.982883
vt 0.733585 0.995594
vt 0.628892 0.995594
vt 0.628892 0.982883
vt 0.633715 0.995594
vt 0.633715 0.982883
vt 0.639247 0.995594
vt 0.639247 0.982883
vt 0.646835 0.995594
vt 0.646835 0.982883
vt 0.657794 0.995594
vt 0.657794 0.982883
vt 0.674223 0.995594
vt 0.674223 0.982883
vt 0.690407 0.995594
vt 0.690407 0.982883
vt 0.706732 0.995594
vt 0.706732 0.982883
vt 0.720046 0.995594
vt 0.720046 0.982883
vt 0.727777 0.995594
vt 0.727777 0.982883
s 0
usemtl Matériau.003
f 1997/1749/638 1996/1750/638 1995/1751/638
f 1996/1750/638 1998/1752/638 1995/1751/638
f 1995/1751/638 1998/1752/638 1999/1753/638
f 1998/1752/638 1996/1750/638 2000/1754/638
f 2001/1755/638 1995/1751/638 1999/1753/638
f 2001/1755/638 1999/1753/638 2002/1756/638
f 2003/1757/638 2001/1755/638 2002/1756/638
f 2003/1757/638 2002/1756/638 2004/1758/638
f 2005/1759/638 2003/1757/638 2004/1758/638
f 2006/1760/638 2005/1759/638 2004/1758/638
f 1996/1750/638 2007/1761/638 2000/1754/638
f 2007/1761/638 2008/1762/638 2000/1754/638
f 2008/1762/638 2007/1761/638 2009/1763/638
f 2009/1763/638 2007/1761/638 2010/1764/638
f 2007/1761/638 2011/1765/638 2010/1764/638
f 2010/1764/638 2011/1765/638 2012/1766/638
f 2011/1765/638 2013/1767/638 2012/1766/638
f 2012/1766/638 2013/1767/638 2014/1768/638
f 2013/1767/638 2015/1769/638 2014/1768/638
f 2014/1768/638 2015/1769/638 2016/1770/638
f 2015/1769/638 2017/1771/638 2016/1770/638
f 2017/1771/638 2018/1772/638 2016/1770/638
f 2018/1772/638 2017/1771/638 2019/1773/638
f 2017/1771/638 2020/1774/638 2019/1773/638
f 2020/1774/638 2021/1775/638 2019/1773/638
f 2021/1775/638 2020/1774/638 2022/1776/638
f 2023/1777/638 2021/1775/638 2022/1776/638
f 2022/1776/638 2024/1778/638 2023/1777/638
f 2024/1778/638 2025/1779/638 2023/1777/638
f 2024/1778/638 2026/1780/638 2025/1779/638
f 2026/1780/638 2027/1781/638 2025/1779/638
f 2026/1780/638 2028/1782/638 2027/1781/638
f 2028/1782/638 2029/1783/638 2027/1781/638
f 2028/1782/638 2030/1784/638 2029/1783/638
f 2030/1784/638 2031/1785/638 2029/1783/638
f 2031/1785/638 2030/1784/638 2032/1786/638
f 2020/1774/638 2033/1787/638 2022/1776/638
f 2034/1788/638 2033/1787/638 2020/1774/638
f 2034/1788/638 2020/1774/638 2035/1789/638
f 2036/1790/638 2034/1788/638 2035/1789/638
f 2036/1790/638 2035/1789/638 2037/1791/638
f 2038/1792/638 2036/1790/638 2037/1791/638
f 2038/1792/638 2037/1791/638 2039/1793/638
f 2040/1794/638 2039/1793/638 2037/1791/638
f 2041/1795/638 2038/1792/638 2039/1793/638
f 2042/1796/638 2038/1792/638 2041/1795/638
f 2043/1797/638 2041/1795/638 2039/1793/638
f 2044/1798/638 2043/1797/638 2039/1793/638
f 2043/1797/638 2044/1798/638 2045/1799/638
f 2044/1798/638 2046/1800/638 2045/1799/638
f 2046/1800/638 2047/1801/638 2045/1799/638
f 2047/1801/638 2048/1802/638 2045/1799/638
f 2047/1801/638 2049/1803/638 2048/1802/638
f 2049/1803/638 2050/1804/638 2048/1802/638
f 2049/1803/638 2051/1805/638 2050/1804/638
f 2052/1806/638 2042/1796/638 2041/1795/638
f 2053/1807/638 2052/1806/638 2041/1795/638
f 2054/1808/638 2042/1796/638 2052/1806/638
f 2055/1809/638 2050/1804/638 2051/1805/638
f 2050/1804/638 2055/1809/638 2056/1810/638
f 2056/1810/638 2055/1809/638 2057/1811/638
f 2057/1811/638 2055/1809/638 2058/1812/638
f 2058/1812/638 2055/1809/638 2059/1813/638
f 2055/1809/638 2060/1814/638 2059/1813/638
f 2060/1814/638 2061/1815/638 2059/1813/638
f 2062/1816/638 2055/1809/638 2051/1805/638
f 2063/1817/638 2061/1815/638 2060/1814/638
f 2064/1818/638 2062/1816/638 2051/1805/638
f 2065/1819/638 2062/1816/638 2064/1818/638
f 2062/1816/638 2065/1819/638 2066/1820/638
f 2067/1821/638 2063/1817/638 2060/1814/638
f 2068/1822/638 2062/1816/638 2066/1820/638
f 2069/1823/638 2068/1822/638 2066/1820/638
f 2070/1824/638 2068/1822/638 2069/1823/638
f 2071/1825/638 2068/1822/638 2070/1824/638
f 2072/1826/638 2068/1822/638 2071/1825/638
f 2073/1827/638 2067/1821/638 2060/1814/638
f 2074/1828/638 2068/1822/638 2072/1826/638
f 2075/1829/638 2073/1827/638 2060/1814/638
f 2076/1830/638 2075/1829/638 2060/1814/638
f 2077/1831/638 2076/1830/638 2060/1814/638
f 2078/1832/638 2077/1831/638 2060/1814/638
f 2079/1833/638 2068/1822/638 2074/1828/638
f 2080/1834/638 2068/1822/638 2079/1833/638
f 2081/1835/638 2068/1822/638 2080/1834/638
f 2082/1836/638 2068/1822/638 2081/1835/638
f 2083/1837/638 2068/1822/638 2082/1836/638
f 2084/1838/638 2068/1822/638 2083/1837/638
f 2087/1839/638 2086/1840/638 2085/1841/638
f 2086/1840/638 2088/1842/638 2085/1841/638
f 2088/1842/638 2089/1843/638 2085/1841/638
f 2089/1843/638 2088/1842/638 2090/1844/638
f 2089/1843/638 2091/1845/638 2085/1841/638
f 2092/1846/638 2089/1843/638 2090/1844/638
f 2092/1846/638 2090/1844/638 2093/1847/638
f 2094/1848/638 2092/1846/638 2093/1847/638
f 2085/1841/638 2091/1845/638 2095/1849/638
f 2091/1845/638 2096/1850/638 2095/1849/638
f 2095/1849/638 2096/1850/638 2097/1851/638
f 2096/1850/638 2098/1852/638 2097/1851/638
f 2098/1852/638 2099/1853/638 2097/1851/638
f 2099/1853/638 2100/1854/638 2097/1851/638
f 2100/1854/638 2099/1853/638 2101/1855/638
f 2099/1853/638 2102/1856/638 2101/1855/638
f 2102/1856/638 2103/1857/638 2101/1855/638
f 2103/1857/638 2104/1858/638 2101/1855/638
f 2104/1858/638 2103/1857/638 2105/1859/638
f 2103/1857/638 2106/1860/638 2105/1859/638
f 2105/1859/638 2106/1860/638 2107/1861/638
f 2106/1860/638 2108/1862/638 2107/1861/638
f 2108/1862/638 2109/1863/638 2107/1861/638
f 2107/1861/638 2109/1863/638 2110/1864/638
f 2109/1863/638 2111/1865/638 2110/1864/638
f 2110/1864/638 2111/1865/638 2033/1787/638
f 2111/1865/638 2112/1866/638 2033/1787/638
f 2112/1866/638 2113/1867/638 2033/1787/638
f 2033/1787/638 2113/1867/638 2022/1776/638
f 2113/1867/638 2114/1868/638 2022/1776/638
f 2113/1867/638 2115/1869/638 2114/1868/638
f 2114/1868/638 2115/1869/638 2116/1870/638
f 2115/1869/638 2117/1871/638 2116/1870/638
f 2117/1871/638 2118/1872/638 2116/1870/638
f 2118/1872/638 2119/1873/638 2116/1870/638
f 2118/1872/638 2030/1784/638 2119/1873/638
f 2120/1874/638 2030/1784/638 2118/1872/638
f 2032/1786/638 2030/1784/638 2120/1874/638
f 2121/1875/638 2032/1786/638 2120/1874/638
f 2122/1876/638 2032/1786/638 2121/1875/638
f 2032/1786/638 2122/1876/638 2123/1877/638
f 2124/1878/638 2032/1786/638 2123/1877/638
f 2125/1879/638 2124/1878/638 2123/1877/638
f 2124/1878/638 2125/1879/638 2126/1880/638
f 2127/1881/638 2124/1878/638 2126/1880/638
f 2127/1881/638 2126/1880/638 2128/1882/638
f 2129/1883/638 2127/1881/638 2128/1882/638
f 2128/1882/638 2130/1884/638 2129/1883/638
f 2131/1885/638 2127/1881/638 2129/1883/638
f 2130/1884/638 2132/1886/638 2129/1883/638
f 2133/1887/638 2131/1885/638 2129/1883/638
f 2132/1886/638 2134/1888/638 2129/1883/638
f 2135/1889/638 2133/1887/638 2129/1883/638
f 2134/1888/638 2136/1890/638 2129/1883/638
f 2137/1891/638 2135/1889/638 2129/1883/638
f 2136/1890/638 2138/1892/638 2129/1883/638
f 2139/1893/638 2137/1891/638 2129/1883/638
f 2138/1892/638 2140/1894/638 2129/1883/638
f 2141/1895/638 2139/1893/638 2129/1883/638
f 2140/1894/638 2142/1896/638 2129/1883/638
f 2143/1897/638 2141/1895/638 2129/1883/638
f 2144/1898/638 2143/1897/638 2129/1883/638
f 2145/1899/638 2144/1898/638 2129/1883/638
f 2142/1896/638 2146/1900/638 2129/1883/638
f 2147/1901/638 2145/1899/638 2129/1883/638
f 2129/1883/638 2146/1900/638 2148/1902/638
f 2147/1901/638 2129/1883/638 2148/1902/638
f 2149/1903/638 2148/1902/638 2146/1900/638
f 2147/1901/638 2148/1902/638 2150/1904/638
f 2151/1905/638 2148/1902/638 2149/1903/638
f 2150/1904/638 2148/1902/638 2152/1906/638
f 2153/1907/638 2148/1902/638 2151/1905/638
f 2153/1907/638 2151/1905/638 2154/1908/638
f 2155/1909/638 2153/1907/638 2154/1908/638
f 2156/1910/638 2155/1909/638 2154/1908/638
f 2155/1909/638 2156/1910/638 2157/1911/638
f 2158/1912/638 2155/1909/638 2157/1911/638
f 2159/1913/638 2158/1912/638 2157/1911/638
f 2158/1912/638 2159/1913/638 2160/1914/638
f 2161/1915/638 2158/1912/638 2160/1914/638
f 2162/1916/638 2148/1902/638 2153/1907/638
f 2152/1906/638 2148/1902/638 2163/1917/638
f 2163/1917/638 2148/1902/638 2162/1916/638
f 2164/1918/638 2163/1917/638 2162/1916/638
f 2165/1919/638 2164/1918/638 2162/1916/638
f 2166/1920/638 2164/1918/638 2165/1919/638
f 2167/1921/638 2166/1920/638 2165/1919/638
f 2168/1922/638 2166/1920/638 2167/1921/638
f 2169/1923/638 2168/1922/638 2167/1921/638
f 2170/1924/638 2168/1922/638 2169/1923/638
f 2171/1925/638 2170/1924/638 2169/1923/638
f 2172/1926/638 2170/1924/638 2171/1925/638
f 2173/1927/638 2172/1926/638 2171/1925/638
f 2174/1928/638 2172/1926/638 2173/1927/638
f 2175/1929/638 2174/1928/638 2173/1927/638
f 2176/1930/638 2174/1928/638 2175/1929/638
f 2177/1931/638 2176/1930/638 2175/1929/638
f 2152/1906/638 2163/1917/638 2178/1932/638
f 2179/1933/638 2152/1906/638 2178/1932/638
f 2180/1934/638 2179/1933/638 2178/1932/638
f 2181/1935/638 2180/1934/638 2178/1932/638
f 2180/1934/638 2181/1935/638 2182/1936/638
f 2183/1937/638 2180/1934/638 2182/1936/638
f 2184/1938/638 2183/1937/638 2182/1936/638
f 2187/1939/639 2186/1940/639 2185/1941/639
f 2186/1940/639 2188/1942/639 2185/1941/639
f 2188/1942/639 2189/1943/639 2185/1941/639
f 2190/1944/639 2188/1942/639 2186/1940/639
f 2191/1945/639 2190/1944/639 2186/1940/639
f 2192/1946/639 2190/1944/639 2191/1945/639
f 2193/1947/639 2192/1946/639 2191/1945/639
f 2194/1948/639 2192/1946/639 2193/1947/639
f 2195/1949/639 2194/1948/639 2193/1947/639
f 2196/1950/639 2194/1948/639 2195/1949/639
f 2185/1941/639 2189/1943/639 2197/1951/639
f 2189/1943/639 2198/1952/639 2197/1951/639
f 2198/1952/639 2199/1953/639 2197/1951/639
f 2199/1953/639 2200/1954/639 2197/1951/639
f 2200/1954/639 2201/1955/639 2197/1951/639
f 2200/1954/639 2202/1956/639 2201/1955/639
f 2202/1956/639 2203/1957/639 2201/1955/639
f 2202/1956/639 2204/1958/639 2203/1957/639
f 2204/1958/639 2205/1959/639 2203/1957/639
f 2204/1958/639 2206/1960/639 2205/1959/639
f 2205/1959/639 2206/1960/639 2207/1961/639
f 2206/1960/639 2208/1962/639 2207/1961/639
f 2208/1962/639 2209/1963/639 2207/1961/639
f 2207/1961/639 2209/1963/639 2210/1964/639
f 2209/1963/639 2211/1965/639 2210/1964/639
f 2212/1966/639 2210/1964/639 2211/1965/639
f 2213/1967/639 2212/1966/639 2211/1965/639
f 2212/1966/639 2213/1967/639 2214/1968/639
f 2213/1967/639 2215/1969/639 2214/1968/639
f 2214/1968/639 2215/1969/639 2216/1970/639
f 2215/1969/639 2217/1971/639 2216/1970/639
f 2216/1970/639 2217/1971/639 2218/1972/639
f 2217/1971/639 2219/1973/639 2218/1972/639
f 2218/1972/639 2219/1973/639 2220/1974/639
f 2219/1973/639 2221/1975/639 2220/1974/639
f 2221/1975/639 2222/1976/639 2220/1974/639
f 2210/1964/639 2212/1966/639 2223/1977/639
f 2224/1978/639 2210/1964/639 2223/1977/639
f 2225/1979/639 2210/1964/639 2224/1978/639
f 2226/1980/639 2225/1979/639 2224/1978/639
f 2227/1981/639 2225/1979/639 2226/1980/639
f 2228/1982/639 2227/1981/639 2226/1980/639
f 2229/1983/639 2227/1981/639 2228/1982/639
f 2230/1984/639 2227/1981/639 2229/1983/639
f 2231/1985/639 2229/1983/639 2228/1982/639
f 2232/1986/639 2231/1985/639 2228/1982/639
f 2229/1983/639 2231/1985/639 2233/1987/639
f 2234/1988/639 2229/1983/639 2233/1987/639
f 2233/1987/639 2235/1989/639 2234/1988/639
f 2235/1989/639 2236/1990/639 2234/1988/639
f 2236/1990/639 2235/1989/639 2237/1991/639
f 2235/1989/639 2238/1992/639 2237/1991/639
f 2237/1991/639 2238/1992/639 2239/1993/639
f 2238/1992/639 2240/1994/639 2239/1993/639
f 2239/1993/639 2240/1994/639 2241/1995/639
f 2231/1985/639 2232/1986/639 2242/1996/639
f 2243/1997/639 2231/1985/639 2242/1996/639
f 2244/1998/639 2242/1996/639 2232/1986/639
f 2241/1995/639 2240/1994/639 2245/1999/639
f 2240/1994/639 2246/2000/639 2245/1999/639
f 2246/2000/639 2247/2001/639 2245/1999/639
f 2247/2001/639 2248/2002/639 2245/1999/639
f 2248/2002/639 2249/2003/639 2245/1999/639
f 2245/1999/639 2249/2003/639 2250/2004/639
f 2249/2003/639 2251/2005/639 2250/2004/639
f 2252/2006/639 2241/1995/639 2245/1999/639
f 2253/2007/639 2250/2004/639 2251/2005/639
f 2254/2008/639 2241/1995/639 2252/2006/639
f 2255/2009/639 2254/2008/639 2252/2006/639
f 2256/2010/639 2255/2009/639 2252/2006/639
f 2257/2011/639 2250/2004/639 2253/2007/639
f 2258/2012/639 2256/2010/639 2252/2006/639
f 2259/2013/639 2256/2010/639 2258/2012/639
f 2260/2014/639 2259/2013/639 2258/2012/639
f 2261/2015/639 2260/2014/639 2258/2012/639
f 2262/2016/639 2261/2015/639 2258/2012/639
f 2263/2017/639 2250/2004/639 2257/2011/639
f 2264/2018/639 2262/2016/639 2258/2012/639
f 2265/2019/639 2250/2004/639 2263/2017/639
f 2266/2020/639 2250/2004/639 2265/2019/639
f 2267/2021/639 2250/2004/639 2266/2020/639
f 2268/2022/639 2250/2004/639 2267/2021/639
f 2269/2023/639 2264/2018/639 2258/2012/639
f 2270/2024/639 2269/2023/639 2258/2012/639
f 2271/2025/639 2270/2024/639 2258/2012/639
f 2272/2026/639 2271/2025/639 2258/2012/639
f 2273/2027/639 2272/2026/639 2258/2012/639
f 2274/2028/639 2273/2027/639 2258/2012/639
f 2277/2029/639 2276/2030/639 2275/2031/639
f 2276/2030/639 2278/2032/639 2275/2031/639
f 2278/2032/639 2276/2030/639 2279/2033/639
f 2280/2034/639 2278/2032/639 2279/2033/639
f 2276/2030/639 2281/2035/639 2279/2033/639
f 2282/2036/639 2280/2034/639 2279/2033/639
f 2283/2037/639 2280/2034/639 2282/2036/639
f 2284/2038/639 2283/2037/639 2282/2036/639
f 2276/2030/639 2285/2039/639 2281/2035/639
f 2285/2039/639 2286/2040/639 2281/2035/639
f 2285/2039/639 2287/2041/639 2286/2040/639
f 2287/2041/639 2288/2042/639 2286/2040/639
f 2288/2042/639 2287/2041/639 2289/2043/639
f 2287/2041/639 2290/2044/639 2289/2043/639
f 2290/2044/639 2291/2045/639 2289/2043/639
f 2291/2045/639 2292/2046/639 2289/2043/639
f 2292/2046/639 2291/2045/639 2293/2047/639
f 2291/2045/639 2294/2048/639 2293/2047/639
f 2294/2048/639 2295/2049/639 2293/2047/639
f 2295/2049/639 2296/2050/639 2293/2047/639
f 2295/2049/639 2297/2051/639 2296/2050/639
f 2297/2051/639 2298/2052/639 2296/2050/639
f 2298/2052/639 2297/2051/639 2299/2053/639
f 2297/2051/639 2300/2054/639 2299/2053/639
f 2300/2054/639 2301/2055/639 2299/2053/639
f 2300/2054/639 2223/1977/639 2301/2055/639
f 2223/1977/639 2302/2056/639 2301/2055/639
f 2302/2056/639 2223/1977/639 2303/2057/639
f 2223/1977/639 2212/1966/639 2303/2057/639
f 2212/1966/639 2304/2058/639 2303/2057/639
f 2303/2057/639 2304/2058/639 2305/2059/639
f 2304/2058/639 2306/2060/639 2305/2059/639
f 2306/2060/639 2307/2061/639 2305/2059/639
f 2307/2061/639 2306/2060/639 2308/2062/639
f 2306/2060/639 2309/2063/639 2308/2062/639
f 2308/2062/639 2309/2063/639 2220/1974/639
f 2310/2064/639 2308/2062/639 2220/1974/639
f 2222/1976/639 2310/2064/639 2220/1974/639
f 2311/2065/639 2310/2064/639 2222/1976/639
f 2312/2066/639 2311/2065/639 2222/1976/639
f 2313/2067/639 2312/2066/639 2222/1976/639
f 2314/2068/639 2313/2067/639 2222/1976/639
f 2315/2069/639 2313/2067/639 2314/2068/639
f 2316/2070/639 2315/2069/639 2314/2068/639
f 2317/2071/639 2316/2070/639 2314/2068/639
f 2318/2072/639 2316/2070/639 2317/2071/639
f 2319/2073/639 2318/2072/639 2317/2071/639
f 2320/2074/639 2319/2073/639 2317/2071/639
f 2318/2072/639 2319/2073/639 2321/2075/639
f 2322/2076/639 2319/2073/639 2320/2074/639
f 2321/2075/639 2319/2073/639 2323/2077/639
f 2324/2078/639 2319/2073/639 2322/2076/639
f 2323/2077/639 2319/2073/639 2325/2079/639
f 2326/2080/639 2319/2073/639 2324/2078/639
f 2325/2079/639 2319/2073/639 2327/2081/639
f 2328/2082/639 2319/2073/639 2326/2080/639
f 2327/2081/639 2319/2073/639 2329/2083/639
f 2330/2084/639 2319/2073/639 2328/2082/639
f 2329/2083/639 2319/2073/639 2331/2085/639
f 2332/2086/639 2319/2073/639 2330/2084/639
f 2331/2085/639 2319/2073/639 2333/2087/639
f 2334/2088/639 2319/2073/639 2332/2086/639
f 2335/2089/639 2319/2073/639 2334/2088/639
f 2333/2087/639 2319/2073/639 2336/2090/639
f 2337/2091/639 2319/2073/639 2335/2089/639
f 2338/2092/639 2336/2090/639 2319/2073/639
f 2337/2091/639 2338/2092/639 2319/2073/639
f 2339/2093/639 2336/2090/639 2338/2092/639
f 2337/2091/639 2340/2094/639 2338/2092/639
f 2341/2095/639 2339/2093/639 2338/2092/639
f 2340/2094/639 2342/2096/639 2338/2092/639
f 2343/2097/639 2341/2095/639 2338/2092/639
f 2344/2098/639 2341/2095/639 2343/2097/639
f 2345/2099/639 2344/2098/639 2343/2097/639
f 2346/2100/639 2344/2098/639 2345/2099/639
f 2347/2101/639 2346/2100/639 2345/2099/639
f 2348/2102/639 2347/2101/639 2345/2099/639
f 2349/2103/639 2347/2101/639 2348/2102/639
f 2350/2104/639 2349/2103/639 2348/2102/639
f 2351/2105/639 2350/2104/639 2348/2102/639
f 2352/2106/639 2343/2097/639 2338/2092/639
f 2342/2096/639 2353/2107/639 2338/2092/639
f 2353/2107/639 2352/2106/639 2338/2092/639
f 2352/2106/639 2353/2107/639 2354/2108/639
f 2355/2109/639 2352/2106/639 2354/2108/639
f 2355/2109/639 2354/2108/639 2356/2110/639
f 2357/2111/639 2355/2109/639 2356/2110/639
f 2357/2111/639 2356/2110/639 2358/2112/639
f 2359/2113/639 2357/2111/639 2358/2112/639
f 2359/2113/639 2358/2112/639 2360/2114/639
f 2361/2115/639 2359/2113/639 2360/2114/639
f 2361/2115/639 2360/2114/639 2362/2116/639
f 2363/2117/639 2361/2115/639 2362/2116/639
f 2363/2117/639 2362/2116/639 2364/2118/639
f 2365/2119/639 2363/2117/639 2364/2118/639
f 2365/2119/639 2364/2118/639 2366/2120/639
f 2367/2121/639 2365/2119/639 2366/2120/639
f 2368/2122/639 2353/2107/639 2342/2096/639
f 2369/2123/639 2368/2122/639 2342/2096/639
f 2368/2122/639 2369/2123/639 2370/2124/639
f 2371/2125/639 2368/2122/639 2370/2124/639
f 2372/2126/639 2371/2125/639 2370/2124/639
f 2373/2127/639 2372/2126/639 2370/2124/639
f 2374/2128/639 2372/2126/639 2373/2127/639
f 2377/2129/640 2376/2130/641 2375/2131/641
f 2378/2132/640 2377/2129/640 2375/2131/641
f 2379/2133/642 2377/2129/643 2378/2132/643
f 2380/2134/642 2379/2133/642 2378/2132/644
f 2381/2135/645 2379/2133/642 2380/2134/642
f 2382/2136/645 2381/2135/645 2380/2134/642
f 2383/2137/646 2381/2135/645 2382/2136/645
f 2384/2138/646 2383/2137/646 2382/2136/645
f 2385/2139/647 2383/2137/646 2384/2138/646
f 2386/2140/647 2385/2139/647 2384/2138/646
f 2387/2141/648 2385/2139/647 2386/2140/647
f 2388/2142/648 2387/2141/648 2386/2140/647
f 2389/2143/649 2387/2141/648 2388/2142/648
f 2390/2144/649 2389/2143/649 2388/2142/648
f 2393/2145/650 2392/2146/650 2391/2147/651
f 2392/2146/650 2394/2148/651 2391/2147/651
f 2391/2147/652 2394/2148/652 2395/2149/653
f 2394/2148/652 2396/2150/654 2395/2149/654
f 2399/2151/655 2398/2146/656 2397/2145/656
f 2400/2152/657 2399/2151/655 2397/2145/656
f 2401/2153/658 2399/2151/657 2400/2152/659
f 2402/2154/658 2401/2153/658 2400/2152/657
f 2403/2155/660 2401/2153/658 2402/2154/658
f 2404/2156/661 2403/2155/662 2402/2154/658
f 2405/2157/663 2403/2155/660 2404/2156/661
f 2406/2158/663 2405/2157/663 2404/2156/660
f 2409/2150/664 2408/2159/665 2407/2160/666
f 2410/2149/667 2409/2150/667 2407/2160/666
f 2413/2161/668 2412/2162/668 2411/2163/669
f 2412/2162/668 2414/2164/670 2411/2163/670
f 2411/2163/670 2414/2164/670 2415/2165/671
f 2414/2164/672 2416/2166/671 2415/2165/671
f 2415/2165/671 2416/2166/671 2417/2167/673
f 2416/2166/671 2418/2168/673 2417/2167/673
f 2417/2167/673 2418/2168/673 2419/2169/674
f 2418/2168/675 2420/2170/674 2419/2169/674
f 2419/2169/676 2420/2170/674 2421/2171/677
f 2420/2170/678 2422/2172/679 2421/2171/679
f 2421/2171/679 2422/2172/679 2423/2173/680
f 2422/2172/677 2424/2174/680 2423/2173/680
f 2423/2173/680 2424/2174/680 2425/2175/681
f 2424/2174/680 2426/2176/682 2425/2175/681
f 2429/2177/683 2428/2178/683 2427/2179/684
f 2428/2178/683 2430/2180/684 2427/2179/684
f 2427/2179/684 2430/2180/684 2431/2161/685
f 2430/2180/684 2432/2162/685 2431/2161/685
f 2435/2181/686 2434/2182/687 2433/2183/687
f 2436/2184/686 2435/2181/686 2433/2183/687
f 2437/2185/688 2435/2181/686 2436/2184/686
f 2438/2186/688 2437/2185/688 2436/2184/686
f 2439/2187/689 2437/2185/688 2438/2186/688
f 2440/2188/689 2439/2187/689 2438/2186/688
f 2441/2189/690 2439/2187/691 2440/2188/691
f 2442/2190/690 2441/2189/690 2440/2188/691
f 2443/2191/692 2441/2189/690 2442/2190/690
f 2444/2192/692 2443/2191/692 2442/2190/690
f 2445/2193/693 2443/2191/692 2444/2192/692
f 2446/2194/693 2445/2193/693 2444/2192/692
f 2447/2195/694 2445/2193/695 2446/2194/695
f 2448/2196/694 2447/2195/694 2446/2194/695
f 2449/2197/696 2447/2195/694 2448/2196/694
f 2450/2198/696 2449/2197/696 2448/2196/694
f 2451/2199/697 2449/2197/696 2450/2198/696
f 2452/2200/697 2451/2199/697 2450/2198/696
f 2453/2201/698 2451/2199/697 2452/2200/697
f 2454/2202/698 2453/2201/698 2452/2200/697
f 2455/2203/699 2453/2201/698 2454/2202/698
f 2456/2204/699 2455/2203/699 2454/2202/698
f 2457/2205/700 2455/2203/699 2456/2204/699
f 2458/2206/700 2457/2205/700 2456/2204/699
f 2459/2207/701 2457/2205/700 2458/2206/700
f 2460/2208/701 2459/2207/701 2458/2206/700
f 2461/2209/702 2459/2207/701 2460/2208/701
f 2462/2210/702 2461/2209/702 2460/2208/701
f 2463/2211/703 2461/2209/702 2462/2210/702
f 2464/2212/703 2463/2211/703 2462/2210/704
f 2465/2213/705 2463/2211/703 2464/2212/703
f 2466/2214/705 2465/2213/705 2464/2212/703
f 2469/2215/706 2468/2216/706 2467/2217/707
f 2468/2216/706 2470/2218/707 2467/2217/707
f 2467/2217/708 2470/2218/708 2471/2219/709
f 2470/2218/708 2472/2220/709 2471/2219/709
f 2471/2219/709 2472/2220/709 2473/2221/710
f 2472/2220/709 2474/2222/710 2473/2221/710
f 2473/2221/710 2474/2222/710 2475/2223/711
f 2474/2222/710 2476/2224/711 2475/2223/711
f 2475/2223/711 2476/2224/711 2477/2225/712
f 2476/2224/711 2478/2226/712 2477/2225/712
f 2481/2227/713 2480/2228/714 2479/2229/714
f 2482/2230/713 2481/2227/713 2479/2229/714
f 2483/2231/715 2481/2227/713 2482/2230/713
f 2484/2232/715 2483/2231/715 2482/2230/713
f 2485/2233/716 2483/2231/715 2484/2232/715
f 2486/2234/716 2485/2233/716 2484/2232/715
f 2487/2235/717 2485/2233/716 2486/2234/716
f 2488/2236/717 2487/2235/717 2486/2234/716
f 2489/2237/718 2487/2235/719 2488/2236/719
f 2490/2238/720 2489/2237/720 2488/2236/719
f 2491/2239/721 2489/2237/720 2490/2238/720
f 2492/2240/721 2491/2239/721 2490/2238/722
f 2493/2241/723 2491/2239/721 2492/2240/721
f 2494/2242/723 2493/2241/723 2492/2240/721
f 2495/2243/724 2493/2241/723 2494/2242/723
f 2496/2244/724 2495/2243/724 2494/2242/723
f 2497/2245/725 2495/2243/724 2496/2244/724
f 2498/2246/725 2497/2245/725 2496/2244/724
f 2499/2247/726 2497/2245/725 2498/2246/725
f 2500/2248/726 2499/2247/726 2498/2246/725
f 2501/2249/727 2499/2247/726 2500/2248/726
f 2502/2250/727 2501/2249/727 2500/2248/726
f 2505/2251/728 2504/2252/728 2503/2253/729
f 2504/2252/730 2506/2254/729 2503/2253/729
f 2503/2253/729 2506/2254/729 2507/2255/731
f 2506/2254/729 2508/2256/731 2507/2255/731
f 2507/2255/731 2508/2256/731 2509/2257/732
f 2508/2256/731 2510/2258/732 2509/2257/732
f 2513/2228/733 2512/2259/733 2511/2260/733
f 2514/2229/734 2513/2228/734 2511/2260/734
f 2517/2260/735 2516/2259/735 2515/2261/736
f 2516/2259/737 2518/2262/736 2515/2261/736
f 2515/2261/736 2518/2262/736 2519/2263/738
f 2518/2262/736 2520/2264/739 2519/2263/739
f 2523/2265/740 2522/2266/741 2521/2267/741
f 2524/2268/740 2523/2265/740 2521/2267/742
f 2525/2269/743 2523/2265/740 2524/2268/740
f 2526/2270/743 2525/2269/743 2524/2268/740
f 2527/2271/744 2525/2269/743 2526/2270/743
f 2528/2272/744 2527/2271/744 2526/2270/743
f 2529/2273/745 2527/2271/744 2528/2272/744
f 2530/2274/745 2529/2273/745 2528/2272/746
f 2531/2275/747 2529/2273/745 2530/2274/745
f 2532/2276/747 2531/2275/747 2530/2274/745
f 2533/2277/748 2531/2275/747 2532/2276/747
f 2534/2278/748 2533/2277/748 2532/2276/747
f 2535/2279/749 2533/2277/748 2534/2278/748
f 2536/2280/749 2535/2279/749 2534/2278/748
f 2537/2281/750 2535/2279/749 2536/2280/749
f 2538/2282/750 2537/2281/750 2536/2280/749
f 2539/2283/751 2537/2281/752 2538/2282/752
f 2540/2284/751 2539/2283/751 2538/2282/752
f 2541/2285/753 2539/2283/751 2540/2284/751
f 2542/2286/753 2541/2285/753 2540/2284/751
f 2543/2287/754 2541/2285/755 2542/2286/755
f 2544/2288/756 2543/2287/756 2542/2286/755
f 2545/2289/757 2543/2287/756 2544/2288/756
f 2546/2290/758 2545/2289/758 2544/2288/759
f 2547/2291/760 2545/2289/757 2546/2290/757
f 2548/2292/760 2547/2291/760 2546/2290/757
f 2551/2267/741 2550/2266/741 2549/2293/761
f 2550/2266/762 2552/2294/763 2549/2293/764
f 2549/2293/765 2552/2294/763 2553/2295/766
f 2552/2294/767 2554/2296/768 2553/2295/769
f 2553/2295/768 2554/2296/768 2555/2297/770
f 2554/2296/769 2556/2298/770 2555/2297/771
f 2555/2297/770 2556/2298/770 2557/2299/772
f 2556/2298/771 2558/2300/773 2557/2299/773
f 2557/2299/773 2558/2300/773 2559/2301/774
f 2558/2300/775 2560/2302/774 2559/2301/774
f 2559/2301/774 2560/2302/774 2561/2303/776
f 2560/2302/774 2562/2304/776 2561/2303/776
f 2561/2303/776 2562/2304/776 2563/2305/777
f 2562/2304/778 2564/2306/777 2563/2305/777
f 2563/2305/777 2564/2306/777 2565/2307/779
f 2564/2306/777 2566/2308/779 2565/2307/779
f 2565/2307/780 2566/2308/780 2567/2309/781
f 2566/2308/780 2568/2310/781 2567/2309/781
f 2567/2309/782 2568/2310/782 2569/2311/783
f 2568/2310/782 2570/2312/783 2569/2311/783
f 2569/2311/783 2570/2312/783 2571/2313/784
f 2570/2312/783 2572/2314/784 2571/2313/784
f 2571/2313/784 2572/2314/784 2573/2315/785
f 2572/2314/784 2574/2316/785 2573/2315/785
f 2573/2315/785 2574/2316/785 2575/2317/786
f 2574/2316/785 2576/2318/786 2575/2317/786
f 2575/2317/786 2576/2318/786 2577/2319/787
f 2576/2318/786 2578/2320/787 2577/2319/787
f 2577/2319/787 2578/2320/787 2579/2321/788
f 2578/2320/787 2580/2322/788 2579/2321/788
f 2579/2321/789 2580/2322/789 2581/2323/790
f 2580/2322/789 2582/2324/790 2581/2323/790
f 2581/2323/790 2582/2324/790 2583/2325/791
f 2582/2324/790 2584/2326/791 2583/2325/791
f 2583/2325/791 2584/2326/791 2585/2327/792
f 2584/2326/791 2586/2328/792 2585/2327/792
f 2585/2327/793 2586/2328/793 2587/2329/794
f 2586/2328/793 2588/2330/794 2587/2329/794
f 2587/2329/794 2588/2330/794 2589/2331/795
f 2588/2330/794 2590/2332/795 2589/2331/795
f 2589/2331/795 2590/2332/795 2591/2333/796
f 2590/2332/795 2592/2334/797 2591/2333/797
f 2595/2175/681 2594/2176/682 2593/2335/798
f 2594/2176/799 2596/2336/800 2593/2335/801
f 2593/2335/801 2596/2336/802 2597/2337/803
f 2596/2336/804 2598/2338/805 2597/2337/805
f 2597/2337/805 2598/2338/805 2599/2339/806
f 2598/2338/805 2600/2340/806 2599/2339/806
f 2599/2339/806 2600/2340/806 2601/2341/807
f 2600/2340/806 2602/2342/807 2601/2341/807
f 2601/2341/807 2602/2342/807 2603/2343/808
f 2602/2342/807 2604/2344/808 2603/2343/808
f 2603/2343/808 2604/2344/808 2605/2345/809
f 2604/2344/808 2606/2346/809 2605/2345/809
f 2605/2345/809 2606/2346/809 2607/2347/810
f 2606/2346/809 2608/2348/810 2607/2347/810
f 2607/2347/810 2608/2348/810 2609/2349/811
f 2608/2348/810 2610/2350/811 2609/2349/811
f 2613/2351/812 2612/2252/813 2611/2251/813
f 2614/2352/814 2613/2351/812 2611/2251/815
f 2615/2353/816 2613/2351/812 2614/2352/812
f 2616/2354/816 2615/2353/816 2614/2352/814
f 2617/2355/817 2615/2353/816 2616/2354/816
f 2618/2356/817 2617/2355/817 2616/2354/816
f 2619/2357/818 2617/2355/819 2618/2356/819
f 2620/2358/818 2619/2357/818 2618/2356/819
f 2621/2359/820 2619/2357/818 2620/2358/818
f 2622/2360/820 2621/2359/820 2620/2358/818
f 2623/2361/821 2621/2359/820 2622/2360/820
f 2624/2362/821 2623/2361/821 2622/2360/820
f 2625/2363/822 2623/2361/823 2624/2362/823
f 2626/2364/822 2625/2363/822 2624/2362/823
f 2627/2365/824 2625/2363/822 2626/2364/822
f 2628/2366/824 2627/2365/824 2626/2364/822
f 2631/2349/825 2630/2350/825 2629/2367/826
f 2630/2350/827 2632/2368/826 2629/2367/826
f 2629/2367/826 2632/2368/826 2633/2369/828
f 2632/2368/826 2634/2370/829 2633/2369/829
f 2633/2369/829 2634/2370/829 2635/2371/830
f 2634/2370/829 2636/2372/830 2635/2371/830
f 2635/2371/830 2636/2372/830 2637/2373/831
f 2636/2372/830 2638/2374/831 2637/2373/831
f 2637/2373/831 2638/2374/831 2639/2375/832
f 2638/2374/831 2640/2376/832 2639/2375/832
f 2639/2375/832 2640/2376/832 2641/2377/833
f 2640/2376/832 2642/2378/833 2641/2377/833
f 2641/2377/833 2642/2378/833 2643/2379/834
f 2642/2378/833 2644/2380/834 2643/2379/834
f 2643/2379/834 2644/2380/834 2645/2381/835
f 2644/2380/834 2646/2382/835 2645/2381/835
f 2649/2383/836 2648/2365/837 2647/2366/837
f 2650/2384/836 2649/2383/836 2647/2366/837
f 2651/2385/838 2649/2383/836 2650/2384/836
f 2652/2386/838 2651/2385/838 2650/2384/836
f 2653/2382/835 2651/2385/838 2652/2386/838
f 2654/2381/835 2653/2382/835 2652/2386/838
f 2657/2387/839 2656/2157/840 2655/2158/840
f 2658/2388/666 2657/2387/665 2655/2158/841
f 2661/2258/842 2660/2216/842 2659/2215/842
f 2662/2257/842 2661/2258/842 2659/2215/842
f 2665/2389/843 2664/2390/843 2663/2391/844
f 2664/2390/843 2666/2392/844 2663/2391/844
f 2663/2391/844 2666/2392/844 2667/2393/845
f 2666/2392/844 2668/2394/845 2667/2393/845
f 2667/2393/846 2668/2394/846 2669/2395/847
f 2668/2394/846 2670/2396/847 2669/2395/847
f 2669/2395/847 2670/2396/847 2671/2397/848
f 2670/2396/847 2672/2398/848 2671/2397/848
f 2671/2397/848 2672/2398/848 2673/2399/849
f 2672/2398/848 2674/2400/849 2673/2399/849
f 2673/2399/849 2674/2400/849 2675/2401/850
f 2674/2400/851 2676/2402/850 2675/2401/850
f 2675/2401/852 2676/2402/852 2677/2403/853
f 2676/2402/850 2678/2404/853 2677/2403/853
f 2681/2405/854 2680/2406/854 2679/2407/855
f 2680/2406/854 2682/2408/855 2679/2407/855
f 2679/2407/855 2682/2408/855 2683/2409/856
f 2682/2408/855 2684/2410/856 2683/2409/856
f 2683/2409/856 2684/2410/856 2685/2411/857
f 2684/2410/856 2686/2412/857 2685/2411/857
f 2685/2411/858 2686/2412/858 2687/2413/859
f 2686/2412/858 2688/2414/859 2687/2413/859
f 2687/2413/860 2688/2414/860 2689/2415/861
f 2688/2414/860 2690/2416/861 2689/2415/861
f 2689/2415/861 2690/2416/861 2691/2417/862
f 2690/2416/861 2692/2418/862 2691/2417/862
f 2691/2417/862 2692/2418/862 2693/2389/863
f 2692/2418/862 2694/2390/863 2693/2389/863
f 2697/2131/864 2696/2130/864 2695/2419/865
f 2696/2130/864 2698/2420/866 2695/2419/866
f 2695/2419/866 2698/2420/866 2699/2421/867
f 2698/2420/866 2700/2422/867 2699/2421/867
f 2699/2421/867 2700/2422/867 2701/2423/868
f 2700/2422/869 2702/2424/868 2701/2423/868
f 2701/2423/870 2702/2424/870 2703/2425/871
f 2702/2424/870 2704/2426/871 2703/2425/871
f 2703/2425/871 2704/2426/871 2705/2250/872
f 2704/2426/871 2706/2249/872 2705/2250/872
f 2709/2403/873 2708/2404/873 2707/2427/873
f 2708/2404/873 2710/2428/873 2707/2427/873
f 2707/2427/873 2710/2428/873 2711/2429/873
f 2710/2428/873 2712/2430/873 2711/2429/873
f 2711/2429/873 2712/2430/873 2713/2431/873
f 2712/2430/873 2714/2432/873 2713/2431/873
f 2713/2431/873 2714/2432/873 2715/2433/873
f 2714/2432/873 2716/2434/873 2715/2433/873
f 2715/2433/873 2716/2434/873 2717/2435/873
f 2716/2434/873 2718/2436/873 2717/2435/873
f 2721/2437/874 2720/2438/874 2719/2439/875
f 2720/2438/874 2722/2440/875 2719/2439/875
f 2719/2439/876 2722/2440/876 2723/2441/877
f 2722/2440/878 2724/2442/877 2723/2441/877
f 2723/2441/877 2724/2442/877 2725/2443/879
f 2724/2442/877 2726/2444/879 2725/2443/879
f 2729/2443/880 2728/2444/880 2727/2445/881
f 2728/2444/880 2730/2446/881 2727/2445/881
f 2727/2445/882 2730/2446/882 2731/2447/883
f 2730/2446/881 2732/2448/883 2731/2447/883
f 2735/2447/884 2734/2448/884 2733/2449/885
f 2734/2448/884 2736/2450/885 2733/2449/885
f 2733/2449/885 2736/2450/885 2737/2451/886
f 2736/2450/887 2738/2452/888 2737/2451/888
f 2737/2451/888 2738/2452/888 2739/2453/889
f 2738/2452/888 2740/2454/890 2739/2453/890
f 2739/2453/890 2740/2454/890 2741/2455/891
f 2740/2454/890 2742/2456/891 2741/2455/891
f 2741/2455/891 2742/2456/891 2743/2457/892
f 2742/2456/891 2744/2458/892 2743/2457/892
f 2747/2457/893 2746/2458/893 2745/2459/894
f 2746/2458/893 2748/2460/894 2745/2459/894
f 2745/2459/894 2748/2460/894 2749/2461/895
f 2748/2460/896 2750/2462/895 2749/2461/895
f 2749/2461/895 2750/2462/895 2751/2292/760
f 2750/2462/895 2752/2291/897 2751/2292/897
f 2755/2463/898 2754/2464/899 2753/2465/899
f 2756/2466/898 2755/2463/898 2753/2465/899
f 2757/2467/900 2755/2463/898 2756/2466/898
f 2758/2468/900 2757/2467/900 2756/2466/898
f 2759/2469/901 2757/2467/900 2758/2468/900
f 2760/2470/901 2759/2469/901 2758/2468/900
f 2763/2333/902 2762/2334/902 2761/2471/903
f 2762/2334/902 2764/2472/903 2761/2471/903
f 2761/2471/903 2764/2472/903 2765/2473/904
f 2764/2472/903 2766/2474/904 2765/2473/904
f 2765/2473/904 2766/2474/904 2767/2475/905
f 2766/2474/904 2768/2476/905 2767/2475/905
f 2771/2464/906 2770/2477/906 2769/2478/906
f 2772/2465/906 2771/2464/906 2769/2478/906
f 2775/2479/905 2774/2480/905 2773/2481/907
f 2774/2480/905 2776/2482/907 2773/2481/907
f 2773/2481/907 2776/2482/907 2777/2483/908
f 2776/2482/907 2778/2484/908 2777/2483/908
f 2777/2483/909 2778/2484/909 2779/2470/910
f 2778/2484/909 2780/2469/910 2779/2470/910
f 2783/2485/911 2782/2486/911 2781/2487/912
f 2782/2486/911 2784/2488/912 2781/2487/912
f 2781/2487/912 2784/2488/912 2785/2214/705
f 2784/2488/912 2786/2213/705 2785/2214/705
f 2789/2478/913 2788/2477/913 2787/2489/914
f 2788/2477/913 2790/2490/914 2787/2489/914
f 2787/2489/914 2790/2490/914 2791/2491/915
f 2790/2490/916 2792/2492/915 2791/2491/915
f 2791/2491/917 2792/2492/917 2793/2493/918
f 2792/2492/917 2794/2494/918 2793/2493/918
f 2793/2493/918 2794/2494/918 2795/2495/919
f 2794/2494/918 2796/2496/919 2795/2495/919
f 2799/2497/920 2798/2486/921 2797/2485/921
f 2800/2498/920 2799/2497/920 2797/2485/921
f 2801/2499/922 2799/2497/920 2800/2498/920
f 2802/2500/922 2801/2499/922 2800/2498/920
f 2803/2501/923 2801/2499/922 2802/2500/922
f 2804/2502/924 2803/2501/924 2802/2500/922
f 2805/2503/925 2803/2501/924 2804/2502/924
f 2806/2504/925 2805/2503/925 2804/2502/923
f 2807/2505/926 2805/2503/925 2806/2504/925
f 2808/2506/926 2807/2505/926 2806/2504/925
f 2809/2507/927 2807/2505/926 2808/2506/926
f 2810/2508/927 2809/2507/927 2808/2506/926
f 2811/2509/928 2809/2507/929 2810/2508/929
f 2812/2510/928 2811/2509/928 2810/2508/929
f 2813/2511/930 2811/2509/928 2812/2510/928
f 2814/2512/930 2813/2511/930 2812/2510/928
f 2815/2513/931 2813/2511/932 2814/2512/932
f 2816/2514/931 2815/2513/931 2814/2512/932
f 2817/2515/933 2815/2513/931 2816/2514/931
f 2818/2516/933 2817/2515/933 2816/2514/931
f 2819/2496/934 2817/2515/933 2818/2516/933
f 2820/2495/934 2819/2496/934 2818/2516/933
o Mesh_Cutout_Boris
v 4.409884 0.231932 0.126999
v 4.520185 0.301436 0.126999
v 4.466797 0.249560 0.126999
v 4.280949 0.198187 0.126999
v 4.519177 0.365904 0.126999
v 4.174173 0.182574 0.126999
v 4.515652 0.392094 0.126999
v 4.102042 0.183581 0.126999
v 4.102042 0.995824 0.126999
v 4.531769 0.402670 0.126999
v 3.504070 0.414817 0.126999
v 4.021041 0.167081 0.126999
v 4.011975 0.135855 0.126999
v 3.964633 0.086497 0.126999
v 3.899661 0.059803 0.126999
v 3.821092 0.034117 0.126999
v 3.709280 0.011956 0.126999
v 3.507314 -0.004664 0.126999
v 3.383922 -0.005168 0.126999
v 3.258008 0.012963 0.126999
v 3.163321 0.043183 0.126999
v 3.076189 0.094052 0.126999
v 3.029349 0.143410 0.126999
v 3.019768 0.243636 0.126999
v 3.031855 0.379622 0.126999
v 3.062080 0.503521 0.126999
v 3.096328 0.583601 0.126999
v 3.162816 0.668717 0.126999
v 3.219729 0.725127 0.126999
v 3.306862 0.788083 0.126999
v 3.368817 0.824344 0.126999
v 3.423212 0.841469 0.126999
v 3.402732 0.972244 0.126999
v 3.397154 1.150251 0.126999
v 3.402057 1.324012 0.126999
v 3.405330 1.381428 0.126999
v 3.431899 1.594977 0.126999
v 4.102042 1.844344 0.126999
v 3.468331 1.829499 0.126999
v 3.484714 1.907493 0.126999
v 4.102042 2.961333 0.126999
v 3.459725 1.897920 0.126999
v 3.385114 1.896496 0.126999
v 3.314422 1.932016 0.126999
v 3.245421 1.986914 0.126999
v 3.229304 1.987418 0.126999
v 3.150734 2.037783 0.126999
v 3.077703 2.109806 0.126999
v 3.027339 2.194923 0.126999
v 2.991073 2.294647 0.126999
v 2.976971 2.443224 0.126999
v 2.971431 2.653248 0.126999
v 2.972465 2.725766 0.126999
v 2.987550 2.796285 0.126999
v 3.014604 2.885566 0.126999
v 3.052313 2.961333 0.126999
v 3.705164 3.225206 0.127000
v 3.784105 3.923552 0.127000
v 3.024262 3.007483 0.126999
v 3.014945 3.058856 0.126999
v 3.648023 3.285279 0.127000
v 3.017212 3.124330 0.126999
v 3.037108 3.166134 0.126999
v 3.074881 3.210455 0.126999
v 3.128269 3.258050 0.126999
v 3.606265 3.309088 0.127000
v 3.168058 3.282729 0.126999
v 3.169803 3.443488 0.126999
v 3.591971 3.469751 0.127000
v 3.171313 3.559329 0.126999
v 3.595080 3.570246 0.127000
v 3.602331 3.693534 0.127000
v 3.191461 3.772878 0.127000
v 3.615240 3.871398 0.127000
v 3.232762 4.063990 0.126999
v 3.637952 4.007659 0.127000
v 3.267515 4.244298 0.126999
v 3.672482 4.196365 0.127000
v 3.706152 4.323279 0.127000
v 3.346090 4.516270 0.126999
v 3.736715 4.426364 0.127000
v 3.412069 4.718235 0.127000
v 3.783335 4.568301 0.127000
v 3.819596 4.671387 0.127000
v 3.479558 4.855733 0.127000
v 3.882794 4.820576 0.127000
v 3.600946 5.088420 0.127000
v 3.698152 5.259662 0.126999
v 3.847738 5.457095 0.126999
v 4.102042 4.818617 0.127000
v 3.861555 4.608706 0.127000
v 3.999846 5.605168 0.126999
v 3.829180 4.299325 0.127000
v 4.102042 5.686760 0.127000
v 4.912068 4.811382 0.127000
v 4.912068 5.738619 0.127000
v 4.154220 5.727198 0.127000
v 4.864471 5.770746 0.127000
v 4.208867 5.761950 0.127000
v 4.808167 5.824282 0.127000
v 4.266283 5.816849 0.127000
v 4.761866 5.874811 0.127000
v 4.320928 5.872502 0.127000
v 4.744333 5.905271 0.127000
v 4.339814 5.909773 0.127000
v 4.743871 5.986265 0.127000
v 4.342333 5.991616 0.127000
v 5.039842 5.638758 0.127000
v 4.938311 5.720906 0.127000
v 5.169064 5.521537 0.126999
v 5.266902 5.416315 0.126999
v 4.732587 6.452332 0.127000
v 4.873314 5.983763 0.127000
v 4.956235 5.995955 0.127000
v 5.028294 6.022982 0.127000
v 5.079520 6.055287 0.127000
v 5.134899 6.109744 0.127000
v 5.166742 6.172046 0.127000
v 5.174126 6.208967 0.127000
v 5.260210 6.271894 0.127000
v 5.328087 6.352825 0.127000
v 5.371162 6.440282 0.127000
v 5.382910 6.534265 0.127000
v 5.381605 6.612584 0.127000
v 5.352888 6.673934 0.127000
v 5.287622 6.745726 0.127000
v 5.201471 6.792718 0.127000
v 5.119235 6.805771 0.127000
v 4.724063 6.804407 0.127000
v 5.116624 6.888008 0.127000
v 5.098350 7.094249 0.127000
v 5.064410 7.316154 0.127000
v 5.017420 7.493677 0.127000
v 4.345548 6.459634 0.127000
v 4.273459 5.986202 0.127000
v 4.130701 5.993463 0.127000
v 4.053602 6.014956 0.127000
v 3.999471 6.042379 0.127000
v 3.959939 6.078705 0.127000
v 3.914990 6.131060 0.127000
v 3.884315 6.206116 0.127000
v 3.774343 6.302057 0.127000
v 3.712664 6.390493 0.127000
v 3.686232 6.472075 0.127000
v 3.679701 6.555616 0.127000
v 3.686263 6.631505 0.127000
v 3.728023 6.698572 0.127000
v 3.775014 6.744257 0.127000
v 3.827222 6.771668 0.127000
v 3.938174 6.801691 0.127000
v 4.347908 6.803106 0.127000
v 3.948616 6.975299 0.127000
v 3.976027 7.188066 0.127000
v 4.013885 7.372117 0.127000
v 4.354579 7.774153 0.127000
v 4.071321 7.573134 0.127000
v 4.455090 7.797649 0.127000
v 4.335000 8.058713 0.127000
v 4.560821 7.797649 0.127000
v 3.934262 8.144866 0.127000
v 4.312806 8.284534 0.127000
v 3.897715 8.352412 0.127000
v 4.276258 8.455532 0.127000
v 4.700490 7.778069 0.127000
v 3.885967 8.486860 0.127000
v 4.222739 8.599117 0.127000
v 4.983481 7.569386 0.127000
v 4.117357 8.695875 0.127000
v 3.901631 8.601728 0.127000
v 3.957759 8.681353 0.127000
v 4.037384 8.703544 0.127000
v 5.050053 7.874833 0.127000
v 4.709626 7.874663 0.127000
v 4.723986 8.070461 0.127000
v 5.127067 8.189416 0.127000
v 4.735734 8.225795 0.127000
v 4.760538 8.365463 0.127000
v 5.163616 8.424374 0.127000
v 4.799697 8.497301 0.127000
v 4.853216 8.617392 0.127000
v 5.164921 8.540546 0.127000
v 4.912068 8.680217 0.127000
v 5.145342 8.618867 0.127000
v 5.091824 8.674996 0.127000
v 4.959986 8.699798 0.127000
v 5.035695 8.702407 0.127000
v 4.566017 0.285319 0.126999
v 4.642076 0.231429 0.126999
v 4.595228 0.252078 0.126999
v 4.562994 0.299421 0.126999
v 4.746332 0.203225 0.126999
v 4.912068 0.694404 0.126999
v 4.562994 0.355327 0.126999
v 4.831452 0.186604 0.126999
v 4.912068 0.183581 0.126999
v 4.999170 0.165954 0.126999
v 5.362275 0.463870 0.126999
v 5.005718 0.135735 0.126999
v 5.052557 0.086880 0.126999
v 5.124077 0.055655 0.126999
v 5.223297 0.024428 0.126999
v 5.365327 0.004282 0.126999
v 5.527506 -0.004280 0.126999
v 5.637303 -0.003273 0.126999
v 5.742566 0.009319 0.126999
v 5.837757 0.040545 0.126999
v 5.898699 0.072275 0.126999
v 5.952655 0.108979 0.126999
v 5.985616 0.144680 0.126999
v 5.998438 0.202730 0.126999
v 6.001998 0.299600 0.126999
v 5.996648 0.411785 0.126999
v 5.985252 0.487998 0.126999
v 5.961391 0.570622 0.126999
v 5.927913 0.629743 0.126999
v 5.893013 0.672480 0.126999
v 5.837811 0.731242 0.126999
v 5.771570 0.781457 0.126999
v 5.706749 0.818497 0.126999
v 5.654753 0.837372 0.126999
v 5.670418 0.906108 0.126999
v 5.672507 1.027992 0.126999
v 4.912068 1.272594 0.126999
v 5.665345 1.209675 0.126999
v 5.645947 1.433800 0.126999
v 5.615978 1.682100 0.126999
v 4.912068 1.882899 0.126999
v 5.582732 1.910254 0.126999
v 4.912068 2.961333 0.126999
v 5.620003 1.897159 0.126999
v 5.693324 1.898731 0.126999
v 5.735378 1.918122 0.126999
v 5.778945 1.942297 0.126999
v 5.834598 1.990648 0.126999
v 5.853233 1.994174 0.126999
v 5.917703 2.033962 0.126999
v 5.991741 2.104474 0.126999
v 6.050668 2.191354 0.126999
v 6.082147 2.288055 0.126999
v 6.092219 2.387526 0.126999
v 6.099649 2.497574 0.126999
v 6.104687 2.648670 0.126999
v 6.101467 2.734340 0.126999
v 6.086048 2.805307 0.126999
v 6.066910 2.875818 0.126999
v 6.039713 2.931220 0.126999
v 6.022588 2.961333 0.126999
v 5.375875 3.228801 0.126999
v 5.414382 3.269918 0.126999
v 6.056053 3.015587 0.126999
v 5.332363 3.657490 0.126999
v 5.445057 3.296678 0.126999
v 6.061590 3.063583 0.126999
v 6.060668 3.130962 0.126999
v 5.298424 3.913332 0.126999
v 5.466596 3.307121 0.126999
v 6.027440 3.182651 0.126999
v 5.986828 3.226032 0.126999
v 5.940677 3.261106 0.126999
v 5.910218 3.280488 0.126999
v 5.910221 3.455860 0.126999
v 5.483778 3.506071 0.126999
v 5.900068 3.622923 0.126999
v 5.474641 3.670541 0.126999
v 5.876997 3.856442 0.126999
v 5.462893 3.845454 0.127000
v 5.852075 4.026275 0.126999
v 5.434176 4.041253 0.126999
v 5.819772 4.222873 0.126999
v 5.397627 4.223998 0.126999
v 5.776392 4.391783 0.126999
v 5.329750 4.448514 0.126999
v 5.708088 4.598535 0.126999
v 5.653637 4.748061 0.127000
v 5.238377 4.718716 0.127000
v 5.580723 4.899433 0.127000
v 5.203133 4.808783 0.127000
v 5.498575 5.053575 0.127000
v 5.389662 5.252020 0.126999
v 5.237072 4.434156 0.126999
v 4.569803 2.352727 0.127000
v 4.550216 2.186768 0.127000
v 4.519942 1.854135 0.127000
v 4.584761 2.209204 0.127000
v 4.596169 2.010478 0.127000
v 4.599734 1.870159 0.126999
v 4.584425 1.643298 0.127000
v 4.525996 1.557827 0.127000
v 4.575880 1.364796 0.127000
v 4.565200 1.170345 0.127000
v 4.530626 1.308529 0.127000
v 4.536687 1.086298 0.127000
v 4.543820 0.790346 0.127000
v 4.520185 0.301436 -0.127001
v 4.409884 0.231932 -0.127001
v 4.466797 0.249560 -0.127001
v 4.280949 0.198187 -0.127001
v 4.519177 0.365904 -0.127001
v 4.174173 0.182573 -0.127001
v 4.515652 0.392094 -0.127001
v 4.102042 0.183581 -0.127001
v 4.102042 0.995824 -0.127001
v 4.531769 0.402670 -0.127001
v 3.504070 0.414817 -0.127001
v 4.021041 0.167081 -0.127001
v 4.011975 0.135855 -0.127001
v 3.964633 0.086497 -0.127001
v 3.899661 0.059803 -0.127001
v 3.821092 0.034117 -0.127001
v 3.709280 0.011956 -0.127001
v 3.507314 -0.004664 -0.127001
v 3.383922 -0.005168 -0.127001
v 3.258008 0.012963 -0.127001
v 3.163321 0.043183 -0.127001
v 3.076189 0.094051 -0.127001
v 3.029349 0.143410 -0.127001
v 3.019768 0.243636 -0.127001
v 3.031855 0.379622 -0.127001
v 3.062080 0.503521 -0.127001
v 3.096328 0.583601 -0.127001
v 3.162816 0.668717 -0.127001
v 3.219729 0.725127 -0.127001
v 3.306862 0.788083 -0.127001
v 3.368817 0.824344 -0.127001
v 3.423212 0.841469 -0.127001
v 3.402732 0.972244 -0.127001
v 3.397154 1.150251 -0.127001
v 3.402057 1.324012 -0.127001
v 3.405330 1.381428 -0.127001
v 3.431899 1.594977 -0.127001
v 4.102042 1.844344 -0.127001
v 3.468331 1.829499 -0.127001
v 3.484714 1.907493 -0.127001
v 4.102042 2.961333 -0.127001
v 3.459725 1.897920 -0.127001
v 3.385114 1.896496 -0.127001
v 3.314422 1.932016 -0.127001
v 3.245421 1.986914 -0.127001
v 3.229304 1.987418 -0.127001
v 3.150734 2.037783 -0.127001
v 3.077703 2.109806 -0.127001
v 3.027339 2.194923 -0.127001
v 2.991073 2.294647 -0.127001
v 2.976971 2.443224 -0.127001
v 2.971431 2.653248 -0.127001
v 2.972465 2.725766 -0.127001
v 2.987550 2.796285 -0.127001
v 3.014604 2.885566 -0.127001
v 3.052313 2.961333 -0.127001
v 3.705164 3.225206 -0.127000
v 3.784104 3.923552 -0.127000
v 3.024262 3.007483 -0.127001
v 3.014945 3.058856 -0.127001
v 3.648023 3.285279 -0.127000
v 3.017212 3.124330 -0.127001
v 3.037108 3.166134 -0.127001
v 3.074881 3.210455 -0.127001
v 3.128269 3.258050 -0.127001
v 3.606265 3.309088 -0.127000
v 3.168058 3.282729 -0.127001
v 3.169803 3.443489 -0.127001
v 3.591971 3.469751 -0.127000
v 3.171313 3.559329 -0.127001
v 3.595080 3.570246 -0.127000
v 3.602331 3.693535 -0.127000
v 3.191461 3.772878 -0.127000
v 3.615240 3.871398 -0.127000
v 3.232762 4.063990 -0.127001
v 3.637952 4.007659 -0.127000
v 3.267515 4.244298 -0.127001
v 3.672482 4.196365 -0.127000
v 3.706152 4.323279 -0.127000
v 3.346090 4.516270 -0.127001
v 3.736715 4.426364 -0.127000
v 3.412069 4.718235 -0.127000
v 3.783335 4.568301 -0.127000
v 3.819596 4.671387 -0.127000
v 3.479558 4.855733 -0.127000
v 3.882794 4.820576 -0.127000
v 3.600946 5.088420 -0.127000
v 3.698152 5.259662 -0.127000
v 3.847738 5.457095 -0.127000
v 4.102042 4.818617 -0.127000
v 3.999846 5.605168 -0.127000
v 3.861555 4.608707 -0.127000
v 4.102042 5.686760 -0.127000
v 3.829180 4.299325 -0.127000
v 4.912068 5.738619 -0.127000
v 4.912068 4.811383 -0.127001
v 4.154220 5.727198 -0.127000
v 4.864471 5.770746 -0.127000
v 4.208867 5.761950 -0.127000
v 4.808167 5.824282 -0.127000
v 4.266283 5.816849 -0.127000
v 4.761866 5.874811 -0.127000
v 4.320928 5.872502 -0.127000
v 4.744333 5.905271 -0.127000
v 4.339814 5.909773 -0.127000
v 4.743871 5.986265 -0.127000
v 4.342333 5.991616 -0.127000
v 4.732587 6.452332 -0.127000
v 4.873314 5.983763 -0.127000
v 4.956235 5.995955 -0.127000
v 5.028294 6.022982 -0.127000
v 5.079520 6.055287 -0.127000
v 5.134899 6.109744 -0.127000
v 5.166742 6.172046 -0.127000
v 5.174126 6.208967 -0.127000
v 5.260210 6.271894 -0.127000
v 5.328087 6.352825 -0.127000
v 5.371162 6.440282 -0.127000
v 5.382910 6.534265 -0.127000
v 5.381605 6.612584 -0.127000
v 5.352888 6.673934 -0.127000
v 5.287622 6.745726 -0.127000
v 5.201471 6.792718 -0.127000
v 5.119235 6.805771 -0.127000
v 4.724063 6.804407 -0.127000
v 5.116624 6.888008 -0.127000
v 5.098350 7.094249 -0.127000
v 5.064410 7.316154 -0.127000
v 5.017420 7.493677 -0.127000
v 4.345548 6.459634 -0.127000
v 4.273459 5.986202 -0.127000
v 4.130701 5.993463 -0.127000
v 4.053602 6.014956 -0.127000
v 3.999471 6.042379 -0.127000
v 3.959939 6.078705 -0.127000
v 3.914990 6.131060 -0.127000
v 3.884315 6.206116 -0.127000
v 3.774343 6.302057 -0.127000
v 3.712664 6.390493 -0.127000
v 3.686232 6.472075 -0.127000
v 3.679701 6.555616 -0.127000
v 3.686263 6.631505 -0.127000
v 3.728023 6.698572 -0.127000
v 3.775014 6.744257 -0.127000
v 3.827222 6.771668 -0.127000
v 3.938174 6.801691 -0.127000
v 4.347908 6.803106 -0.127000
v 3.948616 6.975299 -0.127000
v 3.976027 7.188066 -0.127000
v 4.013885 7.372117 -0.127000
v 4.354579 7.774153 -0.127000
v 4.071321 7.573134 -0.127000
v 4.455090 7.797649 -0.127000
v 4.335000 8.058713 -0.127000
v 4.560821 7.797649 -0.127000
v 3.934262 8.144866 -0.127000
v 4.312806 8.284534 -0.127000
v 3.897715 8.352412 -0.127000
v 4.276258 8.455532 -0.127000
v 4.700490 7.778069 -0.127000
v 3.885967 8.486860 -0.127000
v 4.222739 8.599117 -0.127000
v 4.983481 7.569386 -0.127000
v 4.117357 8.695875 -0.127000
v 3.901631 8.601728 -0.127000
v 3.957759 8.681353 -0.127000
v 4.037384 8.703544 -0.127000
v 5.050053 7.874833 -0.127000
v 4.709626 7.874663 -0.127000
v 4.723986 8.070461 -0.127000
v 5.127067 8.189416 -0.127000
v 4.735734 8.225795 -0.127000
v 4.760538 8.365463 -0.127000
v 5.163616 8.424374 -0.127000
v 4.799697 8.497301 -0.127000
v 4.853216 8.617392 -0.127000
v 5.164921 8.540546 -0.127000
v 4.912068 8.680217 -0.127000
v 5.145342 8.618867 -0.127000
v 5.091824 8.674996 -0.127000
v 4.959986 8.699798 -0.127000
v 5.035695 8.702407 -0.127000
v 4.642076 0.231429 -0.127001
v 4.566017 0.285319 -0.127001
v 4.595228 0.252078 -0.127001
v 4.562994 0.299421 -0.127001
v 4.746332 0.203224 -0.127001
v 4.912068 0.694404 -0.127001
v 4.562994 0.355327 -0.127001
v 4.831452 0.186604 -0.127001
v 4.912068 0.183581 -0.127001
v 4.999170 0.165954 -0.127001
v 5.362275 0.463870 -0.127001
v 5.005718 0.135735 -0.127001
v 5.052557 0.086880 -0.127001
v 5.124077 0.055655 -0.127001
v 5.223297 0.024428 -0.127001
v 5.365327 0.004282 -0.127001
v 5.527506 -0.004280 -0.127001
v 5.637303 -0.003273 -0.127001
v 5.742566 0.009319 -0.127001
v 5.837757 0.040545 -0.127001
v 5.898699 0.072275 -0.127001
v 5.952655 0.108979 -0.127001
v 5.985616 0.144679 -0.127001
v 5.998438 0.202730 -0.127001
v 6.001998 0.299600 -0.127001
v 5.996648 0.411785 -0.127001
v 5.985252 0.487998 -0.127001
v 5.961391 0.570622 -0.127001
v 5.927913 0.629743 -0.127001
v 5.893013 0.672480 -0.127001
v 5.837811 0.731242 -0.127001
v 5.771570 0.781457 -0.127001
v 5.706749 0.818497 -0.127001
v 5.654753 0.837372 -0.127001
v 5.670418 0.906108 -0.127001
v 5.672507 1.027992 -0.127001
v 4.912068 1.272594 -0.127001
v 5.665345 1.209675 -0.127001
v 5.645947 1.433800 -0.127001
v 5.615978 1.682100 -0.127001
v 4.912068 1.882899 -0.127001
v 5.582732 1.910254 -0.127001
v 4.912068 2.961333 -0.127001
v 5.620003 1.897159 -0.127001
v 5.693324 1.898731 -0.127001
v 5.735378 1.918122 -0.127001
v 5.778945 1.942297 -0.127001
v 5.834598 1.990648 -0.127001
v 5.853233 1.994174 -0.127001
v 5.917703 2.033962 -0.127001
v 5.991741 2.104474 -0.127001
v 6.050668 2.191354 -0.127001
v 6.082147 2.288055 -0.127001
v 6.092219 2.387526 -0.127001
v 6.099649 2.497574 -0.127001
v 6.104687 2.648670 -0.127001
v 6.101467 2.734340 -0.127001
v 6.086048 2.805307 -0.127001
v 6.066910 2.875818 -0.127001
v 6.039713 2.931220 -0.127001
v 6.022588 2.961333 -0.127001
v 5.375875 3.228801 -0.127001
v 5.414382 3.269919 -0.127001
v 6.056053 3.015587 -0.127001
v 5.332363 3.657490 -0.127001
v 5.445057 3.296678 -0.127001
v 6.061590 3.063583 -0.127001
v 6.060668 3.130962 -0.127001
v 5.298424 3.913332 -0.127000
v 5.466596 3.307121 -0.127001
v 6.027440 3.182651 -0.127001
v 5.986828 3.226032 -0.127001
v 5.940677 3.261106 -0.127001
v 5.910218 3.280489 -0.127001
v 5.910221 3.455860 -0.127001
v 5.483778 3.506070 -0.127001
v 5.900068 3.622923 -0.127001
v 5.474641 3.670541 -0.127001
v 5.876997 3.856442 -0.127000
v 5.462893 3.845454 -0.127000
v 5.852075 4.026275 -0.127000
v 5.434176 4.041253 -0.127000
v 5.819772 4.222874 -0.127001
v 5.397627 4.223999 -0.127001
v 5.776392 4.391783 -0.127001
v 5.329750 4.448514 -0.127001
v 5.708088 4.598535 -0.127000
v 5.653637 4.748061 -0.127001
v 5.238377 4.718715 -0.127000
v 5.580723 4.899433 -0.127000
v 5.203133 4.808783 -0.127001
v 5.498575 5.053575 -0.127000
v 5.389662 5.252020 -0.127000
v 5.266902 5.416315 -0.127000
v 5.169064 5.521537 -0.127000
v 5.237072 4.434156 -0.127001
v 5.039842 5.638758 -0.127000
v 4.938311 5.720906 -0.127000
v 4.569803 2.352727 -0.127000
v 4.550216 2.186768 -0.127000
v 4.519942 1.854135 -0.127000
v 4.584761 2.209204 -0.127000
v 4.596169 2.010478 -0.127000
v 4.599734 1.870159 -0.127001
v 4.584425 1.643298 -0.127000
v 4.525996 1.557827 -0.127000
v 4.575880 1.364796 -0.127000
v 4.565200 1.170345 -0.127000
v 4.530626 1.308529 -0.127000
v 4.536687 1.086298 -0.127000
v 4.543820 0.790347 -0.127000
v 5.582732 1.910254 0.126999
v 5.582732 1.910254 -0.127001
v 5.615978 1.682100 -0.127001
v 5.615978 1.682100 0.126999
v 5.645947 1.433800 -0.127001
v 5.645947 1.433800 0.126999
v 5.665345 1.209675 -0.127001
v 5.665345 1.209675 0.126999
v 5.672507 1.027992 -0.127001
v 5.672507 1.027992 0.126999
v 5.670418 0.906108 -0.127001
v 5.670418 0.906108 0.126999
v 5.654753 0.837372 -0.127001
v 5.654753 0.837372 0.126999
v 4.999170 0.165954 0.126999
v 4.999170 0.165954 -0.127001
v 4.912068 0.183581 -0.127001
v 4.912068 0.183581 0.126999
v 4.831452 0.186604 -0.127001
v 4.831452 0.186604 0.126999
v 4.746332 0.203224 -0.127001
v 4.746332 0.203225 0.126999
v 4.642076 0.231429 -0.127001
v 4.642076 0.231429 0.126999
v 4.595228 0.252078 -0.127001
v 4.595228 0.252078 0.126999
v 4.566017 0.285319 -0.127001
v 4.566017 0.285319 0.126999
v 4.562994 0.299421 -0.127001
v 4.562994 0.299421 0.126999
v 4.562994 0.355327 -0.127001
v 4.562994 0.355327 0.126999
v 4.531769 0.402670 -0.127001
v 4.531769 0.402670 0.126999
v 5.005718 0.135735 0.126999
v 4.999170 0.165954 -0.127001
v 4.999170 0.165954 0.126999
v 5.005718 0.135735 -0.127001
v 5.052557 0.086880 0.126999
v 5.052557 0.086880 -0.127001
v 5.124077 0.055655 0.126999
v 5.124077 0.055655 -0.127001
v 5.223297 0.024428 0.126999
v 5.223297 0.024428 -0.127001
v 5.365327 0.004282 0.126999
v 5.365327 0.004282 -0.127001
v 5.527506 -0.004280 0.126999
v 5.527506 -0.004280 -0.127001
v 5.637303 -0.003273 0.126999
v 5.637303 -0.003273 -0.127001
v 5.742566 0.009319 0.126999
v 5.742566 0.009319 -0.127001
v 5.837757 0.040545 0.126999
v 5.837757 0.040545 -0.127001
v 5.898699 0.072275 0.126999
v 5.898699 0.072275 -0.127001
v 5.952655 0.108979 0.126999
v 5.952655 0.108979 -0.127001
v 5.985616 0.144680 0.126999
v 5.985616 0.144679 -0.127001
v 4.543820 0.790346 0.127000
v 4.543820 0.790347 -0.127000
v 4.565200 1.170345 -0.127000
v 4.565200 1.170345 0.127000
v 4.575880 1.364796 -0.127000
v 4.575880 1.364796 0.127000
v 4.584425 1.643298 -0.127000
v 4.584425 1.643298 0.127000
v 4.599734 1.870159 -0.127001
v 4.599734 1.870159 0.126999
v 4.596169 2.010478 -0.127000
v 4.596169 2.010478 0.127000
v 4.584761 2.209204 -0.127000
v 4.584761 2.209204 0.127000
v 4.569803 2.352727 -0.127000
v 4.569803 2.352727 0.127000
v 4.536687 1.086298 0.127000
v 4.543820 0.790347 -0.127000
v 4.543820 0.790346 0.127000
v 4.536687 1.086298 -0.127000
v 4.530626 1.308529 0.127000
v 4.530626 1.308529 -0.127000
v 4.525996 1.557827 0.127000
v 4.525996 1.557827 -0.127000
v 4.519942 1.854135 0.127000
v 4.519942 1.854135 -0.127000
v 4.550216 2.186768 0.127000
v 4.550216 2.186768 -0.127000
v 4.569803 2.352727 0.127000
v 4.569803 2.352727 -0.127000
v 3.368817 0.824344 0.126999
v 3.423212 0.841469 -0.127001
v 3.423212 0.841469 0.126999
v 3.368817 0.824344 -0.127001
v 3.306862 0.788083 0.126999
v 3.306862 0.788083 -0.127001
v 3.219729 0.725127 0.126999
v 3.219729 0.725127 -0.127001
v 3.162816 0.668717 0.126999
v 3.162816 0.668717 -0.127001
v 3.096328 0.583601 0.126999
v 3.096328 0.583601 -0.127001
v 3.062080 0.503521 0.126999
v 3.062080 0.503521 -0.127001
v 3.031855 0.379622 0.126999
v 3.031855 0.379622 -0.127001
v 3.019768 0.243636 0.126999
v 3.019768 0.243636 -0.127001
v 3.029349 0.143410 0.126999
v 3.029349 0.143410 -0.127001
v 3.423212 0.841469 0.126999
v 3.423212 0.841469 -0.127001
v 3.402732 0.972244 -0.127001
v 3.402732 0.972244 0.126999
v 3.397154 1.150251 -0.127001
v 3.397154 1.150251 0.126999
v 3.402057 1.324012 -0.127001
v 3.402057 1.324012 0.126999
v 3.405330 1.381428 -0.127001
v 3.405330 1.381428 0.126999
v 3.431899 1.594977 -0.127001
v 3.431899 1.594977 0.126999
v 3.468331 1.829499 -0.127001
v 3.468331 1.829499 0.126999
v 3.484714 1.907493 -0.127001
v 3.484714 1.907493 0.126999
v 4.515652 0.392094 0.126999
v 4.515652 0.392094 -0.127001
v 4.519177 0.365904 -0.127001
v 4.519177 0.365904 0.126999
v 4.520185 0.301436 -0.127001
v 4.520185 0.301436 0.126999
v 4.520185 0.301436 0.126999
v 4.520185 0.301436 -0.127001
v 4.466797 0.249560 -0.127001
v 4.466797 0.249560 0.126999
v 4.409884 0.231932 -0.127001
v 4.409884 0.231932 0.126999
v 4.280949 0.198187 -0.127001
v 4.280949 0.198187 0.126999
v 4.174173 0.182573 -0.127001
v 4.174173 0.182574 0.126999
v 4.102042 0.183581 -0.127001
v 4.102042 0.183581 0.126999
v 4.021041 0.167081 -0.127001
v 4.021041 0.167081 0.126999
v 4.531769 0.402670 0.126999
v 4.531769 0.402670 -0.127001
v 4.515652 0.392094 -0.127001
v 4.515652 0.392094 0.126999
v 5.998438 0.202730 0.126999
v 5.985616 0.144679 -0.127001
v 5.985616 0.144680 0.126999
v 5.998438 0.202730 -0.127001
v 6.001998 0.299600 0.126999
v 6.001998 0.299600 -0.127001
v 5.996648 0.411785 0.126999
v 5.996648 0.411785 -0.127001
v 5.985252 0.487998 0.126999
v 5.985252 0.487998 -0.127001
v 5.961391 0.570622 0.126999
v 5.961391 0.570622 -0.127001
v 5.927913 0.629743 0.126999
v 5.927913 0.629743 -0.127001
v 5.893013 0.672480 0.126999
v 5.893013 0.672480 -0.127001
v 5.837811 0.731242 0.126999
v 5.837811 0.731242 -0.127001
v 5.771570 0.781457 0.126999
v 5.771570 0.781457 -0.127001
v 5.706749 0.818497 0.126999
v 5.706749 0.818497 -0.127001
v 5.654753 0.837372 0.126999
v 5.654753 0.837372 -0.127001
v 3.076189 0.094052 0.126999
v 3.029349 0.143410 -0.127001
v 3.029349 0.143410 0.126999
v 3.076189 0.094051 -0.127001
v 3.163321 0.043183 0.126999
v 3.163321 0.043183 -0.127001
v 3.258008 0.012963 0.126999
v 3.258008 0.012963 -0.127001
v 3.383922 -0.005168 0.126999
v 3.383922 -0.005168 -0.127001
v 3.507314 -0.004664 0.126999
v 3.507314 -0.004664 -0.127001
v 3.709280 0.011956 0.126999
v 3.709280 0.011956 -0.127001
v 3.821092 0.034117 0.126999
v 3.821092 0.034117 -0.127001
v 3.899661 0.059803 0.126999
v 3.899661 0.059803 -0.127001
v 3.964633 0.086497 0.126999
v 3.964633 0.086497 -0.127001
v 4.011975 0.135855 0.126999
v 4.011975 0.135855 -0.127001
v 4.021041 0.167081 0.126999
v 4.021041 0.167081 -0.127001
v 3.014604 2.885566 0.126999
v 3.052313 2.961333 -0.127001
v 3.052313 2.961333 0.126999
v 3.014604 2.885566 -0.127001
v 2.987550 2.796285 0.126999
v 2.987550 2.796285 -0.127001
v 2.972465 2.725766 0.126999
v 2.972465 2.725766 -0.127001
v 2.971431 2.653248 0.126999
v 2.971431 2.653248 -0.127001
v 2.976971 2.443224 0.126999
v 2.976971 2.443224 -0.127001
v 2.991073 2.294647 0.126999
v 2.991073 2.294647 -0.127001
v 3.027339 2.194923 0.126999
v 3.027339 2.194923 -0.127001
v 3.077703 2.109806 0.126999
v 3.077703 2.109806 -0.127001
v 3.861555 4.608706 0.127000
v 3.882794 4.820576 -0.127000
v 3.882794 4.820576 0.127000
v 3.861555 4.608707 -0.127000
v 3.829180 4.299325 0.127000
v 3.829180 4.299325 -0.127000
v 3.784105 3.923552 0.127000
v 3.784104 3.923552 -0.127000
v 3.052313 2.961333 0.126999
v 3.052313 2.961333 -0.127001
v 3.024262 3.007483 -0.127001
v 3.024262 3.007483 0.126999
v 3.014945 3.058856 -0.127001
v 3.014945 3.058856 0.126999
v 3.017212 3.124330 -0.127001
v 3.017212 3.124330 0.126999
v 3.037108 3.166134 -0.127001
v 3.037108 3.166134 0.126999
v 3.074881 3.210455 -0.127001
v 3.074881 3.210455 0.126999
v 3.128269 3.258050 -0.127001
v 3.128269 3.258050 0.126999
v 3.168058 3.282729 -0.127001
v 3.168058 3.282729 0.126999
v 3.938174 6.801691 0.127000
v 3.938174 6.801691 -0.127000
v 3.948616 6.975299 -0.127000
v 3.948616 6.975299 0.127000
v 3.976027 7.188066 -0.127000
v 3.976027 7.188066 0.127000
v 4.013885 7.372117 -0.127000
v 4.013885 7.372117 0.127000
v 4.071321 7.573134 -0.127000
v 4.071321 7.573134 0.127000
v 3.934262 8.144866 -0.127000
v 3.934262 8.144866 0.127000
v 3.897715 8.352412 -0.127000
v 3.897715 8.352412 0.127000
v 3.885967 8.486860 -0.127000
v 3.885967 8.486860 0.127000
v 3.901631 8.601728 -0.127000
v 3.901631 8.601728 0.127000
v 3.957759 8.681353 -0.127000
v 3.957759 8.681353 0.127000
v 5.116624 6.888008 0.127000
v 5.119235 6.805771 -0.127000
v 5.119235 6.805771 0.127000
v 5.116624 6.888008 -0.127000
v 5.098350 7.094249 0.127000
v 5.098350 7.094249 -0.127000
v 5.064410 7.316154 0.127000
v 5.064410 7.316154 -0.127000
v 5.119235 6.805771 0.127000
v 5.119235 6.805771 -0.127000
v 5.201471 6.792718 -0.127000
v 5.201471 6.792718 0.127000
v 5.287622 6.745726 -0.127000
v 5.287622 6.745726 0.127000
v 5.352888 6.673934 -0.127000
v 5.352888 6.673934 0.127000
v 5.381605 6.612584 -0.127000
v 5.381605 6.612584 0.127000
v 5.382910 6.534265 -0.127000
v 5.382910 6.534265 0.127000
v 5.371162 6.440282 -0.127000
v 5.371162 6.440282 0.127000
v 5.328087 6.352825 -0.127000
v 5.328087 6.352825 0.127000
v 5.260210 6.271894 -0.127000
v 5.260210 6.271894 0.127000
v 5.174126 6.208967 -0.127000
v 5.174126 6.208967 0.127000
v 5.166742 6.172046 -0.127000
v 5.166742 6.172046 0.127000
v 5.134899 6.109744 -0.127000
v 5.134899 6.109744 0.127000
v 5.079520 6.055287 -0.127000
v 5.079520 6.055287 0.127000
v 5.028294 6.022982 -0.127000
v 5.028294 6.022982 0.127000
v 4.956235 5.995955 -0.127000
v 4.956235 5.995955 0.127000
v 4.873314 5.983763 -0.127000
v 4.873314 5.983763 0.127000
v 4.743871 5.986265 -0.127000
v 4.743871 5.986265 0.127000
v 4.342333 5.991616 0.127000
v 4.342333 5.991616 -0.127000
v 4.273459 5.986202 -0.127000
v 4.273459 5.986202 0.127000
v 4.130701 5.993463 -0.127000
v 4.130701 5.993463 0.127000
v 4.053602 6.014956 -0.127000
v 4.053602 6.014956 0.127000
v 3.999471 6.042379 -0.127000
v 3.999471 6.042379 0.127000
v 3.959939 6.078705 -0.127000
v 3.959939 6.078705 0.127000
v 3.914990 6.131060 -0.127000
v 3.914990 6.131060 0.127000
v 3.884315 6.206116 -0.127000
v 3.884315 6.206116 0.127000
v 3.774343 6.302057 -0.127000
v 3.774343 6.302057 0.127000
v 3.712664 6.390493 -0.127000
v 3.712664 6.390493 0.127000
v 3.686232 6.472075 -0.127000
v 3.686232 6.472075 0.127000
v 3.679701 6.555616 -0.127000
v 3.679701 6.555616 0.127000
v 3.679701 6.555616 0.127000
v 3.679701 6.555616 -0.127000
v 3.686263 6.631505 -0.127000
v 3.686263 6.631505 0.127000
v 3.728023 6.698572 -0.127000
v 3.728023 6.698572 0.127000
v 3.775014 6.744257 -0.127000
v 3.775014 6.744257 0.127000
v 3.827222 6.771668 -0.127000
v 3.827222 6.771668 0.127000
v 3.938174 6.801691 -0.127000
v 3.938174 6.801691 0.127000
v 5.017420 7.493677 0.127000
v 5.064410 7.316154 -0.127000
v 5.064410 7.316154 0.127000
v 5.017420 7.493677 -0.127000
v 4.983481 7.569386 0.127000
v 4.983481 7.569386 -0.127000
v 5.050053 7.874833 0.127000
v 5.050053 7.874833 -0.127000
v 5.127067 8.189416 0.127000
v 5.127067 8.189416 -0.127000
v 5.163616 8.424374 0.127000
v 5.163616 8.424374 -0.127000
v 5.164921 8.540546 0.127000
v 5.164921 8.540546 -0.127000
v 5.145342 8.618867 0.127000
v 5.145342 8.618867 -0.127000
v 5.091824 8.674996 0.127000
v 5.091824 8.674996 -0.127000
v 4.335000 8.058713 0.127000
v 4.354579 7.774153 -0.127000
v 4.354579 7.774153 0.127000
v 4.335000 8.058713 -0.127000
v 4.312806 8.284534 0.127000
v 4.312806 8.284534 -0.127000
v 4.276258 8.455532 0.127000
v 4.276258 8.455532 -0.127000
v 4.222739 8.599117 0.127000
v 4.222739 8.599117 -0.127000
v 4.117357 8.695875 0.127000
v 4.117357 8.695875 -0.127000
v 4.700490 7.778069 0.127000
v 4.700490 7.778069 -0.127000
v 4.709626 7.874663 -0.127000
v 4.709626 7.874663 0.127000
v 4.723986 8.070461 -0.127000
v 4.723986 8.070461 0.127000
v 4.735734 8.225795 -0.127000
v 4.735734 8.225795 0.127000
v 4.760538 8.365463 -0.127000
v 4.760538 8.365463 0.127000
v 4.799697 8.497301 -0.127000
v 4.799697 8.497301 0.127000
v 4.853216 8.617392 -0.127000
v 4.853216 8.617392 0.127000
v 4.912068 8.680217 -0.127000
v 4.912068 8.680217 0.127000
v 4.560821 7.797649 0.127000
v 4.700490 7.778069 -0.127000
v 4.700490 7.778069 0.127000
v 4.560821 7.797649 -0.127000
v 4.455090 7.797649 0.127000
v 4.455090 7.797649 -0.127000
v 4.354579 7.774153 0.127000
v 4.354579 7.774153 -0.127000
v 4.912068 8.680217 0.127000
v 4.912068 8.680217 -0.127000
v 4.959986 8.699798 -0.127000
v 4.959986 8.699798 0.127000
v 5.035695 8.702407 -0.127000
v 5.035695 8.702407 0.127000
v 5.091824 8.674996 -0.127000
v 5.091824 8.674996 0.127000
v 4.037384 8.703544 0.127000
v 4.117357 8.695875 -0.127000
v 4.117357 8.695875 0.127000
v 4.037384 8.703544 -0.127000
v 3.957759 8.681353 0.127000
v 3.957759 8.681353 -0.127000
v 5.238377 4.718716 0.127000
v 5.203133 4.808783 -0.127001
v 5.203133 4.808783 0.127000
v 5.238377 4.718715 -0.127000
v 5.329750 4.448514 0.126999
v 5.329750 4.448514 -0.127001
v 5.397627 4.223998 0.126999
v 5.397627 4.223999 -0.127001
v 5.434176 4.041253 0.126999
v 5.434176 4.041253 -0.127000
v 5.462893 3.845454 0.127000
v 5.462893 3.845454 -0.127000
v 5.474641 3.670541 0.126999
v 5.474641 3.670541 -0.127001
v 5.483778 3.506071 0.126999
v 5.483778 3.506070 -0.127001
v 5.466596 3.307121 0.126999
v 5.466596 3.307121 -0.127001
v 4.154220 5.727198 0.127000
v 4.154220 5.727198 -0.127000
v 4.208867 5.761950 -0.127000
v 4.208867 5.761950 0.127000
v 4.266283 5.816849 -0.127000
v 4.266283 5.816849 0.127000
v 4.320928 5.872502 -0.127000
v 4.320928 5.872502 0.127000
v 4.339814 5.909773 -0.127000
v 4.339814 5.909773 0.127000
v 4.342333 5.991616 -0.127000
v 4.342333 5.991616 0.127000
v 4.102042 5.686760 0.127000
v 4.154220 5.727198 -0.127000
v 4.154220 5.727198 0.127000
v 4.102042 5.686760 -0.127000
v 3.999846 5.605168 0.126999
v 3.999846 5.605168 -0.127000
v 3.847738 5.457095 0.126999
v 3.847738 5.457095 -0.127000
v 3.698152 5.259662 0.126999
v 3.698152 5.259662 -0.127000
v 3.600946 5.088420 0.127000
v 3.600946 5.088420 -0.127000
v 3.479558 4.855733 0.127000
v 3.479558 4.855733 -0.127000
v 3.412069 4.718235 0.127000
v 3.412069 4.718235 -0.127000
v 3.346090 4.516270 0.126999
v 3.346090 4.516270 -0.127001
v 3.267515 4.244298 0.126999
v 3.267515 4.244298 -0.127001
v 3.232762 4.063990 0.126999
v 3.232762 4.063990 -0.127001
v 3.191461 3.772878 0.127000
v 3.191461 3.772878 -0.127000
v 3.171313 3.559329 0.126999
v 3.171313 3.559329 -0.127001
v 3.169803 3.443488 0.126999
v 3.169803 3.443489 -0.127001
v 3.168058 3.282729 0.126999
v 3.168058 3.282729 -0.127001
v 4.743871 5.986265 0.127000
v 4.743871 5.986265 -0.127000
v 4.744333 5.905271 -0.127000
v 4.744333 5.905271 0.127000
v 4.761866 5.874811 -0.127000
v 4.761866 5.874811 0.127000
v 4.808167 5.824282 -0.127000
v 4.808167 5.824282 0.127000
v 4.864471 5.770746 -0.127000
v 4.864471 5.770746 0.127000
v 4.912068 5.738619 -0.127000
v 4.912068 5.738619 0.127000
v 4.938311 5.720906 -0.127000
v 4.938311 5.720906 0.127000
v 5.039842 5.638758 -0.127000
v 5.039842 5.638758 0.127000
v 5.169064 5.521537 -0.127000
v 5.169064 5.521537 0.126999
v 5.266902 5.416315 -0.127000
v 5.266902 5.416315 0.126999
v 5.389662 5.252020 -0.127000
v 5.389662 5.252020 0.126999
v 5.498575 5.053575 -0.127000
v 5.498575 5.053575 0.127000
v 5.580723 4.899433 -0.127000
v 5.580723 4.899433 0.127000
v 5.653637 4.748061 -0.127001
v 5.653637 4.748061 0.127000
v 5.708088 4.598535 -0.127000
v 5.708088 4.598535 0.126999
v 5.776392 4.391783 -0.127001
v 5.776392 4.391783 0.126999
v 3.882794 4.820576 0.127000
v 3.882794 4.820576 -0.127000
v 3.819596 4.671387 -0.127000
v 3.819596 4.671387 0.127000
v 3.783335 4.568301 -0.127000
v 3.783335 4.568301 0.127000
v 3.736715 4.426364 -0.127000
v 3.736715 4.426364 0.127000
v 3.706152 4.323279 -0.127000
v 3.706152 4.323279 0.127000
v 3.672482 4.196365 -0.127000
v 3.672482 4.196365 0.127000
v 3.637952 4.007659 -0.127000
v 3.637952 4.007659 0.127000
v 3.615240 3.871398 -0.127000
v 3.615240 3.871398 0.127000
v 3.602331 3.693535 -0.127000
v 3.602331 3.693534 0.127000
v 3.595080 3.570246 -0.127000
v 3.595080 3.570246 0.127000
v 3.591971 3.469751 -0.127000
v 3.591971 3.469751 0.127000
v 3.606265 3.309088 -0.127000
v 3.606265 3.309088 0.127000
v 5.776392 4.391783 0.126999
v 5.776392 4.391783 -0.127001
v 5.819772 4.222874 -0.127001
v 5.819772 4.222873 0.126999
v 5.852075 4.026275 -0.127000
v 5.852075 4.026275 0.126999
v 5.876997 3.856442 -0.127000
v 5.876997 3.856442 0.126999
v 5.900068 3.622923 -0.127001
v 5.900068 3.622923 0.126999
v 5.910221 3.455860 -0.127001
v 5.910221 3.455860 0.126999
v 5.910218 3.280489 -0.127001
v 5.910218 3.280488 0.126999
v 5.332363 3.657490 0.126999
v 5.375875 3.228801 -0.127001
v 5.375875 3.228801 0.126999
v 5.332363 3.657490 -0.127001
v 5.298424 3.913332 0.126999
v 5.298424 3.913332 -0.127000
v 5.237072 4.434156 0.126999
v 5.237072 4.434156 -0.127001
v 5.203133 4.808783 0.127000
v 5.203133 4.808783 -0.127001
v 3.705164 3.225206 0.127000
v 3.705164 3.225206 -0.127000
v 3.784104 3.923552 -0.127000
v 3.784105 3.923552 0.127000
v 3.150734 2.037783 0.126999
v 3.077703 2.109806 -0.127001
v 3.077703 2.109806 0.126999
v 3.150734 2.037783 -0.127001
v 3.229304 1.987418 0.126999
v 3.229304 1.987418 -0.127001
v 3.245421 1.986914 0.126999
v 3.229304 1.987418 -0.127001
v 3.229304 1.987418 0.126999
v 3.245421 1.986914 -0.127001
v 3.314422 1.932016 0.126999
v 3.314422 1.932016 -0.127001
v 3.385114 1.896496 0.126999
v 3.385114 1.896496 -0.127001
v 3.459725 1.897920 0.126999
v 3.459725 1.897920 -0.127001
v 3.484714 1.907493 0.126999
v 3.484714 1.907493 -0.127001
v 3.606265 3.309088 0.127000
v 3.606265 3.309088 -0.127000
v 3.648023 3.285279 -0.127000
v 3.648023 3.285279 0.127000
v 3.705164 3.225206 -0.127000
v 3.705164 3.225206 0.127000
v 5.910218 3.280488 0.126999
v 5.910218 3.280489 -0.127001
v 5.940677 3.261106 -0.127001
v 5.940677 3.261106 0.126999
v 5.986828 3.226032 -0.127001
v 5.986828 3.226032 0.126999
v 6.027440 3.182651 -0.127001
v 6.027440 3.182651 0.126999
v 6.060668 3.130962 -0.127001
v 6.060668 3.130962 0.126999
v 6.061590 3.063583 -0.127001
v 6.061590 3.063583 0.126999
v 6.056053 3.015587 -0.127001
v 6.056053 3.015587 0.126999
v 6.022588 2.961333 -0.127001
v 6.022588 2.961333 0.126999
v 5.375875 3.228801 0.126999
v 5.375875 3.228801 -0.127001
v 5.414382 3.269919 -0.127001
v 5.414382 3.269918 0.126999
v 5.445057 3.296678 -0.127001
v 5.445057 3.296678 0.126999
v 5.466596 3.307121 -0.127001
v 5.466596 3.307121 0.126999
v 6.022588 2.961333 0.126999
v 6.022588 2.961333 -0.127001
v 6.039713 2.931220 -0.127001
v 6.039713 2.931220 0.126999
v 6.066910 2.875818 -0.127001
v 6.066910 2.875818 0.126999
v 6.086048 2.805307 -0.127001
v 6.086048 2.805307 0.126999
v 6.101467 2.734340 -0.127001
v 6.101467 2.734340 0.126999
v 6.104687 2.648670 -0.127001
v 6.104687 2.648670 0.126999
v 6.099649 2.497574 -0.127001
v 6.099649 2.497574 0.126999
v 6.092219 2.387526 -0.127001
v 6.092219 2.387526 0.126999
v 6.082147 2.288055 -0.127001
v 6.082147 2.288055 0.126999
v 6.050668 2.191354 -0.127001
v 6.050668 2.191354 0.126999
v 5.991741 2.104474 -0.127001
v 5.991741 2.104474 0.126999
v 5.620003 1.897159 0.126999
v 5.582732 1.910254 -0.127001
v 5.582732 1.910254 0.126999
v 5.620003 1.897159 -0.127001
v 5.693324 1.898731 0.126999
v 5.693324 1.898731 -0.127001
v 5.735378 1.918122 0.126999
v 5.735378 1.918122 -0.127001
v 5.778945 1.942297 0.126999
v 5.778945 1.942297 -0.127001
v 5.834598 1.990648 0.126999
v 5.834598 1.990648 -0.127001
v 5.853233 1.994174 0.126999
v 5.853233 1.994174 -0.127001
v 5.917703 2.033962 0.126999
v 5.917703 2.033962 -0.127001
v 5.991741 2.104474 0.126999
v 5.991741 2.104474 -0.127001
vn -0.0000 -0.0000 1.0000
vn -0.0000 -0.0000 -1.0000
vn 0.9912 0.1320 -0.0000
vn 0.9895 0.1442 -0.0000
vn 0.9947 0.1031 -0.0000
vn 0.9980 0.0628 -0.0000
vn 0.9947 0.1030 -0.0000
vn 0.9999 0.0111 -0.0000
vn 0.9927 -0.1203 -0.0000
vn 0.9750 -0.2222 -0.0000
vn -0.1183 -0.9930 -0.0000
vn -0.1984 -0.9801 -0.0000
vn -0.1149 -0.9934 -0.0000
vn -0.2265 -0.9740 -0.0000
vn -0.3332 -0.9429 -0.0000
vn -0.2266 -0.9740 -0.0000
vn -0.5912 -0.8066 -0.0000
vn -0.8933 -0.4494 -0.0000
vn -0.9944 -0.1054 -0.0000
vn -0.9578 -0.2874 -0.0000
vn -0.8348 -0.5506 -0.0000
vn -0.9773 -0.2118 -0.0000
vn -0.8829 -0.4696 -0.0000
vn -0.5721 -0.8202 -0.0000
vn -0.3507 -0.9365 -0.0000
vn -0.3506 -0.9365 -0.0000
vn -0.2210 -0.9753 -0.0000
vn -0.2211 -0.9753 -0.0000
vn -0.0967 -0.9953 -0.0000
vn -0.0966 -0.9953 -0.0000
vn -0.0218 -0.9998 -0.0000
vn 0.0641 -0.9979 -0.0000
vn 0.2163 -0.9763 -0.0000
vn 0.3881 -0.9216 -0.0000
vn 0.3880 -0.9216 -0.0000
vn 0.5130 -0.8584 -0.0000
vn 0.6528 -0.7575 -0.0000
vn 0.8863 -0.4631 -0.0000
vn -0.9984 0.0557 -0.0000
vn -0.9984 0.0562 -0.0000
vn -0.9985 0.0556 -0.0000
vn -0.9991 0.0428 -0.0000
vn -0.9985 0.0553 -0.0000
vn -0.9988 0.0490 -0.0000
vn -0.9991 0.0427 -0.0000
vn -0.9998 0.0210 -0.0000
vn -0.9991 -0.0414 -0.0000
vn -0.9968 -0.0805 -0.0000
vn -0.9946 -0.1037 -0.0000
vn 0.9997 0.0241 -0.0000
vn 0.9997 0.0257 -0.0000
vn 0.9997 0.0256 -0.0000
vn 0.9997 0.0229 -0.0000
vn 0.9998 0.0195 -0.0000
vn 0.9994 -0.0352 -0.0000
vn 0.9998 0.0196 -0.0000
vn 0.9994 -0.0351 -0.0000
vn 0.9946 -0.1039 -0.0000
vn 0.9931 -0.1172 -0.0000
vn -0.3003 0.9538 -0.0000
vn -0.4053 0.9142 -0.0000
vn -0.5460 0.8378 -0.0000
vn -0.6467 0.7627 -0.0000
vn -0.6468 0.7627 -0.0000
vn -0.7475 0.6643 -0.0000
vn -0.8610 0.5086 -0.0000
vn -0.8610 0.5087 -0.0000
vn -0.9487 0.3162 -0.0000
vn -0.9866 0.1632 -0.0000
vn -1.0000 -0.0033 -0.0000
vn -0.9101 -0.4144 -0.0000
vn -0.9956 -0.0932 -0.0000
vn -0.9880 -0.1547 -0.0000
vn -1.0000 -0.0016 -0.0000
vn -0.9991 0.0426 -0.0000
vn -0.9959 0.0902 -0.0000
vn -0.9904 0.1385 -0.0000
vn -0.9837 0.1796 -0.0000
vn -0.9786 0.2056 -0.0000
vn 0.9972 0.0746 -0.0000
vn 0.9911 0.1334 -0.0000
vn 0.9999 0.0156 -0.0000
vn 0.9972 0.0747 -0.0000
vn 0.5105 -0.8599 -0.0000
vn 0.6969 -0.7172 -0.0000
vn 0.2746 -0.9616 -0.0000
vn 0.5104 -0.8599 -0.0000
vn 0.1993 -0.9799 -0.0000
vn 0.0656 -0.9978 -0.0000
vn 0.1992 -0.9800 -0.0000
vn 0.0934 -0.9956 -0.0000
vn 0.1996 -0.9799 -0.0000
vn 0.0933 -0.9956 -0.0000
vn 0.5487 -0.8361 -0.0000
vn 0.9919 -0.1267 -0.0000
vn 0.8863 -0.4630 -0.0000
vn 1.0000 0.0055 -0.0000
vn 0.9952 0.0979 -0.0000
vn 0.9770 0.2131 -0.0000
vn 0.9218 0.3878 -0.0000
vn 0.9218 0.3877 -0.0000
vn 0.8253 0.5646 -0.0000
vn 0.8253 0.5647 -0.0000
vn 0.7521 0.6590 -0.0000
vn 0.6688 0.7434 -0.0000
vn 0.5513 0.8343 -0.0000
vn 0.4202 0.9074 -0.0000
vn 0.3412 0.9400 -0.0000
vn -0.6210 -0.7838 -0.0000
vn -0.4066 -0.9136 -0.0000
vn -0.4065 -0.9136 -0.0000
vn -0.2241 -0.9746 -0.0000
vn -0.2240 -0.9746 -0.0000
vn -0.0694 -0.9976 -0.0000
vn 0.0431 -0.9991 -0.0000
vn 0.1384 -0.9904 -0.0000
vn 0.1385 -0.9904 -0.0000
vn 0.2530 -0.9675 -0.0000
vn 0.3456 -0.9384 -0.0000
vn 0.5630 -0.8265 -0.0000
vn 0.5630 -0.8264 -0.0000
vn 0.8660 -0.5000 -0.0000
vn 0.8661 -0.4999 -0.0000
vn 0.9603 -0.2788 -0.0000
vn -0.8953 0.4456 -0.0000
vn -0.9294 0.3691 -0.0000
vn -0.9683 0.2498 -0.0000
vn -0.9937 0.1123 -0.0000
vn -0.9937 0.1122 -0.0000
vn -1.0000 -0.0061 -0.0000
vn -1.0000 -0.0060 -0.0000
vn -0.9982 -0.0605 -0.0000
vn -0.9755 -0.2199 -0.0000
vn -0.9041 -0.4273 -0.0000
vn -0.9755 -0.2199 0.0001
vn -0.7880 -0.6157 -0.0000
vn -0.7879 -0.6158 -0.0000
vn -0.9950 0.0997 -0.0000
vn -0.9948 0.1019 -0.0000
vn -0.9948 0.1018 -0.0000
vn -0.9938 0.1116 -0.0000
vn -0.9933 0.1157 -0.0000
vn -0.9349 -0.3549 -0.0000
vn -0.8545 -0.5194 -0.0000
vn -0.9974 -0.0723 -0.0000
vn -0.9715 0.2371 -0.0000
vn -0.8392 0.5439 -0.0000
vn -0.7149 0.6992 -0.0000
vn -0.5985 0.8011 -0.0000
vn -0.5271 0.8498 -0.0000
vn -0.9956 0.0940 -0.0000
vn -0.9982 0.0600 -0.0000
vn -0.9863 0.1647 -0.0000
vn -0.9712 0.2383 -0.0000
vn -0.9863 0.1648 -0.0000
vn -0.9998 0.0215 -0.0000
vn -0.9791 -0.2034 -0.0000
vn -0.9915 -0.1304 -0.0000
vn -0.9997 0.0242 -0.0000
vn -0.9306 0.3661 -0.0000
vn -0.5764 0.8172 -0.0000
vn -0.9306 0.3660 -0.0000
vn 0.9995 0.0317 -0.0000
vn 0.9982 0.0600 -0.0000
vn 0.9928 0.1198 -0.0000
vn 0.9790 0.2038 -0.0000
vn 0.3225 0.9466 -0.0000
vn 0.1568 0.9876 -0.0000
vn 0.6180 0.7862 0.0001
vn 0.6180 0.7862 -0.0000
vn 0.8322 0.5545 -0.0000
vn 0.6180 0.7862 -0.0001
vn 0.9743 0.2253 0.0001
vn 0.9743 0.2253 -0.0000
vn 0.9985 -0.0538 -0.0000
vn 0.9580 -0.2869 -0.0000
vn 0.9986 -0.0538 -0.0000
vn 0.8377 -0.5462 -0.0000
vn 0.6831 -0.7303 -0.0000
vn 0.8427 -0.5384 -0.0000
vn 0.6832 -0.7303 -0.0000
vn 0.9444 -0.3287 -0.0000
vn 0.8427 -0.5383 -0.0000
vn 0.8062 -0.5917 0.0001
vn 0.8062 -0.5917 -0.0000
vn 0.6208 -0.7839 -0.0000
vn 0.4446 -0.8957 -0.0000
vn 0.2497 -0.9683 -0.0000
vn 0.0633 -0.9980 -0.0000
vn -0.0193 -0.9998 -0.0000
vn 0.0138 -0.9999 -0.0000
vn 0.0784 -0.9969 -0.0000
vn -0.1606 -0.9870 -0.0000
vn -0.3620 -0.9322 -0.0000
vn -0.5696 -0.8219 -0.0000
vn -0.7189 -0.6951 -0.0000
vn -0.8532 -0.5216 -0.0000
vn -0.8135 -0.5816 -0.0000
vn -0.7443 -0.6678 -0.0000
vn -0.7444 -0.6678 -0.0000
vn -0.8955 -0.4450 -0.0000
vn -0.9809 -0.1944 -0.0000
vn -1.0000 0.0041 -0.0000
vn -0.9487 0.3161 0.0001
vn -0.9487 0.3161 -0.0000
vn -0.7787 0.6274 -0.0000
vn -0.5870 0.8096 -0.0000
vn -0.3652 0.9309 -0.0000
vn -0.2612 0.9653 -0.0000
vn 0.9427 0.3336 -0.0000
vn 0.9947 0.1032 -0.0000
vn 0.9743 -0.2254 -0.0000
vn 0.9806 -0.1959 -0.0000
vn 0.9966 -0.0827 -0.0000
vn 0.9932 0.1166 -0.0000
vn 0.8760 0.4823 -0.0000
vn 0.5905 0.8070 -0.0000
vn 0.9976 0.0686 -0.0000
vn 0.9965 0.0832 -0.0000
vn 0.9881 0.1536 -0.0000
vn 0.9881 0.1537 -0.0000
vn 0.9600 0.2799 -0.0000
vn 0.8296 0.5583 -0.0000
vn 0.8296 0.5584 -0.0000
vn 0.4070 0.9134 -0.0000
vn -0.9965 0.0837 -0.0000
vn -0.9956 0.0942 -0.0000
vn -0.9972 0.0742 -0.0000
vn -0.9972 0.0743 -0.0000
vn -0.9921 0.1253 -0.0000
vn -0.9972 0.0745 -0.0000
vn -0.9732 0.2301 -0.0000
vn -0.9380 0.3466 -0.0000
vn -0.9732 0.2302 -0.0000
vn -0.8332 0.5530 -0.0000
vn -0.5671 0.8236 -0.0000
vn 0.1388 0.9903 -0.0000
vn 0.0696 0.9976 -0.0000
vn -0.1146 0.9934 -0.0000
vn -0.2276 0.9737 -0.0000
vn -0.2096 0.9778 0.0001
vn -0.2096 0.9778 -0.0000
vn 0.2084 0.9781 -0.0000
vn 0.5906 0.8070 -0.0000
vn -0.0880 0.9961 -0.0000
vn -0.9312 -0.3644 -0.0000
vn -0.9395 -0.3425 -0.0000
vn -0.9524 -0.3049 -0.0000
vn -0.9700 -0.2430 -0.0000
vn -0.9853 -0.1707 -0.0000
vn -0.9944 -0.1061 -0.0000
vn -0.9943 -0.1062 -0.0000
vn -0.9981 -0.0613 -0.0000
vn -0.9981 -0.0612 -0.0000
vn -0.9999 0.0153 -0.0000
vn -0.9963 0.0860 -0.0000
vn -0.6168 0.7871 -0.0000
vn -0.5752 0.8180 -0.0000
vn -0.7024 0.7118 -0.0000
vn -0.8123 0.5832 -0.0000
vn -0.9689 0.2473 -0.0000
vn -0.8124 0.5832 -0.0000
vn -0.9995 0.0308 -0.0000
vn -0.6183 0.7860 -0.0000
vn -0.6182 0.7860 -0.0000
vn -0.6183 0.7859 -0.0000
vn -0.6615 0.7499 -0.0000
vn -0.7494 0.6621 -0.0000
vn -0.8352 0.5500 -0.0000
vn -0.8783 0.4782 -0.0000
vn -0.8922 0.4516 -0.0000
vn -0.9264 0.3765 -0.0000
vn -0.9558 0.2941 -0.0000
vn -0.9723 0.2337 -0.0000
vn -0.9863 0.1649 -0.0000
vn -0.9723 0.2336 -0.0000
vn -0.9931 0.1172 -0.0000
vn -0.9986 0.0535 -0.0000
vn -0.9999 0.0119 -0.0000
vn -0.9999 0.0121 -0.0000
vn -0.9999 0.0120 -0.0000
vn -0.9999 0.0109 -0.0000
vn 0.9654 0.2609 -0.0000
vn 1.0000 0.0057 -0.0000
vn 0.8068 0.5908 -0.0000
vn 0.7136 0.7006 -0.0000
vn 0.6264 0.7795 -0.0000
vn 0.5595 0.8289 -0.0000
vn 0.5948 0.8039 -0.0000
vn 0.6507 0.7593 -0.0000
vn 0.7028 0.7114 -0.0000
vn 0.7027 0.7115 -0.0000
vn 0.7678 0.6407 -0.0000
vn 0.8409 0.5412 -0.0000
vn 0.8796 0.4757 -0.0000
vn 0.8919 0.4522 -0.0000
vn 0.9214 0.3886 -0.0000
vn 0.9447 0.3280 -0.0000
vn 0.9214 0.3885 -0.0000
vn 0.9596 0.2814 -0.0000
vn 0.9447 0.3279 -0.0000
vn 0.9325 -0.3611 -0.0000
vn 0.9208 -0.3901 -0.0000
vn 0.9468 -0.3220 -0.0000
vn 0.9545 -0.2982 -0.0000
vn 0.9628 -0.2704 -0.0000
vn 0.9759 -0.2184 -0.0000
vn 0.9627 -0.2704 -0.0000
vn 0.9851 -0.1722 -0.0000
vn 0.9930 -0.1185 -0.0000
vn 0.9978 -0.0655 -0.0000
vn 0.9990 -0.0448 -0.0000
vn 0.9978 -0.0656 -0.0000
vn 0.9996 0.0289 -0.0000
vn 0.9961 0.0886 -0.0000
vn 0.9786 0.2057 -0.0000
vn 0.9786 0.2056 -0.0000
vn 0.9926 0.1218 -0.0000
vn 0.9968 0.0795 -0.0000
vn 0.9995 0.0303 -0.0000
vn 0.9995 0.0304 -0.0000
vn 1.0000 -0.0000 -0.0000
vn 0.9949 0.1010 -0.0000
vn 0.9932 0.1162 -0.0000
vn 0.9932 0.1163 -0.0000
vn 0.9922 0.1243 -0.0000
vn 0.9946 0.1036 -0.0000
vn 0.9959 0.0902 -0.0000
vn -0.9933 0.1158 -0.0000
vn -0.6243 -0.7812 -0.0000
vn -0.2962 -0.9551 -0.0000
vn -0.3445 -0.9388 -0.0000
vn -0.5387 -0.8425 -0.0000
vn -0.5386 -0.8425 -0.0000
vn -0.2214 -0.9752 -0.0000
vn 0.1913 -0.9815 -0.0000
vn 0.3577 -0.9338 -0.0000
vn 0.6165 0.7873 -0.0000
vn 0.4953 0.8687 -0.0000
vn 0.7246 0.6892 -0.0000
vn 0.6165 0.7874 -0.0000
vn 0.5715 0.8206 -0.0000
vn 0.5369 0.8437 -0.0000
vn 0.6699 0.7424 -0.0000
vn 0.7888 0.6146 -0.0000
vn 0.9575 0.2884 -0.0000
vn 0.9987 -0.0506 -0.0000
vn 0.9575 0.2883 -0.0000
vn 0.9448 -0.3276 -0.0000
vn 0.9987 -0.0505 -0.0000
vn 0.8511 -0.5250 -0.0000
vn -0.6945 0.7195 -0.0000
vn -0.7299 0.6835 -0.0000
vn -0.7299 0.6836 -0.0000
vn -0.5517 0.8340 -0.0000
vn -0.5517 0.8341 -0.0000
vn -0.4363 0.8998 -0.0000
vn -0.5517 0.8341 0.0001
vn 0.8839 0.4677 -0.0000
vn 0.8693 0.4943 -0.0000
vn 0.9356 0.3529 -0.0000
vn 0.9715 0.2372 -0.0000
vn 0.9357 0.3529 -0.0000
vn 0.9921 0.1254 -0.0000
vn 1.0000 0.0021 -0.0000
vn 0.9987 -0.0503 -0.0000
vn 0.9965 -0.0840 -0.0000
vn 0.9987 -0.0504 -0.0000
vn 0.9785 -0.2063 -0.0000
vn 0.9965 -0.0841 -0.0000
vn 0.8981 -0.4398 0.0001
vn 0.8981 -0.4398 -0.0000
vn 0.7630 -0.6464 -0.0000
vn 0.8981 -0.4398 -0.0001
vn -0.3315 -0.9435 -0.0000
vn -0.1575 -0.9875 -0.0000
vn -0.1576 -0.9875 -0.0000
vn 0.2248 -0.9744 -0.0000
vn 0.4523 -0.8919 -0.0000
vn 0.5736 -0.8191 -0.0000
vn 0.4360 -0.8999 -0.0000
vn 0.3616 -0.9323 -0.0000
vn 0.6107 -0.7918 -0.0000
vn 0.6107 -0.7919 -0.0000
vt 0.724732 0.023156
vt 0.727403 0.025751
vt 0.721885 0.022274
vt 0.715436 0.020586
vt 0.727352 0.028976
vt 0.710096 0.019805
vt 0.727176 0.030285
vt 0.706487 0.019856
vt 0.706487 0.060484
vt 0.727982 0.030815
vt 0.676577 0.031422
vt 0.702436 0.019031
vt 0.701982 0.017469
vt 0.699614 0.015000
vt 0.696365 0.013665
vt 0.692434 0.012380
vt 0.686842 0.011271
vt 0.676740 0.010440
vt 0.670568 0.010415
vt 0.664270 0.011322
vt 0.659534 0.012833
vt 0.655175 0.015378
vt 0.652832 0.017847
vt 0.652353 0.022860
vt 0.652958 0.029662
vt 0.654469 0.035859
vt 0.656183 0.039865
vt 0.659508 0.044122
vt 0.662355 0.046944
vt 0.666713 0.050093
vt 0.669812 0.051906
vt 0.672533 0.052763
vt 0.671509 0.059304
vt 0.671229 0.068208
vt 0.671475 0.076899
vt 0.671638 0.079771
vt 0.672967 0.090453
vt 0.706487 0.102926
vt 0.674790 0.102183
vt 0.675609 0.106085
vt 0.706487 0.158797
vt 0.674359 0.105606
vt 0.670627 0.105535
vt 0.667091 0.107311
vt 0.663640 0.110057
vt 0.662834 0.110082
vt 0.658904 0.112602
vt 0.655251 0.116204
vt 0.652732 0.120462
vt 0.650918 0.125450
vt 0.650212 0.132881
vt 0.649935 0.143387
vt 0.649987 0.147014
vt 0.650742 0.150541
vt 0.652095 0.155007
vt 0.653981 0.158797
vt 0.686636 0.171996
vt 0.689725 0.201147
vt 0.652578 0.161105
vt 0.652112 0.163675
vt 0.683778 0.175000
vt 0.652225 0.166950
vt 0.653220 0.169041
vt 0.655110 0.171258
vt 0.657780 0.173638
vt 0.681689 0.176191
vt 0.659770 0.174873
vt 0.659858 0.182914
vt 0.680974 0.184227
vt 0.659933 0.188708
vt 0.681130 0.189254
vt 0.681492 0.195421
vt 0.660941 0.199390
vt 0.682138 0.204317
vt 0.663007 0.213951
vt 0.683274 0.211133
vt 0.664745 0.222970
vt 0.685001 0.220572
vt 0.686685 0.226920
vt 0.668675 0.236573
vt 0.688214 0.232076
vt 0.671976 0.246676
vt 0.690546 0.239176
vt 0.692360 0.244332
vt 0.675351 0.253553
vt 0.695521 0.251794
vt 0.681423 0.265192
vt 0.686285 0.273757
vt 0.693767 0.283633
vt 0.706487 0.251697
vt 0.694458 0.241197
vt 0.701376 0.291039
vt 0.692839 0.225722
vt 0.706487 0.295120
vt 0.747004 0.251335
vt 0.747004 0.297714
vt 0.709097 0.297143
vt 0.744624 0.299321
vt 0.711831 0.298881
vt 0.741807 0.301999
vt 0.714703 0.301627
vt 0.739491 0.304527
vt 0.717436 0.304411
vt 0.738614 0.306050
vt 0.718381 0.306275
vt 0.738591 0.310101
vt 0.718507 0.310369
vt 0.753395 0.292719
vt 0.748317 0.296828
vt 0.759859 0.286856
vt 0.764753 0.281593
vt 0.738027 0.333414
vt 0.745066 0.309976
vt 0.749214 0.310586
vt 0.752818 0.311938
vt 0.755380 0.313554
vt 0.758150 0.316278
vt 0.759743 0.319394
vt 0.760112 0.321241
vt 0.764418 0.324388
vt 0.767813 0.328436
vt 0.769968 0.332811
vt 0.770555 0.337512
vt 0.770490 0.341429
vt 0.769054 0.344498
vt 0.765789 0.348089
vt 0.761480 0.350439
vt 0.757367 0.351092
vt 0.737600 0.351024
vt 0.757236 0.355206
vt 0.756322 0.365522
vt 0.754624 0.376621
vt 0.752274 0.385501
vt 0.718667 0.333779
vt 0.715062 0.310098
vt 0.707921 0.310461
vt 0.704064 0.311537
vt 0.701357 0.312908
vt 0.699380 0.314725
vt 0.697131 0.317344
vt 0.695597 0.321098
vt 0.690096 0.325897
vt 0.687011 0.330321
vt 0.685689 0.334401
vt 0.685362 0.338580
vt 0.685691 0.342376
vt 0.687779 0.345730
vt 0.690130 0.348015
vt 0.692741 0.349387
vt 0.698291 0.350888
vt 0.718786 0.350959
vt 0.698813 0.359572
vt 0.700184 0.370214
vt 0.702078 0.379420
vt 0.719119 0.399530
vt 0.704951 0.389475
vt 0.724146 0.400705
vt 0.718140 0.413763
vt 0.729435 0.400705
vt 0.698095 0.418073
vt 0.717030 0.425059
vt 0.696267 0.428454
vt 0.715202 0.433612
vt 0.736421 0.399726
vt 0.695679 0.435179
vt 0.712525 0.440794
vt 0.750576 0.389288
vt 0.707254 0.445634
vt 0.696463 0.440925
vt 0.699270 0.444907
vt 0.703253 0.446017
vt 0.753906 0.404566
vt 0.736878 0.404557
vt 0.737597 0.414351
vt 0.757758 0.420301
vt 0.738184 0.422121
vt 0.739425 0.429107
vt 0.759587 0.432054
vt 0.741384 0.435701
vt 0.744061 0.441708
vt 0.759652 0.437865
vt 0.747004 0.444851
vt 0.758672 0.441782
vt 0.755996 0.444589
vt 0.749401 0.445830
vt 0.753188 0.445961
vt 0.731156 0.023282
vt 0.733500 0.022249
vt 0.729695 0.024945
vt 0.729544 0.025650
vt 0.738714 0.020838
vt 0.747004 0.045407
vt 0.729544 0.028446
vt 0.742972 0.020007
vt 0.747004 0.019856
vt 0.751361 0.018974
vt 0.769523 0.033876
vt 0.751689 0.017463
vt 0.754031 0.015019
vt 0.757609 0.013457
vt 0.762572 0.011895
vt 0.769676 0.010887
vt 0.777788 0.010459
vt 0.783280 0.010510
vt 0.788545 0.011139
vt 0.793307 0.012701
vt 0.796355 0.014288
vt 0.799053 0.016124
vt 0.800702 0.017910
vt 0.801344 0.020814
vt 0.801522 0.025659
vt 0.801254 0.031270
vt 0.800684 0.035083
vt 0.799491 0.039215
vt 0.797816 0.042173
vt 0.796070 0.044310
vt 0.793309 0.047249
vt 0.789996 0.049761
vt 0.786753 0.051614
vt 0.784153 0.052558
vt 0.784936 0.055996
vt 0.785041 0.062093
vt 0.747004 0.074327
vt 0.784683 0.071180
vt 0.783712 0.082391
vt 0.782213 0.094811
vt 0.747004 0.104854
vt 0.780550 0.106223
vt 0.747004 0.158797
vt 0.782415 0.105568
vt 0.786082 0.105646
vt 0.788186 0.106616
vt 0.790365 0.107826
vt 0.793149 0.110244
vt 0.794081 0.110420
vt 0.797305 0.112411
vt 0.801009 0.115937
vt 0.803956 0.120283
vt 0.805531 0.125120
vt 0.806035 0.130095
vt 0.806406 0.135600
vt 0.806658 0.143158
vt 0.806497 0.147443
vt 0.805726 0.150992
vt 0.804769 0.154519
vt 0.803408 0.157291
vt 0.802552 0.158797
vt 0.770204 0.172175
vt 0.772130 0.174232
vt 0.804226 0.161510
vt 0.768027 0.193618
vt 0.773664 0.175570
vt 0.804502 0.163911
vt 0.804456 0.167281
vt 0.766330 0.206415
vt 0.774741 0.176093
vt 0.802794 0.169867
vt 0.800763 0.172037
vt 0.798455 0.173791
vt 0.796931 0.174761
vt 0.796931 0.183533
vt 0.775601 0.186044
vt 0.796423 0.191889
vt 0.775144 0.194271
vt 0.795269 0.203569
vt 0.774556 0.203020
vt 0.794023 0.212064
vt 0.773120 0.212813
vt 0.792407 0.221898
vt 0.771292 0.221954
vt 0.790237 0.230347
vt 0.767896 0.233184
vt 0.786821 0.240688
vt 0.784097 0.248167
vt 0.763326 0.246700
vt 0.780450 0.255739
vt 0.761563 0.251205
vt 0.776341 0.263449
vt 0.770893 0.273375
vt 0.763261 0.232466
vt 0.729885 0.128355
vt 0.728905 0.120054
vt 0.727391 0.103416
vt 0.730633 0.121176
vt 0.731203 0.111236
vt 0.731382 0.104217
vt 0.730616 0.092870
vt 0.727693 0.088595
vt 0.730188 0.078939
vt 0.729654 0.069213
vt 0.727925 0.076125
vt 0.728228 0.065009
vt 0.728585 0.050206
vt 0.885335 0.026954
vt 0.882488 0.026072
vt 0.888006 0.029549
vt 0.876039 0.024384
vt 0.887955 0.032773
vt 0.870698 0.023603
vt 0.887779 0.034083
vt 0.867091 0.023654
vt 0.867091 0.064281
vt 0.888585 0.034612
vt 0.837180 0.035220
vt 0.863039 0.022828
vt 0.862585 0.021266
vt 0.860217 0.018798
vt 0.856968 0.017462
vt 0.853037 0.016178
vt 0.847445 0.015069
vt 0.837343 0.014238
vt 0.831171 0.014213
vt 0.824873 0.015119
vt 0.820136 0.016631
vt 0.815778 0.019175
vt 0.813435 0.021644
vt 0.812956 0.026658
vt 0.813561 0.033459
vt 0.815072 0.039657
vt 0.816786 0.043662
vt 0.820111 0.047920
vt 0.822958 0.050741
vt 0.827316 0.053890
vt 0.830415 0.055704
vt 0.833136 0.056561
vt 0.832111 0.063102
vt 0.831832 0.072006
vt 0.832078 0.080697
vt 0.832241 0.083569
vt 0.833570 0.094251
vt 0.867091 0.106724
vt 0.835393 0.105981
vt 0.836212 0.109882
vt 0.867091 0.162594
vt 0.834962 0.109403
vt 0.831230 0.109332
vt 0.827694 0.111109
vt 0.824243 0.113855
vt 0.823437 0.113880
vt 0.819507 0.116399
vt 0.815854 0.120002
vt 0.813335 0.124259
vt 0.811521 0.129247
vt 0.810815 0.136679
vt 0.810538 0.147184
vt 0.810590 0.150812
vt 0.811344 0.154339
vt 0.812698 0.158805
vt 0.814584 0.162594
vt 0.847239 0.175793
vt 0.849160 0.212590
vt 0.813181 0.164903
vt 0.812715 0.167472
vt 0.844381 0.178798
vt 0.812828 0.170748
vt 0.813823 0.172838
vt 0.815713 0.175055
vt 0.818383 0.177436
vt 0.842292 0.179989
vt 0.820373 0.178670
vt 0.820461 0.186712
vt 0.841577 0.188025
vt 0.820536 0.192506
vt 0.841733 0.193052
vt 0.842095 0.199219
vt 0.821544 0.203187
vt 0.842741 0.208115
vt 0.823610 0.217748
vt 0.843877 0.214931
vt 0.825348 0.226767
vt 0.845604 0.224370
vt 0.847288 0.230718
vt 0.829278 0.240371
vt 0.848817 0.235874
vt 0.832578 0.250473
vt 0.851149 0.242974
vt 0.852963 0.248130
vt 0.835954 0.257351
vt 0.856124 0.255592
vt 0.842026 0.268990
vt 0.846888 0.277555
vt 0.854370 0.287430
vt 0.867091 0.255494
vt 0.861979 0.294837
vt 0.855061 0.244995
vt 0.867091 0.298918
vt 0.853442 0.229520
vt 0.907607 0.301512
vt 0.907607 0.255132
vt 0.869700 0.300941
vt 0.905227 0.303119
vt 0.872434 0.302679
vt 0.902410 0.305797
vt 0.875305 0.305425
vt 0.900094 0.308324
vt 0.878039 0.308209
vt 0.899217 0.309848
vt 0.878984 0.310073
vt 0.899194 0.313899
vt 0.879110 0.314167
vt 0.898630 0.337211
vt 0.905669 0.313774
vt 0.909816 0.314384
vt 0.913421 0.315736
vt 0.915983 0.317351
vt 0.918753 0.320075
vt 0.920346 0.323192
vt 0.920715 0.325038
vt 0.925021 0.328186
vt 0.928416 0.332234
vt 0.930571 0.336609
vt 0.931158 0.341309
vt 0.931093 0.345227
vt 0.929657 0.348296
vt 0.926392 0.351887
vt 0.922083 0.354237
vt 0.917970 0.354890
vt 0.898203 0.354822
vt 0.917839 0.359004
vt 0.916925 0.369320
vt 0.915227 0.380419
vt 0.912877 0.389299
vt 0.879270 0.337577
vt 0.875665 0.313896
vt 0.868524 0.314259
vt 0.864667 0.315334
vt 0.861960 0.316706
vt 0.859982 0.318523
vt 0.857734 0.321142
vt 0.856200 0.324896
vt 0.850699 0.329695
vt 0.847614 0.334118
vt 0.846292 0.338199
vt 0.845965 0.342378
vt 0.846294 0.346173
vt 0.848382 0.349528
vt 0.850733 0.351813
vt 0.853344 0.353184
vt 0.858894 0.354686
vt 0.879389 0.354757
vt 0.859416 0.363370
vt 0.860787 0.374012
vt 0.862681 0.383218
vt 0.879722 0.403328
vt 0.865554 0.393273
vt 0.884749 0.404503
vt 0.878743 0.417561
vt 0.890038 0.404503
vt 0.858698 0.421870
vt 0.877633 0.428857
vt 0.856870 0.432252
vt 0.875805 0.437410
vt 0.897024 0.403524
vt 0.856282 0.438977
vt 0.873128 0.444592
vt 0.911179 0.393086
vt 0.867856 0.449432
vt 0.857066 0.444722
vt 0.859873 0.448705
vt 0.863856 0.449815
vt 0.914509 0.408364
vt 0.897481 0.408355
vt 0.898200 0.418149
vt 0.918361 0.424099
vt 0.898787 0.425919
vt 0.900028 0.432905
vt 0.920189 0.435851
vt 0.901987 0.439499
vt 0.904664 0.445506
vt 0.920255 0.441662
vt 0.907607 0.448648
vt 0.919275 0.445580
vt 0.916599 0.448387
vt 0.910004 0.449628
vt 0.913791 0.449758
vt 0.891759 0.027080
vt 0.890298 0.028742
vt 0.894102 0.026047
vt 0.890147 0.029448
vt 0.899317 0.024636
vt 0.907607 0.049205
vt 0.890147 0.032244
vt 0.903575 0.023805
vt 0.907607 0.023654
vt 0.911964 0.022772
vt 0.930126 0.037673
vt 0.912292 0.021260
vt 0.914635 0.018817
vt 0.918212 0.017255
vt 0.923175 0.015693
vt 0.930279 0.014685
vt 0.938391 0.014257
vt 0.943883 0.014307
vt 0.949148 0.014937
vt 0.953910 0.016499
vt 0.956958 0.018086
vt 0.959657 0.019922
vt 0.961305 0.021708
vt 0.961946 0.024612
vt 0.962125 0.029457
vt 0.961857 0.035068
vt 0.961287 0.038880
vt 0.960094 0.043013
vt 0.958419 0.045970
vt 0.956673 0.048108
vt 0.953912 0.051047
vt 0.950599 0.053559
vt 0.947357 0.055412
vt 0.944756 0.056356
vt 0.945539 0.059794
vt 0.945644 0.065890
vt 0.907607 0.078125
vt 0.945286 0.074978
vt 0.944315 0.086189
vt 0.942816 0.098608
vt 0.907607 0.108652
vt 0.941153 0.110020
vt 0.907607 0.162594
vt 0.943017 0.109365
vt 0.946685 0.109444
vt 0.948789 0.110414
vt 0.950968 0.111623
vt 0.953752 0.114042
vt 0.954684 0.114218
vt 0.957909 0.116208
vt 0.961612 0.119735
vt 0.964559 0.124081
vt 0.966134 0.128918
vt 0.966637 0.133893
vt 0.967009 0.139398
vt 0.967261 0.146955
vt 0.967100 0.151240
vt 0.966329 0.154790
vt 0.965371 0.158317
vt 0.964011 0.161088
vt 0.963155 0.162594
vt 0.930807 0.175973
vt 0.932733 0.178030
vt 0.964828 0.165308
vt 0.928630 0.197416
vt 0.934267 0.179368
vt 0.965105 0.167709
vt 0.965059 0.171079
vt 0.926933 0.210213
vt 0.935344 0.179890
vt 0.963397 0.173665
vt 0.961366 0.175835
vt 0.959058 0.177589
vt 0.957534 0.178558
vt 0.957534 0.187330
vt 0.936204 0.189842
vt 0.957026 0.195687
vt 0.935747 0.198068
vt 0.955872 0.207367
vt 0.935159 0.206817
vt 0.954626 0.215862
vt 0.933723 0.216611
vt 0.953010 0.225696
vt 0.931894 0.225752
vt 0.950840 0.234144
vt 0.928499 0.236982
vt 0.947424 0.244486
vt 0.944700 0.251965
vt 0.923929 0.250497
vt 0.941053 0.259537
vt 0.922166 0.255002
vt 0.936944 0.267247
vt 0.931496 0.277173
vt 0.925356 0.285391
vt 0.920462 0.290654
vt 0.923864 0.236264
vt 0.913998 0.296517
vt 0.908920 0.300626
vt 0.890487 0.132152
vt 0.889508 0.123851
vt 0.887994 0.107213
vt 0.891236 0.124974
vt 0.891806 0.115033
vt 0.891985 0.108015
vt 0.891219 0.096667
vt 0.888296 0.092392
vt 0.890791 0.082737
vt 0.890257 0.073011
vt 0.888528 0.079923
vt 0.888831 0.068807
vt 0.889188 0.054004
vt 0.734204 0.995511
vt 0.718659 0.995511
vt 0.718659 0.982947
vt 0.734204 0.982947
vt 0.750978 0.995511
vt 0.750978 0.982947
vt 0.766123 0.995511
vt 0.766123 0.982947
vt 0.778489 0.995511
vt 0.778489 0.982947
vt 0.787001 0.995511
vt 0.787001 0.982947
vt 0.792206 0.995511
vt 0.792206 0.982947
vt 0.722376 0.995511
vt 0.716521 0.995511
vt 0.716521 0.982947
vt 0.722376 0.982947
vt 0.727686 0.995511
vt 0.727686 0.982947
vt 0.733362 0.995511
vt 0.733362 0.982947
vt 0.740379 0.995511
vt 0.740379 0.982947
vt 0.743743 0.995511
vt 0.743743 0.982947
vt 0.746642 0.995511
vt 0.746642 0.982947
vt 0.747615 0.995511
vt 0.747615 0.982947
vt 0.751220 0.995511
vt 0.751220 0.982947
vt 0.754856 0.995511
vt 0.754856 0.982947
vt 0.714351 0.982947
vt 0.714351 0.995511
vt 0.709809 0.982947
vt 0.709809 0.995511
vt 0.704584 0.982947
vt 0.704584 0.995511
vt 0.697676 0.982947
vt 0.697676 0.995511
vt 0.688227 0.982947
vt 0.688227 0.995511
vt 0.677544 0.982947
vt 0.677544 0.995511
vt 0.670203 0.982947
vt 0.670203 0.995511
vt 0.663082 0.982947
vt 0.663082 0.995511
vt 0.656313 0.982947
vt 0.656313 0.995511
vt 0.651534 0.982947
vt 0.651534 0.995511
vt 0.646953 0.982947
vt 0.646953 0.995511
vt 0.643416 0.982947
vt 0.643416 0.995511
vt 0.677893 0.982947
vt 0.677893 0.995511
vt 0.673514 0.982947
vt 0.673514 0.995511
vt 0.668217 0.982947
vt 0.668217 0.995511
vt 0.660664 0.982947
vt 0.660664 0.995511
vt 0.654887 0.982947
vt 0.654887 0.995511
vt 0.647355 0.982947
vt 0.647355 0.995511
vt 0.641186 0.982947
vt 0.641186 0.995511
vt 0.632459 0.982947
vt 0.632459 0.995511
vt 0.623184 0.982947
vt 0.623184 0.995511
vt 0.616227 0.982947
vt 0.616227 0.995511
vt 0.687116 0.995511
vt 0.687116 0.982947
vt 0.699288 0.995511
vt 0.699288 0.982947
vt 0.711214 0.995511
vt 0.711214 0.982947
vt 0.715728 0.995511
vt 0.715728 0.982947
vt 0.730350 0.995511
vt 0.730350 0.982947
vt 0.746413 0.995511
vt 0.746413 0.982947
vt 0.752421 0.995511
vt 0.752421 0.982947
vt 0.503636 0.995511
vt 0.501909 0.995511
vt 0.501909 0.982947
vt 0.503636 0.982947
vt 0.507819 0.995511
vt 0.507819 0.982947
vt 0.512664 0.995511
vt 0.512664 0.982947
vt 0.516583 0.995511
vt 0.516583 0.982947
vt 0.525239 0.995511
vt 0.525239 0.982947
vt 0.532298 0.995511
vt 0.532298 0.982947
vt 0.537094 0.995511
vt 0.537094 0.982947
vt 0.542588 0.995511
vt 0.542588 0.982947
vt 0.500665 0.995511
vt 0.500665 0.982947
vt 0.639163 0.982947
vt 0.639163 0.995511
vt 0.632491 0.982947
vt 0.632491 0.995511
vt 0.624813 0.982947
vt 0.624813 0.995511
vt 0.619366 0.982947
vt 0.619366 0.995511
vt 0.613326 0.982947
vt 0.613326 0.995511
vt 0.608419 0.982947
vt 0.608419 0.995511
vt 0.604305 0.982947
vt 0.604305 0.995511
vt 0.598541 0.982947
vt 0.598541 0.995511
vt 0.592595 0.982947
vt 0.592595 0.995511
vt 0.587169 0.982947
vt 0.587169 0.995511
vt 0.582957 0.982947
vt 0.582957 0.995511
vt 0.611383 0.982947
vt 0.611383 0.995511
vt 0.604466 0.982947
vt 0.604466 0.995511
vt 0.597671 0.982947
vt 0.597671 0.995511
vt 0.589124 0.982947
vt 0.589124 0.995511
vt 0.580847 0.982947
vt 0.580847 0.995511
vt 0.567528 0.982947
vt 0.567528 0.995511
vt 0.559904 0.982947
vt 0.559904 0.995511
vt 0.554309 0.982947
vt 0.554309 0.995511
vt 0.549533 0.982947
vt 0.549533 0.995511
vt 0.544901 0.982947
vt 0.544901 0.995511
vt 0.566886 0.982947
vt 0.566886 0.995511
vt 0.560250 0.982947
vt 0.560250 0.995511
vt 0.553076 0.982947
vt 0.553076 0.995511
vt 0.547274 0.982947
vt 0.547274 0.995511
vt 0.541464 0.982947
vt 0.541464 0.995511
vt 0.526876 0.982947
vt 0.526876 0.995511
vt 0.516198 0.982947
vt 0.516198 0.995511
vt 0.508298 0.982947
vt 0.508298 0.995511
vt 0.500880 0.982947
vt 0.500880 0.995511
vt 0.571580 0.995511
vt 0.571580 0.982947
vt 0.576175 0.995511
vt 0.576175 0.982947
vt 0.581635 0.995511
vt 0.581635 0.982947
vt 0.585881 0.995511
vt 0.585881 0.982947
vt 0.590904 0.995511
vt 0.590904 0.982947
vt 0.596788 0.995511
vt 0.596788 0.982947
vt 0.601106 0.995511
vt 0.601106 0.982947
vt 0.653012 0.995511
vt 0.640499 0.995511
vt 0.640499 0.982947
vt 0.653012 0.982947
vt 0.668117 0.995511
vt 0.668117 0.982947
vt 0.681516 0.995511
vt 0.681516 0.982947
vt 0.696264 0.995511
vt 0.696264 0.982947
vt 0.735232 0.995511
vt 0.735232 0.982947
vt 0.750080 0.995511
vt 0.750080 0.982947
vt 0.760078 0.995511
vt 0.760078 0.982947
vt 0.768857 0.995511
vt 0.768857 0.982947
vt 0.776448 0.995511
vt 0.776448 0.982947
vt 0.537382 0.982947
vt 0.537382 0.995511
vt 0.530753 0.982947
vt 0.530753 0.995511
vt 0.516148 0.982947
vt 0.516148 0.995511
vt 0.500430 0.982947
vt 0.500430 0.995511
vt 0.544076 0.995511
vt 0.544076 0.982947
vt 0.551722 0.995511
vt 0.551722 0.982947
vt 0.559299 0.995511
vt 0.559299 0.982947
vt 0.565003 0.995511
vt 0.565003 0.982947
vt 0.571386 0.995511
vt 0.571386 0.982947
vt 0.578816 0.995511
vt 0.578816 0.982947
vt 0.586425 0.995511
vt 0.586425 0.982947
vt 0.594553 0.995511
vt 0.594553 0.982947
vt 0.602745 0.995511
vt 0.602745 0.982947
vt 0.606526 0.995511
vt 0.606526 0.982947
vt 0.612372 0.995511
vt 0.612372 0.982947
vt 0.618710 0.995511
vt 0.618710 0.982947
vt 0.623951 0.995511
vt 0.623951 0.982947
vt 0.630239 0.995511
vt 0.630239 0.982947
vt 0.636962 0.995511
vt 0.636962 0.982947
vt 0.646603 0.995511
vt 0.646603 0.982947
vt 0.535746 0.995511
vt 0.529894 0.995511
vt 0.529894 0.982947
vt 0.535746 0.982947
vt 0.546319 0.995511
vt 0.546319 0.982947
vt 0.552870 0.995511
vt 0.552870 0.982947
vt 0.558182 0.995511
vt 0.558182 0.982947
vt 0.563045 0.995511
vt 0.563045 0.982947
vt 0.568886 0.995511
vt 0.568886 0.982947
vt 0.575497 0.995511
vt 0.575497 0.982947
vt 0.586253 0.995511
vt 0.586253 0.982947
vt 0.594569 0.995511
vt 0.594569 0.982947
vt 0.601471 0.995511
vt 0.601471 0.982947
vt 0.608244 0.995511
vt 0.608244 0.982947
vt 0.614526 0.995511
vt 0.614526 0.982947
vt 0.620986 0.995511
vt 0.620986 0.982947
vt 0.626581 0.995511
vt 0.626581 0.982947
vt 0.631752 0.995511
vt 0.631752 0.982947
vt 0.783883 0.982947
vt 0.783883 0.995511
vt 0.770779 0.982947
vt 0.770779 0.995511
vt 0.764113 0.982947
vt 0.764113 0.995511
vt 0.742766 0.982947
vt 0.742766 0.995511
vt 0.720701 0.982947
vt 0.720701 0.995511
vt 0.704142 0.982947
vt 0.704142 0.995511
vt 0.695361 0.982947
vt 0.695361 0.995511
vt 0.688848 0.982947
vt 0.688848 0.995511
vt 0.682540 0.982947
vt 0.682540 0.995511
vt 0.570065 0.982947
vt 0.570065 0.995511
vt 0.550483 0.982947
vt 0.550483 0.995511
vt 0.534628 0.982947
vt 0.534628 0.995511
vt 0.522098 0.982947
vt 0.522098 0.995511
vt 0.510949 0.982947
vt 0.510949 0.995511
vt 0.500449 0.982947
vt 0.500449 0.995511
vt 0.604016 0.995511
vt 0.596471 0.995511
vt 0.596471 0.982947
vt 0.604016 0.982947
vt 0.617909 0.995511
vt 0.617909 0.982947
vt 0.629210 0.995511
vt 0.629210 0.982947
vt 0.639622 0.995511
vt 0.639622 0.982947
vt 0.649757 0.995511
vt 0.649757 0.982947
vt 0.659506 0.995511
vt 0.659506 0.982947
vt 0.666354 0.995511
vt 0.666354 0.982947
vt 0.586112 0.982947
vt 0.586112 0.995511
vt 0.578009 0.982947
vt 0.578009 0.995511
vt 0.671009 0.995511
vt 0.671009 0.982947
vt 0.677199 0.995511
vt 0.677199 0.982947
vt 0.789586 0.982947
vt 0.789586 0.995511
vt 0.783093 0.982947
vt 0.783093 0.995511
vt 0.506192 0.995511
vt 0.500624 0.995511
vt 0.500624 0.982947
vt 0.506192 0.982947
vt 0.512702 0.995511
vt 0.512702 0.982947
vt 0.519121 0.995511
vt 0.519121 0.982947
vt 0.523225 0.995511
vt 0.523225 0.982947
vt 0.795325 0.982947
vt 0.795325 0.995511
vt 0.789679 0.982947
vt 0.789679 0.995511
vt 0.779895 0.982947
vt 0.779895 0.995511
vt 0.764904 0.982947
vt 0.764904 0.995511
vt 0.747653 0.982947
vt 0.747653 0.995511
vt 0.733654 0.982947
vt 0.733654 0.995511
vt 0.715471 0.982947
vt 0.715471 0.995511
vt 0.704281 0.982947
vt 0.704281 0.995511
vt 0.689307 0.982947
vt 0.689307 0.995511
vt 0.669824 0.982947
vt 0.669824 0.995511
vt 0.656709 0.982947
vt 0.656709 0.995511
vt 0.636544 0.982947
vt 0.636544 0.995511
vt 0.621473 0.982947
vt 0.621473 0.995511
vt 0.612720 0.982947
vt 0.612720 0.995511
vt 0.653140 0.995511
vt 0.653140 0.982947
vt 0.656742 0.995511
vt 0.656742 0.982947
vt 0.662475 0.995511
vt 0.662475 0.982947
vt 0.668788 0.995511
vt 0.668788 0.982947
vt 0.673801 0.995511
vt 0.673801 0.982947
vt 0.677161 0.995511
vt 0.677161 0.982947
vt 0.686842 0.995511
vt 0.686842 0.982947
vt 0.699322 0.995511
vt 0.699322 0.982947
vt 0.709828 0.995511
vt 0.709828 0.982947
vt 0.724253 0.995511
vt 0.724253 0.982947
vt 0.740032 0.995511
vt 0.740032 0.982947
vt 0.752498 0.995511
vt 0.752498 0.982947
vt 0.764530 0.995511
vt 0.764530 0.982947
vt 0.775988 0.995511
vt 0.775988 0.982947
vt 0.791184 0.995511
vt 0.791184 0.982947
vt 0.512850 0.995511
vt 0.500435 0.995511
vt 0.500435 0.982947
vt 0.512850 0.982947
vt 0.526845 0.995511
vt 0.526845 0.982947
vt 0.539067 0.995511
vt 0.539067 0.982947
vt 0.555307 0.995511
vt 0.555307 0.982947
vt 0.567235 0.995511
vt 0.567235 0.982947
vt 0.579664 0.995511
vt 0.579664 0.982947
vt 0.688866 0.195368
vt 0.790202 0.982947
vt 0.790202 0.995511
vt 0.782570 0.982947
vt 0.782570 0.995511
vt 0.775551 0.982947
vt 0.775551 0.995511
vt 0.773490 0.982947
vt 0.773490 0.995511
vt 0.766844 0.982947
vt 0.766844 0.995511
vt 0.760801 0.982947
vt 0.760801 0.995511
vt 0.755069 0.982947
vt 0.755069 0.995511
vt 0.583177 0.995511
vt 0.583177 0.982947
vt 0.588077 0.995511
vt 0.588077 0.982947
vt 0.593059 0.995511
vt 0.593059 0.982947
vt 0.598158 0.995511
vt 0.598158 0.982947
vt 0.603624 0.995511
vt 0.603624 0.982947
vt 0.607858 0.995511
vt 0.607858 0.982947
vt 0.613065 0.995511
vt 0.613065 0.982947
vt 0.616398 0.995511
vt 0.616398 0.982947
vt 0.621449 0.995511
vt 0.621449 0.982947
vt 0.627210 0.995511
vt 0.627210 0.982947
vt 0.632928 0.995511
vt 0.632928 0.982947
vt 0.639469 0.995511
vt 0.639469 0.982947
vt 0.650179 0.995511
vt 0.650179 0.982947
vt 0.658260 0.995511
vt 0.658260 0.982947
vt 0.665663 0.995511
vt 0.665663 0.982947
vt 0.673159 0.995511
vt 0.673159 0.982947
vt 0.680848 0.995511
vt 0.680848 0.982947
vt 0.715309 0.982947
vt 0.715309 0.995511
vt 0.709775 0.982947
vt 0.709775 0.995511
vt 0.705950 0.982947
vt 0.705950 0.995511
vt 0.701880 0.982947
vt 0.701880 0.995511
vt 0.696263 0.982947
vt 0.696263 0.995511
vt 0.694128 0.982947
vt 0.694128 0.995511
vt 0.688344 0.982947
vt 0.688344 0.995511
s 0
usemtl Matériau.004
f 2823/2517/935 2822/2518/935 2821/2519/935
f 2822/2518/935 2824/2520/935 2821/2519/935
f 2822/2518/935 2825/2521/935 2824/2520/935
f 2825/2521/935 2826/2522/935 2824/2520/935
f 2825/2521/935 2827/2523/935 2826/2522/935
f 2827/2523/935 2828/2524/935 2826/2522/935
f 2828/2524/935 2827/2523/935 2829/2525/935
f 2827/2523/935 2830/2526/935 2829/2525/935
f 2828/2524/935 2829/2525/935 2831/2527/935
f 2832/2528/935 2828/2524/935 2831/2527/935
f 2832/2528/935 2831/2527/935 2833/2529/935
f 2833/2529/935 2831/2527/935 2834/2530/935
f 2834/2530/935 2831/2527/935 2835/2531/935
f 2835/2531/935 2831/2527/935 2836/2532/935
f 2836/2532/935 2831/2527/935 2837/2533/935
f 2837/2533/935 2831/2527/935 2838/2534/935
f 2838/2534/935 2831/2527/935 2839/2535/935
f 2839/2535/935 2831/2527/935 2840/2536/935
f 2840/2536/935 2831/2527/935 2841/2537/935
f 2841/2537/935 2831/2527/935 2842/2538/935
f 2842/2538/935 2831/2527/935 2843/2539/935
f 2843/2539/935 2831/2527/935 2844/2540/935
f 2844/2540/935 2831/2527/935 2845/2541/935
f 2845/2541/935 2831/2527/935 2846/2542/935
f 2846/2542/935 2831/2527/935 2847/2543/935
f 2847/2543/935 2831/2527/935 2848/2544/935
f 2848/2544/935 2831/2527/935 2849/2545/935
f 2849/2545/935 2831/2527/935 2850/2546/935
f 2850/2546/935 2831/2527/935 2851/2547/935
f 2851/2547/935 2831/2527/935 2852/2548/935
f 2831/2527/935 2829/2525/935 2852/2548/935
f 2852/2548/935 2829/2525/935 2853/2549/935
f 2853/2549/935 2829/2525/935 2854/2550/935
f 2854/2550/935 2829/2525/935 2855/2551/935
f 2829/2525/935 2856/2552/935 2855/2551/935
f 2857/2553/935 2856/2552/935 2829/2525/935
f 2829/2525/935 2858/2554/935 2857/2553/935
f 2858/2554/935 2859/2555/935 2857/2553/935
f 2860/2556/935 2859/2555/935 2858/2554/935
f 2858/2554/935 2861/2557/935 2860/2556/935
f 2860/2556/935 2861/2557/935 2862/2558/935
f 2862/2558/935 2861/2557/935 2863/2559/935
f 2863/2559/935 2861/2557/935 2864/2560/935
f 2864/2560/935 2861/2557/935 2865/2561/935
f 2866/2562/935 2865/2561/935 2861/2557/935
f 2866/2562/935 2861/2557/935 2867/2563/935
f 2867/2563/935 2861/2557/935 2868/2564/935
f 2868/2564/935 2861/2557/935 2869/2565/935
f 2869/2565/935 2861/2557/935 2870/2566/935
f 2870/2566/935 2861/2557/935 2871/2567/935
f 2871/2567/935 2861/2557/935 2872/2568/935
f 2872/2568/935 2861/2557/935 2873/2569/935
f 2873/2569/935 2861/2557/935 2874/2570/935
f 2874/2570/935 2861/2557/935 2875/2571/935
f 2861/2557/935 2876/2572/935 2875/2571/935
f 2876/2572/935 2861/2557/935 2877/2573/935
f 2877/2573/935 2861/2557/935 2878/2574/935
f 2879/2575/935 2876/2572/935 2877/2573/935
f 2880/2576/935 2879/2575/935 2877/2573/935
f 2880/2576/935 2877/2573/935 2881/2577/935
f 2882/2578/935 2880/2576/935 2881/2577/935
f 2883/2579/935 2882/2578/935 2881/2577/935
f 2884/2580/935 2883/2579/935 2881/2577/935
f 2885/2581/935 2884/2580/935 2881/2577/935
f 2886/2582/935 2885/2581/935 2881/2577/935
f 2887/2583/935 2885/2581/935 2886/2582/935
f 2887/2583/935 2886/2582/935 2888/2584/935
f 2886/2582/935 2889/2585/935 2888/2584/935
f 2888/2584/935 2889/2585/935 2890/2586/935
f 2889/2585/935 2891/2587/935 2890/2586/935
f 2891/2587/935 2892/2588/935 2890/2586/935
f 2890/2586/935 2892/2588/935 2893/2589/935
f 2892/2588/935 2894/2590/935 2893/2589/935
f 2893/2589/935 2894/2590/935 2895/2591/935
f 2894/2590/935 2896/2592/935 2895/2591/935
f 2895/2591/935 2896/2592/935 2897/2593/935
f 2896/2592/935 2898/2594/935 2897/2593/935
f 2898/2594/935 2899/2595/935 2897/2593/935
f 2899/2595/935 2900/2596/935 2897/2593/935
f 2899/2595/935 2901/2597/935 2900/2596/935
f 2900/2596/935 2901/2597/935 2902/2598/935
f 2901/2597/935 2903/2599/935 2902/2598/935
f 2903/2599/935 2904/2600/935 2902/2598/935
f 2904/2600/935 2905/2601/935 2902/2598/935
f 2904/2600/935 2906/2602/935 2905/2601/935
f 2906/2602/935 2907/2603/935 2905/2601/935
f 2907/2603/935 2906/2602/935 2908/2604/935
f 2908/2604/935 2906/2602/935 2909/2605/935
f 2909/2605/935 2906/2602/935 2910/2606/935
f 2911/2607/935 2910/2606/935 2906/2602/935
f 2912/2608/935 2909/2605/935 2910/2606/935
f 2913/2609/935 2910/2606/935 2911/2607/935
f 2914/2610/935 2912/2608/935 2910/2606/935
f 2861/2557/935 2910/2606/935 2913/2609/935
f 2878/2574/935 2861/2557/935 2913/2609/935
f 2915/2611/935 2910/2606/935 2861/2557/935
f 2910/2606/935 2915/2611/935 2916/2612/935
f 2914/2610/935 2910/2606/935 2916/2612/935
f 2917/2613/935 2914/2610/935 2916/2612/935
f 2918/2614/935 2917/2613/935 2916/2612/935
f 2919/2615/935 2917/2613/935 2918/2614/935
f 2920/2616/935 2919/2615/935 2918/2614/935
f 2921/2617/935 2919/2615/935 2920/2616/935
f 2922/2618/935 2921/2617/935 2920/2616/935
f 2923/2619/935 2921/2617/935 2922/2618/935
f 2924/2620/935 2923/2619/935 2922/2618/935
f 2925/2621/935 2923/2619/935 2924/2620/935
f 2925/2621/935 2924/2620/935 2926/2622/935
f 2927/2623/935 2925/2621/935 2926/2622/935
f 2916/2612/935 2915/2611/935 2928/2624/935
f 2929/2625/935 2916/2612/935 2928/2624/935
f 2928/2624/935 2915/2611/935 2930/2626/935
f 2930/2626/935 2915/2611/935 2931/2627/935
f 2926/2622/935 2932/2628/935 2927/2623/935
f 2926/2622/935 2933/2629/935 2932/2628/935
f 2933/2629/935 2934/2630/935 2932/2628/935
f 2934/2630/935 2935/2631/935 2932/2628/935
f 2935/2631/935 2936/2632/935 2932/2628/935
f 2936/2632/935 2937/2633/935 2932/2628/935
f 2937/2633/935 2938/2634/935 2932/2628/935
f 2938/2634/935 2939/2635/935 2932/2628/935
f 2939/2635/935 2940/2636/935 2932/2628/935
f 2940/2636/935 2941/2637/935 2932/2628/935
f 2941/2637/935 2942/2638/935 2932/2628/935
f 2942/2638/935 2943/2639/935 2932/2628/935
f 2943/2639/935 2944/2640/935 2932/2628/935
f 2944/2640/935 2945/2641/935 2932/2628/935
f 2945/2641/935 2946/2642/935 2932/2628/935
f 2946/2642/935 2947/2643/935 2932/2628/935
f 2947/2643/935 2948/2644/935 2932/2628/935
f 2932/2628/935 2948/2644/935 2949/2645/935
f 2950/2646/935 2949/2645/935 2948/2644/935
f 2951/2647/935 2949/2645/935 2950/2646/935
f 2952/2648/935 2949/2645/935 2951/2647/935
f 2953/2649/935 2949/2645/935 2952/2648/935
f 2932/2628/935 2949/2645/935 2954/2650/935
f 2932/2628/935 2954/2650/935 2927/2623/935
f 2927/2623/935 2954/2650/935 2955/2651/935
f 2955/2651/935 2954/2650/935 2956/2652/935
f 2956/2652/935 2954/2650/935 2957/2653/935
f 2957/2653/935 2954/2650/935 2958/2654/935
f 2958/2654/935 2954/2650/935 2959/2655/935
f 2959/2655/935 2954/2650/935 2960/2656/935
f 2960/2656/935 2954/2650/935 2961/2657/935
f 2961/2657/935 2954/2650/935 2962/2658/935
f 2962/2658/935 2954/2650/935 2963/2659/935
f 2963/2659/935 2954/2650/935 2964/2660/935
f 2964/2660/935 2954/2650/935 2965/2661/935
f 2965/2661/935 2954/2650/935 2966/2662/935
f 2966/2662/935 2954/2650/935 2967/2663/935
f 2967/2663/935 2954/2650/935 2968/2664/935
f 2968/2664/935 2954/2650/935 2969/2665/935
f 2969/2665/935 2954/2650/935 2970/2666/935
f 2954/2650/935 2971/2667/935 2970/2666/935
f 2972/2668/935 2970/2666/935 2971/2667/935
f 2973/2669/935 2972/2668/935 2971/2667/935
f 2974/2670/935 2973/2669/935 2971/2667/935
f 2949/2645/935 2971/2667/935 2954/2650/935
f 2974/2670/935 2971/2667/935 2975/2671/935
f 2976/2672/935 2974/2670/935 2975/2671/935
f 2975/2671/935 2971/2667/935 2977/2673/935
f 2976/2672/935 2975/2671/935 2978/2674/935
f 2977/2673/935 2971/2667/935 2979/2675/935
f 2971/2667/935 2949/2645/935 2979/2675/935
f 2980/2676/935 2976/2672/935 2978/2674/935
f 2981/2677/935 2980/2676/935 2978/2674/935
f 2982/2678/935 2980/2676/935 2981/2677/935
f 2983/2679/935 2982/2678/935 2981/2677/935
f 2984/2680/935 2979/2675/935 2949/2645/935
f 2985/2681/935 2982/2678/935 2983/2679/935
f 2986/2682/935 2985/2681/935 2983/2679/935
f 2984/2680/935 2949/2645/935 2953/2649/935
f 2987/2683/935 2984/2680/935 2953/2649/935
f 2985/2681/935 2986/2682/935 2988/2684/935
f 2989/2685/935 2985/2681/935 2988/2684/935
f 2990/2686/935 2989/2685/935 2988/2684/935
f 2991/2687/935 2990/2686/935 2988/2684/935
f 2984/2680/935 2987/2683/935 2992/2688/935
f 2993/2689/935 2984/2680/935 2992/2688/935
f 2994/2690/935 2993/2689/935 2992/2688/935
f 2994/2690/935 2992/2688/935 2995/2691/935
f 2996/2692/935 2994/2690/935 2995/2691/935
f 2997/2693/935 2996/2692/935 2995/2691/935
f 2997/2693/935 2995/2691/935 2998/2694/935
f 2999/2695/935 2997/2693/935 2998/2694/935
f 3000/2696/935 2999/2695/935 2998/2694/935
f 3001/2697/935 3000/2696/935 2998/2694/935
f 3002/2698/935 3000/2696/935 3001/2697/935
f 3003/2699/935 3002/2698/935 3001/2697/935
f 3002/2698/935 3003/2699/935 3004/2700/935
f 3005/2701/935 3002/2698/935 3004/2700/935
f 3006/2702/935 3005/2701/935 3004/2700/935
f 3009/2703/935 3008/2704/935 3007/2705/935
f 3007/2705/935 3008/2704/935 3010/2706/935
f 3008/2704/935 3011/2707/935 3010/2706/935
f 3011/2707/935 3012/2708/935 3010/2706/935
f 3010/2706/935 3012/2708/935 3013/2709/935
f 3014/2710/935 3012/2708/935 3011/2707/935
f 3015/2711/935 3012/2708/935 3014/2710/935
f 3013/2709/935 3012/2708/935 2830/2526/935
f 3015/2711/935 3016/2712/935 3012/2708/935
f 3016/2712/935 3017/2713/935 3012/2708/935
f 3018/2714/935 3017/2713/935 3016/2712/935
f 3019/2715/935 3017/2713/935 3018/2714/935
f 3020/2716/935 3017/2713/935 3019/2715/935
f 3021/2717/935 3017/2713/935 3020/2716/935
f 3022/2718/935 3017/2713/935 3021/2717/935
f 3023/2719/935 3017/2713/935 3022/2718/935
f 3024/2720/935 3017/2713/935 3023/2719/935
f 3025/2721/935 3017/2713/935 3024/2720/935
f 3026/2722/935 3017/2713/935 3025/2721/935
f 3027/2723/935 3017/2713/935 3026/2722/935
f 3028/2724/935 3017/2713/935 3027/2723/935
f 3029/2725/935 3017/2713/935 3028/2724/935
f 3030/2726/935 3017/2713/935 3029/2725/935
f 3031/2727/935 3017/2713/935 3030/2726/935
f 3032/2728/935 3017/2713/935 3031/2727/935
f 3033/2729/935 3017/2713/935 3032/2728/935
f 3034/2730/935 3017/2713/935 3033/2729/935
f 3035/2731/935 3017/2713/935 3034/2730/935
f 3036/2732/935 3017/2713/935 3035/2731/935
f 3036/2732/935 3037/2733/935 3017/2713/935
f 3037/2733/935 3038/2734/935 3017/2713/935
f 3038/2734/935 3039/2735/935 3017/2713/935
f 3039/2735/935 3040/2736/935 3017/2713/935
f 3040/2736/935 3012/2708/935 3017/2713/935
f 3040/2736/935 3041/2737/935 3012/2708/935
f 3041/2737/935 3042/2738/935 3012/2708/935
f 3012/2708/935 3042/2738/935 3043/2739/935
f 3042/2738/935 3044/2740/935 3043/2739/935
f 3044/2740/935 3045/2741/935 3043/2739/935
f 3045/2741/935 3046/2742/935 3043/2739/935
f 3043/2739/935 3046/2742/935 3047/2743/935
f 3046/2742/935 3048/2744/935 3047/2743/935
f 3047/2743/935 3048/2744/935 3049/2745/935
f 3048/2744/935 3050/2746/935 3049/2745/935
f 3050/2746/935 3051/2747/935 3049/2745/935
f 3051/2747/935 3052/2748/935 3049/2745/935
f 3052/2748/935 3053/2749/935 3049/2745/935
f 3053/2749/935 3054/2750/935 3049/2745/935
f 3054/2750/935 3055/2751/935 3049/2745/935
f 3055/2751/935 3056/2752/935 3049/2745/935
f 3056/2752/935 3057/2753/935 3049/2745/935
f 3057/2753/935 3058/2754/935 3049/2745/935
f 3058/2754/935 3059/2755/935 3049/2745/935
f 3059/2755/935 3060/2756/935 3049/2745/935
f 3060/2756/935 3061/2757/935 3049/2745/935
f 3061/2757/935 3062/2758/935 3049/2745/935
f 3062/2758/935 3063/2759/935 3049/2745/935
f 3049/2745/935 3063/2759/935 3064/2760/935
f 3065/2761/935 3049/2745/935 3064/2760/935
f 3066/2762/935 3049/2745/935 3065/2761/935
f 3067/2763/935 3049/2745/935 3066/2762/935
f 3049/2745/935 3067/2763/935 3068/2764/935
f 3068/2764/935 3067/2763/935 3069/2765/935
f 3067/2763/935 3070/2766/935 3069/2765/935
f 3068/2764/935 3071/2767/935 3049/2745/935
f 3069/2765/935 3070/2766/935 3072/2768/935
f 3070/2766/935 3073/2769/935 3072/2768/935
f 3073/2769/935 3074/2770/935 3072/2768/935
f 3071/2767/935 3075/2771/935 3049/2745/935
f 3074/2770/935 3076/2772/935 3072/2768/935
f 3074/2770/935 3077/2773/935 3076/2772/935
f 3077/2773/935 3078/2774/935 3076/2772/935
f 3078/2774/935 3079/2775/935 3076/2772/935
f 3079/2775/935 3080/2776/935 3076/2772/935
f 3080/2776/935 3081/2777/935 3076/2772/935
f 3081/2777/935 3082/2778/935 3076/2772/935
f 3081/2777/935 3083/2779/935 3082/2778/935
f 3083/2779/935 3084/2780/935 3082/2778/935
f 3083/2779/935 3085/2781/935 3084/2780/935
f 3085/2781/935 3086/2782/935 3084/2780/935
f 3085/2781/935 3087/2783/935 3086/2782/935
f 3087/2783/935 3088/2784/935 3086/2782/935
f 3087/2783/935 3089/2785/935 3088/2784/935
f 3088/2784/935 3089/2785/935 3090/2786/935
f 3089/2785/935 3091/2787/935 3090/2786/935
f 3090/2786/935 3091/2787/935 3092/2788/935
f 3091/2787/935 3093/2789/935 3092/2788/935
f 3093/2789/935 3094/2790/935 3092/2788/935
f 3092/2788/935 3094/2790/935 3095/2791/935
f 3094/2790/935 3096/2792/935 3095/2791/935
f 3095/2791/935 3096/2792/935 3097/2793/935
f 3096/2792/935 3098/2794/935 3097/2793/935
f 3098/2794/935 3099/2795/935 3097/2793/935
f 3099/2795/935 2931/2627/935 3097/2793/935
f 2931/2627/935 2915/2611/935 3097/2793/935
f 3097/2793/935 2915/2611/935 3100/2796/935
f 2915/2611/935 3049/2745/935 3100/2796/935
f 3049/2745/935 3075/2771/935 3100/2796/935
f 3049/2745/935 2915/2611/935 2861/2557/935
f 3049/2745/935 2861/2557/935 3101/2797/935
f 3047/2743/935 3049/2745/935 3101/2797/935
f 3101/2797/935 2861/2557/935 3102/2798/935
f 2861/2557/935 2858/2554/935 3102/2798/935
f 3102/2798/935 2858/2554/935 3103/2799/935
f 3104/2800/935 3047/2743/935 3101/2797/935
f 2858/2554/935 2829/2525/935 3103/2799/935
f 3105/2801/935 3047/2743/935 3104/2800/935
f 3106/2802/935 3047/2743/935 3105/2801/935
f 3107/2803/935 3047/2743/935 3106/2802/935
f 2829/2525/935 3108/2804/935 3103/2799/935
f 3043/2739/935 3047/2743/935 3107/2803/935
f 3109/2805/935 3043/2739/935 3107/2803/935
f 3110/2806/935 3043/2739/935 3109/2805/935
f 3012/2708/935 3043/2739/935 3110/2806/935
f 3111/2807/935 3108/2804/935 2829/2525/935
f 3111/2807/935 2829/2525/935 3112/2808/935
f 3113/2809/935 3012/2708/935 3110/2806/935
f 3113/2809/935 3112/2808/935 2829/2525/935
f 2830/2526/935 3012/2708/935 3113/2809/935
f 2830/2526/935 3113/2809/935 2829/2525/935
f 3116/2810/936 3115/2811/936 3114/2812/936
f 3115/2811/936 3117/2813/936 3114/2812/936
f 3114/2812/936 3117/2813/936 3118/2814/936
f 3117/2813/936 3119/2815/936 3118/2814/936
f 3118/2814/936 3119/2815/936 3120/2816/936
f 3119/2815/936 3121/2817/936 3120/2816/936
f 3121/2817/936 3122/2818/936 3120/2816/936
f 3120/2816/936 3122/2818/936 3123/2819/936
f 3124/2820/936 3122/2818/936 3121/2817/936
f 3125/2821/936 3124/2820/936 3121/2817/936
f 3125/2821/936 3126/2822/936 3124/2820/936
f 3126/2822/936 3127/2823/936 3124/2820/936
f 3127/2823/936 3128/2824/936 3124/2820/936
f 3128/2824/936 3129/2825/936 3124/2820/936
f 3129/2825/936 3130/2826/936 3124/2820/936
f 3130/2826/936 3131/2827/936 3124/2820/936
f 3131/2827/936 3132/2828/936 3124/2820/936
f 3132/2828/936 3133/2829/936 3124/2820/936
f 3133/2829/936 3134/2830/936 3124/2820/936
f 3134/2830/936 3135/2831/936 3124/2820/936
f 3135/2831/936 3136/2832/936 3124/2820/936
f 3136/2832/936 3137/2833/936 3124/2820/936
f 3137/2833/936 3138/2834/936 3124/2820/936
f 3138/2834/936 3139/2835/936 3124/2820/936
f 3139/2835/936 3140/2836/936 3124/2820/936
f 3140/2836/936 3141/2837/936 3124/2820/936
f 3141/2837/936 3142/2838/936 3124/2820/936
f 3142/2838/936 3143/2839/936 3124/2820/936
f 3143/2839/936 3144/2840/936 3124/2820/936
f 3144/2840/936 3145/2841/936 3124/2820/936
f 3124/2820/936 3145/2841/936 3122/2818/936
f 3145/2841/936 3146/2842/936 3122/2818/936
f 3146/2842/936 3147/2843/936 3122/2818/936
f 3147/2843/936 3148/2844/936 3122/2818/936
f 3148/2844/936 3149/2845/936 3122/2818/936
f 3150/2846/936 3122/2818/936 3149/2845/936
f 3122/2818/936 3150/2846/936 3151/2847/936
f 3150/2846/936 3152/2848/936 3151/2847/936
f 3153/2849/936 3151/2847/936 3152/2848/936
f 3151/2847/936 3153/2849/936 3154/2850/936
f 3153/2849/936 3155/2851/936 3154/2850/936
f 3155/2851/936 3156/2852/936 3154/2850/936
f 3156/2852/936 3157/2853/936 3154/2850/936
f 3157/2853/936 3158/2854/936 3154/2850/936
f 3159/2855/936 3154/2850/936 3158/2854/936
f 3159/2855/936 3160/2856/936 3154/2850/936
f 3160/2856/936 3161/2857/936 3154/2850/936
f 3161/2857/936 3162/2858/936 3154/2850/936
f 3162/2858/936 3163/2859/936 3154/2850/936
f 3163/2859/936 3164/2860/936 3154/2850/936
f 3164/2860/936 3165/2861/936 3154/2850/936
f 3165/2861/936 3166/2862/936 3154/2850/936
f 3166/2862/936 3167/2863/936 3154/2850/936
f 3167/2863/936 3168/2864/936 3154/2850/936
f 3154/2850/936 3168/2864/936 3169/2865/936
f 3169/2865/936 3170/2866/936 3154/2850/936
f 3170/2866/936 3171/2867/936 3154/2850/936
f 3172/2868/936 3170/2866/936 3169/2865/936
f 3173/2869/936 3170/2866/936 3172/2868/936
f 3174/2870/936 3170/2866/936 3173/2869/936
f 3175/2871/936 3174/2870/936 3173/2869/936
f 3176/2872/936 3174/2870/936 3175/2871/936
f 3177/2873/936 3174/2870/936 3176/2872/936
f 3174/2870/936 3177/2873/936 3178/2874/936
f 3179/2875/936 3174/2870/936 3178/2874/936
f 3180/2876/936 3179/2875/936 3178/2874/936
f 3180/2876/936 3181/2877/936 3179/2875/936
f 3181/2877/936 3182/2878/936 3179/2875/936
f 3181/2877/936 3183/2879/936 3182/2878/936
f 3183/2879/936 3184/2880/936 3182/2878/936
f 3184/2880/936 3183/2879/936 3185/2881/936
f 3183/2879/936 3186/2882/936 3185/2881/936
f 3186/2882/936 3187/2883/936 3185/2881/936
f 3186/2882/936 3188/2884/936 3187/2883/936
f 3188/2884/936 3189/2885/936 3187/2883/936
f 3188/2884/936 3190/2886/936 3189/2885/936
f 3190/2886/936 3191/2887/936 3189/2885/936
f 3191/2887/936 3190/2886/936 3192/2888/936
f 3190/2886/936 3193/2889/936 3192/2888/936
f 3192/2888/936 3193/2889/936 3194/2890/936
f 3193/2889/936 3195/2891/936 3194/2890/936
f 3195/2891/936 3196/2892/936 3194/2890/936
f 3196/2892/936 3195/2891/936 3197/2893/936
f 3195/2891/936 3198/2894/936 3197/2893/936
f 3197/2893/936 3198/2894/936 3199/2895/936
f 3198/2894/936 3200/2896/936 3199/2895/936
f 3200/2896/936 3201/2897/936 3199/2895/936
f 3201/2897/936 3202/2898/936 3199/2895/936
f 3203/2899/936 3199/2895/936 3202/2898/936
f 3204/2900/936 3203/2899/936 3202/2898/936
f 3205/2901/936 3199/2895/936 3203/2899/936
f 3206/2902/936 3203/2899/936 3204/2900/936
f 3207/2903/936 3205/2901/936 3203/2899/936
f 3206/2902/936 3208/2904/936 3203/2899/936
f 3208/2904/936 3209/2905/936 3203/2899/936
f 3154/2850/936 3203/2899/936 3209/2905/936
f 3154/2850/936 3207/2903/936 3203/2899/936
f 3171/2867/936 3207/2903/936 3154/2850/936
f 3208/2904/936 3206/2902/936 3210/2906/936
f 3211/2907/936 3208/2904/936 3210/2906/936
f 3211/2907/936 3210/2906/936 3212/2908/936
f 3213/2909/936 3211/2907/936 3212/2908/936
f 3213/2909/936 3212/2908/936 3214/2910/936
f 3215/2911/936 3213/2909/936 3214/2910/936
f 3215/2911/936 3214/2910/936 3216/2912/936
f 3217/2913/936 3215/2911/936 3216/2912/936
f 3218/2914/936 3217/2913/936 3216/2912/936
f 3219/2915/936 3217/2913/936 3218/2914/936
f 3220/2916/936 3219/2915/936 3218/2914/936
f 3219/2915/936 3220/2916/936 3221/2917/936
f 3219/2915/936 3221/2917/936 3222/2918/936
f 3222/2918/936 3221/2917/936 3223/2919/936
f 3223/2919/936 3221/2917/936 3224/2920/936
f 3224/2920/936 3221/2917/936 3225/2921/936
f 3225/2921/936 3221/2917/936 3226/2922/936
f 3226/2922/936 3221/2917/936 3227/2923/936
f 3227/2923/936 3221/2917/936 3228/2924/936
f 3228/2924/936 3221/2917/936 3229/2925/936
f 3229/2925/936 3221/2917/936 3230/2926/936
f 3230/2926/936 3221/2917/936 3231/2927/936
f 3231/2927/936 3221/2917/936 3232/2928/936
f 3232/2928/936 3221/2917/936 3233/2929/936
f 3233/2929/936 3221/2917/936 3234/2930/936
f 3234/2930/936 3221/2917/936 3235/2931/936
f 3235/2931/936 3221/2917/936 3236/2932/936
f 3236/2932/936 3221/2917/936 3237/2933/936
f 3221/2917/936 3238/2934/936 3237/2933/936
f 3239/2935/936 3237/2933/936 3238/2934/936
f 3240/2936/936 3239/2935/936 3238/2934/936
f 3241/2937/936 3240/2936/936 3238/2934/936
f 3242/2938/936 3241/2937/936 3238/2934/936
f 3221/2917/936 3243/2939/936 3238/2934/936
f 3220/2916/936 3243/2939/936 3221/2917/936
f 3220/2916/936 3244/2940/936 3243/2939/936
f 3244/2940/936 3245/2941/936 3243/2939/936
f 3245/2941/936 3246/2942/936 3243/2939/936
f 3246/2942/936 3247/2943/936 3243/2939/936
f 3247/2943/936 3248/2944/936 3243/2939/936
f 3248/2944/936 3249/2945/936 3243/2939/936
f 3249/2945/936 3250/2946/936 3243/2939/936
f 3250/2946/936 3251/2947/936 3243/2939/936
f 3251/2947/936 3252/2948/936 3243/2939/936
f 3252/2948/936 3253/2949/936 3243/2939/936
f 3253/2949/936 3254/2950/936 3243/2939/936
f 3254/2950/936 3255/2951/936 3243/2939/936
f 3255/2951/936 3256/2952/936 3243/2939/936
f 3256/2952/936 3257/2953/936 3243/2939/936
f 3257/2953/936 3258/2954/936 3243/2939/936
f 3258/2954/936 3259/2955/936 3243/2939/936
f 3243/2939/936 3259/2955/936 3260/2956/936
f 3261/2957/936 3260/2956/936 3259/2955/936
f 3262/2958/936 3260/2956/936 3261/2957/936
f 3263/2959/936 3260/2956/936 3262/2958/936
f 3243/2939/936 3260/2956/936 3238/2934/936
f 3264/2960/936 3260/2956/936 3263/2959/936
f 3265/2961/936 3264/2960/936 3263/2959/936
f 3264/2960/936 3266/2962/936 3260/2956/936
f 3267/2963/936 3264/2960/936 3265/2961/936
f 3266/2962/936 3268/2964/936 3260/2956/936
f 3268/2964/936 3238/2934/936 3260/2956/936
f 3269/2965/936 3267/2963/936 3265/2961/936
f 3270/2966/936 3267/2963/936 3269/2965/936
f 3270/2966/936 3269/2965/936 3271/2967/936
f 3272/2968/936 3270/2966/936 3271/2967/936
f 3273/2969/936 3238/2934/936 3268/2964/936
f 3272/2968/936 3271/2967/936 3274/2970/936
f 3275/2971/936 3272/2968/936 3274/2970/936
f 3273/2969/936 3242/2938/936 3238/2934/936
f 3276/2972/936 3242/2938/936 3273/2969/936
f 3277/2973/936 3275/2971/936 3274/2970/936
f 3278/2974/936 3277/2973/936 3274/2970/936
f 3277/2973/936 3278/2974/936 3279/2975/936
f 3280/2976/936 3277/2973/936 3279/2975/936
f 3281/2977/936 3276/2972/936 3273/2969/936
f 3282/2978/936 3281/2977/936 3273/2969/936
f 3283/2979/936 3281/2977/936 3282/2978/936
f 3284/2980/936 3281/2977/936 3283/2979/936
f 3285/2981/936 3284/2980/936 3283/2979/936
f 3286/2982/936 3284/2980/936 3285/2981/936
f 3287/2983/936 3284/2980/936 3286/2982/936
f 3288/2984/936 3287/2983/936 3286/2982/936
f 3287/2983/936 3288/2984/936 3289/2985/936
f 3290/2986/936 3287/2983/936 3289/2985/936
f 3290/2986/936 3289/2985/936 3291/2987/936
f 3292/2988/936 3290/2986/936 3291/2987/936
f 3293/2989/936 3292/2988/936 3291/2987/936
f 3294/2990/936 3293/2989/936 3291/2987/936
f 3295/2991/936 3293/2989/936 3294/2990/936
f 3298/2992/936 3297/2993/936 3296/2994/936
f 3297/2993/936 3299/2995/936 3296/2994/936
f 3296/2994/936 3299/2995/936 3300/2996/936
f 3300/2996/936 3299/2995/936 3301/2997/936
f 3299/2995/936 3302/2998/936 3301/2997/936
f 3303/2999/936 3300/2996/936 3301/2997/936
f 3304/3000/936 3303/2999/936 3301/2997/936
f 3302/2998/936 3123/2819/936 3301/2997/936
f 3304/3000/936 3301/2997/936 3305/3001/936
f 3301/2997/936 3306/3002/936 3305/3001/936
f 3307/3003/936 3305/3001/936 3306/3002/936
f 3308/3004/936 3307/3003/936 3306/3002/936
f 3309/3005/936 3308/3004/936 3306/3002/936
f 3310/3006/936 3309/3005/936 3306/3002/936
f 3311/3007/936 3310/3006/936 3306/3002/936
f 3312/3008/936 3311/3007/936 3306/3002/936
f 3313/3009/936 3312/3008/936 3306/3002/936
f 3314/3010/936 3313/3009/936 3306/3002/936
f 3315/3011/936 3314/3010/936 3306/3002/936
f 3316/3012/936 3315/3011/936 3306/3002/936
f 3317/3013/936 3316/3012/936 3306/3002/936
f 3318/3014/936 3317/3013/936 3306/3002/936
f 3319/3015/936 3318/3014/936 3306/3002/936
f 3320/3016/936 3319/3015/936 3306/3002/936
f 3321/3017/936 3320/3016/936 3306/3002/936
f 3322/3018/936 3321/3017/936 3306/3002/936
f 3323/3019/936 3322/3018/936 3306/3002/936
f 3324/3020/936 3323/3019/936 3306/3002/936
f 3325/3021/936 3324/3020/936 3306/3002/936
f 3325/3021/936 3306/3002/936 3326/3022/936
f 3326/3022/936 3306/3002/936 3327/3023/936
f 3327/3023/936 3306/3002/936 3328/3024/936
f 3328/3024/936 3306/3002/936 3329/3025/936
f 3329/3025/936 3306/3002/936 3301/2997/936
f 3329/3025/936 3301/2997/936 3330/3026/936
f 3330/3026/936 3301/2997/936 3331/3027/936
f 3301/2997/936 3332/3028/936 3331/3027/936
f 3332/3028/936 3333/3029/936 3331/3027/936
f 3333/3029/936 3332/3028/936 3334/3030/936
f 3334/3030/936 3332/3028/936 3335/3031/936
f 3332/3028/936 3336/3032/936 3335/3031/936
f 3336/3032/936 3337/3033/936 3335/3031/936
f 3336/3032/936 3338/3034/936 3337/3033/936
f 3337/3033/936 3338/3034/936 3339/3035/936
f 3339/3035/936 3338/3034/936 3340/3036/936
f 3340/3036/936 3338/3034/936 3341/3037/936
f 3341/3037/936 3338/3034/936 3342/3038/936
f 3342/3038/936 3338/3034/936 3343/3039/936
f 3343/3039/936 3338/3034/936 3344/3040/936
f 3344/3040/936 3338/3034/936 3345/3041/936
f 3345/3041/936 3338/3034/936 3346/3042/936
f 3346/3042/936 3338/3034/936 3347/3043/936
f 3347/3043/936 3338/3034/936 3348/3044/936
f 3348/3044/936 3338/3034/936 3349/3045/936
f 3349/3045/936 3338/3034/936 3350/3046/936
f 3350/3046/936 3338/3034/936 3351/3047/936
f 3351/3047/936 3338/3034/936 3352/3048/936
f 3338/3034/936 3353/3049/936 3352/3048/936
f 3354/3050/936 3353/3049/936 3338/3034/936
f 3355/3051/936 3354/3050/936 3338/3034/936
f 3356/3052/936 3355/3051/936 3338/3034/936
f 3338/3034/936 3357/3053/936 3356/3052/936
f 3357/3053/936 3358/3054/936 3356/3052/936
f 3358/3054/936 3359/3055/936 3356/3052/936
f 3357/3053/936 3338/3034/936 3360/3056/936
f 3358/3054/936 3361/3057/936 3359/3055/936
f 3361/3057/936 3362/3058/936 3359/3055/936
f 3362/3058/936 3361/3057/936 3363/3059/936
f 3360/3056/936 3338/3034/936 3364/3060/936
f 3361/3057/936 3365/3061/936 3363/3059/936
f 3363/3059/936 3365/3061/936 3366/3062/936
f 3366/3062/936 3365/3061/936 3367/3063/936
f 3367/3063/936 3365/3061/936 3368/3064/936
f 3368/3064/936 3365/3061/936 3369/3065/936
f 3369/3065/936 3365/3061/936 3370/3066/936
f 3365/3061/936 3371/3067/936 3370/3066/936
f 3370/3066/936 3371/3067/936 3372/3068/936
f 3371/3067/936 3373/3069/936 3372/3068/936
f 3372/3068/936 3373/3069/936 3374/3070/936
f 3373/3069/936 3375/3071/936 3374/3070/936
f 3374/3070/936 3375/3071/936 3376/3072/936
f 3375/3071/936 3377/3073/936 3376/3072/936
f 3376/3072/936 3377/3073/936 3378/3074/936
f 3377/3073/936 3379/3075/936 3378/3074/936
f 3379/3075/936 3380/3076/936 3378/3074/936
f 3379/3075/936 3381/3077/936 3380/3076/936
f 3381/3077/936 3382/3078/936 3380/3076/936
f 3382/3078/936 3381/3077/936 3383/3079/936
f 3381/3077/936 3384/3080/936 3383/3079/936
f 3383/3079/936 3384/3080/936 3385/3081/936
f 3384/3080/936 3386/3082/936 3385/3081/936
f 3386/3082/936 3387/3083/936 3385/3081/936
f 3387/3083/936 3386/3082/936 3388/3084/936
f 3388/3084/936 3386/3082/936 3389/3085/936
f 3386/3082/936 3209/2905/936 3389/3085/936
f 3390/3086/936 3389/3085/936 3209/2905/936
f 3386/3082/936 3391/3087/936 3209/2905/936
f 3392/3088/936 3390/3086/936 3209/2905/936
f 3392/3088/936 3209/2905/936 3208/2904/936
f 3393/3089/936 3392/3088/936 3208/2904/936
f 3209/2905/936 3391/3087/936 3338/3034/936
f 3338/3034/936 3391/3087/936 3364/3060/936
f 3338/3034/936 3154/2850/936 3209/2905/936
f 3338/3034/936 3394/3090/936 3154/2850/936
f 3394/3090/936 3338/3034/936 3336/3032/936
f 3394/3090/936 3395/3091/936 3154/2850/936
f 3395/3091/936 3151/2847/936 3154/2850/936
f 3395/3091/936 3396/3092/936 3151/2847/936
f 3397/3093/936 3394/3090/936 3336/3032/936
f 3151/2847/936 3396/3092/936 3122/2818/936
f 3398/3094/936 3397/3093/936 3336/3032/936
f 3399/3095/936 3398/3094/936 3336/3032/936
f 3400/3096/936 3399/3095/936 3336/3032/936
f 3396/3092/936 3401/3097/936 3122/2818/936
f 3332/3028/936 3400/3096/936 3336/3032/936
f 3402/3098/936 3400/3096/936 3332/3028/936
f 3403/3099/936 3402/3098/936 3332/3028/936
f 3403/3099/936 3332/3028/936 3301/2997/936
f 3404/3100/936 3122/2818/936 3401/3097/936
f 3404/3100/936 3405/3101/936 3122/2818/936
f 3406/3102/936 3403/3099/936 3301/2997/936
f 3406/3102/936 3122/2818/936 3405/3101/936
f 3123/2819/936 3406/3102/936 3301/2997/936
f 3123/2819/936 3122/2818/936 3406/3102/936
f 3409/3103/937 3408/3104/938 3407/3105/938
f 3410/3106/937 3409/3103/937 3407/3105/938
f 3411/3107/939 3409/3103/937 3410/3106/937
f 3412/3108/939 3411/3107/939 3410/3106/937
f 3413/3109/940 3411/3107/941 3412/3108/941
f 3414/3110/940 3413/3109/940 3412/3108/941
f 3415/3111/942 3413/3109/940 3414/3110/940
f 3416/3112/942 3415/3111/942 3414/3110/940
f 3417/3113/943 3415/3111/942 3416/3112/942
f 3418/3114/943 3417/3113/943 3416/3112/942
f 3419/3115/944 3417/3113/943 3418/3114/943
f 3420/3116/944 3419/3115/944 3418/3114/943
f 3423/3117/945 3422/3118/946 3421/3119/946
f 3424/3120/945 3423/3117/945 3421/3119/946
f 3425/3121/947 3423/3117/945 3424/3120/945
f 3426/3122/947 3425/3121/947 3424/3120/945
f 3427/3123/948 3425/3121/947 3426/3122/947
f 3428/3124/948 3427/3123/948 3426/3122/947
f 3429/3125/949 3427/3123/950 3428/3124/950
f 3430/3126/949 3429/3125/949 3428/3124/950
f 3431/3127/951 3429/3125/949 3430/3126/949
f 3432/3128/951 3431/3127/951 3430/3126/949
f 3433/3129/952 3431/3127/951 3432/3128/951
f 3434/3130/952 3433/3129/952 3432/3128/951
f 3435/3131/953 3433/3129/952 3434/3130/952
f 3436/3132/953 3435/3131/953 3434/3130/952
f 3437/3133/954 3435/3131/953 3436/3132/953
f 3438/3134/954 3437/3133/954 3436/3132/953
f 3439/3135/955 3437/3133/954 3438/3134/954
f 3440/3136/955 3439/3135/955 3438/3134/954
f 3443/3119/956 3442/3118/956 3441/3137/957
f 3442/3118/956 3444/3138/957 3441/3137/957
f 3441/3137/957 3444/3138/957 3445/3139/958
f 3444/3138/957 3446/3140/958 3445/3139/958
f 3445/3139/958 3446/3140/958 3447/3141/959
f 3446/3140/958 3448/3142/959 3447/3141/959
f 3447/3141/960 3448/3142/960 3449/3143/961
f 3448/3142/960 3450/3144/961 3449/3143/961
f 3449/3143/962 3450/3144/962 3451/3145/963
f 3450/3144/962 3452/3146/963 3451/3145/963
f 3451/3145/964 3452/3146/964 3453/3147/965
f 3452/3146/964 3454/3148/965 3453/3147/965
f 3453/3147/965 3454/3148/965 3455/3149/966
f 3454/3148/965 3456/3150/966 3455/3149/966
f 3455/3149/966 3456/3150/966 3457/3151/967
f 3456/3150/966 3458/3152/967 3457/3151/967
f 3457/3151/967 3458/3152/967 3459/3153/968
f 3458/3152/967 3460/3154/968 3459/3153/968
f 3459/3153/969 3460/3154/969 3461/3155/970
f 3460/3154/969 3462/3156/970 3461/3155/970
f 3461/3155/970 3462/3156/970 3463/3157/971
f 3462/3156/970 3464/3158/971 3463/3157/971
f 3463/3157/971 3464/3158/971 3465/3159/972
f 3464/3158/971 3466/3160/972 3465/3159/972
f 3469/2806/973 3468/2809/974 3467/2809/974
f 3470/2806/975 3469/2806/975 3467/2809/974
f 3471/2805/976 3469/2806/977 3470/2806/977
f 3472/2805/976 3471/2805/976 3470/2806/977
f 3473/2803/978 3471/2805/979 3472/2805/979
f 3474/2803/978 3473/2803/978 3472/2805/979
f 3475/2802/980 3473/2803/978 3474/2803/978
f 3476/2802/980 3475/2802/980 3474/2803/978
f 3477/2801/981 3475/2802/980 3476/2802/980
f 3478/2801/981 3477/2801/981 3476/2802/980
f 3479/2800/982 3477/2801/981 3478/2801/981
f 3480/2800/982 3479/2800/982 3478/2801/981
f 3481/2797/983 3479/2800/982 3480/2800/982
f 3482/2797/983 3481/2797/983 3480/2800/982
f 3485/2809/984 3484/2809/984 3483/2808/985
f 3484/2809/984 3486/2808/986 3483/2808/986
f 3483/2808/986 3486/2808/986 3487/2807/987
f 3486/2808/986 3488/2807/987 3487/2807/987
f 3487/2807/987 3488/2807/987 3489/2804/988
f 3488/2807/987 3490/2804/988 3489/2804/988
f 3489/2804/988 3490/2804/988 3491/2799/989
f 3490/2804/990 3492/2799/989 3491/2799/989
f 3491/2799/991 3492/2799/991 3493/2798/992
f 3492/2799/991 3494/2798/992 3493/2798/992
f 3493/2798/992 3494/2798/992 3495/2797/993
f 3494/2798/992 3496/2797/993 3495/2797/993
f 3499/3161/994 3498/3162/994 3497/3163/995
f 3498/3162/994 3500/3164/995 3497/3163/995
f 3497/3163/995 3500/3164/995 3501/3165/996
f 3500/3164/995 3502/3166/996 3501/3165/996
f 3501/3165/996 3502/3166/996 3503/3167/997
f 3502/3166/996 3504/3168/997 3503/3167/997
f 3503/3167/998 3504/3168/998 3505/3169/999
f 3504/3168/998 3506/3170/999 3505/3169/999
f 3505/3169/999 3506/3170/999 3507/3171/1000
f 3506/3170/999 3508/3172/1000 3507/3171/1000
f 3507/3171/1001 3508/3172/1001 3509/3173/1002
f 3508/3172/1000 3510/3174/1002 3509/3173/1002
f 3509/3173/1002 3510/3174/1002 3511/3175/1003
f 3510/3174/1002 3512/3176/1003 3511/3175/1003
f 3511/3175/1003 3512/3176/1003 3513/3177/1004
f 3512/3176/1003 3514/3178/1004 3513/3177/1004
f 3513/3177/1004 3514/3178/1004 3515/3179/1005
f 3514/3178/1004 3516/3180/1005 3515/3179/1005
f 3519/3181/1006 3518/3162/1007 3517/3161/1007
f 3520/3182/1006 3519/3181/1006 3517/3161/1007
f 3521/3183/1008 3519/3181/1006 3520/3182/1006
f 3522/3184/1008 3521/3183/1008 3520/3182/1006
f 3523/3185/1009 3521/3183/1008 3522/3184/1008
f 3524/3186/1009 3523/3185/1009 3522/3184/1008
f 3525/3187/1010 3523/3185/1009 3524/3186/1009
f 3526/3188/1010 3525/3187/1010 3524/3186/1009
f 3527/3189/1011 3525/3187/1010 3526/3188/1010
f 3528/3190/1011 3527/3189/1011 3526/3188/1010
f 3529/3191/1012 3527/3189/1011 3528/3190/1011
f 3530/3192/1012 3529/3191/1012 3528/3190/1011
f 3531/3193/1013 3529/3191/1012 3530/3192/1012
f 3532/3194/1013 3531/3193/1013 3530/3192/1012
f 3535/3195/1014 3534/3196/1015 3533/3197/1015
f 3536/3198/1014 3535/3195/1014 3533/3197/1015
f 3537/3199/1016 3535/3195/1017 3536/3198/1017
f 3538/3200/1016 3537/3199/1016 3536/3198/1017
f 3541/3201/1018 3540/3199/1019 3539/3200/1019
f 3542/3202/1018 3541/3201/1018 3539/3200/1019
f 3543/3203/1020 3541/3201/1021 3542/3202/1021
f 3544/3204/1020 3543/3203/1020 3542/3202/1021
f 3545/3205/1022 3543/3203/1020 3544/3204/1020
f 3546/3206/1022 3545/3205/1022 3544/3204/1020
f 3547/3207/1023 3545/3205/1024 3546/3206/1024
f 3548/3208/1023 3547/3207/1023 3546/3206/1024
f 3549/3209/1025 3547/3207/1023 3548/3208/1023
f 3550/3210/1025 3549/3209/1025 3548/3208/1023
f 3551/3211/1026 3549/3209/1027 3550/3210/1027
f 3552/3212/1026 3551/3211/1026 3550/3210/1027
f 3555/3196/1028 3554/3213/1028 3553/3214/1028
f 3556/3197/1028 3555/3196/1028 3553/3214/1028
f 3559/3159/972 3558/3160/972 3557/3215/1029
f 3558/3160/1030 3560/3216/1029 3557/3215/1029
f 3557/3215/1029 3560/3216/1029 3561/3217/1031
f 3560/3216/1029 3562/3218/1031 3561/3217/1031
f 3561/3217/1031 3562/3218/1031 3563/3219/1032
f 3562/3218/1031 3564/3220/1032 3563/3219/1032
f 3563/3219/1032 3564/3220/1032 3565/3221/1033
f 3564/3220/1032 3566/3222/1033 3565/3221/1033
f 3565/3221/1033 3566/3222/1033 3567/3223/1034
f 3566/3222/1033 3568/3224/1034 3567/3223/1034
f 3567/3223/1035 3568/3224/1035 3569/3225/1036
f 3568/3224/1035 3570/3226/1036 3569/3225/1036
f 3569/3225/1037 3570/3226/1037 3571/3227/1038
f 3570/3226/1037 3572/3228/1038 3571/3227/1038
f 3571/3227/1038 3572/3228/1038 3573/3229/1039
f 3572/3228/1038 3574/3230/1039 3573/3229/1039
f 3573/3229/1039 3574/3230/1039 3575/3231/1040
f 3574/3230/1039 3576/3232/1040 3575/3231/1040
f 3575/3231/1040 3576/3232/1040 3577/3233/1041
f 3576/3232/1040 3578/3234/1041 3577/3233/1041
f 3577/3233/1041 3578/3234/1041 3579/3235/1042
f 3578/3234/1041 3580/3236/1042 3579/3235/1042
f 3583/3179/1005 3582/3180/1005 3581/3237/1043
f 3582/3180/1005 3584/3238/1043 3581/3237/1043
f 3581/3237/1043 3584/3238/1043 3585/3239/1044
f 3584/3238/1043 3586/3240/1044 3585/3239/1044
f 3585/3239/1045 3586/3240/1045 3587/3241/1046
f 3586/3240/1045 3588/3242/1047 3587/3241/1047
f 3587/3241/1046 3588/3242/1046 3589/3243/1048
f 3588/3242/1046 3590/3244/1048 3589/3243/1048
f 3589/3243/1048 3590/3244/1048 3591/3245/1049
f 3590/3244/1048 3592/3246/1049 3591/3245/1049
f 3591/3245/1049 3592/3246/1049 3593/3247/1050
f 3592/3246/1049 3594/3248/1050 3593/3247/1050
f 3593/3247/1051 3594/3248/1051 3595/3249/1052
f 3594/3248/1051 3596/3250/1052 3595/3249/1052
f 3595/3249/1052 3596/3250/1052 3597/3251/1053
f 3596/3250/1052 3598/3252/1053 3597/3251/1053
f 3597/3251/1053 3598/3252/1053 3599/3253/1054
f 3598/3252/1053 3600/3254/1054 3599/3253/1054
f 3599/3253/1055 3600/3254/1055 3601/3255/1056
f 3600/3254/1055 3602/3256/1056 3601/3255/1056
f 3601/3255/1057 3602/3256/1057 3603/3212/1058
f 3602/3256/1057 3604/3211/1058 3603/3212/1058
f 3607/3257/1059 3606/3258/1059 3605/3259/1060
f 3606/3258/1059 3608/3260/1060 3605/3259/1060
f 3605/3259/1060 3608/3260/1060 3609/3261/1061
f 3608/3260/1060 3610/3262/1061 3609/3261/1061
f 3609/3261/1061 3610/3262/1061 3611/3263/1062
f 3610/3262/1061 3612/3264/1062 3611/3263/1062
f 3611/3263/1063 3612/3264/1063 3613/3265/1064
f 3612/3264/1063 3614/3266/1064 3613/3265/1064
f 3613/3265/1065 3614/3266/1065 3615/3267/1066
f 3614/3266/1065 3616/3268/1066 3615/3267/1066
f 3615/3267/1066 3616/3268/1066 3617/3269/1067
f 3616/3268/1066 3618/3270/1067 3617/3269/1067
f 3617/3269/1067 3618/3270/1067 3619/3271/1068
f 3618/3270/1069 3620/3272/1068 3619/3271/1068
f 3619/3271/1068 3620/3272/1068 3621/3273/1070
f 3620/3272/1068 3622/3274/1070 3621/3273/1071
f 3625/2602/1072 3624/2602/1072 3623/2607/1073
f 3624/2602/1072 3626/2607/1074 3623/2607/1074
f 3623/2607/1073 3626/2607/1073 3627/2609/1075
f 3626/2607/1073 3628/2609/1075 3627/2609/1075
f 3627/2609/1075 3628/2609/1075 3629/2574/1076
f 3628/2609/1075 3630/2574/1076 3629/2574/1076
f 3633/3275/1077 3632/3258/1078 3631/3257/1078
f 3634/3276/1077 3633/3275/1077 3631/3257/1078
f 3635/3277/1079 3633/3275/1077 3634/3276/1077
f 3636/3278/1079 3635/3277/1079 3634/3276/1077
f 3637/3279/1080 3635/3277/1079 3636/3278/1079
f 3638/3280/1080 3637/3279/1080 3636/3278/1079
f 3639/3281/1081 3637/3279/1080 3638/3280/1080
f 3640/3282/1081 3639/3281/1081 3638/3280/1080
f 3641/3283/1082 3639/3281/1081 3640/3282/1081
f 3642/3284/1082 3641/3283/1082 3640/3282/1081
f 3643/3285/1083 3641/3283/1082 3642/3284/1082
f 3644/3286/1083 3643/3285/1083 3642/3284/1082
f 3645/3287/1084 3643/3285/1083 3644/3286/1083
f 3646/3288/1084 3645/3287/1084 3644/3286/1083
f 3649/3289/1085 3648/3290/1086 3647/3291/1086
f 3650/3292/1085 3649/3289/1085 3647/3291/1086
f 3651/3293/1087 3649/3289/1085 3650/3292/1085
f 3652/3294/1087 3651/3293/1087 3650/3292/1085
f 3653/3295/1088 3651/3293/1089 3652/3294/1089
f 3654/3296/1088 3653/3295/1088 3652/3294/1089
f 3655/3297/1090 3653/3295/1088 3654/3296/1088
f 3656/3298/1090 3655/3297/1090 3654/3296/1088
f 3657/3299/1091 3655/3297/1090 3656/3298/1090
f 3658/3300/1091 3657/3299/1091 3656/3298/1090
f 3659/3301/1092 3657/3299/1091 3658/3300/1091
f 3660/3302/1092 3659/3301/1092 3658/3300/1091
f 3661/3303/1093 3659/3301/1092 3660/3302/1092
f 3662/3304/1093 3661/3303/1093 3660/3302/1092
f 3663/3305/1094 3661/3303/1093 3662/3304/1093
f 3664/3306/1094 3663/3305/1094 3662/3304/1093
f 3665/3307/1095 3663/3305/1096 3664/3306/1096
f 3666/3308/1095 3665/3307/1095 3664/3306/1096
f 3669/3309/1097 3668/3310/1097 3667/3311/1098
f 3668/3310/1097 3670/3312/1098 3667/3311/1098
f 3667/3311/1098 3670/3312/1098 3671/3313/1099
f 3670/3312/1098 3672/3314/1099 3671/3313/1099
f 3671/3313/1099 3672/3314/1099 3673/3315/1100
f 3672/3314/1099 3674/3316/1100 3673/3315/1100
f 3677/3317/1101 3676/3310/1102 3675/3309/1102
f 3678/3318/1101 3677/3317/1101 3675/3309/1102
f 3679/3319/1103 3677/3317/1101 3678/3318/1101
f 3680/3320/1104 3679/3319/1104 3678/3318/1101
f 3681/3321/1105 3679/3319/1104 3680/3320/1104
f 3682/3322/1105 3681/3321/1105 3680/3320/1106
f 3683/3323/1107 3681/3321/1105 3682/3322/1105
f 3684/3324/1108 3683/3323/1108 3682/3322/1105
f 3685/3325/1109 3683/3323/1108 3684/3324/1108
f 3686/3326/1109 3685/3325/1109 3684/3324/1108
f 3687/3327/1110 3685/3325/1111 3686/3326/1111
f 3688/3328/1110 3687/3327/1110 3686/3326/1111
f 3689/3329/1112 3687/3327/1110 3688/3328/1110
f 3690/3330/1112 3689/3329/1112 3688/3328/1110
f 3691/3331/1113 3689/3329/1112 3690/3330/1112
f 3692/3332/1113 3691/3331/1113 3690/3330/1112
f 3693/3333/1114 3691/3331/1115 3692/3332/1115
f 3694/3334/1114 3693/3333/1114 3692/3332/1115
f 3695/3335/1116 3693/3333/1117 3694/3334/1117
f 3696/3336/1116 3695/3335/1116 3694/3334/1117
f 3697/3337/1118 3695/3335/1116 3696/3336/1116
f 3698/3338/1119 3697/3337/1119 3696/3336/1116
f 3699/3339/1120 3697/3337/1119 3698/3338/1119
f 3700/3340/1120 3699/3339/1120 3698/3338/1119
f 3701/3341/1121 3699/3339/1120 3700/3340/1120
f 3702/3342/1121 3701/3341/1121 3700/3340/1120
f 3703/3343/1122 3701/3341/1121 3702/3342/1121
f 3704/3344/1122 3703/3343/1122 3702/3342/1121
f 3705/3345/1123 3703/3343/1122 3704/3344/1122
f 3706/3346/1123 3705/3345/1123 3704/3344/1122
f 3707/3347/1124 3705/3345/1123 3706/3346/1123
f 3708/3348/1124 3707/3347/1124 3706/3346/1123
f 3711/3349/1125 3710/3350/1126 3709/3351/1126
f 3712/3352/1125 3711/3349/1125 3709/3351/1126
f 3713/3353/1127 3711/3349/1125 3712/3352/1125
f 3714/3354/1127 3713/3353/1127 3712/3352/1125
f 3715/3355/1128 3713/3353/1127 3714/3354/1127
f 3716/3356/1128 3715/3355/1128 3714/3354/1127
f 3717/3357/1129 3715/3355/1128 3716/3356/1128
f 3718/3358/1129 3717/3357/1129 3716/3356/1128
f 3719/3359/1130 3717/3357/1129 3718/3358/1129
f 3720/3360/1130 3719/3359/1130 3718/3358/1129
f 3721/3361/1131 3719/3359/1130 3720/3360/1130
f 3722/3362/1131 3721/3361/1131 3720/3360/1130
f 3723/3363/1132 3721/3361/1131 3722/3362/1131
f 3724/3364/1132 3723/3363/1132 3722/3362/1131
f 3725/3365/1133 3723/3363/1132 3724/3364/1132
f 3726/3366/1134 3725/3365/1133 3724/3364/1132
f 3727/3367/1135 3725/3365/1134 3726/3366/1134
f 3728/3368/1135 3727/3367/1135 3726/3366/1134
f 3729/3369/1136 3727/3367/1135 3728/3368/1135
f 3730/3370/1136 3729/3369/1136 3728/3368/1135
f 3731/3371/1137 3729/3369/1136 3730/3370/1136
f 3732/3372/1137 3731/3371/1137 3730/3370/1136
f 3735/3373/1138 3734/3371/1137 3733/3372/1137
f 3736/3374/1139 3735/3373/1139 3733/3372/1137
f 3737/3375/1140 3735/3373/1139 3736/3374/1139
f 3738/3376/1140 3737/3375/1140 3736/3374/1139
f 3739/3377/1141 3737/3375/1140 3738/3376/1140
f 3740/3378/1141 3739/3377/1141 3738/3376/1140
f 3741/3379/1142 3739/3377/1141 3740/3378/1141
f 3742/3380/1142 3741/3379/1142 3740/3378/1141
f 3743/3290/1143 3741/3379/1142 3742/3380/1142
f 3744/3291/1143 3743/3290/1143 3742/3380/1142
f 3747/3381/1100 3746/3382/1100 3745/3383/1144
f 3746/3382/1100 3748/3384/1144 3745/3383/1144
f 3745/3383/1144 3748/3384/1144 3749/3385/1145
f 3748/3384/1144 3750/3386/1145 3749/3385/1145
f 3749/3385/1145 3750/3386/1145 3751/3387/1146
f 3750/3386/1145 3752/3388/1146 3751/3387/1146
f 3751/3387/1146 3752/3388/1146 3753/3389/1147
f 3752/3388/1146 3754/3390/1147 3753/3389/1147
f 3753/3389/1147 3754/3390/1147 3755/3391/1148
f 3754/3390/1147 3756/3392/1148 3755/3391/1148
f 3755/3391/1148 3756/3392/1148 3757/3393/1149
f 3756/3392/1148 3758/3394/1149 3757/3393/1149
f 3757/3393/1149 3758/3394/1149 3759/3395/1150
f 3758/3394/1149 3760/3396/1150 3759/3395/1150
f 3759/3395/1150 3760/3396/1150 3761/3397/1151
f 3760/3396/1150 3762/3398/1151 3761/3397/1151
f 3765/3399/1152 3764/3400/1152 3763/3401/1153
f 3764/3400/1152 3766/3402/1153 3763/3401/1153
f 3763/3401/1153 3766/3402/1153 3767/3403/1154
f 3766/3402/1153 3768/3404/1154 3767/3403/1154
f 3767/3403/1155 3768/3404/1155 3769/3405/1156
f 3768/3404/1155 3770/3406/1156 3769/3405/1156
f 3769/3405/1156 3770/3406/1156 3771/3407/1157
f 3770/3406/1156 3772/3408/1157 3771/3407/1157
f 3771/3407/1158 3772/3408/1158 3773/3409/1159
f 3772/3408/1158 3774/3410/1159 3773/3409/1159
f 3777/3411/1160 3776/3412/1161 3775/3413/1161
f 3778/3414/1160 3777/3411/1160 3775/3413/1161
f 3779/3415/1162 3777/3411/1160 3778/3414/1160
f 3780/3416/1163 3779/3415/1163 3778/3414/1160
f 3781/3417/1164 3779/3415/1163 3780/3416/1163
f 3782/3418/1164 3781/3417/1164 3780/3416/1165
f 3783/3419/1166 3781/3417/1164 3782/3418/1164
f 3784/3420/1166 3783/3419/1166 3782/3418/1164
f 3785/3421/1167 3783/3419/1168 3784/3420/1168
f 3786/3422/1167 3785/3421/1167 3784/3420/1168
f 3787/3423/1169 3785/3421/1167 3786/3422/1167
f 3788/3424/1169 3787/3423/1169 3786/3422/1167
f 3789/3425/1170 3787/3423/1169 3788/3424/1169
f 3790/3426/1170 3789/3425/1170 3788/3424/1169
f 3793/3413/1171 3792/3412/1171 3791/3427/1172
f 3792/3412/1171 3794/3428/1172 3791/3427/1172
f 3791/3427/1172 3794/3428/1172 3795/3429/1173
f 3794/3428/1172 3796/3430/1173 3795/3429/1173
f 3795/3429/1173 3796/3430/1173 3797/3399/1174
f 3796/3430/1173 3798/3400/1174 3797/3399/1174
f 3801/3431/1175 3800/3425/1170 3799/3426/1170
f 3802/3432/1176 3801/3431/1176 3799/3426/1170
f 3803/3433/1177 3801/3431/1176 3802/3432/1176
f 3804/3434/1177 3803/3433/1177 3802/3432/1176
f 3805/3398/1178 3803/3433/1177 3804/3434/1177
f 3806/3397/1178 3805/3398/1178 3804/3434/1177
f 3809/3435/1159 3808/3436/1159 3807/3437/1179
f 3808/3436/1159 3810/3438/1179 3807/3437/1179
f 3807/3437/1179 3810/3438/1179 3811/3308/1095
f 3810/3438/1179 3812/3307/1095 3811/3308/1095
f 3815/2793/1180 3814/2793/1180 3813/2791/1181
f 3814/2793/1180 3816/2791/1181 3813/2791/1181
f 3813/2791/1181 3816/2791/1181 3817/2788/1182
f 3816/2791/1181 3818/2788/1182 3817/2788/1182
f 3817/2788/1182 3818/2788/1182 3819/2786/1183
f 3818/2788/1182 3820/2786/1183 3819/2786/1183
f 3819/2786/1183 3820/2786/1183 3821/2784/1184
f 3820/2786/1183 3822/2784/1184 3821/2784/1184
f 3821/2784/1184 3822/2784/1184 3823/2782/1185
f 3822/2784/1184 3824/2782/1186 3823/2782/1186
f 3823/2782/1186 3824/2782/1185 3825/2780/1187
f 3824/2782/1185 3826/2780/1187 3825/2780/1187
f 3825/2780/1188 3826/2780/1188 3827/2778/1189
f 3826/2780/1188 3828/2778/1189 3827/2778/1189
f 3827/2778/1189 3828/2778/1189 3829/2772/1190
f 3828/2778/1189 3830/2772/1190 3829/2772/1190
f 3833/3439/1191 3832/3440/1192 3831/3441/1192
f 3834/3442/1191 3833/3439/1191 3831/3441/1192
f 3835/3443/1193 3833/3439/1191 3834/3442/1191
f 3836/3444/1193 3835/3443/1193 3834/3442/1191
f 3837/3445/1194 3835/3443/1193 3836/3444/1193
f 3838/3446/1194 3837/3445/1194 3836/3444/1193
f 3839/3447/1195 3837/3445/1196 3838/3446/1196
f 3840/3448/1195 3839/3447/1195 3838/3446/1196
f 3841/3350/1197 3839/3447/1195 3840/3448/1195
f 3842/3351/1197 3841/3350/1197 3840/3448/1195
f 3845/3449/1192 3844/3450/1192 3843/3451/1198
f 3844/3450/1192 3846/3452/1199 3843/3451/1199
f 3843/3451/1200 3846/3452/1200 3847/3453/1201
f 3846/3452/1198 3848/3454/1201 3847/3453/1201
f 3847/3453/1201 3848/3454/1201 3849/3455/1202
f 3848/3454/1201 3850/3456/1202 3849/3455/1202
f 3849/3455/1202 3850/3456/1202 3851/3457/1203
f 3850/3456/1202 3852/3458/1203 3851/3457/1203
f 3851/3457/1203 3852/3458/1203 3853/3459/1204
f 3852/3458/1203 3854/3460/1204 3853/3459/1204
f 3853/3459/1204 3854/3460/1204 3855/3461/1205
f 3854/3460/1204 3856/3462/1205 3855/3461/1205
f 3855/3461/1205 3856/3462/1205 3857/3463/1206
f 3856/3462/1205 3858/3464/1206 3857/3463/1206
f 3857/3463/1206 3858/3464/1206 3859/3465/1207
f 3858/3464/1206 3860/3466/1207 3859/3465/1207
f 3859/3465/1207 3860/3466/1207 3861/3467/1208
f 3860/3466/1207 3862/3468/1208 3861/3467/1208
f 3861/3467/1208 3862/3468/1208 3863/3469/1209
f 3862/3468/1210 3864/3470/1209 3863/3469/1209
f 3863/3469/1209 3864/3470/1209 3865/3471/1211
f 3864/3470/1209 3866/3472/1211 3865/3471/1211
f 3865/3471/1211 3866/3472/1211 3867/3473/1212
f 3866/3472/1211 3868/3474/1212 3867/3473/1212
f 3867/3473/1212 3868/3474/1212 3869/3475/1213
f 3868/3474/1212 3870/3476/1214 3869/3475/1214
f 3869/3475/1215 3870/3476/1215 3871/3288/1216
f 3870/3476/1215 3872/3287/1216 3871/3288/1216
f 3875/3477/1217 3874/3347/1218 3873/3348/1218
f 3876/3478/1217 3875/3477/1217 3873/3348/1218
f 3877/3479/1219 3875/3477/1217 3876/3478/1217
f 3878/3480/1219 3877/3479/1219 3876/3478/1217
f 3879/3481/1220 3877/3479/1219 3878/3480/1219
f 3880/3482/1220 3879/3481/1220 3878/3480/1219
f 3881/3483/1221 3879/3481/1220 3880/3482/1220
f 3882/3484/1221 3881/3483/1221 3880/3482/1220
f 3883/3485/1222 3881/3483/1221 3882/3484/1221
f 3884/3486/1222 3883/3485/1222 3882/3484/1221
f 3885/3487/1223 3883/3485/1222 3884/3486/1222
f 3886/3488/1223 3885/3487/1223 3884/3486/1222
f 3887/3489/1224 3885/3487/1223 3886/3488/1223
f 3888/3490/1224 3887/3489/1224 3886/3488/1223
f 3889/3491/1225 3887/3489/1224 3888/3490/1224
f 3890/3492/1226 3889/3491/1226 3888/3490/1224
f 3891/3493/1227 3889/3491/1226 3890/3492/1226
f 3892/3494/1227 3891/3493/1227 3890/3492/1226
f 3893/3495/1228 3891/3493/1227 3892/3494/1227
f 3894/3496/1228 3893/3495/1228 3892/3494/1227
f 3895/3497/1229 3893/3495/1228 3894/3496/1228
f 3896/3498/1229 3895/3497/1229 3894/3496/1228
f 3897/3499/1230 3895/3497/1229 3896/3498/1229
f 3898/3500/1230 3897/3499/1230 3896/3498/1229
f 3899/3501/1231 3897/3499/1230 3898/3500/1230
f 3900/3502/1231 3899/3501/1231 3898/3500/1230
f 3901/3503/1232 3899/3501/1233 3900/3502/1233
f 3902/3504/1232 3901/3503/1232 3900/3502/1233
f 3903/3505/1234 3901/3503/1235 3902/3504/1235
f 3904/3506/1234 3903/3505/1234 3902/3504/1232
f 3907/2600/1236 3906/2602/1237 3905/2602/1237
f 3908/2600/1236 3907/2600/1236 3905/2602/1237
f 3909/2599/1238 3907/2600/1236 3908/2600/1236
f 3910/2599/1238 3909/2599/1238 3908/2600/1236
f 3911/2597/1239 3909/2599/1238 3910/2599/1238
f 3912/2597/1239 3911/2597/1239 3910/2599/1238
f 3913/2595/1240 3911/2597/1239 3912/2597/1239
f 3914/2595/1240 3913/2595/1240 3912/2597/1239
f 3915/2594/1241 3913/2595/1242 3914/2595/1242
f 3916/2594/1241 3915/2594/1241 3914/2595/1242
f 3917/2592/1243 3915/2594/1241 3916/2594/1241
f 3918/2592/1243 3917/2592/1243 3916/2594/1241
f 3919/2590/1244 3917/2592/1243 3918/2592/1243
f 3920/2590/1244 3919/2590/1244 3918/2592/1243
f 3921/2588/1245 3919/2590/1244 3920/2590/1244
f 3922/2588/1245 3921/2588/1245 3920/2590/1244
f 3923/2587/1246 3921/2588/1247 3922/2588/1247
f 3924/2587/1246 3923/2587/1246 3922/2588/1247
f 3925/2585/1248 3923/2587/1246 3924/2587/1246
f 3926/2585/1248 3925/2585/1248 3924/2587/1246
f 3927/2582/1249 3925/2585/1248 3926/2585/1248
f 3928/2582/1249 3927/2582/1249 3926/2585/1248
f 3931/3507/1250 3930/3508/1234 3929/3509/1234
f 3932/3510/1250 3931/3507/1250 3929/3509/1234
f 3933/3511/1155 3931/3507/1251 3932/3510/1251
f 3934/3512/1155 3933/3511/1155 3932/3510/1251
f 3935/3513/1252 3933/3511/1155 3934/3512/1155
f 3936/3514/1252 3935/3513/1252 3934/3512/1155
f 3937/3515/1253 3935/3513/1252 3936/3514/1252
f 3938/3516/1253 3937/3515/1253 3936/3514/1252
f 3939/3517/1254 3937/3515/1253 3938/3516/1253
f 3940/3518/1255 3939/3517/1255 3938/3516/1253
f 3941/3519/1256 3939/3517/1254 3940/3518/1254
f 3942/3520/1256 3941/3519/1256 3940/3518/1254
f 3945/2764/1257 3944/2764/1257 3943/2767/1258
f 3944/2764/1257 3946/2767/1258 3943/2767/1258
f 3943/2767/1259 3946/2767/1259 3947/2771/1260
f 3946/2767/1259 3948/2771/1260 3947/2771/1260
f 3947/2771/1260 3948/2771/1260 3949/2796/1261
f 3948/2771/1260 3950/2796/1261 3949/2796/1261
f 3949/2796/1261 3950/2796/1261 3951/2793/1262
f 3950/2796/1261 3952/2793/1262 3951/2793/1262
f 3955/3521/1263 3954/2573/1062 3953/2573/1062
f 3956/2574/1076 3955/3521/1076 3953/2573/1062
f 3959/3522/1071 3958/3523/1071 3957/3524/1264
f 3958/3523/1071 3960/3525/1264 3957/3524/1264
f 3957/3524/1264 3960/3525/1264 3961/3526/1265
f 3960/3525/1264 3962/3527/1265 3961/3526/1265
f 3965/3526/1265 3964/3527/1265 3963/3528/1266
f 3964/3527/1265 3966/3529/1266 3963/3528/1266
f 3963/3528/1266 3966/3529/1266 3967/3530/1267
f 3966/3529/1266 3968/3531/1267 3967/3530/1267
f 3967/3530/1268 3968/3531/1268 3969/3532/1269
f 3968/3531/1268 3970/3533/1269 3969/3532/1269
f 3969/3532/1269 3970/3533/1269 3971/3534/1270
f 3970/3533/1269 3972/3535/1270 3971/3534/1270
f 3971/3534/1270 3972/3535/1270 3973/3194/1271
f 3972/3535/1270 3974/3193/1271 3973/3194/1271
f 3977/2577/1272 3976/2582/1273 3975/2582/1273
f 3978/2577/1272 3977/2577/1272 3975/2582/1273
f 3979/2573/1274 3977/2577/1275 3978/2577/1275
f 3980/2573/1274 3979/2573/1274 3978/2577/1275
f 3983/3536/1276 3982/3519/1277 3981/3520/1277
f 3984/3537/1276 3983/3536/1276 3981/3520/1277
f 3985/3538/1278 3983/3536/1276 3984/3537/1276
f 3986/3539/1278 3985/3538/1278 3984/3537/1276
f 3987/3540/1279 3985/3538/1278 3986/3539/1278
f 3988/3541/1279 3987/3540/1279 3986/3539/1278
f 3989/3542/1280 3987/3540/1279 3988/3541/1279
f 3990/3543/1280 3989/3542/1280 3988/3541/1279
f 3991/3544/1281 3989/3542/1282 3990/3543/1282
f 3992/3545/1281 3991/3544/1281 3990/3543/1282
f 3993/3546/1283 3991/3544/1284 3992/3545/1284
f 3994/3547/1283 3993/3546/1283 3992/3545/1284
f 3995/3548/1285 3993/3546/1283 3994/3547/1283
f 3996/3549/1285 3995/3548/1285 3994/3547/1283
f 3999/2765/1286 3998/2764/1287 3997/2764/1287
f 4000/2765/1286 3999/2765/1286 3997/2764/1288
f 4001/2768/1289 3999/2765/1286 4000/2765/1286
f 4002/2768/1290 4001/2768/1290 4000/2765/1286
f 4003/2772/1291 4001/2768/1290 4002/2768/1290
f 4004/2772/1291 4003/2772/1291 4002/2768/1292
f 4007/3550/1293 4006/3548/1294 4005/3549/1294
f 4008/3551/1293 4007/3550/1293 4005/3549/1294
f 4009/3552/1295 4007/3550/1293 4008/3551/1293
f 4010/3553/1295 4009/3552/1295 4008/3551/1293
f 4011/3554/1296 4009/3552/1297 4010/3553/1297
f 4012/3555/1296 4011/3554/1296 4010/3553/1297
f 4013/3556/1298 4011/3554/1296 4012/3555/1296
f 4014/3557/1298 4013/3556/1298 4012/3555/1296
f 4015/3558/1299 4013/3556/1298 4014/3557/1298
f 4016/3559/1299 4015/3558/1299 4014/3557/1298
f 4017/3560/1300 4015/3558/1299 4016/3559/1299
f 4018/3561/1300 4017/3560/1300 4016/3559/1299
f 4019/3562/1301 4017/3560/1302 4018/3561/1302
f 4020/3563/1301 4019/3562/1301 4018/3561/1300
f 4021/3564/1303 4019/3562/1304 4020/3563/1304
f 4022/3565/1303 4021/3564/1303 4020/3563/1304
f 4023/3566/1305 4021/3564/1303 4022/3565/1303
f 4024/3567/1306 4023/3566/1306 4022/3565/1303
f 4025/3568/1307 4023/3566/1306 4024/3567/1306
f 4026/3569/1307 4025/3568/1307 4024/3567/1308
f 4029/3105/1309 4028/3104/1309 4027/3570/1310
f 4028/3104/1309 4030/3571/1310 4027/3570/1310
f 4027/3570/1311 4030/3571/1311 4031/3572/1312
f 4030/3571/1311 4032/3573/1312 4031/3572/1312
f 4031/3572/1312 4032/3573/1312 4033/3574/1313
f 4032/3573/1312 4034/3575/1313 4033/3574/1313
f 4033/3574/1313 4034/3575/1313 4035/3576/1314
f 4034/3575/1313 4036/3577/1314 4035/3576/1314
f 4035/3576/1314 4036/3577/1314 4037/3578/1315
f 4036/3577/1314 4038/3579/1315 4037/3578/1315
f 4037/3578/1315 4038/3579/1315 4039/3580/1316
f 4038/3579/1315 4040/3581/1316 4039/3580/1316
f 4039/3580/1316 4040/3581/1316 4041/3582/1317
f 4040/3581/1316 4042/3583/1318 4041/3582/1318
f 4041/3582/1317 4042/3583/1317 4043/3569/1307
f 4042/3583/1317 4044/3568/1307 4043/3569/1307
o Mesh_Cutout_Barley
v 9.662289 1.260846 -2.603656
v 9.700143 1.601536 -2.603656
v 9.705365 1.437065 -2.603656
v 9.680563 1.686381 -2.603656
v 9.591993 1.097677 -2.603656
v 8.785781 2.491483 -2.603656
v 8.747561 1.471095 -2.603656
v 9.259576 0.735035 -2.603657
v 9.826952 0.861413 -2.603656
v 9.187781 0.693264 -2.603657
v 9.048114 0.646272 -2.603657
v 8.887557 0.620166 -2.603657
v 9.491922 0.493550 -2.603657
v 8.617354 0.622776 -2.603657
v 9.918324 0.865329 -2.603656
v 9.482784 0.379987 -2.603657
v 9.549356 0.313415 -2.603657
v 9.967518 0.835531 -2.603656
v 8.400670 0.654104 -2.603657
v 9.659005 0.290236 -2.603657
v 10.024055 0.794842 -2.603656
v 8.174198 0.753308 -2.603657
v 10.041023 0.732187 -2.603656
v 8.063897 0.825101 -2.603657
v 9.687720 0.254676 -2.603657
v 7.780841 1.328357 -2.603657
v 7.890289 0.724591 -2.603657
v 7.380106 1.112978 -2.603657
v 7.288733 1.043796 -2.603657
v 7.224769 0.965476 -2.603657
v 7.206495 0.840165 -2.603657
v 7.229992 0.714854 -2.603657
v 7.299174 0.592154 -2.603657
v 7.276978 0.551689 -2.603657
v 7.857697 1.864604 -2.603656
v 7.783292 1.504334 -2.603657
v 7.832894 1.813696 -2.603656
v 7.798956 1.692301 -2.603657
v 7.791124 1.933785 -2.603656
v 7.746742 2.017326 -2.603656
v 7.653285 2.637129 -2.603656
v 8.583489 3.595814 -2.603656
v 7.615558 1.955976 -2.603656
v 9.683524 3.097868 -2.603656
v 7.400834 1.881572 -2.603657
v 7.272911 1.890710 -2.603657
v 7.114967 1.948144 -2.603657
v 6.998793 2.046043 -2.603657
v 6.866954 2.301888 -2.603657
v 6.788634 2.480716 -2.603656
v 6.795160 2.656936 -2.603656
v 6.839540 2.741782 -2.603656
v 6.859122 2.918001 -2.603656
v 6.912640 3.065502 -2.603656
v 7.101912 3.292628 -2.603656
v 6.996181 3.207782 -2.603656
v 7.176317 3.321345 -2.603656
v 7.280741 3.323956 -2.603656
v 7.558776 3.263911 -2.603656
v 7.567914 3.425771 -2.603656
v 7.610990 3.552387 -2.603656
v 7.660594 4.117593 -2.603656
v 7.680177 4.235072 -2.603656
v 7.798962 4.398237 -2.603656
v 7.464796 4.141088 -2.603656
v 7.426940 3.573273 -2.603656
v 7.834205 4.430870 -2.603656
v 7.339484 3.680309 -2.603656
v 7.406055 4.128035 -2.603656
v 7.346010 4.073212 -2.603656
v 7.308156 3.806925 -2.603656
v 7.313378 3.979228 -2.603656
v 7.913829 4.429565 -2.603656
v 7.954301 4.624058 -2.603656
v 8.040453 4.772865 -2.603656
v 8.346813 4.887852 -2.603656
v 8.881078 5.088379 -2.603656
v 9.025970 5.037472 -2.603656
v 9.178693 4.940877 -2.603656
v 9.307919 4.807735 -2.603656
v 9.411038 4.618464 -2.603656
v 8.032623 5.248003 -2.603656
v 8.060035 5.421614 -2.603656
v 7.952999 5.190569 -2.603656
v 7.864237 5.083533 -2.603656
v 7.860319 4.989549 -2.603656
v 8.126608 5.537788 -2.603656
v 8.213411 5.616107 -2.603656
v 8.341986 5.622633 -2.603656
v 8.405946 5.600443 -2.603656
v 8.499930 5.527345 -2.603656
v 8.613492 5.413406 -2.603656
v 8.720529 5.409490 -2.603656
v 8.811900 5.396437 -2.603656
v 8.874557 5.335086 -2.603656
v 8.005157 0.564037 -2.603657
v 7.950336 0.706317 -2.603657
v 7.990800 0.650188 -2.603657
v 7.985577 0.428283 -2.603657
v 8.043143 -0.198971 -2.603657
v 8.059762 0.238614 -2.603657
v 6.812282 -0.198971 -2.603657
v 8.108675 -0.167507 -2.603657
v 8.104989 0.077088 -2.603657
v 8.121597 -0.091821 -2.603657
v 6.763986 -0.025264 -2.603657
v 7.108593 0.558215 -2.603657
v 7.036798 0.538636 -2.603657
v 6.766596 0.180977 -2.603657
v 6.933678 0.469453 -2.603657
v 6.825336 0.349363 -2.603657
v 8.895391 -0.054685 -2.603657
v 8.956741 -0.183912 -2.603657
v 8.894088 -0.142142 -2.603657
v 8.918888 -0.014220 -2.603657
v 8.993292 0.066710 -2.603657
v 9.407076 0.282088 -2.603657
v 9.576227 -0.188099 -2.603657
v 9.255660 0.365628 -2.603657
v 9.538915 0.198547 -2.603657
v 9.121212 0.413925 -2.603657
v 8.928023 0.254676 -2.603657
v 8.995899 0.420452 -2.603657
v 8.931939 0.373460 -2.603657
v 10.626581 -0.195198 -2.603657
v 10.654523 0.354949 -2.603657
v 10.781138 0.322316 -2.603657
v 10.102374 0.830086 -2.603656
v 10.885565 0.606876 -2.603657
v 10.927335 0.264882 -2.603657
v 10.180695 0.909710 -2.603656
v 10.888178 0.648647 -2.603657
v 10.833353 0.768736 -2.603656
v 10.285121 0.963228 -2.603656
v 11.059174 0.173510 -2.603657
v 10.764171 0.869246 -2.603656
v 10.384325 0.994556 -2.603656
v 10.539655 0.995862 -2.603656
v 10.670187 0.951481 -2.603656
v 11.159683 0.076916 -2.603657
v 11.211898 0.002513 -2.603657
v 11.233041 -0.071898 -2.603657
v 11.234999 -0.161965 -2.603657
v 11.203014 -0.198971 -2.603657
v 9.745211 4.054564 -2.603656
v 9.626419 4.356093 -2.603656
v 9.716485 4.225561 -2.603656
v 9.728241 3.863987 -2.603656
v 9.542879 4.410917 -2.603656
v 9.659059 3.743898 -2.603656
v 9.456727 4.416138 -2.603656
v 9.561161 3.639471 -2.603656
v 9.648617 3.439757 -2.603656
v 9.681252 3.251790 -2.603656
v 9.627093 2.662875 -2.603656
v 9.682611 2.662869 -2.603656
v 9.566507 2.652126 -2.603656
v 9.725790 2.649194 -2.603656
v 9.582142 2.562224 -2.603656
v 9.596800 2.464505 -2.603656
v 9.603673 2.383652 -2.603656
v 9.604618 2.314995 -2.603654
v 9.642728 2.359945 -2.603656
v 9.682004 2.373325 -2.603656
v 9.784988 1.668107 -2.603656
v 9.652404 2.377227 -2.603656
v 9.886803 1.674634 -2.603656
v 9.982093 1.670718 -2.603656
v 10.056495 1.691603 -2.603656
v 10.189640 1.695519 -2.603656
v 10.318859 1.742511 -2.603656
v 10.438947 1.820830 -2.603656
v 10.512045 1.937003 -2.603656
v 10.548592 2.080590 -2.603656
v 10.545982 2.259419 -2.603656
v 10.498990 2.464354 -2.603656
v 10.495073 2.555727 -2.603656
v 10.382815 2.688869 -2.603656
v 10.308773 2.823750 -2.603656
v 9.682123 2.430307 -2.603656
v 9.897120 2.700494 -2.603656
v 10.170408 2.964725 -2.603656
v 10.000717 3.058708 -2.603656
v 9.746262 2.655324 -2.603656
v 9.847994 3.101784 -2.603656
v 9.706244 2.631605 -2.603656
v 9.682466 2.593560 -2.603656
v 9.658363 2.461573 -2.603656
v 9.667157 2.569064 -2.603656
v 9.652498 2.511410 -2.603656
v 8.043143 -0.198971 -2.603657
v 6.812282 -0.198971 -2.795083
v 6.812282 -0.198971 -2.603657
v 8.043143 -0.198971 -2.795083
v 8.108675 -0.167507 -2.603657
v 8.108675 -0.167507 -2.795083
v 7.380106 1.112978 -2.603657
v 7.780841 1.328357 -2.795083
v 7.780841 1.328357 -2.603657
v 7.380106 1.112978 -2.795083
v 7.288733 1.043796 -2.603657
v 7.288733 1.043796 -2.795083
v 7.224769 0.965476 -2.603657
v 7.224769 0.965476 -2.795083
v 8.063897 0.825101 -2.603657
v 8.063897 0.825101 -2.795083
v 7.890289 0.724591 -2.795083
v 7.890289 0.724591 -2.603657
v 7.280741 3.323956 -2.603656
v 7.558776 3.263911 -2.795083
v 7.558776 3.263911 -2.603656
v 7.280741 3.323956 -2.795083
v 7.176317 3.321345 -2.603656
v 7.176317 3.321345 -2.795083
v 7.101912 3.292628 -2.603656
v 7.101912 3.292628 -2.795083
v 6.996181 3.207782 -2.603656
v 6.996181 3.207782 -2.795083
v 9.784988 1.668107 -2.603656
v 9.680563 1.686381 -2.795083
v 9.680563 1.686381 -2.603656
v 9.784988 1.668107 -2.795083
v 9.886803 1.674634 -2.603656
v 9.886803 1.674634 -2.795083
v 9.982093 1.670718 -2.603656
v 9.982093 1.670718 -2.795083
v 10.056495 1.691603 -2.603656
v 10.056495 1.691603 -2.795083
v 10.189640 1.695519 -2.603656
v 10.189640 1.695519 -2.795083
v 9.683524 3.097868 -2.603656
v 9.683524 3.097868 -2.795083
v 9.847994 3.101784 -2.795083
v 9.847994 3.101784 -2.603656
v 7.567914 3.425771 -2.603656
v 7.610990 3.552387 -2.795083
v 7.610990 3.552387 -2.603656
v 7.567914 3.425771 -2.795083
v 7.558776 3.263911 -2.603656
v 7.558776 3.263911 -2.795083
v 9.561161 3.639471 -2.603656
v 9.561161 3.639471 -2.795083
v 9.648617 3.439757 -2.795083
v 9.648617 3.439757 -2.603656
v 9.681252 3.251790 -2.795083
v 9.681252 3.251790 -2.603656
v 9.683524 3.097868 -2.795083
v 9.683524 3.097868 -2.603656
v 9.847994 3.101784 -2.603656
v 9.847994 3.101784 -2.795083
v 10.000717 3.058708 -2.795083
v 10.000717 3.058708 -2.603656
v 10.170408 2.964725 -2.795083
v 10.170408 2.964725 -2.603656
v 10.308773 2.823750 -2.795083
v 10.308773 2.823750 -2.603656
v 10.382815 2.688869 -2.795083
v 10.382815 2.688869 -2.603656
v 10.495073 2.555727 -2.795083
v 10.495073 2.555727 -2.603656
v 10.498990 2.464354 -2.795083
v 10.498990 2.464354 -2.603656
v 10.545982 2.259419 -2.795083
v 10.545982 2.259419 -2.603656
v 10.318859 1.742511 -2.603656
v 10.189640 1.695519 -2.795083
v 10.189640 1.695519 -2.603656
v 10.318859 1.742511 -2.795083
v 10.438947 1.820830 -2.603656
v 10.438947 1.820830 -2.795083
v 10.512045 1.937003 -2.603656
v 10.512045 1.937003 -2.795083
v 10.548592 2.080590 -2.603656
v 10.548592 2.080590 -2.795083
v 10.545982 2.259419 -2.603656
v 10.545982 2.259419 -2.795083
v 9.680563 1.686381 -2.603656
v 9.680563 1.686381 -2.795083
v 9.700143 1.601536 -2.795083
v 9.700143 1.601536 -2.603656
v 9.705365 1.437065 -2.795083
v 9.705365 1.437065 -2.603656
v 9.662289 1.260846 -2.795083
v 9.662289 1.260846 -2.603656
v 9.591993 1.097677 -2.795083
v 9.591993 1.097677 -2.603656
v 7.832894 1.813696 -2.603656
v 7.857697 1.864604 -2.795083
v 7.857697 1.864604 -2.603656
v 7.832894 1.813696 -2.795083
v 7.798956 1.692301 -2.603657
v 7.798956 1.692301 -2.795083
v 7.783292 1.504334 -2.603657
v 7.783292 1.504334 -2.795083
v 7.780841 1.328357 -2.603657
v 7.780841 1.328357 -2.795083
v 7.791124 1.933785 -2.603656
v 7.746742 2.017326 -2.795083
v 7.746742 2.017326 -2.603656
v 7.791124 1.933785 -2.795083
v 7.857697 1.864604 -2.603656
v 7.857697 1.864604 -2.795083
v 7.746742 2.017326 -2.603656
v 7.746742 2.017326 -2.795083
v 7.615558 1.955976 -2.795083
v 7.615558 1.955976 -2.603656
v 7.400834 1.881572 -2.795083
v 7.400834 1.881572 -2.603657
v 7.272911 1.890710 -2.795083
v 7.272911 1.890710 -2.603657
v 7.114967 1.948144 -2.795083
v 7.114967 1.948144 -2.603657
v 7.114967 1.948144 -2.603657
v 7.114967 1.948144 -2.795083
v 6.998793 2.046043 -2.795083
v 6.998793 2.046043 -2.603657
v 6.866954 2.301888 -2.795083
v 6.866954 2.301888 -2.603657
v 6.788634 2.480716 -2.795083
v 6.788634 2.480716 -2.603656
v 6.788634 2.480716 -2.603656
v 6.788634 2.480716 -2.795083
v 6.795160 2.656936 -2.795083
v 6.795160 2.656936 -2.603656
v 6.839540 2.741782 -2.795083
v 6.839540 2.741782 -2.603656
v 6.859122 2.918001 -2.795083
v 6.859122 2.918001 -2.603656
v 6.912640 3.065502 -2.795083
v 6.912640 3.065502 -2.603656
v 6.996181 3.207782 -2.795083
v 6.996181 3.207782 -2.603656
v 9.538915 0.198547 -2.603657
v 9.538915 0.198547 -2.795083
v 9.687720 0.254676 -2.795083
v 9.687720 0.254676 -2.603657
v 8.174198 0.753308 -2.603657
v 8.063897 0.825101 -2.795083
v 8.063897 0.825101 -2.603657
v 8.174198 0.753308 -2.795083
v 8.400670 0.654104 -2.603657
v 8.400670 0.654104 -2.795083
v 8.617354 0.622776 -2.603657
v 8.617354 0.622776 -2.795083
v 8.887557 0.620166 -2.603657
v 8.887557 0.620166 -2.795083
v 9.048114 0.646272 -2.603657
v 9.048114 0.646272 -2.795083
v 9.187781 0.693264 -2.603657
v 9.187781 0.693264 -2.795083
v 9.259576 0.735035 -2.603657
v 9.259576 0.735035 -2.795083
v 7.890289 0.724591 -2.603657
v 7.890289 0.724591 -2.795083
v 7.950336 0.706317 -2.795083
v 7.950336 0.706317 -2.603657
v 7.990800 0.650188 -2.795083
v 7.990800 0.650188 -2.603657
v 8.005157 0.564037 -2.795083
v 8.005157 0.564037 -2.603657
v 7.985577 0.428283 -2.795083
v 7.985577 0.428283 -2.603657
v 8.059762 0.238614 -2.795083
v 8.059762 0.238614 -2.603657
v 8.104989 0.077088 -2.795083
v 8.104989 0.077088 -2.603657
v 8.121597 -0.091821 -2.795083
v 8.121597 -0.091821 -2.603657
v 8.108675 -0.167507 -2.795083
v 8.108675 -0.167507 -2.603657
v 7.276978 0.551689 -2.603657
v 7.276978 0.551689 -2.795083
v 7.299174 0.592154 -2.795083
v 7.299174 0.592154 -2.603657
v 7.299174 0.592154 -2.603657
v 7.299174 0.592154 -2.795083
v 7.229992 0.714854 -2.795083
v 7.229992 0.714854 -2.603657
v 7.206495 0.840165 -2.795083
v 7.206495 0.840165 -2.603657
v 7.224769 0.965476 -2.795083
v 7.224769 0.965476 -2.603657
v 7.108593 0.558215 -2.603657
v 7.276978 0.551689 -2.795083
v 7.276978 0.551689 -2.603657
v 7.108593 0.558215 -2.795083
v 7.036798 0.538636 -2.603657
v 7.036798 0.538636 -2.795083
v 6.933678 0.469453 -2.603657
v 6.933678 0.469453 -2.795083
v 6.825336 0.349363 -2.603657
v 6.825336 0.349363 -2.795083
v 6.812282 -0.198971 -2.603657
v 6.812282 -0.198971 -2.795083
v 6.763986 -0.025264 -2.795083
v 6.763986 -0.025264 -2.603657
v 6.763986 -0.025264 -2.603657
v 6.763986 -0.025264 -2.795083
v 6.766596 0.180977 -2.795083
v 6.766596 0.180977 -2.603657
v 6.825336 0.349363 -2.795083
v 6.825336 0.349363 -2.603657
v 9.576227 -0.188099 -2.603657
v 8.956741 -0.183912 -2.795083
v 8.956741 -0.183912 -2.603657
v 9.576227 -0.188099 -2.795083
v 10.626581 -0.195198 -2.603657
v 10.626581 -0.195198 -2.795083
v 11.203014 -0.198971 -2.603657
v 11.203014 -0.198971 -2.795083
v 9.407076 0.282088 -2.603657
v 9.538915 0.198547 -2.795083
v 9.538915 0.198547 -2.603657
v 9.407076 0.282088 -2.795083
v 9.255660 0.365628 -2.603657
v 9.255660 0.365628 -2.795083
v 9.121212 0.413925 -2.603657
v 9.121212 0.413925 -2.795083
v 8.995899 0.420452 -2.603657
v 8.995899 0.420452 -2.795083
v 8.931939 0.373460 -2.603657
v 8.931939 0.373460 -2.795083
v 10.654523 0.354949 -2.603657
v 10.654523 0.354949 -2.795083
v 10.781138 0.322316 -2.795083
v 10.781138 0.322316 -2.603657
v 10.927335 0.264882 -2.795083
v 10.927335 0.264882 -2.603657
v 11.059174 0.173510 -2.795083
v 11.059174 0.173510 -2.603657
v 11.159683 0.076916 -2.795083
v 11.159683 0.076916 -2.603657
v 11.211898 0.002513 -2.795083
v 11.211898 0.002513 -2.603657
v 11.233041 -0.071898 -2.795083
v 11.233041 -0.071898 -2.603657
v 11.234999 -0.161965 -2.795083
v 11.234999 -0.161965 -2.603657
v 8.918888 -0.014220 -2.603657
v 8.993292 0.066710 -2.795083
v 8.993292 0.066710 -2.603657
v 8.918888 -0.014220 -2.795083
v 8.895391 -0.054685 -2.603657
v 8.895391 -0.054685 -2.795083
v 8.894088 -0.142142 -2.603657
v 8.894088 -0.142142 -2.795083
v 8.956741 -0.183912 -2.603657
v 8.956741 -0.183912 -2.795083
v 8.894088 -0.142142 -2.795083
v 8.894088 -0.142142 -2.603657
v 8.993292 0.066710 -2.603657
v 8.993292 0.066710 -2.795083
v 8.928023 0.254676 -2.795083
v 8.928023 0.254676 -2.603657
v 8.931939 0.373460 -2.795083
v 8.931939 0.373460 -2.603657
v 10.024055 0.794842 -2.603656
v 10.041023 0.732187 -2.795083
v 10.041023 0.732187 -2.603656
v 10.024055 0.794842 -2.795083
v 9.967518 0.835531 -2.603656
v 9.967518 0.835531 -2.795083
v 9.918324 0.865329 -2.603656
v 9.918324 0.865329 -2.795083
v 9.826952 0.861413 -2.603656
v 9.826952 0.861413 -2.795083
v 9.687720 0.254676 -2.603657
v 9.687720 0.254676 -2.795083
v 9.659005 0.290236 -2.795083
v 9.659005 0.290236 -2.603657
v 9.549356 0.313415 -2.795083
v 9.549356 0.313415 -2.603657
v 9.482784 0.379987 -2.795083
v 9.482784 0.379987 -2.603657
v 9.482784 0.379987 -2.603657
v 9.482784 0.379987 -2.795083
v 9.491922 0.493550 -2.795083
v 9.491922 0.493550 -2.603657
v 9.591993 1.097677 -2.603656
v 9.591993 1.097677 -2.795083
v 9.826952 0.861413 -2.795083
v 9.826952 0.861413 -2.603656
v 9.491922 0.493550 -2.603657
v 9.491922 0.493550 -2.795083
v 9.259576 0.735035 -2.795083
v 9.259576 0.735035 -2.603657
v 10.041023 0.732187 -2.603656
v 10.041023 0.732187 -2.795083
v 10.102374 0.830086 -2.795083
v 10.102374 0.830086 -2.603656
v 10.180695 0.909710 -2.795083
v 10.180695 0.909710 -2.603656
v 10.285121 0.963228 -2.795083
v 10.285121 0.963228 -2.603656
v 10.384325 0.994556 -2.795083
v 10.384325 0.994556 -2.603656
v 10.885565 0.606876 -2.603657
v 10.654523 0.354949 -2.795083
v 10.654523 0.354949 -2.603657
v 10.885565 0.606876 -2.795083
v 10.888178 0.648647 -2.603657
v 10.888178 0.648647 -2.795083
v 10.833353 0.768736 -2.603656
v 10.888178 0.648647 -2.795083
v 10.888178 0.648647 -2.603657
v 10.833353 0.768736 -2.795083
v 10.764171 0.869246 -2.603656
v 10.764171 0.869246 -2.795083
v 10.670187 0.951481 -2.603656
v 10.764171 0.869246 -2.795083
v 10.764171 0.869246 -2.603656
v 10.670187 0.951481 -2.795083
v 10.539655 0.995862 -2.603656
v 10.539655 0.995862 -2.795083
v 10.384325 0.994556 -2.603656
v 10.384325 0.994556 -2.795083
v 10.539655 0.995862 -2.795083
v 10.539655 0.995862 -2.603656
v 11.234999 -0.161965 -2.603657
v 11.234999 -0.161965 -2.795083
v 11.203014 -0.198971 -2.795083
v 11.203014 -0.198971 -2.603657
v 9.456727 4.416138 -2.603656
v 9.456727 4.416138 -2.795084
v 9.542879 4.410917 -2.795084
v 9.542879 4.410917 -2.603656
v 9.626419 4.356093 -2.795084
v 9.626419 4.356093 -2.603656
v 9.716485 4.225561 -2.795083
v 9.716485 4.225561 -2.603656
v 9.745211 4.054564 -2.795083
v 9.745211 4.054564 -2.603656
v 9.728241 3.863987 -2.795083
v 9.728241 3.863987 -2.603656
v 9.659059 3.743898 -2.795083
v 9.659059 3.743898 -2.603656
v 9.561161 3.639471 -2.795083
v 9.561161 3.639471 -2.603656
v 9.411038 4.618464 -2.603656
v 9.456727 4.416138 -2.795084
v 9.456727 4.416138 -2.603656
v 9.411038 4.618464 -2.795084
v 9.307919 4.807735 -2.603656
v 9.307919 4.807735 -2.795084
v 9.178693 4.940877 -2.603656
v 9.178693 4.940877 -2.795084
v 9.025970 5.037472 -2.603656
v 9.025970 5.037472 -2.795084
v 8.881078 5.088379 -2.603656
v 8.881078 5.088379 -2.795084
v 7.610990 3.552387 -2.603656
v 7.610990 3.552387 -2.795083
v 7.426940 3.573273 -2.795083
v 7.426940 3.573273 -2.603656
v 7.339484 3.680309 -2.795083
v 7.339484 3.680309 -2.603656
v 7.464796 4.141088 -2.603656
v 7.660594 4.117593 -2.795083
v 7.660594 4.117593 -2.603656
v 7.464796 4.141088 -2.795083
v 7.406055 4.128035 -2.603656
v 7.406055 4.128035 -2.795083
v 7.346010 4.073212 -2.603656
v 7.339484 3.680309 -2.603656
v 7.339484 3.680309 -2.795083
v 7.308156 3.806925 -2.795083
v 7.308156 3.806925 -2.603656
v 7.313378 3.979228 -2.795083
v 7.313378 3.979228 -2.603656
v 7.346010 4.073212 -2.795083
v 7.346010 4.073212 -2.603656
v 7.406055 4.128035 -2.795083
v 7.660594 4.117593 -2.603656
v 7.660594 4.117593 -2.795083
v 7.680177 4.235072 -2.795083
v 7.680177 4.235072 -2.603656
v 7.798962 4.398237 -2.795084
v 7.798962 4.398237 -2.603656
v 7.834205 4.430870 -2.795084
v 7.834205 4.430870 -2.603656
v 7.834205 4.430870 -2.603656
v 7.834205 4.430870 -2.795084
v 7.913829 4.429565 -2.795084
v 7.913829 4.429565 -2.603656
v 7.913829 4.429565 -2.603656
v 7.913829 4.429565 -2.795084
v 7.954301 4.624058 -2.795084
v 7.954301 4.624058 -2.603656
v 8.040453 4.772864 -2.795084
v 8.040453 4.772865 -2.603656
v 7.952999 5.190569 -2.603656
v 7.952999 5.190569 -2.795084
v 8.032623 5.248003 -2.795084
v 8.032623 5.248003 -2.603656
v 7.864237 5.083533 -2.603656
v 7.952999 5.190569 -2.795084
v 7.952999 5.190569 -2.603656
v 7.864237 5.083533 -2.795084
v 7.860319 4.989549 -2.603656
v 7.860319 4.989549 -2.795084
v 8.040453 4.772865 -2.603656
v 8.040453 4.772864 -2.795084
v 7.860319 4.989549 -2.795084
v 7.860319 4.989549 -2.603656
v 8.874557 5.335086 -2.603656
v 8.881078 5.088379 -2.795084
v 8.881078 5.088379 -2.603656
v 8.874557 5.335086 -2.795084
v 8.811900 5.396437 -2.603656
v 8.811900 5.396437 -2.795084
v 8.720529 5.409490 -2.603656
v 8.720529 5.409490 -2.795084
v 8.613492 5.413406 -2.603656
v 8.613492 5.413406 -2.795084
v 8.499930 5.527345 -2.603656
v 8.499930 5.527345 -2.795084
v 8.405946 5.600443 -2.603656
v 8.405946 5.600443 -2.795084
v 8.341986 5.622633 -2.603656
v 8.341986 5.622633 -2.795084
v 8.032623 5.248003 -2.603656
v 8.032623 5.248003 -2.795084
v 8.060035 5.421614 -2.795084
v 8.060035 5.421614 -2.603656
v 8.126608 5.537788 -2.795084
v 8.126608 5.537788 -2.603656
v 8.213411 5.616107 -2.795084
v 8.213411 5.616107 -2.603656
v 8.341986 5.622633 -2.795084
v 8.341986 5.622633 -2.603656
v 9.662289 1.260846 -2.795083
v 9.705365 1.437065 -2.795083
v 9.700143 1.601536 -2.795083
v 9.680563 1.686381 -2.795083
v 9.591993 1.097677 -2.795083
v 8.785781 2.491483 -2.795106
v 8.747561 1.471095 -2.795106
v 9.259576 0.735035 -2.795083
v 9.826952 0.861413 -2.795083
v 9.187781 0.693264 -2.795083
v 9.048114 0.646272 -2.795083
v 8.887557 0.620166 -2.795083
v 9.491922 0.493550 -2.795083
v 8.617354 0.622776 -2.795083
v 9.918324 0.865329 -2.795083
v 9.482784 0.379987 -2.795083
v 9.549356 0.313415 -2.795083
v 9.967518 0.835531 -2.795083
v 8.400670 0.654104 -2.795083
v 9.659005 0.290236 -2.795083
v 10.024055 0.794842 -2.795083
v 8.174198 0.753308 -2.795083
v 10.041023 0.732187 -2.795083
v 8.063897 0.825101 -2.795083
v 9.687720 0.254676 -2.795083
v 7.780841 1.328357 -2.795083
v 7.890289 0.724591 -2.795083
v 7.380106 1.112978 -2.795083
v 7.288733 1.043796 -2.795083
v 7.224769 0.965476 -2.795083
v 7.206495 0.840165 -2.795083
v 7.229992 0.714854 -2.795083
v 7.299174 0.592154 -2.795083
v 7.276978 0.551689 -2.795083
v 7.857697 1.864604 -2.795083
v 7.783292 1.504334 -2.795083
v 7.832894 1.813696 -2.795083
v 7.798956 1.692301 -2.795083
v 7.791124 1.933785 -2.795083
v 7.746742 2.017326 -2.795083
v 7.653285 2.637129 -2.795106
v 8.583489 3.595814 -2.795106
v 7.615558 1.955976 -2.795083
v 9.683524 3.097868 -2.795083
v 7.400834 1.881572 -2.795083
v 7.272911 1.890710 -2.795083
v 7.114967 1.948144 -2.795083
v 6.998793 2.046043 -2.795083
v 6.866954 2.301888 -2.795083
v 6.788634 2.480716 -2.795083
v 6.795160 2.656936 -2.795083
v 6.839540 2.741782 -2.795083
v 6.859122 2.918001 -2.795083
v 6.912640 3.065502 -2.795083
v 7.101912 3.292628 -2.795083
v 6.996181 3.207782 -2.795083
v 7.176317 3.321345 -2.795083
v 7.280741 3.323956 -2.795083
v 7.558776 3.263911 -2.795083
v 7.567914 3.425771 -2.795083
v 7.610990 3.552387 -2.795083
v 7.660594 4.117593 -2.795083
v 7.680177 4.235072 -2.795083
v 7.798962 4.398237 -2.795084
v 7.464796 4.141088 -2.795083
v 7.426940 3.573273 -2.795083
v 7.834205 4.430870 -2.795084
v 7.339484 3.680309 -2.795083
v 7.406055 4.128035 -2.795083
v 7.346010 4.073212 -2.795083
v 7.308156 3.806925 -2.795083
v 7.313378 3.979228 -2.795083
v 7.913829 4.429565 -2.795084
v 7.954301 4.624058 -2.795084
v 8.040453 4.772864 -2.795084
v 8.346813 4.887852 -2.795106
v 8.881078 5.088379 -2.795084
v 9.025970 5.037472 -2.795084
v 9.178693 4.940877 -2.795084
v 9.307919 4.807735 -2.795084
v 9.411038 4.618464 -2.795084
v 8.032623 5.248003 -2.795084
v 8.060035 5.421614 -2.795084
v 7.952999 5.190569 -2.795084
v 7.864237 5.083533 -2.795084
v 7.860319 4.989549 -2.795084
v 8.126608 5.537788 -2.795084
v 8.213411 5.616107 -2.795084
v 8.341986 5.622633 -2.795084
v 8.405946 5.600443 -2.795084
v 8.499930 5.527345 -2.795084
v 8.613492 5.413406 -2.795084
v 8.720529 5.409490 -2.795084
v 8.811900 5.396437 -2.795084
v 8.874557 5.335086 -2.795084
v 8.005157 0.564037 -2.795083
v 7.990800 0.650188 -2.795083
v 7.950336 0.706317 -2.795083
v 7.985577 0.428283 -2.795083
v 8.043143 -0.198971 -2.795083
v 8.059762 0.238614 -2.795083
v 6.812282 -0.198971 -2.795083
v 8.108675 -0.167507 -2.795083
v 8.104989 0.077088 -2.795083
v 8.121597 -0.091821 -2.795083
v 6.763986 -0.025264 -2.795083
v 7.108593 0.558215 -2.795083
v 7.036798 0.538636 -2.795083
v 6.766596 0.180977 -2.795083
v 6.933678 0.469453 -2.795083
v 6.825336 0.349363 -2.795083
v 8.895391 -0.054685 -2.795083
v 8.894088 -0.142142 -2.795083
v 8.956741 -0.183912 -2.795083
v 8.918888 -0.014220 -2.795083
v 8.993292 0.066710 -2.795083
v 9.407076 0.282088 -2.795083
v 9.576227 -0.188099 -2.795083
v 9.255660 0.365628 -2.795083
v 9.538915 0.198547 -2.795083
v 9.121212 0.413925 -2.795083
v 8.928023 0.254676 -2.795083
v 8.995899 0.420452 -2.795083
v 8.931939 0.373460 -2.795083
v 10.626581 -0.195198 -2.795083
v 10.654523 0.354949 -2.795083
v 10.781138 0.322316 -2.795083
v 10.102374 0.830086 -2.795083
v 10.885565 0.606876 -2.795083
v 10.927335 0.264882 -2.795083
v 10.180695 0.909710 -2.795083
v 10.888178 0.648647 -2.795083
v 10.833353 0.768736 -2.795083
v 10.285121 0.963228 -2.795083
v 11.059174 0.173510 -2.795083
v 10.764171 0.869246 -2.795083
v 10.384325 0.994556 -2.795083
v 10.539655 0.995862 -2.795083
v 10.670187 0.951481 -2.795083
v 11.159683 0.076916 -2.795083
v 11.211898 0.002513 -2.795083
v 11.233041 -0.071898 -2.795083
v 11.234999 -0.161965 -2.795083
v 11.203014 -0.198971 -2.795083
v 9.745211 4.054564 -2.795083
v 9.716485 4.225561 -2.795083
v 9.626419 4.356093 -2.795084
v 9.728241 3.863987 -2.795083
v 9.542879 4.410917 -2.795084
v 9.659059 3.743898 -2.795083
v 9.456727 4.416138 -2.795084
v 9.561161 3.639471 -2.795083
v 9.648617 3.439757 -2.795083
v 9.681252 3.251790 -2.795083
v 9.627093 2.662875 -2.795106
v 9.682611 2.662869 -2.795106
v 9.566507 2.652126 -2.795106
v 9.725790 2.649194 -2.795106
v 9.582142 2.562224 -2.795106
v 9.596800 2.464505 -2.795106
v 9.603673 2.383652 -2.795106
v 9.604618 2.314995 -2.795106
v 9.642728 2.359945 -2.795106
v 9.682004 2.373325 -2.795106
v 9.652404 2.377227 -2.795106
v 9.784988 1.668107 -2.795083
v 9.886803 1.674634 -2.795083
v 9.982093 1.670718 -2.795083
v 10.056495 1.691603 -2.795083
v 10.189640 1.695519 -2.795083
v 10.318859 1.742511 -2.795083
v 10.438947 1.820830 -2.795083
v 10.512045 1.937003 -2.795083
v 10.548592 2.080590 -2.795083
v 10.545982 2.259419 -2.795083
v 10.498990 2.464354 -2.795083
v 10.495073 2.555727 -2.795083
v 10.382815 2.688869 -2.795083
v 10.308773 2.823750 -2.795083
v 9.897120 2.700494 -2.795106
v 10.170408 2.964725 -2.795083
v 10.000717 3.058708 -2.795083
v 9.746262 2.655324 -2.795106
v 9.847994 3.101784 -2.795083
v 9.682123 2.430307 -2.795106
v 9.706244 2.631605 -2.795106
v 9.682466 2.593560 -2.795106
v 9.658363 2.461573 -2.795106
v 9.667157 2.569064 -2.795106
v 9.652498 2.511410 -2.795106
vn -0.0000 -0.0000 1.0000
vn -0.0000 -1.0000 -0.0000
vn 0.2220 -0.9751 -0.0000
vn 0.2219 -0.9751 -0.0000
vn 0.4328 -0.9015 -0.0000
vn -0.4734 0.8808 -0.0000
vn -0.5402 0.8416 -0.0000
vn -0.5401 0.8416 -0.0000
vn -0.6940 0.7200 -0.0000
vn -0.9152 0.4030 0.0001
vn -0.9152 0.4030 -0.0000
vn 0.5010 -0.8654 -0.0000
vn 0.2111 0.9775 -0.0000
vn 0.0937 0.9956 -0.0000
vn -0.1954 0.9807 -0.0000
vn -0.4989 0.8667 -0.0000
vn -0.7566 0.6539 0.0001
vn -0.7566 0.6539 -0.0000
vn -0.1724 -0.9850 -0.0000
vn -0.0546 -0.9985 -0.0000
vn 0.0115 -0.9999 -0.0000
vn 0.1160 -0.9932 0.0001
vn 0.1160 -0.9932 -0.0000
vn 0.1509 -0.9885 -0.0000
vn 0.1510 -0.9885 -0.0000
vn 0.1880 -0.9822 -0.0000
vn 0.1252 0.9921 -0.0000
vn -0.0238 0.9997 -0.0000
vn -0.9467 0.3221 -0.0000
vn -0.9816 0.1910 -0.0000
vn -0.9984 0.0564 -0.0000
vn 0.9576 0.2882 -0.0000
vn 0.9160 0.4011 -0.0000
vn 0.9956 0.0932 -0.0000
vn 0.9999 0.0148 -0.0000
vn 0.3805 0.9248 -0.0000
vn 0.6054 0.7959 -0.0000
vn 0.8027 0.5964 -0.0000
vn 0.8246 0.5657 -0.0000
vn 0.8027 0.5964 -0.0001
vn 0.9317 0.3631 -0.0000
vn 0.9910 0.1337 -0.0000
vn 0.9317 0.3632 -0.0000
vn 0.9928 0.1197 -0.0000
vn 0.4470 -0.8946 -0.0000
vn 0.4469 -0.8946 -0.0000
vn 0.7128 -0.7013 0.0001
vn 0.7128 -0.7013 -0.0000
vn 0.9189 -0.3944 -0.0000
vn 0.9931 -0.1170 -0.0000
vn 0.9931 -0.1171 -0.0000
vn 0.9917 0.1289 -0.0000
vn 0.9744 0.2249 -0.0000
vn 0.9946 -0.1038 -0.0000
vn 0.9482 -0.3177 -0.0000
vn 0.9184 -0.3957 -0.0000
vn -0.8990 0.4380 -0.0000
vn -0.9348 0.3551 -0.0000
vn -0.9842 0.1769 -0.0000
vn -0.9988 0.0485 -0.0000
vn -0.9999 0.0139 -0.0000
vn -0.8831 -0.4692 -0.0000
vn -0.8096 -0.5869 -0.0000
vn -0.7206 -0.6934 -0.0000
vn 0.3760 -0.9266 -0.0000
vn 0.4236 -0.9058 -0.0000
vn 0.1307 -0.9914 -0.0000
vn -0.2085 -0.9780 -0.0000
vn 0.1308 -0.9914 -0.0000
vn -0.5008 -0.8656 -0.0000
vn -0.7818 -0.6235 0.0001
vn -0.7818 -0.6235 -0.0000
vn -0.5008 -0.8656 -0.0001
vn -0.9029 -0.4298 -0.0000
vn -0.9824 -0.1868 -0.0000
vn -0.9665 0.2565 -0.0000
vn -0.9564 0.2920 -0.0000
vn -0.9665 0.2566 -0.0000
vn -0.9738 0.2274 -0.0000
vn -0.9050 0.4255 -0.0000
vn -0.3529 0.9357 -0.0000
vn -0.5455 -0.8381 -0.0000
vn -0.4750 -0.8800 -0.0000
vn -0.2746 -0.9615 0.0001
vn -0.2746 -0.9615 -0.0000
vn -0.2747 -0.9615 -0.0000
vn -0.0765 -0.9971 -0.0000
vn -0.0766 -0.9971 -0.0000
vn 0.0757 -0.9971 -0.0000
vn 0.2405 -0.9707 -0.0000
vn 0.4130 -0.9107 -0.0000
vn 0.5029 -0.8644 -0.0000
vn 0.5817 0.8134 -0.0000
vn 0.2912 0.9567 -0.0000
vn 0.9230 0.3847 -0.0000
vn 0.9231 0.3847 -0.0000
vn 0.9999 0.0110 -0.0000
vn 0.9934 0.1146 -0.0000
vn 0.9483 0.3173 -0.0000
vn 0.9934 0.1145 -0.0000
vn 0.9828 0.1845 -0.0000
vn 0.9994 -0.0355 -0.0000
vn 0.9828 0.1844 -0.0000
vn 0.9857 -0.1683 -0.0000
vn -0.8768 0.4809 -0.0000
vn -0.9396 -0.3423 -0.0000
vn -0.8711 -0.4911 -0.0000
vn -0.9998 -0.0203 -0.0000
vn 0.0387 0.9992 -0.0000
vn -0.1135 0.9935 -0.0000
vn -0.4156 0.9096 0.0001
vn -0.1135 0.9935 0.0001
vn -0.4156 0.9096 -0.0000
vn -0.4156 0.9095 -0.0000
vn -0.6547 0.7559 -0.0000
vn -0.6548 0.7558 -0.0000
vn -0.8604 0.5097 0.0001
vn -0.8604 0.5097 -0.0000
vn -0.9917 -0.1289 -0.0000
vn -0.9635 -0.2679 -0.0000
vn -0.9849 0.1733 -0.0000
vn -0.2930 -0.9561 -0.0000
vn -0.0068 -1.0000 -0.0000
vn -0.0065 -1.0000 -0.0000
vn 0.5352 0.8447 -0.0000
vn 0.5094 0.8605 -0.0000
vn 0.4119 0.9112 -0.0000
vn 0.1972 0.9804 -0.0000
vn 0.1971 0.9804 -0.0000
vn -0.2867 0.9580 -0.0000
vn 0.1971 0.9804 0.0001
vn -0.5921 0.8059 -0.0000
vn 0.3082 0.9513 -0.0000
vn 0.2496 0.9684 -0.0000
vn 0.4708 0.8822 -0.0000
vn 0.6333 0.7739 -0.0000
vn 0.7593 0.6508 -0.0000
vn 0.7593 0.6507 -0.0000
vn 0.9029 0.4299 -0.0000
vn 0.9889 0.1487 -0.0000
vn 0.9409 -0.3386 -0.0000
vn -0.7362 0.6768 -0.0000
vn -0.8052 0.5930 -0.0000
vn -0.9636 0.2672 -0.0000
vn -0.9999 0.0149 -0.0000
vn -0.5547 -0.8320 -0.0000
vn -0.9887 -0.1500 -0.0000
vn -0.9447 -0.3280 -0.0000
vn -0.9995 0.0329 -0.0000
vn -0.9887 -0.1501 -0.0000
vn 0.9652 0.2614 -0.0000
vn 0.8221 0.5694 -0.0000
vn 0.8221 0.5693 -0.0000
vn 0.5515 0.8341 -0.0000
vn 0.2483 0.9687 -0.0000
vn -0.0428 0.9991 -0.0000
vn -0.5226 -0.8526 -0.0000
vn -0.7780 -0.6283 -0.0000
vn -0.4767 -0.8791 -0.0000
vn -0.7071 -0.7071 -0.0000
vn -0.9968 0.0802 -0.0000
vn 0.7091 0.7051 -0.0000
vn -0.7206 -0.6933 -0.0000
vn -0.7848 0.6198 -0.0000
vn -0.8474 0.5310 -0.0000
vn -0.3800 0.9250 -0.0000
vn -0.1565 0.9877 -0.0000
vn -0.3799 0.9250 -0.0000
vn 0.7370 -0.6759 -0.0000
vn 0.9202 -0.3915 -0.0000
vn 0.9833 0.1819 -0.0000
vn 0.8700 0.4930 -0.0000
vn 0.7469 0.6649 -0.0000
vn 0.4997 0.8662 -0.0000
vn 0.7469 0.6650 -0.0000
vn 0.1590 0.9873 -0.0000
vn 0.7566 -0.6539 -0.0000
vn 0.3152 0.9490 -0.0000
vn 0.0605 0.9982 -0.0000
vn 0.6989 0.7153 -0.0000
vn 0.9267 0.3757 -0.0000
vn 0.6988 0.7153 -0.0000
vn 0.9992 0.0388 -0.0000
vn 0.9267 0.3758 -0.0000
vn 0.9536 -0.3010 -0.0000
vn 0.8033 -0.5955 -0.0000
vn 0.7295 -0.6839 -0.0000
vn 0.8034 -0.5955 -0.0000
vn 0.9754 0.2203 -0.0000
vn 0.9357 0.3527 -0.0000
vn 0.8053 0.5929 -0.0000
vn 0.6305 0.7762 -0.0000
vn 0.4358 0.9000 -0.0000
vn 0.4358 0.9001 -0.0000
vn 0.3315 0.9435 -0.0000
vn -0.4789 -0.8779 -0.0000
vn -0.1128 -0.9936 -0.0000
vn -0.8943 -0.4474 -0.0000
vn 0.1191 0.9929 -0.0000
vn -0.0496 0.9988 -0.0000
vn -0.4612 0.8873 0.0001
vn -0.4612 0.8873 -0.0000
vn -0.8351 0.5501 -0.0000
vn -0.9944 -0.1059 -0.0000
vn -0.8944 -0.4473 -0.0000
vn -0.8944 -0.4473 0.0001
vn -0.9834 0.1813 -0.0000
vn -0.9834 0.1812 -0.0000
vn -0.9221 0.3869 0.0001
vn -0.9864 0.1644 -0.0000
vn -0.9221 0.3868 -0.0000
vn -0.7475 0.6643 -0.0000
vn -0.3572 0.9340 -0.0000
vn 0.0164 0.9999 -0.0000
vn -0.9341 0.3569 -0.0000
vn -0.9790 0.2037 -0.0000
vn -0.8654 0.5010 -0.0000
vn -0.5850 0.8110 -0.0000
vn -0.6829 0.7305 -0.0000
vn -0.6829 0.7305 -0.0001
vn -0.6829 0.7306 -0.0000
vn -0.9334 0.3588 -0.0000
vn -0.6829 0.7306 0.0001
vn -0.9474 -0.3202 -0.0000
vn -0.9334 0.3588 -0.0001
vn -0.9473 -0.3202 -0.0000
vn -0.7690 -0.6393 -0.0000
vn 0.9997 0.0264 -0.0000
vn 0.9167 0.3997 -0.0000
vn 0.4425 0.8968 -0.0000
vn 0.9167 0.3997 0.0001
vn 0.0891 0.9960 -0.0000
vn 0.4003 0.9164 -0.0000
vn 0.6624 0.7491 -0.0000
vn 0.4772 0.8788 -0.0000
vn 0.1411 0.9900 -0.0000
vn -0.9433 0.3321 -0.0000
vn -0.9878 0.1560 -0.0000
vn -0.7785 0.6277 -0.0000
vn -0.3824 0.9240 -0.0000
vn -0.0000 -0.0000 -1.0000
vn -0.0001 -0.0000 -1.0000
vn -0.0000 0.0001 -1.0000
vn 0.0001 -0.0000 -1.0000
vt 0.150828 0.083635
vt 0.150567 0.091858
vt 0.148674 0.074824
vt 0.149587 0.096100
vt 0.145159 0.066665
vt 0.104848 0.136356
vt 0.102937 0.085336
vt 0.128538 0.048533
vt 0.156907 0.054852
vt 0.124949 0.046444
vt 0.117965 0.044095
vt 0.109937 0.042790
vt 0.140155 0.036459
vt 0.096427 0.042920
vt 0.161476 0.055048
vt 0.139699 0.030781
vt 0.143027 0.027452
vt 0.164674 0.053742
vt 0.085593 0.044486
vt 0.148510 0.026016
vt 0.166762 0.051523
vt 0.074269 0.049447
vt 0.167611 0.048391
vt 0.068754 0.053036
vt 0.149945 0.024515
vt 0.054601 0.078199
vt 0.060074 0.048011
vt 0.034565 0.067430
vt 0.029996 0.063971
vt 0.026798 0.060055
vt 0.025884 0.053790
vt 0.027059 0.047524
vt 0.030518 0.041389
vt 0.029408 0.039366
vt 0.058444 0.105012
vt 0.054724 0.086998
vt 0.057204 0.102466
vt 0.055507 0.096396
vt 0.055116 0.108471
vt 0.052896 0.112648
vt 0.048224 0.143638
vt 0.094734 0.191572
vt 0.046337 0.109580
vt 0.149736 0.166675
vt 0.035601 0.105860
vt 0.029205 0.106317
vt 0.021308 0.109189
vt 0.015499 0.114083
vt 0.008907 0.126876
vt 0.004991 0.135817
vt 0.005317 0.144628
vt 0.007536 0.148870
vt 0.008516 0.157681
vt 0.011191 0.165056
vt 0.020655 0.176413
vt 0.015368 0.172171
vt 0.024375 0.177849
vt 0.029596 0.177979
vt 0.043498 0.174977
vt 0.043955 0.183070
vt 0.046109 0.189401
vt 0.048589 0.217661
vt 0.049568 0.223535
vt 0.055507 0.231693
vt 0.038799 0.218836
vt 0.036906 0.190445
vt 0.057270 0.233325
vt 0.032534 0.195797
vt 0.035862 0.218183
vt 0.032860 0.215442
vt 0.030967 0.202128
vt 0.031228 0.210743
vt 0.061251 0.233260
vt 0.063274 0.242984
vt 0.067582 0.250425
vt 0.082900 0.256174
vt 0.109613 0.266200
vt 0.116858 0.263655
vt 0.124494 0.258825
vt 0.130955 0.252168
vt 0.136111 0.242704
vt 0.067191 0.274181
vt 0.068561 0.282862
vt 0.063209 0.271310
vt 0.058771 0.265958
vt 0.058575 0.261259
vt 0.071890 0.288671
vt 0.076230 0.292587
vt 0.082659 0.292913
vt 0.085857 0.291804
vt 0.090556 0.288149
vt 0.096234 0.282452
vt 0.101586 0.282256
vt 0.106154 0.281603
vt 0.109287 0.278536
vt 0.065099 0.044291
vt 0.063076 0.047097
vt 0.065817 0.039983
vt 0.064838 0.033196
vt 0.067717 0.001833
vt 0.068548 0.023712
vt 0.006173 0.001833
vt 0.070993 0.003406
vt 0.070809 0.015636
vt 0.071639 0.007190
vt 0.003759 0.010518
vt 0.020989 0.039692
vt 0.017399 0.038713
vt 0.003889 0.020830
vt 0.012243 0.035254
vt 0.006826 0.029250
vt 0.110264 0.004674
vt 0.113397 0.002586
vt 0.110329 0.009047
vt 0.111504 0.011070
vt 0.115224 0.015117
vt 0.135913 0.025886
vt 0.144371 0.002376
vt 0.128342 0.030063
vt 0.142505 0.021709
vt 0.121620 0.032478
vt 0.111961 0.024515
vt 0.115354 0.032804
vt 0.112156 0.030454
vt 0.196889 0.002021
vt 0.198286 0.029529
vt 0.204616 0.027897
vt 0.170678 0.053286
vt 0.209838 0.042125
vt 0.211926 0.025025
vt 0.174594 0.057267
vt 0.209968 0.044214
vt 0.207227 0.050218
vt 0.179816 0.059943
vt 0.218518 0.020457
vt 0.203768 0.055244
vt 0.184776 0.061509
vt 0.192542 0.061574
vt 0.199069 0.059355
vt 0.223544 0.015627
vt 0.226154 0.011907
vt 0.227212 0.008186
vt 0.227309 0.003683
vt 0.225710 0.001833
vt 0.151384 0.223059
vt 0.146880 0.229586
vt 0.152820 0.214510
vt 0.151972 0.204981
vt 0.142703 0.232327
vt 0.148512 0.198976
vt 0.138396 0.232588
vt 0.143617 0.193755
vt 0.147990 0.183769
vt 0.149622 0.174371
vt 0.149690 0.144925
vt 0.146914 0.144925
vt 0.143885 0.144388
vt 0.151849 0.144241
vt 0.144666 0.139893
vt 0.145399 0.135007
vt 0.145743 0.130964
vt 0.145790 0.127531
vt 0.147696 0.129779
vt 0.149660 0.130448
vt 0.154809 0.095187
vt 0.148180 0.130643
vt 0.159900 0.095513
vt 0.164664 0.095317
vt 0.168384 0.096362
vt 0.175041 0.096557
vt 0.181502 0.098907
vt 0.187507 0.102823
vt 0.191162 0.108631
vt 0.192989 0.115811
vt 0.192859 0.124752
vt 0.190509 0.134999
vt 0.190313 0.139568
vt 0.184700 0.146225
vt 0.180998 0.152969
vt 0.149666 0.133297
vt 0.160416 0.146806
vt 0.174080 0.160018
vt 0.165595 0.164717
vt 0.152873 0.144548
vt 0.157959 0.166871
vt 0.150872 0.143362
vt 0.149683 0.141459
vt 0.148478 0.134860
vt 0.148917 0.140235
vt 0.148184 0.137352
vt 0.513457 0.996349
vt 0.513457 0.982822
vt 0.601573 0.996349
vt 0.601573 0.982822
vt 0.607104 0.996349
vt 0.607104 0.982822
vt 0.648898 0.996349
vt 0.648898 0.982822
vt 0.681662 0.996349
vt 0.681662 0.982822
vt 0.690163 0.996349
vt 0.690163 0.982822
vt 0.697708 0.996349
vt 0.697708 0.982822
vt 0.679204 0.982822
vt 0.693808 0.982822
vt 0.693808 0.996349
vt 0.679204 0.996349
vt 0.692506 0.996349
vt 0.692506 0.982822
vt 0.712915 0.996349
vt 0.712915 0.982822
vt 0.720500 0.996349
vt 0.720500 0.982822
vt 0.726335 0.996349
vt 0.726335 0.982822
vt 0.736160 0.996349
vt 0.736160 0.982822
vt 0.617295 0.996349
vt 0.617295 0.982822
vt 0.624658 0.996349
vt 0.624658 0.982822
vt 0.631733 0.996349
vt 0.631733 0.982822
vt 0.638333 0.996349
vt 0.638333 0.982822
vt 0.643641 0.996349
vt 0.643641 0.982822
vt 0.652934 0.996349
vt 0.652934 0.982822
vt 0.500140 0.982822
vt 0.511671 0.982822
vt 0.511671 0.996349
vt 0.500140 0.996349
vt 0.671189 0.996349
vt 0.671189 0.982822
vt 0.680831 0.996349
vt 0.680831 0.982822
vt 0.535857 0.982822
vt 0.551210 0.982822
vt 0.551210 0.996349
vt 0.535857 0.996349
vt 0.522450 0.982822
vt 0.522449 0.996349
vt 0.776617 0.982822
vt 0.787730 0.982822
vt 0.787730 0.996349
vt 0.776617 0.996349
vt 0.762989 0.982822
vt 0.762989 0.996349
vt 0.749108 0.982822
vt 0.749108 0.996349
vt 0.738343 0.982822
vt 0.738343 0.996349
vt 0.726131 0.982822
vt 0.726131 0.996349
vt 0.719818 0.982822
vt 0.719818 0.996349
vt 0.705033 0.982822
vt 0.705033 0.996349
vt 0.662534 0.996349
vt 0.662534 0.982822
vt 0.672550 0.996349
vt 0.672550 0.982822
vt 0.682130 0.996349
vt 0.682130 0.982822
vt 0.692488 0.996349
vt 0.692488 0.982822
vt 0.611279 0.982822
vt 0.611279 0.996349
vt 0.599737 0.982822
vt 0.599737 0.996349
vt 0.586990 0.982822
vt 0.586990 0.996349
vt 0.574505 0.982822
vt 0.574505 0.996349
vt 0.608639 0.996349
vt 0.608639 0.982822
vt 0.612975 0.996349
vt 0.612975 0.982822
vt 0.622269 0.996349
vt 0.622269 0.982822
vt 0.636030 0.996349
vt 0.636030 0.982822
vt 0.594474 0.996349
vt 0.594474 0.982822
vt 0.601502 0.996349
vt 0.601502 0.982822
vt 0.583872 0.982822
vt 0.583872 0.996349
vt 0.567402 0.982822
vt 0.567402 0.996349
vt 0.557999 0.982822
vt 0.557999 0.996349
vt 0.545767 0.982822
vt 0.545767 0.996349
vt 0.534695 0.982822
vt 0.534695 0.996349
vt 0.513942 0.982822
vt 0.513942 0.996349
vt 0.499801 0.982822
vt 0.499801 0.996349
vt 0.779321 0.982822
vt 0.792105 0.982822
vt 0.792105 0.996349
vt 0.779321 0.996349
vt 0.772293 0.982822
vt 0.772293 0.996349
vt 0.759461 0.982822
vt 0.759461 0.996349
vt 0.748093 0.982822
vt 0.748093 0.996349
vt 0.634699 0.982822
vt 0.646200 0.982822
vt 0.646200 0.996349
vt 0.634699 0.996349
vt 0.703484 0.996349
vt 0.703484 0.982822
vt 0.721398 0.996349
vt 0.721398 0.982822
vt 0.737284 0.996349
vt 0.737284 0.982822
vt 0.756817 0.996349
vt 0.756817 0.982822
vt 0.768671 0.996349
vt 0.768671 0.982822
vt 0.779424 0.996349
vt 0.779424 0.982822
vt 0.785580 0.996349
vt 0.785580 0.982822
vt 0.674421 0.982822
vt 0.674421 0.996349
vt 0.669173 0.982822
vt 0.669173 0.996349
vt 0.662624 0.982822
vt 0.662624 0.996349
vt 0.652518 0.982822
vt 0.652518 0.996349
vt 0.637664 0.982822
vt 0.637664 0.996349
vt 0.625366 0.982822
vt 0.625366 0.996349
vt 0.612924 0.982822
vt 0.612924 0.996349
vt 0.726899 0.982822
vt 0.730539 0.982822
vt 0.730539 0.996349
vt 0.726899 0.996349
vt 0.716510 0.982822
vt 0.716510 0.996349
vt 0.707077 0.982822
vt 0.707076 0.996349
vt 0.742905 0.996349
vt 0.742905 0.982822
vt 0.748564 0.996349
vt 0.748564 0.982822
vt 0.757772 0.996349
vt 0.757772 0.982822
vt 0.769659 0.996349
vt 0.769659 0.982822
vt 0.500250 0.982822
vt 0.500249 0.996349
vt 0.782729 0.982822
vt 0.793962 0.982822
vt 0.793962 0.996349
vt 0.782729 0.996349
vt 0.499987 0.996349
vt 0.499987 0.982822
vt 0.544156 0.996349
vt 0.544156 0.982822
vt 0.619040 0.996349
vt 0.619040 0.982822
vt 0.660123 0.996349
vt 0.660123 0.982822
vt 0.657478 0.996349
vt 0.657478 0.982822
vt 0.669944 0.996349
vt 0.669944 0.982822
vt 0.680252 0.996349
vt 0.680252 0.982822
vt 0.689307 0.996349
vt 0.689307 0.982822
vt 0.695060 0.996349
vt 0.695060 0.982822
vt 0.714228 0.982822
vt 0.723465 0.982822
vt 0.723465 0.996349
vt 0.714228 0.996349
vt 0.703107 0.982822
vt 0.703107 0.996349
vt 0.691740 0.982822
vt 0.691740 0.996349
vt 0.681862 0.982822
vt 0.681862 0.996349
vt 0.675436 0.982822
vt 0.675436 0.996349
vt 0.669966 0.982822
vt 0.669966 0.996349
vt 0.663580 0.982822
vt 0.663580 0.996349
vt 0.717869 0.996349
vt 0.717868 0.982822
vt 0.725758 0.996349
vt 0.725758 0.982822
vt 0.729132 0.996349
vt 0.729132 0.982822
vt 0.735391 0.996349
vt 0.735391 0.982822
vt 0.740768 0.982822
vt 0.740768 0.996349
vt 0.703615 0.982822
vt 0.703615 0.996349
vt 0.531389 0.996349
vt 0.531389 0.982822
vt 0.535855 0.996349
vt 0.535855 0.982822
vt 0.540654 0.996349
vt 0.540654 0.982822
vt 0.544582 0.996349
vt 0.544582 0.982822
vt 0.550927 0.996349
vt 0.550927 0.982822
vt 0.631265 0.982822
vt 0.631265 0.996349
vt 0.623087 0.982822
vt 0.623087 0.996349
vt 0.616174 0.982822
vt 0.616174 0.996349
vt 0.607840 0.982822
vt 0.607840 0.996349
vt 0.583722 0.982822
vt 0.583722 0.996349
vt 0.523309 0.982822
vt 0.523309 0.996349
vt 0.515498 0.982822
vt 0.515498 0.996349
vt 0.507277 0.982822
vt 0.507277 0.996349
vt 0.500000 0.982822
vt 0.500000 0.996349
vt 0.747746 0.996349
vt 0.747746 0.982822
vt 0.750629 0.996349
vt 0.750629 0.982822
vt 0.759933 0.996349
vt 0.759934 0.982822
vt 0.768519 0.996349
vt 0.768519 0.982822
vt 0.777301 0.996349
vt 0.777301 0.982822
vt 0.787004 0.996349
vt 0.787004 0.982822
vt 0.775867 0.982822
vt 0.786808 0.982822
vt 0.786808 0.996349
vt 0.775867 0.996349
vt 0.614644 0.982822
vt 0.620629 0.982822
vt 0.620629 0.996349
vt 0.614644 0.996349
vt 0.607693 0.982822
vt 0.607693 0.996349
vt 0.596562 0.982822
vt 0.596562 0.996349
vt 0.584379 0.982822
vt 0.584379 0.996349
vt 0.570921 0.982822
vt 0.570921 0.996349
vt 0.561226 0.982822
vt 0.561226 0.996349
vt 0.635254 0.996349
vt 0.635254 0.982822
vt 0.650462 0.996349
vt 0.650462 0.982822
vt 0.663536 0.996349
vt 0.663536 0.982822
vt 0.676270 0.996349
vt 0.676270 0.982822
vt 0.687075 0.996349
vt 0.687075 0.982822
vt 0.657887 0.982822
vt 0.657887 0.996349
vt 0.647946 0.982822
vt 0.647946 0.996349
vt 0.594822 0.996349
vt 0.594822 0.982822
vt 0.608907 0.996349
vt 0.608907 0.982822
vt 0.613230 0.996349
vt 0.613230 0.982822
vt 0.619071 0.996349
vt 0.638573 0.982822
vt 0.638572 0.996349
vt 0.626217 0.982822
vt 0.626217 0.996349
vt 0.619071 0.982822
vt 0.586317 0.982822
vt 0.586316 0.996349
vt 0.571922 0.982822
vt 0.571922 0.996349
vt 0.568503 0.982822
vt 0.568503 0.996349
vt 0.562839 0.982822
vt 0.562839 0.996349
vt 0.548698 0.982822
vt 0.548698 0.996349
vt 0.536470 0.982822
vt 0.536470 0.996349
vt 0.788331 0.982822
vt 0.795265 0.982822
vt 0.795265 0.996349
vt 0.788331 0.996349
vt 0.499905 0.996349
vt 0.499905 0.982822
vt 0.509762 0.996349
vt 0.509762 0.982822
vt 0.516419 0.996349
vt 0.516419 0.982822
vt 0.704532 0.996349
vt 0.704532 0.982822
vt 0.710650 0.996349
vt 0.710650 0.982822
vt 0.717103 0.996349
vt 0.717103 0.982822
vt 0.724617 0.996349
vt 0.724617 0.982822
vt 0.735972 0.996349
vt 0.735972 0.982822
vt 0.744351 0.996349
vt 0.744351 0.982822
vt 0.749076 0.996349
vt 0.749076 0.982822
vt 0.775873 0.982822
vt 0.775873 0.996349
vt 0.766407 0.982822
vt 0.766407 0.996349
vt 0.758159 0.982822
vt 0.758159 0.996349
vt 0.127475 0.405818
vt 0.127214 0.414042
vt 0.129368 0.422852
vt 0.128454 0.401576
vt 0.132882 0.431011
vt 0.173193 0.361321
vt 0.175104 0.412340
vt 0.149503 0.449143
vt 0.121134 0.442824
vt 0.153093 0.451232
vt 0.160076 0.453581
vt 0.168104 0.454887
vt 0.137886 0.461217
vt 0.181614 0.454756
vt 0.116566 0.442628
vt 0.138343 0.466896
vt 0.135014 0.470224
vt 0.113368 0.443934
vt 0.192448 0.453190
vt 0.129532 0.471660
vt 0.111279 0.446153
vt 0.203772 0.448229
vt 0.110431 0.449286
vt 0.209287 0.444640
vt 0.128096 0.473161
vt 0.223440 0.419477
vt 0.217967 0.449665
vt 0.243477 0.430246
vt 0.248045 0.433705
vt 0.251244 0.437621
vt 0.252157 0.443886
vt 0.250982 0.450152
vt 0.247523 0.456287
vt 0.248633 0.458310
vt 0.219597 0.392665
vt 0.223317 0.410678
vt 0.220837 0.395210
vt 0.222534 0.401280
vt 0.222926 0.389206
vt 0.225145 0.385029
vt 0.229818 0.354038
vt 0.183307 0.306104
vt 0.231704 0.388096
vt 0.128306 0.331001
vt 0.242440 0.391816
vt 0.248836 0.391359
vt 0.256734 0.388488
vt 0.262542 0.383593
vt 0.269134 0.370800
vt 0.273050 0.361859
vt 0.272724 0.353048
vt 0.270505 0.348806
vt 0.269526 0.339995
vt 0.266850 0.332620
vt 0.257386 0.321263
vt 0.262673 0.325506
vt 0.253666 0.319828
vt 0.248445 0.319697
vt 0.234543 0.322699
vt 0.234086 0.314606
vt 0.231933 0.308275
vt 0.229452 0.280015
vt 0.228473 0.274141
vt 0.222534 0.265983
vt 0.239242 0.278841
vt 0.241135 0.307231
vt 0.220772 0.264351
vt 0.245508 0.301879
vt 0.242179 0.279493
vt 0.245182 0.282234
vt 0.247074 0.295549
vt 0.246813 0.286934
vt 0.216790 0.264416
vt 0.214767 0.254692
vt 0.210459 0.247252
vt 0.195141 0.241502
vt 0.168428 0.231476
vt 0.161183 0.234021
vt 0.153547 0.238851
vt 0.147086 0.245508
vt 0.141930 0.254972
vt 0.210851 0.223495
vt 0.209480 0.214814
vt 0.214832 0.226366
vt 0.219270 0.231718
vt 0.219466 0.236417
vt 0.206152 0.209005
vt 0.201811 0.205089
vt 0.195383 0.204763
vt 0.192185 0.205873
vt 0.187485 0.209528
vt 0.181807 0.215225
vt 0.176455 0.215420
vt 0.171887 0.216073
vt 0.168754 0.219140
vt 0.214965 0.450579
vt 0.212942 0.453385
vt 0.212224 0.457693
vt 0.213203 0.464481
vt 0.210325 0.495843
vt 0.209494 0.473964
vt 0.271868 0.495843
vt 0.207048 0.494270
vt 0.207233 0.482040
vt 0.206402 0.490486
vt 0.274283 0.487158
vt 0.257052 0.457984
vt 0.260642 0.458963
vt 0.274152 0.476846
vt 0.265798 0.462422
vt 0.271215 0.468427
vt 0.164645 0.495090
vt 0.167777 0.493002
vt 0.167712 0.488629
vt 0.166538 0.486606
vt 0.162817 0.482559
vt 0.142128 0.471790
vt 0.133670 0.495300
vt 0.149699 0.467613
vt 0.135536 0.475967
vt 0.156421 0.465199
vt 0.166081 0.473161
vt 0.162687 0.464872
vt 0.165885 0.467222
vt 0.081153 0.495655
vt 0.079756 0.468147
vt 0.073425 0.469779
vt 0.107363 0.444391
vt 0.068204 0.455551
vt 0.066115 0.472651
vt 0.103447 0.440409
vt 0.068073 0.453463
vt 0.070814 0.447458
vt 0.098226 0.437733
vt 0.059523 0.477219
vt 0.074273 0.442433
vt 0.093266 0.436167
vt 0.085499 0.436102
vt 0.078973 0.438321
vt 0.054498 0.482049
vt 0.051887 0.485769
vt 0.050830 0.489490
vt 0.050732 0.493993
vt 0.052331 0.495843
vt 0.131161 0.268090
vt 0.126658 0.274617
vt 0.125221 0.283167
vt 0.126070 0.292695
vt 0.135338 0.265349
vt 0.129529 0.298700
vt 0.139646 0.265088
vt 0.134424 0.303921
vt 0.130051 0.313907
vt 0.128419 0.323305
vt 0.128351 0.352751
vt 0.131127 0.352751
vt 0.134157 0.353289
vt 0.126192 0.353435
vt 0.133375 0.357784
vt 0.132642 0.362670
vt 0.132298 0.366712
vt 0.132251 0.370145
vt 0.130346 0.367898
vt 0.128382 0.367229
vt 0.129862 0.367034
vt 0.123232 0.402490
vt 0.118142 0.402163
vt 0.113377 0.402359
vt 0.109657 0.401315
vt 0.103000 0.401119
vt 0.096539 0.398769
vt 0.090535 0.394853
vt 0.086880 0.389045
vt 0.085052 0.381865
vt 0.085183 0.372924
vt 0.087532 0.362677
vt 0.087728 0.358108
vt 0.093341 0.351451
vt 0.097043 0.344707
vt 0.117626 0.350870
vt 0.103961 0.337659
vt 0.112446 0.332959
vt 0.125169 0.353129
vt 0.120082 0.330806
vt 0.128376 0.364380
vt 0.127170 0.354315
vt 0.128359 0.356217
vt 0.129564 0.362816
vt 0.129124 0.357442
vt 0.129857 0.360324
s 0
usemtl Matériau.005
f 4047/3584/1319 4046/3585/1319 4045/3586/1319
f 4046/3585/1319 4048/3587/1319 4045/3586/1319
f 4048/3587/1319 4049/3588/1319 4045/3586/1319
f 4049/3588/1319 4048/3587/1319 4050/3589/1319
f 4049/3588/1319 4050/3589/1319 4051/3590/1319
f 4049/3588/1319 4051/3590/1319 4052/3591/1319
f 4049/3588/1319 4052/3591/1319 4053/3592/1319
f 4052/3591/1319 4051/3590/1319 4054/3593/1319
f 4054/3593/1319 4051/3590/1319 4055/3594/1319
f 4055/3594/1319 4051/3590/1319 4056/3595/1319
f 4052/3591/1319 4057/3596/1319 4053/3592/1319
f 4056/3595/1319 4051/3590/1319 4058/3597/1319
f 4053/3592/1319 4057/3596/1319 4059/3598/1319
f 4057/3596/1319 4060/3599/1319 4059/3598/1319
f 4060/3599/1319 4061/3600/1319 4059/3598/1319
f 4061/3600/1319 4062/3601/1319 4059/3598/1319
f 4058/3597/1319 4051/3590/1319 4063/3602/1319
f 4061/3600/1319 4064/3603/1319 4062/3601/1319
f 4064/3603/1319 4065/3604/1319 4062/3601/1319
f 4063/3602/1319 4051/3590/1319 4066/3605/1319
f 4065/3604/1319 4064/3603/1319 4067/3606/1319
f 4066/3605/1319 4051/3590/1319 4068/3607/1319
f 4064/3603/1319 4069/3608/1319 4067/3606/1319
f 4068/3607/1319 4051/3590/1319 4070/3609/1319
f 4071/3610/1319 4068/3607/1319 4070/3609/1319
f 4072/3611/1319 4071/3610/1319 4070/3609/1319
f 4073/3612/1319 4071/3610/1319 4072/3611/1319
f 4074/3613/1319 4071/3610/1319 4073/3612/1319
f 4075/3614/1319 4071/3610/1319 4074/3613/1319
f 4076/3615/1319 4071/3610/1319 4075/3614/1319
f 4077/3616/1319 4071/3610/1319 4076/3615/1319
f 4071/3610/1319 4077/3616/1319 4078/3617/1319
f 4070/3609/1319 4051/3590/1319 4079/3618/1319
f 4080/3619/1319 4070/3609/1319 4079/3618/1319
f 4051/3590/1319 4050/3589/1319 4079/3618/1319
f 4081/3620/1319 4080/3619/1319 4079/3618/1319
f 4082/3621/1319 4080/3619/1319 4081/3620/1319
f 4079/3618/1319 4050/3589/1319 4083/3622/1319
f 4083/3622/1319 4050/3589/1319 4084/3623/1319
f 4050/3589/1319 4085/3624/1319 4084/3623/1319
f 4050/3589/1319 4086/3625/1319 4085/3624/1319
f 4084/3623/1319 4085/3624/1319 4087/3626/1319
f 4050/3589/1319 4088/3627/1319 4086/3625/1319
f 4087/3626/1319 4085/3624/1319 4089/3628/1319
f 4089/3628/1319 4085/3624/1319 4090/3629/1319
f 4090/3629/1319 4085/3624/1319 4091/3630/1319
f 4091/3630/1319 4085/3624/1319 4092/3631/1319
f 4092/3631/1319 4085/3624/1319 4093/3632/1319
f 4093/3632/1319 4085/3624/1319 4094/3633/1319
f 4094/3633/1319 4085/3624/1319 4095/3634/1319
f 4095/3634/1319 4085/3624/1319 4096/3635/1319
f 4096/3635/1319 4085/3624/1319 4097/3636/1319
f 4097/3636/1319 4085/3624/1319 4098/3637/1319
f 4098/3637/1319 4085/3624/1319 4099/3638/1319
f 4100/3639/1319 4098/3637/1319 4099/3638/1319
f 4099/3638/1319 4085/3624/1319 4101/3640/1319
f 4101/3640/1319 4085/3624/1319 4102/3641/1319
f 4102/3641/1319 4085/3624/1319 4103/3642/1319
f 4085/3624/1319 4086/3625/1319 4103/3642/1319
f 4103/3642/1319 4086/3625/1319 4104/3643/1319
f 4104/3643/1319 4086/3625/1319 4105/3644/1319
f 4105/3644/1319 4086/3625/1319 4106/3645/1319
f 4106/3645/1319 4086/3625/1319 4107/3646/1319
f 4107/3646/1319 4086/3625/1319 4108/3647/1319
f 4105/3644/1319 4106/3645/1319 4109/3648/1319
f 4110/3649/1319 4105/3644/1319 4109/3648/1319
f 4108/3647/1319 4086/3625/1319 4111/3650/1319
f 4112/3651/1319 4110/3649/1319 4109/3648/1319
f 4113/3652/1319 4112/3651/1319 4109/3648/1319
f 4112/3651/1319 4113/3652/1319 4114/3653/1319
f 4115/3654/1319 4112/3651/1319 4114/3653/1319
f 4116/3655/1319 4115/3654/1319 4114/3653/1319
f 4111/3650/1319 4086/3625/1319 4117/3656/1319
f 4117/3656/1319 4086/3625/1319 4118/3657/1319
f 4118/3657/1319 4086/3625/1319 4119/3658/1319
f 4086/3625/1319 4120/3659/1319 4119/3658/1319
f 4086/3625/1319 4121/3660/1319 4120/3659/1319
f 4122/3661/1319 4121/3660/1319 4086/3625/1319
f 4123/3662/1319 4122/3661/1319 4086/3625/1319
f 4124/3663/1319 4123/3662/1319 4086/3625/1319
f 4125/3664/1319 4124/3663/1319 4086/3625/1319
f 4119/3658/1319 4120/3659/1319 4126/3665/1319
f 4126/3665/1319 4120/3659/1319 4127/3666/1319
f 4128/3667/1319 4119/3658/1319 4126/3665/1319
f 4129/3668/1319 4119/3658/1319 4128/3667/1319
f 4130/3669/1319 4119/3658/1319 4129/3668/1319
f 4127/3666/1319 4120/3659/1319 4131/3670/1319
f 4131/3670/1319 4120/3659/1319 4132/3671/1319
f 4132/3671/1319 4120/3659/1319 4133/3672/1319
f 4133/3672/1319 4120/3659/1319 4134/3673/1319
f 4120/3659/1319 4135/3674/1319 4134/3673/1319
f 4136/3675/1319 4135/3674/1319 4120/3659/1319
f 4121/3660/1319 4136/3675/1319 4120/3659/1319
f 4137/3676/1319 4136/3675/1319 4121/3660/1319
f 4138/3677/1319 4137/3676/1319 4121/3660/1319
f 4139/3678/1319 4138/3677/1319 4121/3660/1319
f 4142/3679/1319 4141/3680/1319 4140/3681/1319
f 4141/3680/1319 4071/3610/1319 4140/3681/1319
f 4071/3610/1319 4143/3682/1319 4140/3681/1319
f 4143/3682/1319 4071/3610/1319 4078/3617/1319
f 4144/3683/1319 4143/3682/1319 4078/3617/1319
f 4145/3684/1319 4143/3682/1319 4144/3683/1319
f 4146/3685/1319 4144/3683/1319 4078/3617/1319
f 4147/3686/1319 4145/3684/1319 4144/3683/1319
f 4148/3687/1319 4145/3684/1319 4147/3686/1319
f 4149/3688/1319 4148/3687/1319 4147/3686/1319
f 4150/3689/1319 4146/3685/1319 4078/3617/1319
f 4151/3690/1319 4150/3689/1319 4078/3617/1319
f 4152/3691/1319 4150/3689/1319 4151/3690/1319
f 4153/3692/1319 4150/3689/1319 4152/3691/1319
f 4154/3693/1319 4153/3692/1319 4152/3691/1319
f 4155/3694/1319 4153/3692/1319 4154/3693/1319
f 4158/3695/1319 4157/3696/1319 4156/3697/1319
f 4156/3697/1319 4157/3696/1319 4159/3698/1319
f 4159/3698/1319 4157/3696/1319 4160/3699/1319
f 4160/3699/1319 4157/3696/1319 4161/3700/1319
f 4157/3696/1319 4162/3701/1319 4161/3700/1319
f 4163/3702/1319 4160/3699/1319 4161/3700/1319
f 4162/3701/1319 4164/3703/1319 4161/3700/1319
f 4160/3699/1319 4163/3702/1319 4165/3704/1319
f 4166/3705/1319 4160/3699/1319 4165/3704/1319
f 4167/3706/1319 4166/3705/1319 4165/3704/1319
f 4168/3707/1319 4166/3705/1319 4167/3706/1319
f 4164/3703/1319 4162/3701/1319 4069/3608/1319
f 4162/3701/1319 4169/3708/1319 4069/3608/1319
f 4169/3708/1319 4170/3709/1319 4069/3608/1319
f 4171/3710/1319 4170/3709/1319 4169/3708/1319
f 4067/3606/1319 4069/3608/1319 4170/3709/1319
f 4172/3711/1319 4067/3606/1319 4170/3709/1319
f 4173/3712/1319 4172/3711/1319 4170/3709/1319
f 4174/3713/1319 4171/3710/1319 4169/3708/1319
f 4175/3714/1319 4172/3711/1319 4173/3712/1319
f 4176/3715/1319 4175/3714/1319 4173/3712/1319
f 4175/3714/1319 4176/3715/1319 4177/3716/1319
f 4178/3717/1319 4175/3714/1319 4177/3716/1319
f 4179/3718/1319 4174/3713/1319 4169/3708/1319
f 4178/3717/1319 4177/3716/1319 4180/3719/1319
f 4181/3720/1319 4178/3717/1319 4180/3719/1319
f 4182/3721/1319 4181/3720/1319 4180/3719/1319
f 4183/3722/1319 4182/3721/1319 4180/3719/1319
f 4184/3723/1319 4179/3718/1319 4169/3708/1319
f 4185/3724/1319 4184/3723/1319 4169/3708/1319
f 4186/3725/1319 4185/3724/1319 4169/3708/1319
f 4187/3726/1319 4186/3725/1319 4169/3708/1319
f 4188/3727/1319 4187/3726/1319 4169/3708/1319
f 4191/3728/1319 4190/3729/1319 4189/3730/1319
f 4190/3729/1319 4192/3731/1319 4189/3730/1319
f 4190/3729/1319 4193/3732/1319 4192/3731/1319
f 4193/3732/1319 4194/3733/1319 4192/3731/1319
f 4193/3732/1319 4195/3734/1319 4194/3733/1319
f 4195/3734/1319 4196/3735/1319 4194/3733/1319
f 4196/3735/1319 4195/3734/1319 4086/3625/1319
f 4195/3734/1319 4125/3664/1319 4086/3625/1319
f 4197/3736/1319 4196/3735/1319 4086/3625/1319
f 4198/3737/1319 4197/3736/1319 4086/3625/1319
f 4088/3627/1319 4198/3737/1319 4086/3625/1319
f 4200/3738/1319 4088/3627/1319 4199/3739/1319
f 4199/3739/1319 4088/3627/1319 4201/3740/1319
f 4088/3627/1319 4200/3738/1319 4202/3741/1319
f 4088/3627/1319 4050/3589/1319 4201/3740/1319
f 4201/3740/1319 4050/3589/1319 4203/3742/1319
f 4203/3742/1319 4050/3589/1319 4204/3743/1319
f 4050/3589/1319 4205/3744/1319 4204/3743/1319
f 4205/3744/1319 4050/3589/1319 4206/3745/1319
f 4050/3589/1319 4048/3587/1319 4206/3745/1319
f 4048/3587/1319 4207/3746/1319 4206/3745/1319
f 4207/3746/1319 4048/3587/1319 4208/3747/1319
f 4209/3748/1319 4208/3747/1319 4048/3587/1319
f 4210/3749/1319 4207/3746/1319 4208/3747/1319
f 4211/3750/1319 4208/3747/1319 4209/3748/1319
f 4212/3751/1319 4208/3747/1319 4211/3750/1319
f 4213/3752/1319 4208/3747/1319 4212/3751/1319
f 4214/3753/1319 4208/3747/1319 4213/3752/1319
f 4215/3754/1319 4208/3747/1319 4214/3753/1319
f 4216/3755/1319 4208/3747/1319 4215/3754/1319
f 4217/3756/1319 4208/3747/1319 4216/3755/1319
f 4218/3757/1319 4208/3747/1319 4217/3756/1319
f 4219/3758/1319 4208/3747/1319 4218/3757/1319
f 4219/3758/1319 4220/3759/1319 4208/3747/1319
f 4220/3759/1319 4221/3760/1319 4208/3747/1319
f 4221/3760/1319 4222/3761/1319 4208/3747/1319
f 4222/3761/1319 4223/3762/1319 4208/3747/1319
f 4208/3747/1319 4224/3763/1319 4210/3749/1319
f 4208/3747/1319 4223/3762/1319 4225/3764/1319
f 4226/3765/1319 4225/3764/1319 4223/3762/1319
f 4227/3766/1319 4225/3764/1319 4226/3765/1319
f 4228/3767/1319 4225/3764/1319 4227/3766/1319
f 4208/3747/1319 4225/3764/1319 4228/3767/1319
f 4229/3768/1319 4228/3767/1319 4227/3766/1319
f 4228/3767/1319 4229/3768/1319 4088/3627/1319
f 4088/3627/1319 4202/3741/1319 4228/3767/1319
f 4208/3747/1319 4228/3767/1319 4202/3741/1319
f 4224/3763/1319 4208/3747/1319 4202/3741/1319
f 4230/3769/1319 4224/3763/1319 4202/3741/1319
f 4231/3770/1319 4224/3763/1319 4230/3769/1319
f 4224/3763/1319 4231/3770/1319 4232/3771/1319
f 4231/3770/1319 4233/3772/1319 4232/3771/1319
f 4234/3773/1319 4232/3771/1319 4233/3772/1319
f 4237/3774/1320 4236/3775/1320 4235/3776/1321
f 4236/3775/1320 4238/3777/1321 4235/3776/1321
f 4235/3776/1322 4238/3777/1322 4239/3778/1323
f 4238/3777/1322 4240/3779/1323 4239/3778/1323
f 4243/3780/1324 4242/3781/1324 4241/3782/1325
f 4242/3781/1324 4244/3783/1325 4241/3782/1325
f 4241/3782/1326 4244/3783/1326 4245/3784/1327
f 4244/3783/1326 4246/3785/1327 4245/3784/1327
f 4245/3784/1327 4246/3785/1327 4247/3786/1328
f 4246/3785/1327 4248/3787/1329 4247/3786/1329
f 4251/3788/1330 4250/3789/1330 4249/3790/1330
f 4252/3791/1330 4251/3788/1330 4249/3790/1330
f 4255/3792/1331 4254/3793/1331 4253/3794/1332
f 4254/3793/1331 4256/3795/1332 4253/3794/1332
f 4253/3794/1332 4256/3795/1332 4257/3796/1333
f 4256/3795/1332 4258/3797/1333 4257/3796/1333
f 4257/3796/1333 4258/3797/1333 4259/3798/1334
f 4258/3797/1333 4260/3799/1334 4259/3798/1334
f 4259/3798/1334 4260/3799/1334 4261/3800/1335
f 4260/3799/1334 4262/3801/1336 4261/3800/1336
f 4265/3802/1337 4264/3803/1337 4263/3804/1338
f 4264/3803/1337 4266/3805/1338 4263/3804/1338
f 4263/3804/1338 4266/3805/1338 4267/3806/1339
f 4266/3805/1338 4268/3807/1339 4267/3806/1339
f 4267/3806/1339 4268/3807/1339 4269/3808/1340
f 4268/3807/1339 4270/3809/1341 4269/3808/1341
f 4269/3808/1341 4270/3809/1341 4271/3810/1342
f 4270/3809/1341 4272/3811/1342 4271/3810/1342
f 4271/3810/1343 4272/3811/1343 4273/3812/1344
f 4272/3811/1343 4274/3813/1344 4273/3812/1344
f 4277/3814/1345 4276/3815/1346 4275/3816/1346
f 4278/3817/1345 4277/3814/1345 4275/3816/1346
f 4281/3818/1347 4280/3819/1347 4279/3820/1348
f 4280/3819/1347 4282/3821/1348 4279/3820/1348
f 4279/3820/1348 4282/3821/1348 4283/3792/1349
f 4282/3821/1348 4284/3793/1349 4283/3792/1349
f 4287/3822/1350 4286/3823/1351 4285/3824/1351
f 4288/3825/1350 4287/3822/1350 4285/3824/1351
f 4289/3826/1352 4287/3822/1350 4288/3825/1350
f 4290/3827/1352 4289/3826/1352 4288/3825/1350
f 4291/3815/1353 4289/3826/1352 4290/3827/1352
f 4292/3816/1353 4291/3815/1353 4290/3827/1352
f 4295/3828/1354 4294/3829/1345 4293/3830/1345
f 4296/3831/1354 4295/3828/1354 4293/3830/1345
f 4297/3832/1355 4295/3828/1354 4296/3831/1354
f 4298/3833/1355 4297/3832/1355 4296/3831/1354
f 4299/3834/1356 4297/3832/1355 4298/3833/1355
f 4300/3835/1356 4299/3834/1356 4298/3833/1355
f 4301/3836/1357 4299/3834/1356 4300/3835/1356
f 4302/3837/1357 4301/3836/1357 4300/3835/1358
f 4303/3838/1359 4301/3836/1357 4302/3837/1357
f 4304/3839/1359 4303/3838/1359 4302/3837/1357
f 4305/3840/1360 4303/3838/1361 4304/3839/1361
f 4306/3841/1360 4305/3840/1360 4304/3839/1359
f 4307/3842/1362 4305/3840/1360 4306/3841/1360
f 4308/3843/1362 4307/3842/1362 4306/3841/1360
f 4311/3812/1344 4310/3813/1344 4309/3844/1363
f 4310/3813/1344 4312/3845/1363 4309/3844/1363
f 4309/3844/1364 4312/3845/1364 4313/3846/1365
f 4312/3845/1364 4314/3847/1366 4313/3846/1366
f 4313/3846/1366 4314/3847/1366 4315/3848/1367
f 4314/3847/1366 4316/3849/1367 4315/3848/1367
f 4315/3848/1367 4316/3849/1367 4317/3850/1368
f 4316/3849/1367 4318/3851/1368 4317/3850/1368
f 4317/3850/1369 4318/3851/1369 4319/3843/1362
f 4318/3851/1369 4320/3842/1362 4319/3843/1362
f 4323/3852/1370 4322/3803/1371 4321/3802/1371
f 4324/3853/1370 4323/3852/1370 4321/3802/1371
f 4325/3854/1372 4323/3852/1370 4324/3853/1370
f 4326/3855/1372 4325/3854/1372 4324/3853/1370
f 4327/3856/1373 4325/3854/1372 4326/3855/1372
f 4328/3857/1373 4327/3856/1373 4326/3855/1372
f 4329/3858/1374 4327/3856/1373 4328/3857/1373
f 4330/3859/1374 4329/3858/1374 4328/3857/1373
f 4333/3860/1375 4332/3861/1375 4331/3862/1376
f 4332/3861/1375 4334/3863/1376 4331/3862/1376
f 4331/3862/1376 4334/3863/1376 4335/3864/1377
f 4334/3863/1376 4336/3865/1377 4335/3864/1377
f 4335/3864/1377 4336/3865/1377 4337/3866/1378
f 4336/3865/1377 4338/3867/1378 4337/3866/1378
f 4337/3866/1378 4338/3867/1378 4339/3780/1379
f 4338/3867/1378 4340/3781/1379 4339/3780/1379
f 4343/3868/1380 4342/3869/1380 4341/3870/1381
f 4342/3869/1380 4344/3871/1381 4341/3870/1381
f 4341/3870/1381 4344/3871/1381 4345/3860/1382
f 4344/3871/1381 4346/3861/1382 4345/3860/1382
f 4349/3872/1383 4348/3869/1384 4347/3868/1384
f 4350/3873/1383 4349/3872/1383 4347/3868/1384
f 4351/3874/1385 4349/3872/1383 4350/3873/1383
f 4352/3875/1385 4351/3874/1385 4350/3873/1383
f 4353/3876/1386 4351/3874/1387 4352/3875/1387
f 4354/3877/1386 4353/3876/1386 4352/3875/1387
f 4355/3878/1388 4353/3876/1386 4354/3877/1386
f 4356/3879/1388 4355/3878/1388 4354/3877/1386
f 4359/3880/1389 4358/3878/1388 4357/3879/1388
f 4360/3881/1390 4359/3880/1390 4357/3879/1391
f 4361/3882/1392 4359/3880/1390 4360/3881/1390
f 4362/3883/1392 4361/3882/1392 4360/3881/1390
f 4363/3884/1393 4361/3882/1392 4362/3883/1392
f 4364/3885/1393 4363/3884/1393 4362/3883/1392
f 4367/3886/1394 4366/3887/1393 4365/3888/1393
f 4368/3889/1394 4367/3886/1394 4365/3888/1393
f 4369/3890/1395 4367/3886/1396 4368/3889/1396
f 4370/3891/1395 4369/3890/1395 4368/3889/1396
f 4371/3892/1397 4369/3890/1395 4370/3891/1395
f 4372/3893/1397 4371/3892/1397 4370/3891/1395
f 4373/3894/1398 4371/3892/1397 4372/3893/1397
f 4374/3895/1398 4373/3894/1398 4372/3893/1397
f 4375/3801/1336 4373/3894/1398 4374/3895/1398
f 4376/3800/1336 4375/3801/1336 4374/3895/1398
f 4379/3896/1399 4378/3897/1399 4377/3898/1399
f 4380/3899/1399 4379/3896/1399 4377/3898/1399
f 4383/3790/1400 4382/3789/1400 4381/3900/1401
f 4382/3789/1400 4384/3901/1401 4381/3900/1401
f 4381/3900/1401 4384/3901/1401 4385/3902/1402
f 4384/3901/1401 4386/3903/1403 4385/3902/1403
f 4385/3902/1404 4386/3903/1404 4387/3904/1405
f 4386/3903/1404 4388/3905/1405 4387/3904/1405
f 4387/3904/1406 4388/3905/1406 4389/3906/1407
f 4388/3905/1406 4390/3907/1407 4389/3906/1407
f 4389/3906/1407 4390/3907/1407 4391/3908/1408
f 4390/3907/1407 4392/3909/1408 4391/3908/1408
f 4391/3908/1408 4392/3909/1408 4393/3910/1409
f 4392/3909/1408 4394/3911/1409 4393/3910/1409
f 4393/3910/1409 4394/3911/1409 4395/3912/1410
f 4394/3911/1409 4396/3913/1410 4395/3912/1410
f 4399/3914/1411 4398/3788/1412 4397/3791/1412
f 4400/3915/1411 4399/3914/1411 4397/3791/1412
f 4401/3916/1413 4399/3914/1411 4400/3915/1411
f 4402/3917/1414 4401/3916/1414 4400/3915/1411
f 4403/3918/1415 4401/3916/1413 4402/3917/1413
f 4404/3919/1415 4403/3918/1415 4402/3917/1414
f 4405/3920/1416 4403/3918/1415 4404/3919/1415
f 4406/3921/1416 4405/3920/1416 4404/3919/1415
f 4407/3922/1417 4405/3920/1418 4406/3921/1418
f 4408/3923/1417 4407/3922/1417 4406/3921/1418
f 4409/3924/1419 4407/3922/1417 4408/3923/1417
f 4410/3925/1419 4409/3924/1419 4408/3923/1417
f 4411/3926/1420 4409/3924/1421 4410/3925/1421
f 4412/3927/1420 4411/3926/1420 4410/3925/1421
f 4413/3779/1422 4411/3926/1420 4412/3927/1420
f 4414/3778/1422 4413/3779/1422 4412/3927/1420
f 4417/3928/1423 4416/3929/1423 4415/3930/1423
f 4418/3931/1423 4417/3928/1423 4415/3930/1423
f 4421/3932/1424 4420/3928/1425 4419/3931/1425
f 4422/3933/1424 4421/3932/1424 4419/3931/1425
f 4423/3934/1426 4421/3932/1424 4422/3933/1424
f 4424/3935/1426 4423/3934/1426 4422/3933/1424
f 4425/3787/1329 4423/3934/1426 4424/3935/1426
f 4426/3786/1329 4425/3787/1329 4424/3935/1426
f 4429/3930/1427 4428/3929/1427 4427/3936/1428
f 4428/3929/1427 4430/3937/1428 4427/3936/1428
f 4427/3936/1428 4430/3937/1428 4431/3938/1429
f 4430/3937/1430 4432/3939/1431 4431/3938/1431
f 4431/3938/1432 4432/3939/1432 4433/3940/1433
f 4432/3939/1432 4434/3941/1433 4433/3940/1433
f 4433/3940/1434 4434/3941/1434 4435/3942/1435
f 4434/3941/1434 4436/3943/1436 4435/3942/1436
f 4439/3944/1437 4438/3775/1438 4437/3774/1438
f 4440/3945/1437 4439/3944/1437 4437/3774/1438
f 4443/3946/1439 4442/3947/1437 4441/3948/1437
f 4444/3949/1439 4443/3946/1439 4441/3948/1437
f 4445/3943/1436 4443/3946/1439 4444/3949/1439
f 4446/3942/1436 4445/3943/1436 4444/3949/1439
f 4449/3950/1440 4448/3951/1440 4447/3952/1441
f 4448/3951/1440 4450/3953/1441 4447/3952/1441
f 4447/3952/1441 4450/3953/1441 4451/3954/1441
f 4450/3953/1441 4452/3955/1441 4451/3954/1441
f 4451/3954/1442 4452/3955/1442 4453/3956/1442
f 4452/3955/1442 4454/3957/1442 4453/3956/1442
f 4457/3898/1443 4456/3897/1443 4455/3958/1444
f 4456/3897/1443 4458/3959/1444 4455/3958/1444
f 4455/3958/1444 4458/3959/1444 4459/3960/1445
f 4458/3959/1444 4460/3961/1445 4459/3960/1445
f 4459/3960/1445 4460/3961/1445 4461/3962/1446
f 4460/3961/1445 4462/3963/1446 4461/3962/1446
f 4461/3962/1447 4462/3963/1447 4463/3964/1448
f 4462/3963/1449 4464/3965/1448 4463/3964/1448
f 4463/3964/1448 4464/3965/1448 4465/3966/1450
f 4464/3965/1448 4466/3967/1450 4465/3966/1450
f 4469/3968/1451 4468/3969/1452 4467/3970/1452
f 4470/3971/1451 4469/3968/1451 4467/3970/1452
f 4471/3972/1453 4469/3968/1451 4470/3971/1451
f 4472/3973/1453 4471/3972/1453 4470/3971/1451
f 4473/3974/1454 4471/3972/1453 4472/3973/1453
f 4474/3975/1454 4473/3974/1454 4472/3973/1453
f 4475/3976/1455 4473/3974/1454 4474/3975/1454
f 4476/3977/1456 4475/3976/1456 4474/3975/1454
f 4477/3978/1457 4475/3976/1455 4476/3977/1455
f 4478/3979/1457 4477/3978/1457 4476/3977/1455
f 4479/3980/1458 4477/3978/1457 4478/3979/1457
f 4480/3981/1458 4479/3980/1458 4478/3979/1457
f 4481/3982/1459 4479/3980/1458 4480/3981/1458
f 4482/3983/1459 4481/3982/1459 4480/3981/1458
f 4485/3984/1460 4484/3985/1460 4483/3986/1461
f 4484/3985/1460 4486/3987/1461 4483/3986/1461
f 4483/3986/1461 4486/3987/1461 4487/3988/1462
f 4486/3987/1461 4488/3989/1462 4487/3988/1462
f 4487/3988/1462 4488/3989/1462 4489/3990/1463
f 4488/3989/1462 4490/3991/1463 4489/3990/1463
f 4493/3991/1464 4492/3992/1440 4491/3993/1440
f 4494/3990/1464 4493/3991/1464 4491/3993/1440
f 4497/3994/1465 4496/3985/1466 4495/3984/1466
f 4498/3995/1465 4497/3994/1465 4495/3984/1466
f 4499/3967/1467 4497/3994/1468 4498/3995/1468
f 4500/3966/1467 4499/3967/1467 4498/3995/1468
f 4503/3996/1469 4502/3997/1469 4501/3998/1470
f 4502/3997/1469 4504/3999/1470 4501/3998/1470
f 4501/3998/1471 4504/3999/1471 4505/4000/1472
f 4504/3999/1471 4506/4001/1472 4505/4000/1472
f 4505/4000/1472 4506/4001/1472 4507/4002/1473
f 4506/4001/1472 4508/4003/1473 4507/4002/1473
f 4507/4002/1473 4508/4003/1473 4509/4004/1474
f 4508/4003/1473 4510/4005/1474 4509/4004/1474
f 4513/4006/1475 4512/3896/1476 4511/3899/1476
f 4514/4007/1475 4513/4006/1475 4511/3899/1476
f 4515/4008/1477 4513/4006/1475 4514/4007/1475
f 4516/4009/1477 4515/4008/1477 4514/4007/1475
f 4517/4010/1478 4515/4008/1477 4516/4009/1477
f 4518/4011/1478 4517/4010/1478 4516/4009/1477
f 4521/4012/1479 4520/4010/1479 4519/4011/1479
f 4522/4013/1479 4521/4012/1479 4519/4011/1479
f 4525/4005/1480 4524/3858/1480 4523/3859/1480
f 4526/4004/1480 4525/4005/1480 4523/3859/1480
f 4529/4014/1481 4528/4012/1481 4527/4013/1481
f 4530/4015/1481 4529/4014/1481 4527/4013/1481
f 4533/4016/1482 4532/3997/1483 4531/3996/1483
f 4534/4017/1482 4533/4016/1482 4531/3996/1483
f 4535/4018/1450 4533/4016/1482 4534/4017/1482
f 4536/4019/1450 4535/4018/1450 4534/4017/1482
f 4537/4020/1484 4535/4018/1450 4536/4019/1450
f 4538/4021/1484 4537/4020/1484 4536/4019/1450
f 4539/4022/1485 4537/4020/1486 4538/4021/1486
f 4540/4023/1485 4539/4022/1485 4538/4021/1486
f 4543/3970/1487 4542/3969/1487 4541/4024/1488
f 4542/3969/1487 4544/4025/1488 4541/4024/1488
f 4541/4024/1488 4544/4025/1488 4545/4026/1489
f 4544/4025/1488 4546/4027/1489 4545/4026/1489
f 4549/4026/1489 4548/4027/1489 4547/4028/1490
f 4548/4027/1489 4550/4029/1490 4547/4028/1490
f 4547/4028/1490 4550/4029/1490 4551/4030/1491
f 4550/4029/1490 4552/4031/1491 4551/4030/1491
f 4555/4030/1491 4554/4031/1491 4553/4032/1492
f 4554/4031/1493 4556/4033/1492 4553/4032/1492
f 4553/4032/1492 4556/4033/1492 4557/4034/1494
f 4556/4033/1492 4558/4035/1494 4557/4034/1494
f 4561/4036/1494 4560/4037/1485 4559/4038/1485
f 4562/4039/1494 4561/4036/1494 4559/4038/1485
f 4565/3957/1495 4564/3982/1459 4563/3983/1459
f 4566/3956/1495 4565/3957/1495 4563/3983/1459
f 4569/4040/1496 4568/4041/1497 4567/4042/1497
f 4570/4043/1496 4569/4040/1496 4567/4042/1497
f 4571/4044/1498 4569/4040/1496 4570/4043/1496
f 4572/4045/1498 4571/4044/1498 4570/4043/1496
f 4573/4046/1499 4571/4044/1500 4572/4045/1500
f 4574/4047/1499 4573/4046/1499 4572/4045/1500
f 4575/4048/1501 4573/4046/1502 4574/4047/1502
f 4576/4049/1501 4575/4048/1501 4574/4047/1502
f 4577/4050/1503 4575/4048/1501 4576/4049/1501
f 4578/4051/1503 4577/4050/1503 4576/4049/1501
f 4579/4052/1504 4577/4050/1503 4578/4051/1503
f 4580/4053/1504 4579/4052/1504 4578/4051/1503
f 4581/3823/1505 4579/4052/1506 4580/4053/1506
f 4582/3824/1505 4581/3823/1505 4580/4053/1506
f 4585/4042/1507 4584/4041/1507 4583/4054/1508
f 4584/4041/1507 4586/4055/1508 4583/4054/1508
f 4583/4054/1508 4586/4055/1508 4587/4056/1509
f 4586/4055/1508 4588/4057/1509 4587/4056/1509
f 4587/4056/1509 4588/4057/1509 4589/4058/1510
f 4588/4057/1509 4590/4059/1510 4589/4058/1510
f 4589/4058/1510 4590/4059/1510 4591/4060/1511
f 4590/4059/1510 4592/4061/1511 4591/4060/1511
f 4591/4060/1512 4592/4061/1512 4593/4062/1513
f 4592/4061/1512 4594/4063/1513 4593/4062/1513
f 4597/4064/1514 4596/3819/1515 4595/3818/1515
f 4598/4065/1514 4597/4064/1514 4595/3818/1515
f 4599/4066/1516 4597/4064/1514 4598/4065/1514
f 4600/4067/1516 4599/4066/1516 4598/4065/1514
f 4603/4068/1517 4602/4069/1517 4601/4070/1518
f 4602/4069/1517 4604/4071/1518 4601/4070/1518
f 4601/4070/1518 4604/4071/1518 4605/4072/1519
f 4604/4071/1518 4606/4073/1520 4605/4072/1520
f 4605/4072/1520 4606/4073/1520 4607/4074/1521
f 4610/4075/1522 4609/4066/1523 4608/4067/1523
f 4611/4076/1522 4610/4075/1522 4608/4067/1524
f 4612/4077/1525 4610/4075/1522 4611/4076/1522
f 4613/4078/1525 4612/4077/1525 4611/4076/1522
f 4614/4079/1521 4612/4077/1526 4613/4078/1526
f 4615/4074/1521 4614/4079/1521 4613/4078/1525
f 4616/4073/1520 4614/4079/1521 4615/4074/1521
f 4619/4080/1527 4618/4069/1528 4617/4068/1528
f 4620/4081/1529 4619/4080/1529 4617/4068/1528
f 4621/4082/1530 4619/4080/1529 4620/4081/1529
f 4622/4083/1530 4621/4082/1530 4620/4081/1529
f 4623/4084/1531 4621/4082/1530 4622/4083/1530
f 4624/4085/1531 4623/4084/1531 4622/4083/1530
f 4627/4086/1532 4626/4084/1531 4625/4085/1531
f 4628/4087/1532 4627/4086/1532 4625/4085/1531
f 4631/4088/1533 4630/4086/1534 4629/4087/1534
f 4632/4089/1533 4631/4088/1533 4629/4087/1534
f 4633/4090/1535 4631/4088/1533 4632/4089/1533
f 4634/4091/1535 4633/4090/1535 4632/4089/1533
f 4637/4092/1536 4636/4093/1537 4635/4094/1537
f 4638/4095/1536 4637/4092/1536 4635/4094/1538
f 4641/4096/1539 4640/4097/1539 4639/4098/1540
f 4640/4097/1541 4642/4099/1540 4639/4098/1540
f 4639/4098/1540 4642/4099/1540 4643/4100/1542
f 4642/4099/1543 4644/4101/1542 4643/4100/1542
f 4647/4101/1544 4646/4090/1545 4645/4091/1545
f 4648/4100/1544 4647/4101/1544 4645/4091/1545
f 4651/4062/1546 4650/4063/1546 4649/4102/1547
f 4650/4063/1546 4652/4103/1547 4649/4102/1547
f 4649/4102/1547 4652/4103/1547 4653/4104/1548
f 4652/4103/1549 4654/4105/1548 4653/4104/1548
f 4653/4104/1548 4654/4105/1548 4655/4106/1550
f 4654/4105/1548 4656/4107/1550 4655/4106/1550
f 4655/4106/1550 4656/4107/1550 4657/4108/1551
f 4656/4107/1550 4658/4109/1551 4657/4108/1551
f 4657/4108/1551 4658/4109/1551 4659/4110/1552
f 4658/4109/1551 4660/4111/1552 4659/4110/1552
f 4659/4110/1552 4660/4111/1552 4661/4112/1553
f 4660/4111/1552 4662/4113/1553 4661/4112/1553
f 4661/4112/1553 4662/4113/1553 4663/4114/1554
f 4662/4113/1553 4664/4115/1554 4663/4114/1554
f 4667/4116/1555 4666/4092/1556 4665/4095/1556
f 4668/4117/1555 4667/4116/1555 4665/4095/1556
f 4669/4118/1557 4667/4116/1555 4668/4117/1555
f 4670/4119/1557 4669/4118/1557 4668/4117/1555
f 4671/4120/1558 4669/4118/1557 4670/4119/1557
f 4672/4121/1558 4671/4120/1558 4670/4119/1557
f 4673/4115/1554 4671/4120/1558 4672/4121/1558
f 4674/4114/1554 4673/4115/1554 4672/4121/1558
f 4677/4122/1559 4676/4123/1559 4675/4124/1559
f 4678/4125/1559 4677/4122/1559 4675/4124/1559
f 4679/4126/1559 4678/4125/1559 4675/4124/1559
f 4678/4125/1559 4679/4126/1559 4680/4127/1559
f 4680/4127/1559 4679/4126/1559 4681/4128/1559
f 4681/4128/1559 4679/4126/1559 4682/4129/1559
f 4682/4129/1559 4679/4126/1559 4683/4130/1559
f 4681/4128/1559 4682/4129/1559 4684/4131/1559
f 4681/4128/1559 4684/4131/1559 4685/4132/1559
f 4681/4128/1559 4685/4132/1559 4686/4133/1559
f 4687/4134/1559 4682/4129/1559 4683/4130/1559
f 4681/4128/1559 4686/4133/1559 4688/4135/1559
f 4687/4134/1559 4683/4130/1559 4689/4136/1559
f 4690/4137/1559 4687/4134/1559 4689/4136/1559
f 4691/4138/1559 4690/4137/1559 4689/4136/1559
f 4692/4139/1559 4691/4138/1559 4689/4136/1559
f 4681/4128/1559 4688/4135/1559 4693/4140/1559
f 4694/4141/1559 4691/4138/1559 4692/4139/1559
f 4695/4142/1559 4694/4141/1559 4692/4139/1559
f 4681/4128/1559 4693/4140/1559 4696/4143/1559
f 4694/4141/1559 4695/4142/1559 4697/4144/1559
f 4681/4128/1559 4696/4143/1559 4698/4145/1559
f 4699/4146/1559 4694/4141/1559 4697/4144/1559
f 4681/4128/1559 4698/4145/1559 4700/4147/1559
f 4698/4145/1559 4701/4148/1559 4700/4147/1559
f 4701/4148/1559 4702/4149/1559 4700/4147/1559
f 4701/4148/1559 4703/4150/1559 4702/4149/1559
f 4701/4148/1559 4704/4151/1559 4703/4150/1559
f 4701/4148/1559 4705/4152/1559 4704/4151/1559
f 4701/4148/1559 4706/4153/1559 4705/4152/1559
f 4701/4148/1559 4707/4154/1559 4706/4153/1559
f 4707/4154/1559 4701/4148/1559 4708/4155/1559
f 4681/4128/1559 4700/4147/1559 4709/4156/1559
f 4700/4147/1559 4710/4157/1559 4709/4156/1559
f 4680/4127/1559 4681/4128/1559 4709/4156/1559
f 4710/4157/1559 4711/4158/1559 4709/4156/1559
f 4710/4157/1559 4712/4159/1559 4711/4158/1559
f 4680/4127/1559 4709/4156/1559 4713/4160/1559
f 4680/4127/1559 4713/4160/1559 4714/4161/1559
f 4715/4162/1559 4680/4127/1559 4714/4161/1559
f 4716/4163/1559 4680/4127/1559 4715/4162/1559
f 4715/4162/1559 4714/4161/1559 4717/4164/1559
f 4718/4165/1559 4680/4127/1559 4716/4163/1559
f 4715/4162/1559 4717/4164/1559 4719/4166/1559
f 4715/4162/1559 4719/4166/1559 4720/4167/1559
f 4715/4162/1559 4720/4167/1559 4721/4168/1559
f 4715/4162/1559 4721/4168/1559 4722/4169/1559
f 4715/4162/1559 4722/4169/1559 4723/4170/1559
f 4715/4162/1559 4723/4170/1559 4724/4171/1559
f 4715/4162/1559 4724/4171/1559 4725/4172/1559
f 4715/4162/1559 4725/4172/1559 4726/4173/1559
f 4715/4162/1559 4726/4173/1559 4727/4174/1559
f 4715/4162/1559 4727/4174/1559 4728/4175/1559
f 4715/4162/1559 4728/4175/1559 4729/4176/1559
f 4728/4175/1559 4730/4177/1559 4729/4176/1559
f 4715/4162/1559 4729/4176/1559 4731/4178/1559
f 4715/4162/1559 4731/4178/1559 4732/4179/1559
f 4715/4162/1559 4732/4179/1559 4733/4180/1559
f 4716/4163/1559 4715/4162/1559 4733/4180/1559
f 4716/4163/1559 4733/4180/1559 4734/4181/1559
f 4716/4163/1559 4734/4181/1559 4735/4182/1559
f 4716/4163/1559 4735/4182/1559 4736/4183/1559
f 4716/4163/1559 4736/4183/1559 4737/4184/1559
f 4716/4163/1559 4737/4184/1559 4738/4185/1559
f 4736/4183/1559 4735/4182/1559 4739/4186/1559
f 4735/4182/1559 4740/4187/1559 4739/4186/1559
f 4716/4163/1559 4738/4185/1559 4741/4188/1559
f 4740/4187/1559 4742/4189/1559 4739/4186/1559
f 4742/4189/1559 4743/4190/1559 4739/4186/1559
f 4743/4190/1559 4742/4189/1559 4744/4191/1559
f 4742/4189/1559 4745/4192/1559 4744/4191/1559
f 4745/4192/1559 4746/4193/1559 4744/4191/1559
f 4716/4163/1559 4741/4188/1559 4747/4194/1559
f 4716/4163/1559 4747/4194/1559 4748/4195/1559
f 4716/4163/1559 4748/4195/1559 4749/4196/1559
f 4750/4197/1560 4716/4163/1560 4749/4196/1560
f 4751/4198/1559 4716/4163/1559 4750/4197/1559
f 4751/4198/1559 4752/4199/1559 4716/4163/1559
f 4752/4199/1559 4753/4200/1559 4716/4163/1559
f 4753/4200/1559 4754/4201/1559 4716/4163/1559
f 4754/4201/1559 4755/4202/1559 4716/4163/1559
f 4750/4197/1560 4749/4196/1560 4756/4203/1560
f 4750/4197/1560 4756/4203/1560 4757/4204/1560
f 4749/4196/1559 4758/4205/1559 4756/4203/1559
f 4749/4196/1559 4759/4206/1559 4758/4205/1559
f 4749/4196/1559 4760/4207/1559 4759/4206/1559
f 4750/4197/1559 4757/4204/1559 4761/4208/1559
f 4750/4197/1559 4761/4208/1559 4762/4209/1559
f 4750/4197/1559 4762/4209/1559 4763/4210/1559
f 4750/4197/1559 4763/4210/1559 4764/4211/1559
f 4765/4212/1559 4750/4197/1559 4764/4211/1559
f 4765/4212/1559 4766/4213/1559 4750/4197/1559
f 4766/4213/1559 4751/4198/1559 4750/4197/1559
f 4766/4213/1559 4767/4214/1559 4751/4198/1559
f 4767/4214/1559 4768/4215/1559 4751/4198/1559
f 4768/4215/1559 4769/4216/1559 4751/4198/1559
f 4772/4217/1559 4771/4218/1559 4770/4219/1559
f 4701/4148/1559 4772/4217/1559 4770/4219/1559
f 4773/4220/1559 4701/4148/1559 4770/4219/1559
f 4701/4148/1559 4773/4220/1559 4708/4155/1559
f 4773/4220/1559 4774/4221/1559 4708/4155/1559
f 4773/4220/1559 4775/4222/1559 4774/4221/1559
f 4774/4221/1559 4776/4223/1559 4708/4155/1559
f 4775/4222/1559 4777/4224/1559 4774/4221/1559
f 4775/4222/1559 4778/4225/1559 4777/4224/1559
f 4778/4225/1559 4779/4226/1559 4777/4224/1559
f 4776/4223/1559 4780/4227/1559 4708/4155/1559
f 4780/4227/1559 4781/4228/1559 4708/4155/1559
f 4780/4227/1559 4782/4229/1559 4781/4228/1559
f 4780/4227/1559 4783/4230/1559 4782/4229/1559
f 4783/4230/1559 4784/4231/1559 4782/4229/1559
f 4783/4230/1559 4785/4232/1559 4784/4231/1559
f 4788/4233/1559 4787/4234/1559 4786/4235/1559
f 4788/4233/1559 4786/4235/1559 4789/4236/1559
f 4788/4233/1559 4789/4236/1559 4790/4237/1559
f 4788/4233/1559 4790/4237/1559 4791/4238/1559
f 4792/4239/1559 4788/4233/1559 4791/4238/1559
f 4790/4237/1559 4793/4240/1559 4791/4238/1559
f 4794/4241/1559 4792/4239/1559 4791/4238/1559
f 4793/4240/1559 4790/4237/1559 4795/4242/1559
f 4790/4237/1559 4796/4243/1559 4795/4242/1559
f 4796/4243/1559 4797/4244/1559 4795/4242/1559
f 4796/4243/1559 4798/4245/1559 4797/4244/1559
f 4792/4239/1559 4794/4241/1559 4699/4146/1559
f 4799/4246/1559 4792/4239/1559 4699/4146/1559
f 4800/4247/1559 4799/4246/1559 4699/4146/1559
f 4800/4247/1559 4801/4248/1559 4799/4246/1559
f 4699/4146/1559 4697/4144/1559 4800/4247/1559
f 4697/4144/1559 4802/4249/1559 4800/4247/1559
f 4802/4249/1559 4803/4250/1559 4800/4247/1559
f 4801/4248/1559 4804/4251/1559 4799/4246/1559
f 4802/4249/1559 4805/4252/1559 4803/4250/1559
f 4805/4252/1559 4806/4253/1559 4803/4250/1559
f 4806/4253/1559 4805/4252/1559 4807/4254/1559
f 4805/4252/1559 4808/4255/1559 4807/4254/1559
f 4804/4251/1559 4809/4256/1559 4799/4246/1559
f 4807/4254/1559 4808/4255/1559 4810/4257/1559
f 4808/4255/1559 4811/4258/1559 4810/4257/1559
f 4811/4258/1559 4812/4259/1559 4810/4257/1559
f 4812/4259/1559 4813/4260/1559 4810/4257/1559
f 4809/4256/1559 4814/4261/1559 4799/4246/1559
f 4814/4261/1559 4815/4262/1559 4799/4246/1559
f 4815/4262/1559 4816/4263/1559 4799/4246/1559
f 4816/4263/1559 4817/4264/1559 4799/4246/1559
f 4817/4264/1559 4818/4265/1559 4799/4246/1559
f 4821/4266/1559 4820/4267/1559 4819/4268/1559
f 4822/4269/1559 4821/4266/1559 4819/4268/1559
f 4823/4270/1559 4821/4266/1559 4822/4269/1559
f 4824/4271/1559 4823/4270/1559 4822/4269/1559
f 4825/4272/1559 4823/4270/1559 4824/4271/1559
f 4826/4273/1559 4825/4272/1559 4824/4271/1559
f 4825/4272/1559 4826/4273/1559 4716/4163/1559
f 4755/4202/1559 4825/4272/1559 4716/4163/1559
f 4826/4273/1559 4827/4274/1559 4716/4163/1559
f 4827/4274/1559 4828/4275/1559 4716/4163/1559
f 4828/4275/1559 4718/4165/1559 4716/4163/1559
f 4718/4165/1561 4830/4276/1561 4829/4277/1561
f 4718/4165/1561 4829/4277/1561 4831/4278/1561
f 4832/4279/1561 4830/4276/1561 4718/4165/1561
f 4680/4127/1561 4718/4165/1561 4831/4278/1561
f 4680/4127/1559 4831/4278/1559 4833/4280/1559
f 4680/4127/1559 4833/4280/1559 4834/4281/1559
f 4835/4282/1559 4680/4127/1559 4834/4281/1559
f 4680/4127/1559 4835/4282/1559 4836/4283/1559
f 4678/4125/1559 4680/4127/1559 4836/4283/1559
f 4837/4284/1559 4678/4125/1559 4836/4283/1559
f 4838/4285/1559 4678/4125/1559 4837/4284/1559
f 4839/4286/1559 4838/4285/1559 4837/4284/1559
f 4838/4285/1559 4840/4287/1559 4678/4125/1559
f 4838/4285/1559 4841/4288/1559 4840/4287/1559
f 4838/4285/1559 4842/4289/1559 4841/4288/1559
f 4838/4285/1559 4843/4290/1559 4842/4289/1559
f 4838/4285/1559 4844/4291/1559 4843/4290/1559
f 4838/4285/1559 4845/4292/1559 4844/4291/1559
f 4838/4285/1559 4846/4293/1559 4845/4292/1559
f 4838/4285/1559 4847/4294/1559 4846/4293/1559
f 4838/4285/1559 4848/4295/1559 4847/4294/1559
f 4838/4285/1559 4849/4296/1559 4848/4295/1559
f 4850/4297/1559 4849/4296/1559 4838/4285/1559
f 4851/4298/1559 4850/4297/1559 4838/4285/1559
f 4852/4299/1559 4851/4298/1559 4838/4285/1559
f 4853/4300/1559 4852/4299/1559 4838/4285/1559
f 4853/4300/1562 4838/4285/1562 4854/4301/1562
f 4854/4301/1559 4855/4302/1559 4853/4300/1559
f 4854/4301/1561 4856/4303/1561 4855/4302/1561
f 4856/4303/1561 4854/4301/1561 4857/4304/1561
f 4854/4301/1559 4838/4285/1559 4857/4304/1559
f 4858/4305/1559 4856/4303/1559 4857/4304/1559
f 4718/4165/1561 4858/4305/1561 4857/4304/1561
f 4857/4304/1559 4832/4279/1559 4718/4165/1559
f 4857/4304/1559 4838/4285/1559 4832/4279/1559
f 4838/4285/1559 4859/4306/1559 4832/4279/1559
f 4859/4306/1559 4838/4285/1559 4839/4286/1559
f 4859/4306/1559 4860/4307/1559 4832/4279/1559
f 4859/4306/1559 4861/4308/1559 4860/4307/1559
f 4859/4306/1559 4862/4309/1559 4861/4308/1559
f 4862/4309/1559 4863/4310/1559 4861/4308/1559
f 4862/4309/1559 4864/4311/1559 4863/4310/1559
o Mesh_Cutout_Charley
v 2.613459 0.495384 -3.124965
v 2.579309 0.049574 -3.124965
v 2.593154 0.299708 -3.124965
v 3.157976 0.560852 -3.124965
v 2.614382 -0.020574 -3.124965
v 2.595927 0.614452 -3.124965
v 2.688217 -0.065881 -3.124965
v 3.173666 0.757452 -3.124965
v 3.170895 0.547931 -3.124965
v 2.583005 0.674447 -3.124965
v 3.150590 0.790680 -3.124965
v 2.584851 0.735365 -3.124965
v 3.122919 0.853445 -3.124965
v 2.602387 0.789822 -3.124965
v 3.755619 -0.071173 -3.124965
v 3.302885 0.622694 -3.124965
v 3.421030 0.664229 -3.124965
v 3.857153 -0.029868 -3.124965
v 3.077693 0.874674 -3.124965
v 2.636538 0.842434 -3.124965
v 2.595002 1.019651 -3.124965
v 3.039855 1.084195 -3.124965
v 2.538706 1.186715 -3.124965
v 3.523484 0.670690 -3.124965
v 3.906994 0.042126 -3.124965
v 3.912534 0.141810 -3.124965
v 3.630551 0.654999 -3.124965
v 3.894072 0.331948 -3.124965
v 3.729314 0.607926 -3.124965
v 3.859458 0.441786 -3.124965
v 3.805925 0.525779 -3.124965
v 3.002934 1.226338 -3.124965
v 2.439946 1.384237 -3.124965
v 2.344875 1.549454 -3.124965
v 3.323220 1.410939 -3.124965
v 3.352753 1.140499 -3.124965
v 3.392446 1.330637 -3.124965
v 3.420131 1.140499 -3.124965
v 3.469975 1.253105 -3.124965
v 3.469050 1.185726 -3.124965
v 3.032485 1.890900 -3.124965
v 2.902956 2.176590 -3.124965
v 2.019645 2.659147 -3.124965
v 2.874238 2.256214 -3.124965
v 1.745400 1.597790 -3.124965
v 2.329184 1.536533 -3.124965
v 2.351337 1.411927 -3.124965
v 1.663164 1.657835 -3.124965
v 1.577011 1.755734 -3.124965
v 1.507829 1.862770 -3.124965
v 1.462141 2.019408 -3.124965
v 1.434729 2.247839 -3.124965
v 1.704931 1.386328 -3.124965
v 1.446477 2.370540 -3.124965
v 2.169509 1.082415 -3.124965
v 1.682741 1.178782 -3.124965
v 1.693183 0.993427 -3.124965
v 2.400253 1.262401 -3.124965
v 1.748010 0.796323 -3.124965
v 2.247963 1.031650 -3.124965
v 2.230427 0.862741 -3.124965
v 2.283034 0.810129 -3.124965
v 2.331955 0.998422 -3.124965
v 2.466711 1.123028 -3.124965
v 2.473176 1.053802 -3.124965
v 2.421486 1.003960 -3.124965
v 2.318110 0.706753 -3.124965
v 1.704934 0.723225 -3.124965
v 1.702324 0.668402 -3.124965
v 1.727123 0.586166 -3.124965
v 2.298725 0.583993 -3.124965
v 2.335649 0.304324 -3.124965
v 2.369799 0.133569 -3.124965
v 2.364262 0.008964 -3.124965
v 2.328249 -0.064097 -3.124965
v 1.593982 0.672318 -3.124965
v 1.058792 -0.057803 -3.124965
v 1.426901 0.691898 -3.124965
v 0.984387 0.028794 -3.124965
v 1.255903 0.663180 -3.124965
v 0.960891 0.158021 -3.124965
v 0.981777 0.304217 -3.124965
v 1.130593 0.591388 -3.124965
v 1.033989 0.456940 -3.124965
v 1.040522 2.234786 -3.124965
v 1.185229 2.153882 -3.124965
v 1.086520 2.190878 -3.124965
v 1.298974 2.156467 -3.124965
v 0.976560 2.341823 -3.124965
v 1.395568 2.255672 -3.124965
v 0.963508 2.497155 -3.124965
v 0.981782 2.615940 -3.124965
v 1.020942 2.703396 -3.124965
v 1.024858 2.806516 -3.124965
v 1.562686 3.025549 -3.124965
v 1.186941 3.326831 -3.124965
v 0.985698 2.852202 -3.124965
v 0.942622 2.912247 -3.124965
v 0.921738 2.961849 -3.124965
v 0.920434 3.125015 -3.124965
v 0.954372 3.208555 -3.124965
v 0.926960 3.272516 -3.124965
v 0.937409 3.440902 -3.124965
v 0.983098 3.534885 -3.124965
v 1.084912 3.581877 -3.124965
v 1.137124 3.661502 -3.124965
v 1.201086 3.703272 -3.124965
v 1.304206 3.703272 -3.124965
v 1.694504 3.768538 -3.124965
v 1.366867 3.794644 -3.124965
v 1.648818 3.828583 -3.124965
v 1.472600 3.855994 -3.124965
v 1.590078 3.859910 -3.124965
v 1.925546 3.861216 -3.124965
v 2.655761 3.328766 -3.124965
v 2.696225 2.999825 -3.124965
v 2.927756 2.271878 -3.124965
v 2.987802 2.308427 -3.124965
v 3.045236 2.371083 -3.124965
v 2.771935 2.989382 -3.124965
v 3.067426 2.444181 -3.124965
v 3.068732 2.529027 -3.124965
v 2.821537 2.971107 -3.124965
v 3.242343 2.714383 -3.124965
v 2.885498 3.022014 -3.124965
v 3.335021 2.843610 -3.124965
v 2.948154 3.102945 -3.124965
v 3.402897 2.988500 -3.124965
v 3.414645 3.094232 -3.124965
v 3.400288 3.202574 -3.124965
v 3.353295 3.282198 -3.124965
v 2.924658 3.138188 -3.124965
v 3.211005 3.417953 -3.124965
v 2.972131 3.608530 -3.124965
v 2.679733 3.787358 -3.124965
v 2.524401 3.877425 -3.124965
v 2.447893 4.615390 -3.124965
v 2.674514 3.964882 -3.124965
v 1.731054 3.972168 -3.124965
v 2.795905 4.079751 -3.124965
v 1.626628 4.089647 -3.124965
v 2.910773 4.227252 -3.124965
v 1.548308 4.248897 -3.124965
v 2.981262 4.413913 -3.124965
v 1.501315 4.443389 -3.124965
v 3.016506 4.609712 -3.124965
v 1.502619 4.624828 -3.124965
v 2.364998 5.414961 -3.124965
v 2.968230 5.436217 -3.124965
v 3.145732 4.674978 -3.124965
v 3.226665 4.751993 -3.124965
v 3.303679 4.874693 -3.124965
v 3.345448 5.002614 -3.124965
v 3.365029 5.154032 -3.124965
v 3.359816 5.283262 -3.124965
v 3.328488 5.370719 -3.124965
v 3.258002 5.446427 -3.124965
v 3.289330 5.592623 -3.124965
v 3.294550 5.750567 -3.124965
v 3.251477 5.787116 -3.124965
v 3.177072 5.787116 -3.124965
v 3.139218 5.840634 -3.124965
v 3.056982 5.841939 -3.124965
v 3.026960 5.823665 -3.124965
v 2.991716 5.779284 -3.124965
v 2.949946 5.749261 -3.124965
v 2.897724 5.887624 -3.124965
v 2.829848 6.002492 -3.124965
v 2.713674 6.116055 -3.124965
v 2.557036 6.208733 -3.124965
v 2.433029 6.241366 -3.124965
v 2.277697 6.257030 -3.124965
v 2.094951 6.242671 -3.124965
v 1.910900 6.172184 -3.124965
v 1.773842 6.076896 -3.124965
v 1.661584 5.950280 -3.124965
v 1.570212 5.793641 -3.124965
v 1.531052 5.674857 -3.124965
v 1.523211 5.385300 -3.124965
v 1.482756 5.716627 -3.124965
v 1.400520 5.724459 -3.124965
v 1.363972 5.681384 -3.124965
v 1.361357 5.505166 -3.124965
v 1.386159 5.416404 -3.124965
v 1.405737 5.381160 -3.124965
v 1.374697 4.769719 -3.124965
v 1.471291 4.636577 -3.124965
v 1.312041 4.909389 -3.124965
v 1.298991 5.075164 -3.124965
v 1.319875 5.243551 -3.124965
v 1.357729 5.344060 -3.124965
v 2.579309 0.049574 -3.314666
v 2.613459 0.495384 -3.314666
v 2.593154 0.299708 -3.314666
v 3.157976 0.560852 -3.314666
v 2.614382 -0.020574 -3.314666
v 2.595927 0.614452 -3.314666
v 2.688217 -0.065881 -3.314666
v 3.173666 0.757452 -3.314666
v 3.170895 0.547931 -3.314666
v 2.583005 0.674447 -3.314666
v 3.150590 0.790680 -3.314666
v 2.584851 0.735365 -3.314666
v 3.122919 0.853445 -3.314666
v 2.602387 0.789822 -3.314666
v 3.755619 -0.071173 -3.314666
v 3.302885 0.622694 -3.314666
v 3.421030 0.664229 -3.314666
v 3.857153 -0.029868 -3.314666
v 3.077693 0.874674 -3.314666
v 2.636538 0.842434 -3.314666
v 2.595002 1.019651 -3.314666
v 3.039855 1.084195 -3.314666
v 2.538706 1.186715 -3.314666
v 3.523484 0.670690 -3.314666
v 3.906994 0.042126 -3.314666
v 3.912534 0.141810 -3.314666
v 3.630551 0.654999 -3.314666
v 3.894072 0.331948 -3.314666
v 3.729314 0.607926 -3.314666
v 3.859458 0.441786 -3.314666
v 3.805925 0.525779 -3.314666
v 3.002934 1.226338 -3.314666
v 2.439946 1.384237 -3.314666
v 2.344875 1.549454 -3.314666
v 3.323220 1.410939 -3.314666
v 3.352753 1.140499 -3.314666
v 3.392446 1.330637 -3.314666
v 3.420131 1.140499 -3.314666
v 3.469975 1.253105 -3.314665
v 3.469050 1.185726 -3.314666
v 3.032485 1.890900 -3.314665
v 2.902956 2.176590 -3.314665
v 2.019645 2.659147 -3.314665
v 2.874238 2.256214 -3.314665
v 1.745400 1.597790 -3.314665
v 2.329184 1.536533 -3.314666
v 2.351337 1.411927 -3.314666
v 1.663164 1.657835 -3.314666
v 1.577011 1.755734 -3.314665
v 1.507829 1.862770 -3.314665
v 1.462141 2.019408 -3.314665
v 1.434729 2.247839 -3.314665
v 1.704931 1.386328 -3.314666
v 1.446477 2.370540 -3.314665
v 2.169509 1.082415 -3.314666
v 1.682741 1.178782 -3.314666
v 1.693183 0.993427 -3.314666
v 2.400253 1.262401 -3.314666
v 1.748010 0.796323 -3.314666
v 2.247963 1.031650 -3.314666
v 2.230427 0.862741 -3.314666
v 2.283034 0.810129 -3.314666
v 2.331955 0.998422 -3.314666
v 2.466711 1.123028 -3.314666
v 2.473176 1.053802 -3.314666
v 2.421486 1.003960 -3.314666
v 2.318110 0.706753 -3.314666
v 1.704934 0.723225 -3.314666
v 1.702324 0.668402 -3.314666
v 1.727123 0.586166 -3.314666
v 2.298725 0.583993 -3.314666
v 2.335649 0.304324 -3.314666
v 2.369799 0.133569 -3.314666
v 2.364262 0.008964 -3.314666
v 2.328249 -0.064097 -3.314666
v 1.593982 0.672318 -3.314666
v 1.058792 -0.057803 -3.314666
v 1.426901 0.691898 -3.314666
v 0.984387 0.028794 -3.314666
v 1.255903 0.663180 -3.314666
v 0.960891 0.158021 -3.314666
v 0.981777 0.304217 -3.314666
v 1.130593 0.591388 -3.314666
v 1.033989 0.456940 -3.314666
v 1.185229 2.153882 -3.314665
v 1.040522 2.234786 -3.314665
v 1.086520 2.190878 -3.314665
v 1.298974 2.156467 -3.314665
v 0.976560 2.341823 -3.314665
v 1.395568 2.255672 -3.314665
v 0.963508 2.497155 -3.314665
v 0.981782 2.615940 -3.314665
v 1.020942 2.703396 -3.314665
v 1.024858 2.806516 -3.314665
v 1.562686 3.025549 -3.314665
v 1.186941 3.326831 -3.314665
v 0.985698 2.852202 -3.314665
v 0.942622 2.912247 -3.314665
v 0.921738 2.961849 -3.314665
v 0.920434 3.125015 -3.314665
v 0.954372 3.208555 -3.314665
v 0.926960 3.272516 -3.314665
v 0.937409 3.440902 -3.314665
v 0.983098 3.534885 -3.314665
v 1.084912 3.581877 -3.314665
v 1.137124 3.661502 -3.314665
v 1.201086 3.703272 -3.314665
v 1.304206 3.703272 -3.314665
v 1.694504 3.768538 -3.314665
v 1.366867 3.794644 -3.314665
v 1.648818 3.828583 -3.314665
v 1.472600 3.855994 -3.314665
v 1.590078 3.859910 -3.314665
v 1.925546 3.861216 -3.314665
v 2.655761 3.328766 -3.314665
v 2.696225 2.999825 -3.314665
v 2.927756 2.271878 -3.314665
v 2.987802 2.308427 -3.314665
v 3.045236 2.371083 -3.314665
v 2.771935 2.989382 -3.314665
v 3.067426 2.444181 -3.314665
v 3.068732 2.529027 -3.314665
v 2.821537 2.971107 -3.314665
v 3.242343 2.714383 -3.314665
v 2.885498 3.022014 -3.314665
v 3.335021 2.843610 -3.314665
v 2.948154 3.102945 -3.314665
v 3.402897 2.988500 -3.314665
v 3.414645 3.094232 -3.314665
v 3.400288 3.202574 -3.314665
v 3.353295 3.282198 -3.314665
v 2.924658 3.138188 -3.314665
v 3.211005 3.417953 -3.314665
v 2.972131 3.608530 -3.314665
v 2.679733 3.787358 -3.314665
v 2.524401 3.877425 -3.314665
v 2.447893 4.615390 -3.314665
v 2.674514 3.964882 -3.314665
v 1.731054 3.972168 -3.314665
v 2.795905 4.079751 -3.314665
v 1.626628 4.089647 -3.314665
v 2.910773 4.227252 -3.314665
v 1.548308 4.248897 -3.314665
v 2.981262 4.413913 -3.314665
v 1.501315 4.443389 -3.314665
v 3.016506 4.609712 -3.314665
v 1.502619 4.624828 -3.314665
v 2.364998 5.414961 -3.314665
v 2.968230 5.436217 -3.314665
v 3.145732 4.674978 -3.314665
v 3.226665 4.751993 -3.314665
v 3.303679 4.874693 -3.314665
v 3.345448 5.002614 -3.314665
v 3.365029 5.154032 -3.314665
v 3.359816 5.283262 -3.314665
v 3.328488 5.370719 -3.314665
v 3.258002 5.446427 -3.314665
v 3.289330 5.592623 -3.314665
v 3.294550 5.750567 -3.314665
v 3.251477 5.787116 -3.314665
v 3.177072 5.787116 -3.314665
v 3.139218 5.840634 -3.314665
v 3.056982 5.841939 -3.314665
v 3.026960 5.823665 -3.314665
v 2.991716 5.779284 -3.314665
v 2.949946 5.749261 -3.314665
v 2.897724 5.887624 -3.314665
v 2.829848 6.002492 -3.314665
v 2.713674 6.116055 -3.314665
v 2.557036 6.208733 -3.314665
v 2.433029 6.241366 -3.314665
v 2.277697 6.257030 -3.314665
v 2.094951 6.242671 -3.314665
v 1.910900 6.172184 -3.314665
v 1.773842 6.076896 -3.314665
v 1.661584 5.950280 -3.314665
v 1.570212 5.793641 -3.314665
v 1.531052 5.674857 -3.314665
v 1.523211 5.385300 -3.314665
v 1.482756 5.716627 -3.314665
v 1.400520 5.724459 -3.314665
v 1.363972 5.681384 -3.314665
v 1.361357 5.505166 -3.314665
v 1.386159 5.416404 -3.314665
v 1.405737 5.381160 -3.314665
v 1.374697 4.769719 -3.314665
v 1.471291 4.636577 -3.314665
v 1.312041 4.909389 -3.314665
v 1.298991 5.075164 -3.314665
v 1.319875 5.243551 -3.314665
v 1.357729 5.344060 -3.314665
v 2.696225 2.999825 -3.124965
v 2.696225 2.999825 -3.314665
v 2.771935 2.989382 -3.314665
v 2.771935 2.989382 -3.124965
v 2.821537 2.971107 -3.314665
v 2.821537 2.971107 -3.124965
v 2.524401 3.877425 -3.124965
v 2.524401 3.877425 -3.314665
v 2.679733 3.787358 -3.314665
v 2.679733 3.787358 -3.124965
v 2.972131 3.608530 -3.314665
v 2.972131 3.608530 -3.124965
v 3.211005 3.417953 -3.314665
v 3.211005 3.417953 -3.124965
v 3.353295 3.282198 -3.314665
v 3.353295 3.282198 -3.124965
v 3.400288 3.202574 -3.314665
v 3.400288 3.202574 -3.124965
v 3.414645 3.094232 -3.314665
v 3.414645 3.094232 -3.124965
v 3.402897 2.988500 -3.314665
v 3.402897 2.988500 -3.124965
v 3.335021 2.843610 -3.314665
v 3.335021 2.843610 -3.124965
v 3.242343 2.714383 -3.314665
v 3.242343 2.714383 -3.124965
v 2.924658 3.138188 -3.124965
v 2.655761 3.328766 -3.314665
v 2.655761 3.328766 -3.124965
v 2.924658 3.138188 -3.314665
v 2.948154 3.102945 -3.124965
v 2.948154 3.102945 -3.314665
v 2.885498 3.022014 -3.124965
v 2.948154 3.102945 -3.314665
v 2.948154 3.102945 -3.124965
v 2.885498 3.022014 -3.314665
v 2.821537 2.971107 -3.124965
v 2.821537 2.971107 -3.314665
v 3.242343 2.714383 -3.124965
v 3.242343 2.714383 -3.314665
v 3.068732 2.529027 -3.314665
v 3.068732 2.529027 -3.124965
v 3.067426 2.444181 -3.314665
v 3.067426 2.444181 -3.124965
v 3.045236 2.371083 -3.314665
v 3.045236 2.371083 -3.124965
v 2.987802 2.308427 -3.314665
v 2.987802 2.308427 -3.124965
v 2.927756 2.271878 -3.314665
v 2.927756 2.271878 -3.124965
v 2.874238 2.256214 -3.314665
v 2.874238 2.256214 -3.124965
v 2.902956 2.176590 -3.124965
v 2.902956 2.176590 -3.314665
v 3.032485 1.890900 -3.314665
v 3.032485 1.890900 -3.124965
v 3.323220 1.410939 -3.314666
v 3.323220 1.410939 -3.124965
v 3.392446 1.330637 -3.314666
v 3.392446 1.330637 -3.124965
v 3.469975 1.253105 -3.314665
v 3.469975 1.253105 -3.124965
v 2.674514 3.964882 -3.124965
v 2.524401 3.877425 -3.314665
v 2.524401 3.877425 -3.124965
v 2.674514 3.964882 -3.314665
v 2.795905 4.079751 -3.124965
v 2.795905 4.079751 -3.314665
v 2.910773 4.227252 -3.124965
v 2.910773 4.227252 -3.314665
v 2.981262 4.413913 -3.124965
v 2.981262 4.413913 -3.314665
v 3.016506 4.609712 -3.124965
v 3.016506 4.609712 -3.314665
v 1.434729 2.247839 -3.124965
v 1.446477 2.370540 -3.314665
v 1.446477 2.370540 -3.124965
v 1.434729 2.247839 -3.314665
v 1.462141 2.019408 -3.124965
v 1.462141 2.019408 -3.314665
v 1.507829 1.862770 -3.124965
v 1.507829 1.862770 -3.314665
v 1.577011 1.755734 -3.124965
v 1.577011 1.755734 -3.314665
v 1.663164 1.657835 -3.124965
v 1.663164 1.657835 -3.314666
v 1.745400 1.597790 -3.124965
v 1.745400 1.597790 -3.314665
v 1.694504 3.768538 -3.124965
v 1.694504 3.768538 -3.314665
v 1.925546 3.861216 -3.314665
v 1.925546 3.861216 -3.124965
v 2.655761 3.328766 -3.124965
v 2.655761 3.328766 -3.314665
v 2.696225 2.999825 -3.314665
v 2.696225 2.999825 -3.124965
v 1.446477 2.370540 -3.124965
v 1.446477 2.370540 -3.314665
v 1.395568 2.255672 -3.314665
v 1.395568 2.255672 -3.124965
v 1.298974 2.156467 -3.314665
v 1.298974 2.156467 -3.124965
v 1.298974 2.156467 -3.124965
v 1.298974 2.156467 -3.314665
v 1.185229 2.153882 -3.314665
v 1.185229 2.153882 -3.124965
v 1.086520 2.190878 -3.314665
v 1.086520 2.190878 -3.124965
v 1.086520 2.190878 -3.124965
v 1.086520 2.190878 -3.314665
v 1.040522 2.234786 -3.314665
v 1.040522 2.234786 -3.124965
v 0.976560 2.341823 -3.314665
v 0.976560 2.341823 -3.124965
v 0.963508 2.497155 -3.314665
v 0.963508 2.497155 -3.124965
v 0.981782 2.615940 -3.314665
v 0.981782 2.615940 -3.124965
v 1.020942 2.703396 -3.314665
v 1.020942 2.703396 -3.124965
v 1.024858 2.806516 -3.314665
v 1.024858 2.806516 -3.124965
v 0.985698 2.852202 -3.314665
v 0.985698 2.852202 -3.124965
v 0.942622 2.912247 -3.314665
v 0.942622 2.912247 -3.124965
v 0.921738 2.961849 -3.314665
v 0.921738 2.961849 -3.124965
v 0.920434 3.125015 -3.314665
v 0.920434 3.125015 -3.124965
v 0.954372 3.208555 -3.314665
v 0.954372 3.208555 -3.124965
v 1.201086 3.703272 -3.124965
v 1.304206 3.703272 -3.314665
v 1.304206 3.703272 -3.124965
v 1.201086 3.703272 -3.314665
v 1.137124 3.661502 -3.124965
v 1.137124 3.661502 -3.314665
v 1.084912 3.581877 -3.124965
v 1.084912 3.581877 -3.314665
v 0.983098 3.534885 -3.124965
v 0.983098 3.534885 -3.314665
v 0.937409 3.440902 -3.124965
v 0.937409 3.440902 -3.314665
v 1.648818 3.828583 -3.124965
v 1.694504 3.768538 -3.314665
v 1.694504 3.768538 -3.124965
v 1.648818 3.828583 -3.314665
v 1.590078 3.859910 -3.124965
v 1.590078 3.859910 -3.314665
v 1.304206 3.703272 -3.124965
v 1.304206 3.703272 -3.314665
v 1.366867 3.794644 -3.314665
v 1.366867 3.794644 -3.124965
v 1.472600 3.855994 -3.124965
v 1.590078 3.859910 -3.314665
v 1.590078 3.859910 -3.124965
v 1.472600 3.855994 -3.314665
v 1.366867 3.794644 -3.124965
v 1.366867 3.794644 -3.314665
v 0.954372 3.208555 -3.124965
v 0.954372 3.208555 -3.314665
v 0.926960 3.272516 -3.314665
v 0.926960 3.272516 -3.124965
v 0.937409 3.440902 -3.314665
v 0.937409 3.440902 -3.124965
v 1.704931 1.386328 -3.124965
v 1.745400 1.597790 -3.314665
v 1.745400 1.597790 -3.124965
v 1.704931 1.386328 -3.314666
v 1.682741 1.178782 -3.124965
v 1.682741 1.178782 -3.314666
v 1.693183 0.993427 -3.124965
v 1.693183 0.993427 -3.314666
v 1.748010 0.796323 -3.124965
v 1.748010 0.796323 -3.314666
v 2.329184 1.536533 -3.124965
v 2.329184 1.536533 -3.314666
v 2.351337 1.411927 -3.314666
v 2.351337 1.411927 -3.124965
v 2.400253 1.262401 -3.314666
v 2.400253 1.262401 -3.124965
v 2.466711 1.123028 -3.314666
v 2.466711 1.123028 -3.124965
v 2.473176 1.053802 -3.314666
v 2.473176 1.053802 -3.124965
v 2.344875 1.549454 -3.124965
v 2.344875 1.549454 -3.314666
v 2.329184 1.536533 -3.314666
v 2.329184 1.536533 -3.124965
v 2.874238 2.256214 -3.124965
v 2.874238 2.256214 -3.314665
v 2.902956 2.176590 -3.314665
v 2.902956 2.176590 -3.124965
v 3.352753 1.140499 -3.124965
v 3.002934 1.226338 -3.314666
v 3.002934 1.226338 -3.124965
v 3.352753 1.140499 -3.314666
v 3.420131 1.140499 -3.124965
v 3.420131 1.140499 -3.314666
v 3.469050 1.185726 -3.124965
v 3.469050 1.185726 -3.314666
v 3.002934 1.226338 -3.124965
v 3.002934 1.226338 -3.314666
v 3.039855 1.084195 -3.314666
v 3.039855 1.084195 -3.124965
v 3.077693 0.874674 -3.314666
v 3.077693 0.874674 -3.124965
v 2.439946 1.384237 -3.124965
v 2.344875 1.549454 -3.314666
v 2.344875 1.549454 -3.124965
v 2.439946 1.384237 -3.314666
v 2.538706 1.186715 -3.124965
v 2.538706 1.186715 -3.314666
v 2.595002 1.019651 -3.124965
v 2.595002 1.019651 -3.314666
v 2.636538 0.842434 -3.124965
v 2.636538 0.842434 -3.314666
v 3.469975 1.253105 -3.124965
v 3.469975 1.253105 -3.314665
v 3.469050 1.185726 -3.314666
v 3.469050 1.185726 -3.124965
v 3.077693 0.874674 -3.124965
v 3.077693 0.874674 -3.314666
v 3.122919 0.853445 -3.314666
v 3.122919 0.853445 -3.124965
v 3.150590 0.790680 -3.314666
v 3.150590 0.790680 -3.124965
v 3.173666 0.757452 -3.314666
v 3.173666 0.757452 -3.124965
v 3.157976 0.560852 -3.314666
v 3.157976 0.560852 -3.124965
v 2.602387 0.789822 -3.124965
v 2.636538 0.842434 -3.314666
v 2.636538 0.842434 -3.124965
v 2.602387 0.789822 -3.314666
v 2.584851 0.735365 -3.124965
v 2.584851 0.735365 -3.314666
v 2.583005 0.674447 -3.124965
v 2.583005 0.674447 -3.314666
v 2.595927 0.614452 -3.124965
v 2.595927 0.614452 -3.314666
v 2.613459 0.495384 -3.124965
v 2.613459 0.495384 -3.314666
v 2.593154 0.299708 -3.124965
v 2.593154 0.299708 -3.314666
v 2.579309 0.049574 -3.124965
v 2.579309 0.049574 -3.314666
v 2.614382 -0.020574 -3.124965
v 2.614382 -0.020574 -3.314666
v 3.755619 -0.071173 -3.124965
v 2.688217 -0.065881 -3.314666
v 2.688217 -0.065881 -3.124965
v 3.755619 -0.071173 -3.314666
v 3.857153 -0.029868 -3.124965
v 3.857153 -0.029868 -3.314666
v 3.157976 0.560852 -3.124965
v 3.157976 0.560852 -3.314666
v 3.170895 0.547931 -3.314666
v 3.170895 0.547931 -3.124965
v 2.688217 -0.065881 -3.124965
v 2.688217 -0.065881 -3.314666
v 2.614382 -0.020574 -3.314666
v 2.614382 -0.020574 -3.124965
v 3.170895 0.547931 -3.124965
v 3.170895 0.547931 -3.314666
v 3.302885 0.622694 -3.314666
v 3.302885 0.622694 -3.124965
v 3.421030 0.664229 -3.314666
v 3.421030 0.664229 -3.124965
v 3.523484 0.670690 -3.314666
v 3.523484 0.670690 -3.124965
v 3.630551 0.654999 -3.314666
v 3.630551 0.654999 -3.124965
v 3.729314 0.607926 -3.314666
v 3.729314 0.607926 -3.124965
v 3.906994 0.042126 -3.124965
v 3.857153 -0.029868 -3.314666
v 3.857153 -0.029868 -3.124965
v 3.906994 0.042126 -3.314666
v 3.912534 0.141810 -3.124965
v 3.912534 0.141810 -3.314666
v 3.894072 0.331948 -3.124965
v 3.912534 0.141810 -3.314666
v 3.912534 0.141810 -3.124965
v 3.894072 0.331948 -3.314666
v 3.859458 0.441786 -3.124965
v 3.859458 0.441786 -3.314666
v 3.805925 0.525779 -3.124965
v 3.805925 0.525779 -3.314666
v 3.729314 0.607926 -3.124965
v 3.729314 0.607926 -3.314666
v 1.727123 0.586166 -3.124965
v 1.727123 0.586166 -3.314666
v 1.702324 0.668402 -3.314666
v 1.702324 0.668402 -3.124965
v 1.704934 0.723225 -3.314666
v 1.704934 0.723225 -3.124965
v 1.748010 0.796323 -3.314666
v 1.748010 0.796323 -3.124965
v 2.169509 1.082415 -3.124965
v 2.169509 1.082415 -3.314666
v 2.230427 0.862741 -3.314666
v 2.230427 0.862741 -3.124965
v 2.283034 0.810129 -3.314666
v 2.283034 0.810129 -3.124965
v 2.318110 0.706753 -3.314666
v 2.318110 0.706753 -3.124965
v 2.298725 0.583993 -3.314666
v 2.298725 0.583993 -3.124965
v 2.335649 0.304324 -3.314666
v 2.335649 0.304324 -3.124965
v 2.369799 0.133569 -3.314666
v 2.369799 0.133569 -3.124965
v 2.364262 0.008964 -3.314666
v 2.364262 0.008964 -3.124965
v 2.328249 -0.064097 -3.314666
v 2.328249 -0.064097 -3.124965
v 2.421486 1.003960 -3.124965
v 2.421486 1.003960 -3.314666
v 2.331955 0.998422 -3.314666
v 2.331955 0.998422 -3.124965
v 2.247963 1.031650 -3.314666
v 2.247963 1.031650 -3.124965
v 2.169509 1.082415 -3.314666
v 2.169509 1.082415 -3.124965
v 2.473176 1.053802 -3.124965
v 2.473176 1.053802 -3.314666
v 2.421486 1.003960 -3.314666
v 2.421486 1.003960 -3.124965
v 2.328249 -0.064097 -3.124965
v 2.328249 -0.064097 -3.314666
v 1.058792 -0.057803 -3.314666
v 1.058792 -0.057803 -3.124965
v 1.593982 0.672318 -3.124965
v 1.727123 0.586166 -3.314666
v 1.727123 0.586166 -3.124965
v 1.593982 0.672318 -3.314666
v 1.426901 0.691898 -3.124965
v 1.426901 0.691898 -3.314666
v 1.255903 0.663180 -3.124965
v 1.255903 0.663180 -3.314666
v 1.130593 0.591388 -3.124965
v 1.130593 0.591388 -3.314666
v 1.058792 -0.057803 -3.124965
v 1.058792 -0.057803 -3.314666
v 0.984387 0.028794 -3.314666
v 0.984387 0.028794 -3.124965
v 0.960891 0.158021 -3.314666
v 0.960891 0.158021 -3.124965
v 0.981777 0.304217 -3.314666
v 0.981777 0.304217 -3.124965
v 1.033989 0.456940 -3.314666
v 1.033989 0.456940 -3.124965
v 1.130593 0.591388 -3.314666
v 1.130593 0.591388 -3.124965
v 2.094951 6.242671 -3.124965
v 2.094951 6.242671 -3.314665
v 2.277697 6.257030 -3.314665
v 2.277697 6.257030 -3.124965
v 2.433029 6.241366 -3.314665
v 2.433029 6.241366 -3.124965
v 2.557036 6.208733 -3.314665
v 2.557036 6.208733 -3.124965
v 2.713674 6.116055 -3.314665
v 2.713674 6.116055 -3.124965
v 2.829848 6.002492 -3.314665
v 2.829848 6.002492 -3.124965
v 2.897724 5.887624 -3.314665
v 2.897724 5.887624 -3.124965
v 2.949946 5.749261 -3.314665
v 2.949946 5.749261 -3.124965
v 1.925546 3.861216 -3.124965
v 1.925546 3.861216 -3.314665
v 1.731054 3.972168 -3.314665
v 1.731054 3.972168 -3.124965
v 1.626628 4.089647 -3.314665
v 1.626628 4.089647 -3.124965
v 1.548308 4.248897 -3.314665
v 1.548308 4.248897 -3.124965
v 1.501315 4.443389 -3.314665
v 1.501315 4.443389 -3.124965
v 1.502619 4.624828 -3.314665
v 1.502619 4.624828 -3.124965
v 1.482756 5.716627 -3.124965
v 1.531052 5.674857 -3.314665
v 1.531052 5.674857 -3.124965
v 1.482756 5.716627 -3.314665
v 1.400520 5.724459 -3.124965
v 1.400520 5.724459 -3.314665
v 1.502619 4.624828 -3.124965
v 1.502619 4.624828 -3.314665
v 1.471291 4.636577 -3.314665
v 1.471291 4.636577 -3.124965
v 1.374697 4.769719 -3.314665
v 1.374697 4.769719 -3.124965
v 1.312041 4.909389 -3.314665
v 1.312041 4.909389 -3.124965
v 1.298991 5.075164 -3.314665
v 1.298991 5.075164 -3.124965
v 1.319875 5.243551 -3.314665
v 1.319875 5.243551 -3.124965
v 1.357729 5.344060 -3.314665
v 1.357729 5.344060 -3.124965
v 1.405737 5.381160 -3.314665
v 1.405737 5.381160 -3.124965
v 1.405737 5.381160 -3.124965
v 1.405737 5.381160 -3.314665
v 1.386159 5.416404 -3.314665
v 1.386159 5.416404 -3.124965
v 1.361357 5.505166 -3.314665
v 1.361357 5.505166 -3.124965
v 1.363972 5.681384 -3.314665
v 1.363972 5.681384 -3.124965
v 1.400520 5.724459 -3.314665
v 1.400520 5.724459 -3.124965
v 1.531052 5.674857 -3.124965
v 1.531052 5.674857 -3.314665
v 1.570212 5.793641 -3.314665
v 1.570212 5.793641 -3.124965
v 1.661584 5.950280 -3.314665
v 1.661584 5.950280 -3.124965
v 1.661584 5.950280 -3.124965
v 1.661584 5.950280 -3.314665
v 1.773842 6.076896 -3.314665
v 1.773842 6.076896 -3.124965
v 1.910900 6.172184 -3.314665
v 1.910900 6.172184 -3.124965
v 2.094951 6.242671 -3.314665
v 2.094951 6.242671 -3.124965
v 3.145732 4.674978 -3.124965
v 3.145732 4.674978 -3.314665
v 3.016506 4.609712 -3.314665
v 3.016506 4.609712 -3.124965
v 2.949946 5.749261 -3.124965
v 2.949946 5.749261 -3.314665
v 2.991716 5.779284 -3.314665
v 2.991716 5.779284 -3.124965
v 3.026960 5.823665 -3.314665
v 3.026960 5.823665 -3.124965
v 3.056982 5.841939 -3.314665
v 3.056982 5.841939 -3.124965
v 3.139218 5.840634 -3.314665
v 3.139218 5.840634 -3.124965
v 3.289330 5.592623 -3.124965
v 3.258002 5.446427 -3.314665
v 3.258002 5.446427 -3.124965
v 3.289330 5.592623 -3.314665
v 3.294550 5.750567 -3.124965
v 3.294550 5.750567 -3.314665
v 3.251477 5.787116 -3.124965
v 3.294550 5.750567 -3.314665
v 3.294550 5.750567 -3.124965
v 3.251477 5.787116 -3.314665
v 3.177072 5.787116 -3.124965
v 3.177072 5.787116 -3.314665
v 3.139218 5.840634 -3.124965
v 3.139218 5.840634 -3.314665
v 3.177072 5.787116 -3.314665
v 3.177072 5.787116 -3.124965
v 3.258002 5.446427 -3.124965
v 3.258002 5.446427 -3.314665
v 3.328488 5.370719 -3.314665
v 3.328488 5.370719 -3.124965
v 3.359816 5.283262 -3.314665
v 3.359816 5.283262 -3.124965
v 3.365029 5.154032 -3.314665
v 3.365029 5.154032 -3.124965
v 3.345448 5.002614 -3.314665
v 3.345448 5.002614 -3.124965
v 3.303679 4.874693 -3.314665
v 3.303679 4.874693 -3.124965
v 3.226665 4.751993 -3.314665
v 3.226665 4.751993 -3.124965
v 3.145732 4.674978 -3.314665
v 3.145732 4.674978 -3.124965
vn -0.0000 -0.0000 1.0000
vn -0.0000 -0.0000 -1.0000
vn 0.2426 0.9701 -0.0000
vn 0.1366 0.9906 -0.0000
vn 0.3457 0.9383 -0.0000
vn 0.5117 0.8592 -0.0000
vn 0.5016 0.8651 -0.0000
vn 0.5738 0.8190 -0.0000
vn 0.5117 0.8591 -0.0000
vn 0.6576 0.7534 -0.0000
vn 0.7832 0.6218 -0.0000
vn 0.9452 0.3264 0.0001
vn 0.9452 0.3264 -0.0000
vn 0.9999 0.0106 -0.0000
vn 0.9626 -0.2709 -0.0000
vn 0.9999 0.0105 -0.0000
vn 0.8627 -0.5057 -0.0000
vn 0.9626 -0.2710 -0.0000
vn 0.7729 -0.6345 -0.0000
vn 0.8627 -0.5056 -0.0000
vn -0.5782 -0.8159 -0.0000
vn -0.7171 -0.6969 -0.0000
vn -0.7171 -0.6970 -0.0000
vn -0.8320 -0.5547 -0.0000
vn -0.7907 0.6122 -0.0000
vn -0.7118 0.7024 -0.0000
vn -0.7119 0.7023 -0.0000
vn -0.6227 0.7824 -0.0000
vn 0.9272 -0.3747 -0.0000
vn 0.7729 -0.6346 -0.0000
vn 0.9880 -0.1544 -0.0000
vn 0.8686 -0.4955 -0.0000
vn 0.9880 -0.1545 -0.0000
vn 0.6349 -0.7726 -0.0000
vn 0.8687 -0.4954 -0.0000
vn 0.4039 -0.9148 -0.0000
vn 0.6348 -0.7726 -0.0000
vn 0.2809 -0.9597 -0.0000
vn 0.8846 0.4664 -0.0000
vn 0.9264 0.3764 -0.0000
vn 0.8092 0.5876 -0.0000
vn 0.8846 0.4663 -0.0000
vn 0.7328 0.6805 -0.0000
vn 0.7071 0.7071 -0.0000
vn 0.5034 -0.8641 -0.0000
vn 0.5993 -0.8005 -0.0000
vn 0.7403 -0.6723 -0.0000
vn 0.8721 -0.4894 -0.0000
vn 0.9639 -0.2664 -0.0000
vn 0.9639 -0.2663 -0.0000
vn 0.9842 -0.1772 -0.0000
vn -0.9954 0.0953 -0.0000
vn -0.9999 -0.0120 -0.0000
vn -0.9797 -0.2002 -0.0000
vn -0.9797 -0.2003 -0.0000
vn -0.9095 -0.4158 -0.0000
vn -0.7975 -0.6034 -0.0000
vn -0.7974 -0.6034 -0.0000
vn -0.6742 -0.7385 -0.0000
vn -0.5897 -0.8076 -0.0000
vn -0.3723 0.9281 -0.0000
vn 0.9925 0.1221 -0.0000
vn 0.8284 -0.5602 -0.0000
vn 0.9142 -0.4052 -0.0000
vn 0.3993 -0.9168 -0.0000
vn 0.8283 -0.5602 -0.0000
vn -0.1671 -0.9859 -0.0000
vn 0.3993 -0.9168 -0.0001
vn -0.5315 -0.8471 -0.0000
vn -0.1672 -0.9859 -0.0000
vn -0.7816 -0.6238 -0.0000
vn -0.5315 -0.8470 -0.0000
vn -0.9520 -0.3062 -0.0000
vn -0.9994 0.0344 -0.0000
vn -0.9591 0.2829 -0.0000
vn -0.9738 0.2275 -0.0000
vn -0.9443 -0.3291 -0.0000
vn -0.7866 -0.6174 -0.0000
vn -0.8725 -0.4885 -0.0000
vn -0.9794 -0.2019 -0.0000
vn -0.8726 -0.4885 -0.0000
vn -0.9822 0.1878 -0.0000
vn -0.9794 -0.2018 -0.0000
vn -0.9265 0.3764 -0.0000
vn -0.9822 0.1878 0.0001
vn -0.0000 1.0000 -0.0000
vn -0.2852 0.9585 -0.0000
vn -0.7064 0.7078 -0.0000
vn -0.6529 0.7574 -0.0000
vn -0.7000 0.7142 -0.0001
vn -0.7000 0.7142 -0.0000
vn -0.9671 0.2544 -0.0000
vn 0.7958 0.6055 -0.0000
vn 0.6482 0.7615 -0.0000
vn 0.6481 0.7615 -0.0000
vn 0.2263 0.9741 -0.0000
vn -0.6800 0.7332 -0.0000
vn -0.8247 0.5656 -0.0000
vn 0.2263 0.9740 -0.0000
vn -0.2759 0.9612 -0.0000
vn -0.2759 0.9612 -0.0001
vn -0.9853 -0.1706 -0.0000
vn -0.9191 -0.3939 -0.0000
vn -0.9822 0.1880 -0.0000
vn -0.9891 0.1473 -0.0000
vn -0.9891 0.1472 -0.0000
vn -0.9997 0.0251 -0.0000
vn -0.9866 -0.1631 -0.0000
vn -0.9866 -0.1630 -0.0000
vn -0.9634 -0.2680 -0.0000
vn 0.9699 0.2436 -0.0000
vn 0.9846 0.1750 -0.0000
vn 0.9285 0.3714 -0.0000
vn 0.9640 0.2658 -0.0000
vn 0.9957 0.0930 -0.0000
vn 0.6357 -0.7720 -0.0000
vn 0.9265 0.3764 -0.0000
vn 0.9407 0.3393 -0.0000
vn -0.2383 -0.9712 -0.0000
vn -0.1200 -0.9928 -0.0000
vn 0.3645 -0.9312 -0.0000
vn 0.6789 -0.7343 -0.0000
vn 0.9767 0.2147 -0.0000
vn 0.9679 0.2514 -0.0000
vn 0.9841 0.1777 -0.0000
vn -0.8667 -0.4988 -0.0000
vn -0.8810 -0.4732 -0.0000
vn -0.9233 -0.3842 -0.0000
vn -0.9232 -0.3842 -0.0000
vn -0.9617 -0.2741 -0.0000
vn -0.9736 -0.2282 -0.0000
vn 0.9999 -0.0137 -0.0000
vn 0.7154 0.6987 -0.0000
vn 0.4249 0.9052 -0.0000
vn 0.8722 0.4891 -0.0000
vn 0.9654 0.2606 -0.0000
vn 0.8722 0.4892 -0.0000
vn 0.9968 -0.0796 -0.0000
vn -0.8388 0.5445 -0.0000
vn -0.9032 0.4292 -0.0000
vn -0.9854 0.1701 -0.0000
vn -0.9959 -0.0908 -0.0000
vn -0.9840 -0.1782 -0.0000
vn -0.9998 -0.0214 -0.0000
vn -0.9969 0.0793 -0.0000
vn -0.9792 -0.2028 -0.0000
vn -0.9792 -0.2027 -0.0000
vn -0.7371 -0.6758 -0.0000
vn -0.2741 -0.9617 -0.0000
vn 0.1895 -0.9819 -0.0000
vn 0.1896 -0.9819 -0.0000
vn 0.6255 -0.7802 -0.0000
vn 0.7072 0.7071 -0.0000
vn -0.4139 0.9103 -0.0000
vn -0.4929 0.8701 -0.0000
vn -0.1992 0.9800 -0.0000
vn 0.0413 0.9991 -0.0001
vn 0.0413 0.9991 -0.0000
vn 0.2909 0.9568 -0.0000
vn 0.0412 0.9991 -0.0000
vn 0.5912 0.8066 -0.0000
vn 0.9459 -0.3245 -0.0000
vn 0.9459 -0.3246 -0.0000
vn 0.9998 0.0207 -0.0000
vn 0.9998 0.0206 -0.0000
vn 0.9799 0.1997 -0.0000
vn 0.9063 0.4226 -0.0000
vn 0.7906 0.6123 -0.0000
vn 0.5912 0.8065 -0.0000
vn -0.9925 -0.1224 -0.0000
vn -0.9574 -0.2887 -0.0000
vn -0.9582 0.2860 -0.0000
vn -0.8615 0.5077 -0.0000
vn 0.8638 0.5038 -0.0000
vn 0.9636 0.2672 -0.0000
vn 0.8493 0.5280 -0.0000
vn 0.8639 0.5037 -0.0000
vn 0.9964 0.0852 -0.0000
vn 0.8492 0.5280 -0.0000
vn 0.9999 -0.0127 -0.0000
vn 0.9964 0.0851 -0.0000
vn 0.9865 0.1636 -0.0000
vn 0.9971 0.0764 -0.0000
vn 0.9686 -0.2485 -0.0000
vn 0.8970 -0.4421 -0.0000
vn 0.9686 -0.2486 -0.0000
vn -0.1568 -0.9876 -0.0000
vn 0.4027 -0.9153 -0.0000
vn -0.4578 -0.8891 -0.0000
vn -0.5433 -0.8396 -0.0000
vn 0.6941 -0.7199 -0.0000
vn -0.0050 -1.0000 -0.0000
vn 0.5433 0.8396 -0.0000
vn 0.3387 0.9409 -0.0000
vn 0.3386 0.9409 -0.0000
vn -0.0249 0.9997 -0.0000
vn -0.3366 0.9416 -0.0000
vn -0.6699 0.7425 -0.0000
vn -0.9027 -0.4303 -0.0000
vn -0.7585 -0.6517 -0.0000
vn -0.9998 -0.0190 -0.0000
vn -0.9724 0.2335 -0.0000
vn -0.8887 0.4585 -0.0000
vn -0.6698 0.7425 -0.0000
vn -0.8887 0.4584 -0.0000
vn 0.0110 0.9999 -0.0000
vn -0.2203 0.9754 -0.0000
vn 0.1780 0.9840 -0.0000
vn 0.3856 0.9227 -0.0000
vn 0.1779 0.9840 -0.0000
vn 0.6085 0.7936 -0.0000
vn 0.3855 0.9227 -0.0000
vn 0.7868 0.6172 -0.0000
vn 0.9016 0.4325 -0.0000
vn 0.7868 0.6173 -0.0000
vn 0.7868 0.6173 -0.0001
vn 0.9356 0.3531 -0.0000
vn -0.6298 -0.7768 -0.0000
vn -0.4955 -0.8686 -0.0000
vn -0.8299 -0.5579 -0.0000
vn -0.9404 -0.3401 -0.0000
vn -0.9934 -0.1147 -0.0000
vn -0.9404 -0.3402 -0.0000
vn -1.0000 0.0072 -0.0000
vn 0.6542 0.7564 -0.0000
vn 0.3931 0.9195 -0.0000
vn 0.0948 0.9955 -0.0000
vn -0.6060 -0.7955 -0.0000
vn -0.3512 -0.9363 -0.0000
vn -0.8655 -0.5009 -0.0000
vn -0.9689 -0.2475 -0.0000
vn -0.9997 0.0224 -0.0000
vn -0.9709 0.2395 -0.0000
vn -0.8042 0.5944 -0.0000
vn -0.9709 0.2394 -0.0000
vn -0.6115 0.7913 -0.0000
vn -0.9250 -0.3800 -0.0000
vn -0.8742 -0.4856 -0.0000
vn -0.9917 -0.1284 -0.0000
vn -0.9362 0.3516 -0.0000
vn -0.9917 -0.1285 -0.0000
vn -0.7625 0.6470 -0.0000
vn -0.9362 0.3515 -0.0000
vn -0.9118 0.4107 -0.0000
vn -0.9497 0.3131 -0.0000
vn -0.8100 0.5865 -0.0000
vn -0.9117 0.4108 -0.0000
vn -0.6643 0.7475 -0.0000
vn -0.4676 0.8839 -0.0001
vn -0.6642 0.7475 -0.0000
vn -0.4676 0.8839 -0.0000
vn -0.4677 0.8839 -0.0000
vn 0.4508 -0.8926 -0.0000
vn 0.5762 -0.8173 -0.0000
vn -0.6900 0.7239 -0.0000
vn -0.5836 0.8120 -0.0000
vn -0.6618 0.7497 -0.0000
vn -0.6900 0.7238 -0.0000
vn -0.2624 0.9650 -0.0000
vn 0.0159 0.9999 -0.0000
vn 0.9778 -0.2095 -0.0000
vn 0.9926 -0.1218 -0.0000
vn 0.9995 -0.0330 -0.0000
vn 0.6470 0.7625 -0.0000
vn 0.3446 0.9387 -0.0000
vn 0.8164 0.5775 -0.0000
vn 0.8542 0.5200 -0.0000
vn 0.7319 0.6814 -0.0000
vn 0.9816 0.1910 -0.0000
vn 0.9990 -0.0441 -0.0000
vn 0.9754 -0.2203 -0.0000
vn 0.9056 -0.4242 -0.0000
vn 0.7742 -0.6329 -0.0000
vn 0.5763 -0.8173 -0.0000
vn 0.7742 -0.6330 -0.0000
vt 0.322771 0.027119
vt 0.322078 0.014612
vt 0.323786 0.036903
vt 0.351012 0.040176
vt 0.323832 0.011105
vt 0.322909 0.042856
vt 0.327524 0.008840
vt 0.351796 0.050006
vt 0.351658 0.039530
vt 0.322263 0.045856
vt 0.350643 0.051668
vt 0.322356 0.048902
vt 0.349259 0.054806
vt 0.323232 0.051625
vt 0.380894 0.008575
vt 0.358257 0.043268
vt 0.364165 0.045345
vt 0.385971 0.010640
vt 0.346998 0.055867
vt 0.324940 0.054255
vt 0.322863 0.063116
vt 0.345106 0.066343
vt 0.320048 0.071469
vt 0.369287 0.045668
vt 0.388463 0.014240
vt 0.388740 0.019224
vt 0.374641 0.044884
vt 0.387817 0.028731
vt 0.379579 0.042530
vt 0.386086 0.034223
vt 0.383409 0.038423
vt 0.343260 0.073450
vt 0.315110 0.081345
vt 0.310357 0.089606
vt 0.359274 0.082681
vt 0.360751 0.069159
vt 0.362735 0.078665
vt 0.364120 0.069159
vt 0.366612 0.074789
vt 0.366565 0.071420
vt 0.344737 0.106679
vt 0.338261 0.120963
vt 0.294095 0.145091
vt 0.336825 0.124944
vt 0.280383 0.092023
vt 0.309572 0.088960
vt 0.310680 0.082730
vt 0.276271 0.095025
vt 0.271964 0.099920
vt 0.268505 0.105272
vt 0.266220 0.113104
vt 0.264850 0.124526
vt 0.278360 0.081450
vt 0.265437 0.130661
vt 0.301588 0.066254
vt 0.277250 0.071073
vt 0.277772 0.061805
vt 0.313126 0.075254
vt 0.280514 0.051950
vt 0.305511 0.063716
vt 0.304634 0.055271
vt 0.307265 0.052640
vt 0.309711 0.062055
vt 0.316449 0.068285
vt 0.316772 0.064824
vt 0.314187 0.062332
vt 0.309018 0.047471
vt 0.278360 0.048295
vt 0.278229 0.045554
vt 0.279469 0.041442
vt 0.308049 0.041333
vt 0.309895 0.027350
vt 0.311603 0.018812
vt 0.311326 0.012582
vt 0.309525 0.008929
vt 0.272812 0.045749
vt 0.246053 0.009243
vt 0.264458 0.046728
vt 0.242332 0.013573
vt 0.255908 0.045293
vt 0.241158 0.020035
vt 0.242202 0.027344
vt 0.249643 0.041703
vt 0.244813 0.034981
vt 0.247439 0.121678
vt 0.252374 0.119828
vt 0.245139 0.123873
vt 0.258062 0.119957
vt 0.241941 0.129225
vt 0.262891 0.124917
vt 0.241288 0.136991
vt 0.242202 0.142931
vt 0.244160 0.147303
vt 0.244356 0.152459
vt 0.271247 0.163411
vt 0.252460 0.178475
vt 0.242398 0.154744
vt 0.240244 0.157746
vt 0.239200 0.160226
vt 0.239135 0.168384
vt 0.240832 0.172561
vt 0.239461 0.175759
vt 0.239983 0.184179
vt 0.242268 0.188878
vt 0.247359 0.191227
vt 0.249969 0.195209
vt 0.253167 0.197297
vt 0.258323 0.197297
vt 0.277838 0.200560
vt 0.261456 0.201866
vt 0.275554 0.203563
vt 0.266743 0.204933
vt 0.272617 0.205129
vt 0.289390 0.205194
vt 0.325901 0.178572
vt 0.327924 0.162125
vt 0.339501 0.125728
vt 0.342503 0.127555
vt 0.345375 0.130688
vt 0.331710 0.161603
vt 0.346484 0.134343
vt 0.346550 0.138585
vt 0.334190 0.160689
vt 0.355230 0.147853
vt 0.337388 0.163234
vt 0.359864 0.154314
vt 0.340521 0.167281
vt 0.363258 0.161559
vt 0.363845 0.166845
vt 0.363127 0.172262
vt 0.360778 0.176243
vt 0.339346 0.169043
vt 0.353663 0.183031
vt 0.341720 0.192560
vt 0.327100 0.201502
vt 0.319333 0.206005
vt 0.315508 0.242903
vt 0.326839 0.210378
vt 0.279666 0.210742
vt 0.332908 0.216121
vt 0.274444 0.216616
vt 0.338652 0.223496
vt 0.270528 0.224578
vt 0.342176 0.232829
vt 0.268179 0.234303
vt 0.343938 0.242619
vt 0.268244 0.243375
vt 0.311363 0.282882
vt 0.341525 0.283944
vt 0.350400 0.245882
vt 0.354446 0.249733
vt 0.358297 0.255868
vt 0.360386 0.262264
vt 0.361365 0.269835
vt 0.361104 0.276297
vt 0.359538 0.280670
vt 0.356013 0.284455
vt 0.357580 0.291765
vt 0.357841 0.299662
vt 0.355687 0.301489
vt 0.351967 0.301489
vt 0.350074 0.304165
vt 0.345962 0.304231
vt 0.344461 0.303317
vt 0.342699 0.301098
vt 0.340610 0.299597
vt 0.337999 0.306515
vt 0.334605 0.312258
vt 0.328797 0.317936
vt 0.320965 0.322570
vt 0.314764 0.324202
vt 0.306998 0.324985
vt 0.297861 0.324267
vt 0.288658 0.320743
vt 0.281805 0.315978
vt 0.276192 0.309648
vt 0.271624 0.301816
vt 0.269666 0.295877
vt 0.269274 0.281399
vt 0.267251 0.297965
vt 0.263139 0.298357
vt 0.261312 0.296203
vt 0.261181 0.287392
vt 0.262421 0.282954
vt 0.263400 0.281192
vt 0.261848 0.250620
vt 0.266678 0.243962
vt 0.258715 0.257603
vt 0.258063 0.265892
vt 0.259107 0.274311
vt 0.261000 0.279337
vt 0.398941 0.479185
vt 0.397926 0.469401
vt 0.399634 0.491691
vt 0.370701 0.466128
vt 0.397880 0.495199
vt 0.398803 0.463448
vt 0.394188 0.497464
vt 0.369916 0.456297
vt 0.370055 0.466774
vt 0.399449 0.460448
vt 0.371070 0.454636
vt 0.399357 0.457402
vt 0.372453 0.451498
vt 0.398480 0.454679
vt 0.340818 0.497729
vt 0.363455 0.463035
vt 0.357548 0.460959
vt 0.335742 0.495664
vt 0.374715 0.450436
vt 0.396772 0.452048
vt 0.398849 0.443188
vt 0.376606 0.439960
vt 0.401664 0.434834
vt 0.352425 0.460636
vt 0.333250 0.492064
vt 0.332972 0.487080
vt 0.347072 0.461420
vt 0.333896 0.477573
vt 0.342133 0.463774
vt 0.335626 0.472081
vt 0.338303 0.467881
vt 0.378453 0.432853
vt 0.406602 0.424958
vt 0.411355 0.416697
vt 0.362438 0.423623
vt 0.360962 0.437145
vt 0.358977 0.427638
vt 0.357593 0.437145
vt 0.355101 0.431515
vt 0.355147 0.434884
vt 0.376975 0.399625
vt 0.383451 0.385341
vt 0.427617 0.361213
vt 0.384887 0.381359
vt 0.441329 0.414281
vt 0.412140 0.417343
vt 0.411032 0.423574
vt 0.445441 0.411278
vt 0.449749 0.406383
vt 0.453208 0.401032
vt 0.455492 0.393200
vt 0.456863 0.381778
vt 0.443353 0.424854
vt 0.456275 0.375643
vt 0.420124 0.440049
vt 0.444462 0.435231
vt 0.443940 0.444499
vt 0.408587 0.431050
vt 0.441199 0.454354
vt 0.416201 0.442588
vt 0.417078 0.451033
vt 0.414447 0.453664
vt 0.412001 0.444249
vt 0.405264 0.438019
vt 0.404940 0.441480
vt 0.407525 0.443972
vt 0.412694 0.458833
vt 0.443353 0.458009
vt 0.443483 0.460750
vt 0.442243 0.464862
vt 0.413663 0.464970
vt 0.411817 0.478954
vt 0.410109 0.487492
vt 0.410386 0.493722
vt 0.412187 0.497375
vt 0.448900 0.460554
vt 0.475660 0.497060
vt 0.457254 0.459575
vt 0.479380 0.492730
vt 0.465804 0.461011
vt 0.480555 0.486269
vt 0.479510 0.478959
vt 0.472070 0.464601
vt 0.476900 0.471323
vt 0.474273 0.384626
vt 0.476573 0.382431
vt 0.469338 0.386476
vt 0.463651 0.386347
vt 0.479771 0.377079
vt 0.458821 0.381386
vt 0.480424 0.369312
vt 0.479510 0.363373
vt 0.477552 0.359000
vt 0.477356 0.353844
vt 0.450465 0.342893
vt 0.469252 0.327829
vt 0.479314 0.351560
vt 0.481468 0.348558
vt 0.482512 0.346078
vt 0.482578 0.337919
vt 0.480881 0.333742
vt 0.482251 0.330544
vt 0.481729 0.322125
vt 0.479444 0.317426
vt 0.474354 0.315076
vt 0.471743 0.311095
vt 0.468545 0.309007
vt 0.463389 0.309007
vt 0.443874 0.305743
vt 0.460256 0.304438
vt 0.446158 0.302741
vt 0.454969 0.301370
vt 0.449095 0.301175
vt 0.432322 0.301109
vt 0.395811 0.327732
vt 0.393788 0.344179
vt 0.382211 0.380576
vt 0.379209 0.378749
vt 0.376337 0.375616
vt 0.390002 0.344701
vt 0.375228 0.371961
vt 0.375163 0.367719
vt 0.387522 0.345615
vt 0.366482 0.358451
vt 0.384324 0.343069
vt 0.361848 0.351990
vt 0.381192 0.339023
vt 0.358454 0.344745
vt 0.357867 0.339458
vt 0.358585 0.334041
vt 0.360934 0.330060
vt 0.382366 0.337261
vt 0.368049 0.323272
vt 0.379993 0.313744
vt 0.394613 0.304802
vt 0.402379 0.300299
vt 0.406205 0.263401
vt 0.394874 0.295926
vt 0.442046 0.295562
vt 0.388804 0.290183
vt 0.447268 0.289688
vt 0.383061 0.282807
vt 0.451184 0.281725
vt 0.379536 0.273474
vt 0.453534 0.272001
vt 0.377774 0.263685
vt 0.453468 0.262929
vt 0.410349 0.223422
vt 0.380188 0.222359
vt 0.371313 0.260421
vt 0.367266 0.256570
vt 0.363415 0.250435
vt 0.361327 0.244039
vt 0.360348 0.236468
vt 0.360608 0.230007
vt 0.362175 0.225634
vt 0.365699 0.221849
vt 0.364133 0.214539
vt 0.363872 0.206642
vt 0.366025 0.204814
vt 0.369746 0.204814
vt 0.371638 0.202138
vt 0.375750 0.202073
vt 0.377251 0.202987
vt 0.379013 0.205206
vt 0.381102 0.206707
vt 0.383713 0.199789
vt 0.387107 0.194045
vt 0.392915 0.188367
vt 0.400747 0.183733
vt 0.406948 0.182102
vt 0.414714 0.181319
vt 0.423852 0.182037
vt 0.433054 0.185561
vt 0.439907 0.190325
vt 0.445520 0.196656
vt 0.450089 0.204488
vt 0.452047 0.210427
vt 0.452439 0.224905
vt 0.454461 0.208339
vt 0.458573 0.207947
vt 0.460401 0.210101
vt 0.460532 0.218912
vt 0.459291 0.223350
vt 0.458312 0.225112
vt 0.459864 0.255684
vt 0.455035 0.262341
vt 0.462997 0.248701
vt 0.463650 0.240412
vt 0.462606 0.231992
vt 0.460713 0.226967
vt 0.713576 0.982968
vt 0.719423 0.982968
vt 0.719423 0.995773
vt 0.713576 0.995773
vt 0.709532 0.982968
vt 0.709532 0.995773
vt 0.604554 0.995772
vt 0.589840 0.995772
vt 0.589840 0.982967
vt 0.604554 0.982967
vt 0.631722 0.995772
vt 0.631722 0.982967
vt 0.656016 0.995772
vt 0.656016 0.982967
vt 0.671946 0.995772
vt 0.671946 0.982967
vt 0.679873 0.995772
vt 0.679873 0.982967
vt 0.689057 0.995772
vt 0.689057 0.982967
vt 0.697990 0.995772
vt 0.697990 0.982967
vt 0.710995 0.995772
vt 0.710995 0.982967
vt 0.723896 0.995772
vt 0.723896 0.982967
vt 0.666992 0.995773
vt 0.666992 0.982968
vt 0.692208 0.995773
vt 0.692208 0.982968
vt 0.695448 0.995773
vt 0.695448 0.982968
vt 0.703278 0.995773
vt 0.703278 0.982968
vt 0.744032 0.995772
vt 0.744032 0.982967
vt 0.751200 0.995772
vt 0.751200 0.982967
vt 0.757692 0.995772
vt 0.757692 0.982967
vt 0.764814 0.995772
vt 0.764814 0.982967
vt 0.770784 0.995772
vt 0.770784 0.982967
vt 0.775614 0.995772
vt 0.775614 0.982967
vt 0.526369 0.995772
vt 0.501859 0.995772
vt 0.501859 0.982967
vt 0.526369 0.982967
vt 0.569787 0.995772
vt 0.569787 0.982967
vt 0.578358 0.995772
vt 0.578358 0.982967
vt 0.587181 0.995772
vt 0.587181 0.982967
vt 0.575544 0.982967
vt 0.575544 0.995772
vt 0.561722 0.982967
vt 0.561722 0.995772
vt 0.546354 0.982967
vt 0.546354 0.995772
vt 0.529995 0.982967
vt 0.529995 0.995772
vt 0.513650 0.982967
vt 0.513650 0.995772
vt 0.574373 0.982967
vt 0.574373 0.995772
vt 0.563882 0.982967
vt 0.563882 0.995772
vt 0.545255 0.982967
vt 0.545255 0.995772
vt 0.531782 0.982967
vt 0.531782 0.995772
vt 0.521078 0.982967
vt 0.521078 0.995772
vt 0.510184 0.982967
vt 0.510184 0.995772
vt 0.501514 0.982967
vt 0.501514 0.995772
vt 0.558408 0.995772
vt 0.537652 0.995772
vt 0.537652 0.982967
vt 0.558408 0.982967
vt 0.744779 0.982968
vt 0.744779 0.995773
vt 0.585081 0.995772
vt 0.585081 0.982967
vt 0.596804 0.995772
vt 0.596804 0.982967
vt 0.606672 0.995772
vt 0.606672 0.982967
vt 0.615933 0.995772
vt 0.615933 0.982967
vt 0.622027 0.995772
vt 0.622027 0.982967
vt 0.632827 0.995772
vt 0.632827 0.982967
vt 0.646045 0.995772
vt 0.646045 0.982967
vt 0.656562 0.995772
vt 0.656562 0.982967
vt 0.665244 0.995772
vt 0.665244 0.982967
vt 0.674518 0.995772
vt 0.674518 0.982967
vt 0.680528 0.995772
vt 0.680528 0.982967
vt 0.687614 0.995772
vt 0.687614 0.982967
vt 0.693190 0.995772
vt 0.693190 0.982967
vt 0.707156 0.995772
vt 0.707156 0.982967
vt 0.715560 0.995772
vt 0.715560 0.982967
vt 0.782484 0.982967
vt 0.782484 0.995772
vt 0.772957 0.982967
vt 0.772957 0.995772
vt 0.765490 0.982967
vt 0.765490 0.995772
vt 0.756599 0.982967
vt 0.756599 0.995772
vt 0.746432 0.982967
vt 0.746432 0.995772
vt 0.736868 0.982967
vt 0.736868 0.995772
vt 0.530179 0.982967
vt 0.530179 0.995772
vt 0.523396 0.982967
vt 0.523396 0.995772
vt 0.792613 0.995772
vt 0.792613 0.982967
vt 0.512724 0.982967
vt 0.512724 0.995772
vt 0.501706 0.982967
vt 0.501706 0.995772
vt 0.722412 0.995772
vt 0.722412 0.982967
vt 0.791839 0.982967
vt 0.791839 0.995772
vt 0.774523 0.982967
vt 0.774523 0.995772
vt 0.757747 0.982967
vt 0.757747 0.995772
vt 0.742772 0.982967
vt 0.742772 0.995772
vt 0.726385 0.982967
vt 0.726385 0.995772
vt 0.645832 0.995772
vt 0.636119 0.995772
vt 0.636119 0.982967
vt 0.645832 0.982967
vt 0.657907 0.995772
vt 0.657907 0.982967
vt 0.669768 0.995772
vt 0.669768 0.982967
vt 0.675146 0.995772
vt 0.675146 0.982967
vt 0.634542 0.995772
vt 0.634542 0.982967
vt 0.782627 0.995772
vt 0.782627 0.982967
vt 0.631648 0.982967
vt 0.631648 0.995772
vt 0.603749 0.982967
vt 0.603749 0.995772
vt 0.598230 0.982967
vt 0.598230 0.995772
vt 0.592746 0.982967
vt 0.592746 0.995772
vt 0.643204 0.995772
vt 0.643204 0.982967
vt 0.659793 0.995772
vt 0.659793 0.982967
vt 0.619941 0.982967
vt 0.619941 0.995772
vt 0.603033 0.982967
vt 0.603033 0.995772
vt 0.589538 0.982967
vt 0.589538 0.995772
vt 0.575608 0.982967
vt 0.575608 0.995772
vt 0.663894 0.995772
vt 0.663894 0.982967
vt 0.669400 0.995772
vt 0.669400 0.982967
vt 0.672734 0.995772
vt 0.672734 0.982967
vt 0.688044 0.995772
vt 0.688044 0.982967
vt 0.570808 0.982967
vt 0.570808 0.995772
vt 0.566431 0.982967
vt 0.566431 0.995772
vt 0.561770 0.982967
vt 0.561770 0.995772
vt 0.557077 0.982967
vt 0.557077 0.995772
vt 0.547871 0.982967
vt 0.547871 0.995772
vt 0.532822 0.982967
vt 0.532822 0.995772
vt 0.513658 0.982967
vt 0.513658 0.995772
vt 0.507658 0.982967
vt 0.507658 0.995772
vt 0.784428 0.982967
vt 0.784428 0.995772
vt 0.702753 0.982967
vt 0.702753 0.995772
vt 0.694347 0.982967
vt 0.694347 0.995772
vt 0.689645 0.995772
vt 0.689645 0.982967
vt 0.501031 0.995772
vt 0.501031 0.982967
vt 0.701436 0.995772
vt 0.701436 0.982967
vt 0.711186 0.995772
vt 0.711186 0.982967
vt 0.719191 0.995772
vt 0.719191 0.982967
vt 0.727606 0.995772
vt 0.727606 0.982967
vt 0.736098 0.995772
vt 0.736098 0.982967
vt 0.687613 0.982967
vt 0.687613 0.995772
vt 0.679927 0.982967
vt 0.679927 0.995772
vt 0.776073 0.982967
vt 0.776073 0.995772
vt 0.761395 0.982967
vt 0.761395 0.995772
vt 0.752508 0.982967
vt 0.752508 0.995772
vt 0.744797 0.982967
vt 0.744797 0.995772
vt 0.714335 0.995772
vt 0.707137 0.995772
vt 0.707137 0.982967
vt 0.714335 0.982967
vt 0.719196 0.995772
vt 0.719196 0.982967
vt 0.719496 0.995772
vt 0.701925 0.995772
vt 0.701925 0.982967
vt 0.719496 0.982967
vt 0.725336 0.995772
vt 0.725336 0.982967
vt 0.733855 0.995772
vt 0.733855 0.982967
vt 0.743551 0.995772
vt 0.743551 0.982967
vt 0.765343 0.995772
vt 0.765343 0.982967
vt 0.778899 0.995772
vt 0.778899 0.982967
vt 0.788698 0.995772
vt 0.788698 0.982967
vt 0.795213 0.995772
vt 0.795213 0.982967
vt 0.687655 0.995772
vt 0.680709 0.995772
vt 0.680709 0.982967
vt 0.687655 0.982967
vt 0.694663 0.995772
vt 0.694663 0.982967
vt 0.598578 0.995772
vt 0.501142 0.995772
vt 0.501142 0.982967
vt 0.598578 0.982967
vt 0.694412 0.982967
vt 0.694412 0.995772
vt 0.680985 0.982967
vt 0.680985 0.995772
vt 0.667195 0.982967
vt 0.667195 0.995772
vt 0.655656 0.982967
vt 0.655656 0.995772
vt 0.607649 0.995772
vt 0.607649 0.982967
vt 0.618064 0.995772
vt 0.618064 0.982967
vt 0.629758 0.995772
vt 0.629758 0.982967
vt 0.642532 0.995772
vt 0.642532 0.982967
vt 0.563048 0.995772
vt 0.547370 0.995772
vt 0.547370 0.982967
vt 0.563048 0.982967
vt 0.576631 0.995772
vt 0.576631 0.982967
vt 0.588067 0.995772
vt 0.588067 0.982967
vt 0.603602 0.995772
vt 0.603602 0.982967
vt 0.617626 0.995772
vt 0.617626 0.982967
vt 0.629411 0.995772
vt 0.629411 0.982967
vt 0.642286 0.995772
vt 0.642286 0.982967
vt 0.577258 0.995772
vt 0.577258 0.982967
vt 0.591009 0.995772
vt 0.591009 0.982967
vt 0.606318 0.995772
vt 0.606318 0.982967
vt 0.623364 0.995772
vt 0.623364 0.982967
vt 0.638988 0.995772
vt 0.638988 0.982967
vt 0.766176 0.982967
vt 0.766176 0.995772
vt 0.759575 0.982967
vt 0.759575 0.995772
vt 0.751533 0.982967
vt 0.751533 0.995772
vt 0.643293 0.995772
vt 0.643293 0.982967
vt 0.657626 0.995772
vt 0.657626 0.982967
vt 0.671087 0.995772
vt 0.671087 0.982967
vt 0.685559 0.995772
vt 0.685559 0.982967
vt 0.700291 0.995772
vt 0.700291 0.982967
vt 0.710256 0.995772
vt 0.710256 0.982967
vt 0.716645 0.995772
vt 0.716645 0.982967
vt 0.721472 0.995772
vt 0.721472 0.982967
vt 0.730263 0.995772
vt 0.730263 0.982967
vt 0.745482 0.995772
vt 0.745482 0.982967
vt 0.777452 0.995772
vt 0.777452 0.982967
vt 0.793024 0.995772
vt 0.793024 0.982967
vt 0.516177 0.995772
vt 0.501543 0.995772
vt 0.501543 0.982967
vt 0.516177 0.982967
vt 0.530626 0.995772
vt 0.530626 0.982967
vt 0.501421 0.995772
vt 0.501421 0.982967
vt 0.647763 0.995772
vt 0.647763 0.982967
vt 0.653621 0.995772
vt 0.653621 0.982967
vt 0.657812 0.995772
vt 0.657812 0.982967
vt 0.665586 0.995772
vt 0.665586 0.982967
vt 0.711216 0.982967
vt 0.711216 0.995772
vt 0.698411 0.982967
vt 0.698411 0.995772
vt 0.684928 0.982967
vt 0.684928 0.995772
vt 0.679192 0.982967
vt 0.679192 0.995772
vt 0.672061 0.982967
vt 0.672061 0.995772
vt 0.720472 0.995772
vt 0.720472 0.982967
vt 0.728896 0.995772
vt 0.728896 0.982967
vt 0.740082 0.995772
vt 0.740081 0.982967
vt 0.753026 0.995772
vt 0.753026 0.982967
vt 0.764558 0.995772
vt 0.764558 0.982967
vt 0.776851 0.995772
vt 0.776851 0.982967
vt 0.786579 0.995772
vt 0.786579 0.982967
s 0
usemtl Matériau.006
f 4867/4312/1563 4866/4313/1563 4865/4314/1563
f 4866/4313/1563 4868/4315/1563 4865/4314/1563
f 4869/4316/1563 4868/4315/1563 4866/4313/1563
f 4865/4314/1563 4868/4315/1563 4870/4317/1563
f 4868/4315/1563 4869/4316/1563 4871/4318/1563
f 4868/4315/1563 4872/4319/1563 4870/4317/1563
f 4873/4320/1563 4868/4315/1563 4871/4318/1563
f 4870/4317/1563 4872/4319/1563 4874/4321/1563
f 4872/4319/1563 4875/4322/1563 4874/4321/1563
f 4875/4322/1563 4876/4323/1563 4874/4321/1563
f 4875/4322/1563 4877/4324/1563 4876/4323/1563
f 4877/4324/1563 4878/4325/1563 4876/4323/1563
f 4879/4326/1563 4873/4320/1563 4871/4318/1563
f 4880/4327/1563 4873/4320/1563 4879/4326/1563
f 4881/4328/1563 4880/4327/1563 4879/4326/1563
f 4882/4329/1563 4881/4328/1563 4879/4326/1563
f 4877/4324/1563 4883/4330/1563 4878/4325/1563
f 4883/4330/1563 4884/4331/1563 4878/4325/1563
f 4884/4331/1563 4883/4330/1563 4885/4332/1563
f 4883/4330/1563 4886/4333/1563 4885/4332/1563
f 4885/4332/1563 4886/4333/1563 4887/4334/1563
f 4888/4335/1563 4881/4328/1563 4882/4329/1563
f 4889/4336/1563 4888/4335/1563 4882/4329/1563
f 4888/4335/1563 4889/4336/1563 4890/4337/1563
f 4891/4338/1563 4888/4335/1563 4890/4337/1563
f 4891/4338/1563 4890/4337/1563 4892/4339/1563
f 4893/4340/1563 4891/4338/1563 4892/4339/1563
f 4893/4340/1563 4892/4339/1563 4894/4341/1563
f 4895/4342/1563 4893/4340/1563 4894/4341/1563
f 4886/4333/1563 4896/4343/1563 4887/4334/1563
f 4896/4343/1563 4897/4344/1563 4887/4334/1563
f 4897/4344/1563 4896/4343/1563 4898/4345/1563
f 4896/4343/1563 4899/4346/1563 4898/4345/1563
f 4899/4346/1563 4896/4343/1563 4900/4347/1563
f 4901/4348/1563 4899/4346/1563 4900/4347/1563
f 4901/4348/1563 4900/4347/1563 4902/4349/1563
f 4903/4350/1563 4901/4348/1563 4902/4349/1563
f 4904/4351/1563 4903/4350/1563 4902/4349/1563
f 4899/4346/1563 4905/4352/1563 4898/4345/1563
f 4905/4352/1563 4906/4353/1563 4898/4345/1563
f 4898/4345/1563 4906/4353/1563 4907/4354/1563
f 4906/4353/1563 4908/4355/1563 4907/4354/1563
f 4898/4345/1563 4907/4354/1563 4909/4356/1563
f 4910/4357/1563 4898/4345/1563 4909/4356/1563
f 4911/4358/1563 4910/4357/1563 4909/4356/1563
f 4909/4356/1563 4907/4354/1563 4912/4359/1563
f 4912/4359/1563 4907/4354/1563 4913/4360/1563
f 4913/4360/1563 4907/4354/1563 4914/4361/1563
f 4914/4361/1563 4907/4354/1563 4915/4362/1563
f 4915/4362/1563 4907/4354/1563 4916/4363/1563
f 4917/4364/1563 4911/4358/1563 4909/4356/1563
f 4916/4363/1563 4907/4354/1563 4918/4365/1563
f 4919/4366/1563 4911/4358/1563 4917/4364/1563
f 4920/4367/1563 4919/4366/1563 4917/4364/1563
f 4921/4368/1563 4919/4366/1563 4920/4367/1563
f 4922/4369/1563 4911/4358/1563 4919/4366/1563
f 4919/4366/1563 4921/4368/1563 4923/4370/1563
f 4924/4371/1563 4922/4369/1563 4919/4366/1563
f 4925/4372/1563 4919/4366/1563 4923/4370/1563
f 4926/4373/1563 4925/4372/1563 4923/4370/1563
f 4922/4369/1563 4924/4371/1563 4927/4374/1563
f 4928/4375/1563 4922/4369/1563 4927/4374/1563
f 4929/4376/1563 4928/4375/1563 4927/4374/1563
f 4930/4377/1563 4929/4376/1563 4927/4374/1563
f 4931/4378/1563 4926/4373/1563 4923/4370/1563
f 4932/4379/1563 4931/4378/1563 4923/4370/1563
f 4933/4380/1563 4931/4378/1563 4932/4379/1563
f 4931/4378/1563 4933/4380/1563 4934/4381/1563
f 4935/4382/1563 4931/4378/1563 4934/4381/1563
f 4936/4383/1563 4935/4382/1563 4934/4381/1563
f 4937/4384/1563 4936/4383/1563 4934/4381/1563
f 4938/4385/1563 4937/4384/1563 4934/4381/1563
f 4939/4386/1563 4938/4385/1563 4934/4381/1563
f 4939/4386/1563 4934/4381/1563 4940/4387/1563
f 4941/4388/1563 4939/4386/1563 4940/4387/1563
f 4941/4388/1563 4940/4387/1563 4942/4389/1563
f 4943/4390/1563 4941/4388/1563 4942/4389/1563
f 4943/4390/1563 4942/4389/1563 4944/4391/1563
f 4945/4392/1563 4943/4390/1563 4944/4391/1563
f 4946/4393/1563 4945/4392/1563 4944/4391/1563
f 4947/4394/1563 4946/4393/1563 4944/4391/1563
f 4948/4395/1563 4946/4393/1563 4947/4394/1563
f 4951/4396/1563 4950/4397/1563 4949/4398/1563
f 4950/4397/1563 4952/4399/1563 4949/4398/1563
f 4952/4399/1563 4953/4400/1563 4949/4398/1563
f 4952/4399/1563 4954/4401/1563 4953/4400/1563
f 4954/4401/1563 4955/4402/1563 4953/4400/1563
f 4954/4401/1563 4918/4365/1563 4955/4402/1563
f 4918/4365/1563 4956/4403/1563 4955/4402/1563
f 4956/4403/1563 4918/4365/1563 4957/4404/1563
f 4957/4404/1563 4918/4365/1563 4958/4405/1563
f 4918/4365/1563 4959/4406/1563 4958/4405/1563
f 4918/4365/1563 4907/4354/1563 4959/4406/1563
f 4958/4405/1563 4959/4406/1563 4960/4407/1563
f 4958/4405/1563 4960/4407/1563 4961/4408/1563
f 4961/4408/1563 4960/4407/1563 4962/4409/1563
f 4962/4409/1563 4960/4407/1563 4963/4410/1563
f 4963/4410/1563 4960/4407/1563 4964/4411/1563
f 4964/4411/1563 4960/4407/1563 4965/4412/1563
f 4965/4412/1563 4960/4407/1563 4966/4413/1563
f 4966/4413/1563 4960/4407/1563 4967/4414/1563
f 4967/4414/1563 4960/4407/1563 4968/4415/1563
f 4968/4415/1563 4960/4407/1563 4969/4416/1563
f 4969/4416/1563 4960/4407/1563 4970/4417/1563
f 4970/4417/1563 4960/4407/1563 4971/4418/1563
f 4971/4418/1563 4960/4407/1563 4972/4419/1563
f 4960/4407/1563 4959/4406/1563 4973/4420/1563
f 4972/4419/1563 4960/4407/1563 4973/4420/1563
f 4974/4421/1563 4972/4419/1563 4973/4420/1563
f 4959/4406/1563 4907/4354/1563 4973/4420/1563
f 4975/4422/1563 4974/4421/1563 4973/4420/1563
f 4976/4423/1563 4974/4421/1563 4975/4422/1563
f 4977/4424/1563 4976/4423/1563 4975/4422/1563
f 4973/4420/1563 4907/4354/1563 4978/4425/1563
f 4907/4354/1563 4979/4426/1563 4978/4425/1563
f 4980/4427/1563 4979/4426/1563 4907/4354/1563
f 4908/4355/1563 4980/4427/1563 4907/4354/1563
f 4908/4355/1563 4981/4428/1563 4980/4427/1563
f 4981/4428/1563 4982/4429/1563 4980/4427/1563
f 4982/4429/1563 4983/4430/1563 4980/4427/1563
f 4983/4430/1563 4984/4431/1563 4980/4427/1563
f 4985/4432/1563 4984/4431/1563 4983/4430/1563
f 4984/4431/1563 4985/4432/1563 4986/4433/1563
f 4987/4434/1563 4984/4431/1563 4986/4433/1563
f 4986/4433/1563 4988/4435/1563 4987/4434/1563
f 4988/4435/1563 4989/4436/1563 4987/4434/1563
f 4988/4435/1563 4990/4437/1563 4989/4436/1563
f 4990/4437/1563 4991/4438/1563 4989/4436/1563
f 4990/4437/1563 4992/4439/1563 4991/4438/1563
f 4992/4439/1563 4993/4440/1563 4991/4438/1563
f 4993/4440/1563 4994/4441/1563 4991/4438/1563
f 4994/4441/1563 4995/4442/1563 4991/4438/1563
f 4991/4438/1563 4995/4442/1563 4996/4443/1563
f 4995/4442/1563 4997/4444/1563 4996/4443/1563
f 4997/4444/1563 4998/4445/1563 4996/4443/1563
f 4996/4443/1563 4998/4445/1563 4979/4426/1563
f 4998/4445/1563 4999/4446/1563 4979/4426/1563
f 4999/4446/1563 5000/4447/1563 4979/4426/1563
f 4979/4426/1563 5000/4447/1563 4978/4425/1563
f 4978/4425/1563 5000/4447/1563 5001/4448/1563
f 5002/4449/1563 5001/4448/1563 5000/4447/1563
f 5003/4450/1563 4978/4425/1563 5001/4448/1563
f 5004/4451/1563 5001/4448/1563 5002/4449/1563
f 5005/4452/1563 5003/4450/1563 5001/4448/1563
f 5006/4453/1563 5001/4448/1563 5004/4451/1563
f 5007/4454/1563 5005/4452/1563 5001/4448/1563
f 5008/4455/1563 5001/4448/1563 5006/4453/1563
f 5009/4456/1563 5007/4454/1563 5001/4448/1563
f 5010/4457/1563 5001/4448/1563 5008/4455/1563
f 5011/4458/1563 5009/4456/1563 5001/4448/1563
f 5001/4448/1563 5012/4459/1563 5011/4458/1563
f 5013/4460/1563 5012/4459/1563 5001/4448/1563
f 5010/4457/1563 5013/4460/1563 5001/4448/1563
f 5014/4461/1563 5013/4460/1563 5010/4457/1563
f 5015/4462/1563 5013/4460/1563 5014/4461/1563
f 5016/4463/1563 5013/4460/1563 5015/4462/1563
f 5017/4464/1563 5013/4460/1563 5016/4463/1563
f 5018/4465/1563 5013/4460/1563 5017/4464/1563
f 5019/4466/1563 5013/4460/1563 5018/4465/1563
f 5020/4467/1563 5013/4460/1563 5019/4466/1563
f 5021/4468/1563 5013/4460/1563 5020/4467/1563
f 5021/4468/1563 5022/4469/1563 5013/4460/1563
f 5022/4469/1563 5023/4470/1563 5013/4460/1563
f 5023/4470/1563 5024/4471/1563 5013/4460/1563
f 5024/4471/1563 5025/4472/1563 5013/4460/1563
f 5025/4472/1563 5026/4473/1563 5013/4460/1563
f 5026/4473/1563 5027/4474/1563 5013/4460/1563
f 5027/4474/1563 5028/4475/1563 5013/4460/1563
f 5028/4475/1563 5029/4476/1563 5013/4460/1563
f 5029/4476/1563 5030/4477/1563 5013/4460/1563
f 5012/4459/1563 5013/4460/1563 5030/4477/1563
f 5031/4478/1563 5012/4459/1563 5030/4477/1563
f 5032/4479/1563 5012/4459/1563 5031/4478/1563
f 5033/4480/1563 5012/4459/1563 5032/4479/1563
f 5034/4481/1563 5012/4459/1563 5033/4480/1563
f 5035/4482/1563 5012/4459/1563 5034/4481/1563
f 5036/4483/1563 5012/4459/1563 5035/4482/1563
f 5037/4484/1563 5012/4459/1563 5036/4483/1563
f 5038/4485/1563 5012/4459/1563 5037/4484/1563
f 5039/4486/1563 5012/4459/1563 5038/4485/1563
f 5040/4487/1563 5012/4459/1563 5039/4486/1563
f 5041/4488/1563 5012/4459/1563 5040/4487/1563
f 5042/4489/1563 5012/4459/1563 5041/4488/1563
f 5043/4490/1563 5012/4459/1563 5042/4489/1563
f 5044/4491/1563 5043/4490/1563 5042/4489/1563
f 5045/4492/1563 5043/4490/1563 5044/4491/1563
f 5046/4493/1563 5043/4490/1563 5045/4492/1563
f 5047/4494/1563 5043/4490/1563 5046/4493/1563
f 5048/4495/1563 5043/4490/1563 5047/4494/1563
f 5012/4459/1563 5043/4490/1563 5011/4458/1563
f 5049/4496/1563 5043/4490/1563 5048/4495/1563
f 5011/4458/1563 5043/4490/1563 5050/4497/1563
f 5051/4498/1563 5011/4458/1563 5050/4497/1563
f 5050/4497/1563 5043/4490/1563 5052/4499/1563
f 5052/4499/1563 5043/4490/1563 5053/4500/1563
f 5053/4500/1563 5043/4490/1563 5054/4501/1563
f 5054/4501/1563 5043/4490/1563 5049/4496/1563
f 5055/4502/1563 5054/4501/1563 5049/4496/1563
f 5058/4503/1564 5057/4504/1564 5056/4505/1564
f 5057/4504/1564 5059/4506/1564 5056/4505/1564
f 5060/4507/1564 5056/4505/1564 5059/4506/1564
f 5057/4504/1564 5061/4508/1564 5059/4506/1564
f 5062/4509/1564 5060/4507/1564 5059/4506/1564
f 5061/4508/1564 5063/4510/1564 5059/4506/1564
f 5064/4511/1564 5062/4509/1564 5059/4506/1564
f 5061/4508/1564 5065/4512/1564 5063/4510/1564
f 5063/4510/1564 5065/4512/1564 5066/4513/1564
f 5065/4512/1564 5067/4514/1564 5066/4513/1564
f 5066/4513/1564 5067/4514/1564 5068/4515/1564
f 5067/4514/1564 5069/4516/1564 5068/4515/1564
f 5070/4517/1564 5062/4509/1564 5064/4511/1564
f 5071/4518/1564 5070/4517/1564 5064/4511/1564
f 5070/4517/1564 5071/4518/1564 5072/4519/1564
f 5073/4520/1564 5070/4517/1564 5072/4519/1564
f 5068/4515/1564 5069/4516/1564 5074/4521/1564
f 5069/4516/1564 5075/4522/1564 5074/4521/1564
f 5075/4522/1564 5076/4523/1564 5074/4521/1564
f 5076/4523/1564 5077/4524/1564 5074/4521/1564
f 5076/4523/1564 5078/4525/1564 5077/4524/1564
f 5073/4520/1564 5072/4519/1564 5079/4526/1564
f 5080/4527/1564 5073/4520/1564 5079/4526/1564
f 5081/4528/1564 5080/4527/1564 5079/4526/1564
f 5082/4529/1564 5081/4528/1564 5079/4526/1564
f 5083/4530/1564 5081/4528/1564 5082/4529/1564
f 5084/4531/1564 5083/4530/1564 5082/4529/1564
f 5085/4532/1564 5083/4530/1564 5084/4531/1564
f 5086/4533/1564 5085/4532/1564 5084/4531/1564
f 5077/4524/1564 5078/4525/1564 5087/4534/1564
f 5078/4525/1564 5088/4535/1564 5087/4534/1564
f 5088/4535/1564 5089/4536/1564 5087/4534/1564
f 5089/4536/1564 5090/4537/1564 5087/4534/1564
f 5091/4538/1564 5087/4534/1564 5090/4537/1564
f 5092/4539/1564 5091/4538/1564 5090/4537/1564
f 5093/4540/1564 5091/4538/1564 5092/4539/1564
f 5094/4541/1564 5093/4540/1564 5092/4539/1564
f 5095/4542/1564 5093/4540/1564 5094/4541/1564
f 5090/4537/1564 5089/4536/1564 5096/4543/1564
f 5096/4543/1564 5089/4536/1564 5097/4544/1564
f 5089/4536/1564 5098/4545/1564 5097/4544/1564
f 5098/4545/1564 5099/4546/1564 5097/4544/1564
f 5089/4536/1564 5100/4547/1564 5098/4545/1564
f 5101/4548/1564 5100/4547/1564 5089/4536/1564
f 5100/4547/1564 5101/4548/1564 5102/4549/1564
f 5100/4547/1564 5103/4550/1564 5098/4545/1564
f 5103/4550/1564 5104/4551/1564 5098/4545/1564
f 5104/4551/1564 5105/4552/1564 5098/4545/1564
f 5105/4552/1564 5106/4553/1564 5098/4545/1564
f 5106/4553/1564 5107/4554/1564 5098/4545/1564
f 5108/4555/1564 5100/4547/1564 5102/4549/1564
f 5107/4554/1564 5109/4556/1564 5098/4545/1564
f 5108/4555/1564 5102/4549/1564 5110/4557/1564
f 5111/4558/1564 5108/4555/1564 5110/4557/1564
f 5112/4559/1564 5111/4558/1564 5110/4557/1564
f 5110/4557/1564 5102/4549/1564 5113/4560/1564
f 5114/4561/1564 5112/4559/1564 5110/4557/1564
f 5115/4562/1564 5110/4557/1564 5113/4560/1564
f 5116/4563/1564 5114/4561/1564 5110/4557/1564
f 5117/4564/1564 5114/4561/1564 5116/4563/1564
f 5118/4565/1564 5115/4562/1564 5113/4560/1564
f 5119/4566/1564 5118/4565/1564 5113/4560/1564
f 5118/4565/1564 5119/4566/1564 5120/4567/1564
f 5121/4568/1564 5118/4565/1564 5120/4567/1564
f 5114/4561/1564 5117/4564/1564 5122/4569/1564
f 5123/4570/1564 5114/4561/1564 5122/4569/1564
f 5124/4571/1564 5123/4570/1564 5122/4569/1564
f 5125/4572/1564 5124/4571/1564 5122/4569/1564
f 5126/4573/1564 5125/4572/1564 5122/4569/1564
f 5127/4574/1564 5125/4572/1564 5126/4573/1564
f 5128/4575/1564 5125/4572/1564 5127/4574/1564
f 5129/4576/1564 5125/4572/1564 5128/4575/1564
f 5130/4577/1564 5125/4572/1564 5129/4576/1564
f 5131/4578/1564 5125/4572/1564 5130/4577/1564
f 5132/4579/1564 5131/4578/1564 5130/4577/1564
f 5133/4580/1564 5131/4578/1564 5132/4579/1564
f 5134/4581/1564 5133/4580/1564 5132/4579/1564
f 5135/4582/1564 5133/4580/1564 5134/4581/1564
f 5136/4583/1564 5135/4582/1564 5134/4581/1564
f 5135/4582/1564 5136/4583/1564 5137/4584/1564
f 5138/4585/1564 5135/4582/1564 5137/4584/1564
f 5139/4586/1564 5138/4585/1564 5137/4584/1564
f 5142/4587/1564 5141/4588/1564 5140/4589/1564
f 5140/4589/1564 5141/4588/1564 5143/4590/1564
f 5141/4588/1564 5144/4591/1564 5143/4590/1564
f 5143/4590/1564 5144/4591/1564 5145/4592/1564
f 5144/4591/1564 5146/4593/1564 5145/4592/1564
f 5145/4592/1564 5146/4593/1564 5109/4556/1564
f 5146/4593/1564 5147/4594/1564 5109/4556/1564
f 5147/4594/1564 5148/4595/1564 5109/4556/1564
f 5148/4595/1564 5149/4596/1564 5109/4556/1564
f 5149/4596/1564 5150/4597/1564 5109/4556/1564
f 5109/4556/1564 5150/4597/1564 5098/4545/1564
f 5149/4596/1564 5151/4598/1564 5150/4597/1564
f 5149/4596/1564 5152/4599/1564 5151/4598/1564
f 5152/4599/1564 5153/4600/1564 5151/4598/1564
f 5153/4600/1564 5154/4601/1564 5151/4598/1564
f 5154/4601/1564 5155/4602/1564 5151/4598/1564
f 5155/4602/1564 5156/4603/1564 5151/4598/1564
f 5156/4603/1564 5157/4604/1564 5151/4598/1564
f 5157/4604/1564 5158/4605/1564 5151/4598/1564
f 5158/4605/1564 5159/4606/1564 5151/4598/1564
f 5159/4606/1564 5160/4607/1564 5151/4598/1564
f 5160/4607/1564 5161/4608/1564 5151/4598/1564
f 5161/4608/1564 5162/4609/1564 5151/4598/1564
f 5162/4609/1564 5163/4610/1564 5151/4598/1564
f 5164/4611/1564 5150/4597/1564 5151/4598/1564
f 5163/4610/1564 5164/4611/1564 5151/4598/1564
f 5164/4611/1564 5163/4610/1564 5165/4612/1564
f 5150/4597/1564 5164/4611/1564 5098/4545/1564
f 5166/4613/1564 5164/4611/1564 5165/4612/1564
f 5166/4613/1564 5165/4612/1564 5167/4614/1564
f 5168/4615/1564 5166/4613/1564 5167/4614/1564
f 5164/4611/1564 5169/4616/1564 5098/4545/1564
f 5098/4545/1564 5169/4616/1564 5170/4617/1564
f 5171/4618/1564 5098/4545/1564 5170/4617/1564
f 5099/4546/1564 5098/4545/1564 5171/4618/1564
f 5099/4546/1564 5171/4618/1564 5172/4619/1564
f 5172/4619/1564 5171/4618/1564 5173/4620/1564
f 5173/4620/1564 5171/4618/1564 5174/4621/1564
f 5171/4618/1564 5175/4622/1564 5174/4621/1564
f 5176/4623/1564 5174/4621/1564 5175/4622/1564
f 5177/4624/1564 5176/4623/1564 5175/4622/1564
f 5178/4625/1564 5177/4624/1564 5175/4622/1564
f 5177/4624/1564 5178/4625/1564 5179/4626/1564
f 5178/4625/1564 5180/4627/1564 5179/4626/1564
f 5179/4626/1564 5180/4627/1564 5181/4628/1564
f 5180/4627/1564 5182/4629/1564 5181/4628/1564
f 5181/4628/1564 5182/4629/1564 5183/4630/1564
f 5183/4630/1564 5182/4629/1564 5184/4631/1564
f 5184/4631/1564 5182/4629/1564 5185/4632/1564
f 5185/4632/1564 5182/4629/1564 5186/4633/1564
f 5182/4629/1564 5187/4634/1564 5186/4633/1564
f 5187/4634/1564 5188/4635/1564 5186/4633/1564
f 5188/4635/1564 5187/4634/1564 5189/4636/1564
f 5187/4634/1564 5170/4617/1564 5189/4636/1564
f 5170/4617/1564 5190/4637/1564 5189/4636/1564
f 5190/4637/1564 5170/4617/1564 5191/4638/1564
f 5169/4616/1564 5191/4638/1564 5170/4617/1564
f 5169/4616/1564 5192/4639/1564 5191/4638/1564
f 5193/4640/1564 5191/4638/1564 5192/4639/1564
f 5194/4641/1564 5192/4639/1564 5169/4616/1564
f 5195/4642/1564 5193/4640/1564 5192/4639/1564
f 5196/4643/1564 5192/4639/1564 5194/4641/1564
f 5197/4644/1564 5195/4642/1564 5192/4639/1564
f 5198/4645/1564 5192/4639/1564 5196/4643/1564
f 5199/4646/1564 5197/4644/1564 5192/4639/1564
f 5200/4647/1564 5192/4639/1564 5198/4645/1564
f 5201/4648/1564 5199/4646/1564 5192/4639/1564
f 5202/4649/1564 5192/4639/1564 5200/4647/1564
f 5192/4639/1564 5202/4649/1564 5203/4650/1564
f 5192/4639/1564 5203/4650/1564 5204/4651/1564
f 5201/4648/1564 5192/4639/1564 5204/4651/1564
f 5205/4652/1564 5201/4648/1564 5204/4651/1564
f 5206/4653/1564 5205/4652/1564 5204/4651/1564
f 5207/4654/1564 5206/4653/1564 5204/4651/1564
f 5208/4655/1564 5207/4654/1564 5204/4651/1564
f 5209/4656/1564 5208/4655/1564 5204/4651/1564
f 5210/4657/1564 5209/4656/1564 5204/4651/1564
f 5211/4658/1564 5210/4657/1564 5204/4651/1564
f 5212/4659/1564 5211/4658/1564 5204/4651/1564
f 5212/4659/1564 5204/4651/1564 5213/4660/1564
f 5213/4660/1564 5204/4651/1564 5214/4661/1564
f 5214/4661/1564 5204/4651/1564 5215/4662/1564
f 5215/4662/1564 5204/4651/1564 5216/4663/1564
f 5216/4663/1564 5204/4651/1564 5217/4664/1564
f 5217/4664/1564 5204/4651/1564 5218/4665/1564
f 5218/4665/1564 5204/4651/1564 5219/4666/1564
f 5219/4666/1564 5204/4651/1564 5220/4667/1564
f 5220/4667/1564 5204/4651/1564 5221/4668/1564
f 5203/4650/1564 5221/4668/1564 5204/4651/1564
f 5222/4669/1564 5221/4668/1564 5203/4650/1564
f 5223/4670/1564 5222/4669/1564 5203/4650/1564
f 5224/4671/1564 5223/4670/1564 5203/4650/1564
f 5225/4672/1564 5224/4671/1564 5203/4650/1564
f 5226/4673/1564 5225/4672/1564 5203/4650/1564
f 5227/4674/1564 5226/4673/1564 5203/4650/1564
f 5228/4675/1564 5227/4674/1564 5203/4650/1564
f 5229/4676/1564 5228/4675/1564 5203/4650/1564
f 5230/4677/1564 5229/4676/1564 5203/4650/1564
f 5231/4678/1564 5230/4677/1564 5203/4650/1564
f 5232/4679/1564 5231/4678/1564 5203/4650/1564
f 5233/4680/1564 5232/4679/1564 5203/4650/1564
f 5234/4681/1564 5233/4680/1564 5203/4650/1564
f 5235/4682/1564 5233/4680/1564 5234/4681/1564
f 5236/4683/1564 5235/4682/1564 5234/4681/1564
f 5237/4684/1564 5236/4683/1564 5234/4681/1564
f 5238/4685/1564 5237/4684/1564 5234/4681/1564
f 5239/4686/1564 5238/4685/1564 5234/4681/1564
f 5202/4649/1564 5234/4681/1564 5203/4650/1564
f 5240/4687/1564 5239/4686/1564 5234/4681/1564
f 5241/4688/1564 5234/4681/1564 5202/4649/1564
f 5242/4689/1564 5241/4688/1564 5202/4649/1564
f 5241/4688/1564 5243/4690/1564 5234/4681/1564
f 5243/4690/1564 5244/4691/1564 5234/4681/1564
f 5244/4691/1564 5245/4692/1564 5234/4681/1564
f 5245/4692/1564 5240/4687/1564 5234/4681/1564
f 5246/4693/1564 5240/4687/1564 5245/4692/1564
f 5249/4694/1565 5248/4695/1566 5247/4696/1566
f 5250/4697/1565 5249/4694/1565 5247/4696/1566
f 5251/4698/1567 5249/4694/1565 5250/4697/1565
f 5252/4699/1567 5251/4698/1567 5250/4697/1565
f 5255/4700/1568 5254/4701/1569 5253/4702/1569
f 5256/4703/1568 5255/4700/1568 5253/4702/1569
f 5257/4704/1570 5255/4700/1571 5256/4703/1571
f 5258/4705/1570 5257/4704/1570 5256/4703/1571
f 5259/4706/1572 5257/4704/1570 5258/4705/1570
f 5260/4707/1572 5259/4706/1572 5258/4705/1570
f 5261/4708/1573 5259/4706/1572 5260/4707/1572
f 5262/4709/1573 5261/4708/1573 5260/4707/1572
f 5263/4710/1574 5261/4708/1573 5262/4709/1573
f 5264/4711/1575 5263/4710/1575 5262/4709/1573
f 5265/4712/1576 5263/4710/1575 5264/4711/1575
f 5266/4713/1576 5265/4712/1576 5264/4711/1575
f 5267/4714/1577 5265/4712/1578 5266/4713/1578
f 5268/4715/1577 5267/4714/1577 5266/4713/1578
f 5269/4716/1579 5267/4714/1580 5268/4715/1580
f 5270/4717/1579 5269/4716/1579 5268/4715/1580
f 5271/4718/1581 5269/4716/1582 5270/4717/1582
f 5272/4719/1581 5271/4718/1581 5270/4717/1582
f 5275/4720/1583 5274/4721/1583 5273/4722/1584
f 5274/4721/1583 5276/4723/1584 5273/4722/1584
f 5273/4722/1585 5276/4723/1584 5277/4724/1586
f 5276/4723/1585 5278/4725/1586 5277/4724/1586
f 5281/4724/1587 5280/4725/1587 5279/4726/1588
f 5280/4725/1587 5282/4727/1588 5279/4726/1588
f 5279/4726/1589 5282/4727/1589 5283/4699/1590
f 5282/4727/1589 5284/4698/1590 5283/4699/1590
f 5287/4728/1591 5286/4718/1592 5285/4719/1592
f 5288/4729/1591 5287/4728/1591 5285/4719/1592
f 5289/4730/1593 5287/4728/1591 5288/4729/1591
f 5290/4731/1593 5289/4730/1593 5288/4729/1591
f 5291/4732/1594 5289/4730/1595 5290/4731/1595
f 5292/4733/1594 5291/4732/1594 5290/4731/1595
f 5293/4734/1596 5291/4732/1594 5292/4733/1594
f 5294/4735/1596 5293/4734/1596 5292/4733/1597
f 5295/4736/1598 5293/4734/1599 5294/4735/1599
f 5296/4737/1598 5295/4736/1598 5294/4735/1596
f 5297/4738/1600 5295/4736/1598 5296/4737/1598
f 5298/4739/1600 5297/4738/1600 5296/4737/1598
f 5301/4740/1601 5300/4741/1602 5299/4742/1602
f 5302/4743/1601 5301/4740/1601 5299/4742/1602
f 5303/4744/1603 5301/4740/1604 5302/4743/1604
f 5304/4745/1603 5303/4744/1603 5302/4743/1604
f 5305/4746/1605 5303/4744/1603 5304/4745/1603
f 5306/4747/1605 5305/4746/1605 5304/4745/1603
f 5307/4748/1606 5305/4746/1605 5306/4747/1605
f 5308/4749/1606 5307/4748/1606 5306/4747/1605
f 5311/4702/1607 5310/4701/1607 5309/4750/1608
f 5310/4701/1607 5312/4751/1608 5309/4750/1608
f 5309/4750/1608 5312/4751/1608 5313/4752/1609
f 5312/4751/1608 5314/4753/1609 5313/4752/1609
f 5313/4752/1609 5314/4753/1609 5315/4754/1610
f 5314/4753/1609 5316/4755/1610 5315/4754/1610
f 5315/4754/1610 5316/4755/1610 5317/4756/1611
f 5316/4755/1610 5318/4757/1611 5317/4756/1611
f 5317/4756/1612 5318/4757/1612 5319/4758/1613
f 5318/4757/1612 5320/4759/1613 5319/4758/1613
f 5323/4760/1614 5322/4761/1614 5321/4762/1615
f 5322/4761/1614 5324/4763/1615 5321/4762/1615
f 5321/4762/1615 5324/4763/1615 5325/4764/1616
f 5324/4763/1615 5326/4765/1616 5325/4764/1616
f 5325/4764/1617 5326/4765/1617 5327/4766/1618
f 5326/4765/1616 5328/4767/1618 5327/4766/1618
f 5327/4766/1618 5328/4767/1618 5329/4768/1619
f 5328/4767/1618 5330/4769/1619 5329/4768/1619
f 5329/4768/1620 5330/4769/1620 5331/4770/1621
f 5330/4769/1620 5332/4771/1621 5331/4770/1621
f 5331/4770/1621 5332/4771/1621 5333/4772/1622
f 5332/4771/1621 5334/4773/1622 5333/4772/1622
f 5337/4774/1623 5336/4775/1623 5335/4776/1623
f 5338/4777/1623 5337/4774/1623 5335/4776/1623
f 5341/4695/1624 5340/4778/1624 5339/4779/1624
f 5342/4696/1624 5341/4695/1624 5339/4779/1624
f 5345/4780/1625 5344/4761/1626 5343/4760/1626
f 5346/4781/1625 5345/4780/1625 5343/4760/1626
f 5347/4782/1627 5345/4780/1628 5346/4781/1628
f 5348/4783/1627 5347/4782/1627 5346/4781/1628
f 5351/4784/1629 5350/4782/1627 5349/4783/1627
f 5352/4785/1629 5351/4784/1629 5349/4783/1630
f 5353/4786/1631 5351/4784/1632 5352/4785/1632
f 5354/4787/1631 5353/4786/1631 5352/4785/1632
f 5357/4788/1633 5356/4786/1634 5355/4787/1634
f 5358/4789/1633 5357/4788/1633 5355/4787/1631
f 5359/4790/1635 5357/4788/1633 5358/4789/1633
f 5360/4791/1635 5359/4790/1635 5358/4789/1633
f 5361/4792/1636 5359/4790/1635 5360/4791/1635
f 5362/4793/1636 5361/4792/1636 5360/4791/1635
f 5363/4794/1637 5361/4792/1636 5362/4793/1636
f 5364/4795/1637 5363/4794/1637 5362/4793/1636
f 5365/4796/1638 5363/4794/1637 5364/4795/1637
f 5366/4797/1638 5365/4796/1638 5364/4795/1637
f 5367/4798/1639 5365/4796/1638 5366/4797/1638
f 5368/4799/1639 5367/4798/1639 5366/4797/1638
f 5369/4800/1640 5367/4798/1639 5368/4799/1639
f 5370/4801/1640 5369/4800/1640 5368/4799/1639
f 5371/4802/1641 5369/4800/1640 5370/4801/1640
f 5372/4803/1641 5371/4802/1641 5370/4801/1640
f 5373/4804/1642 5371/4802/1643 5372/4803/1643
f 5374/4805/1642 5373/4804/1642 5372/4803/1643
f 5375/4806/1644 5373/4804/1645 5374/4805/1645
f 5376/4807/1644 5375/4806/1644 5374/4805/1642
f 5377/4808/1646 5375/4806/1644 5376/4807/1644
f 5378/4809/1646 5377/4808/1646 5376/4807/1647
f 5381/4810/1648 5380/4811/1648 5379/4812/1649
f 5380/4811/1648 5382/4813/1649 5379/4812/1649
f 5379/4812/1649 5382/4813/1649 5383/4814/1650
f 5382/4813/1649 5384/4815/1650 5383/4814/1650
f 5383/4814/1650 5384/4815/1650 5385/4816/1651
f 5384/4815/1650 5386/4817/1651 5385/4816/1651
f 5385/4816/1651 5386/4817/1651 5387/4818/1652
f 5386/4817/1651 5388/4819/1653 5387/4818/1653
f 5387/4818/1653 5388/4819/1653 5389/4820/1654
f 5388/4819/1653 5390/4821/1654 5389/4820/1654
f 5393/4776/1655 5392/4775/1655 5391/4822/1656
f 5392/4775/1655 5394/4823/1656 5391/4822/1656
f 5391/4822/1657 5394/4823/1657 5395/4824/1658
f 5394/4823/1656 5396/4825/1658 5395/4824/1658
f 5399/4826/1659 5398/4811/1660 5397/4810/1660
f 5400/4827/1659 5399/4826/1659 5397/4810/1660
f 5403/4824/1661 5402/4825/1661 5401/4828/1662
f 5402/4825/1661 5404/4829/1662 5401/4828/1662
f 5401/4828/1662 5404/4829/1662 5405/4830/1659
f 5404/4829/1663 5406/4831/1659 5405/4830/1659
f 5409/4832/1664 5408/4808/1665 5407/4809/1665
f 5410/4833/1664 5409/4832/1664 5407/4809/1665
f 5411/4821/1654 5409/4832/1664 5410/4833/1664
f 5412/4820/1654 5411/4821/1654 5410/4833/1664
f 5415/4834/1666 5414/4835/1666 5413/4836/1667
f 5414/4835/1666 5416/4837/1667 5413/4836/1667
f 5413/4836/1668 5416/4837/1668 5417/4838/1669
f 5416/4837/1668 5418/4839/1669 5417/4838/1669
f 5417/4838/1669 5418/4839/1669 5419/4840/1670
f 5418/4839/1669 5420/4841/1670 5419/4840/1670
f 5419/4840/1671 5420/4841/1671 5421/4842/1672
f 5420/4841/1671 5422/4843/1672 5421/4842/1672
f 5425/4844/1673 5424/4845/1674 5423/4846/1674
f 5426/4847/1673 5425/4844/1673 5423/4846/1674
f 5427/4848/1675 5425/4844/1673 5426/4847/1673
f 5428/4849/1675 5427/4848/1675 5426/4847/1673
f 5429/4850/1676 5427/4848/1675 5428/4849/1675
f 5430/4851/1676 5429/4850/1676 5428/4849/1675
f 5431/4852/1677 5429/4850/1676 5430/4851/1676
f 5432/4853/1677 5431/4852/1677 5430/4851/1676
f 5435/4845/1678 5434/4854/1678 5433/4855/1678
f 5436/4846/1678 5435/4845/1678 5433/4855/1678
f 5439/4856/1679 5438/4738/1680 5437/4739/1680
f 5440/4857/1679 5439/4856/1679 5437/4739/1680
f 5443/4858/1681 5442/4859/1681 5441/4860/1682
f 5442/4859/1681 5444/4861/1682 5441/4860/1682
f 5441/4860/1682 5444/4861/1682 5445/4862/1683
f 5444/4861/1682 5446/4863/1683 5445/4862/1683
f 5445/4862/1683 5446/4863/1683 5447/4864/1684
f 5446/4863/1683 5448/4865/1684 5447/4864/1684
f 5451/4866/1685 5450/4859/1686 5449/4858/1686
f 5452/4867/1685 5451/4866/1685 5449/4858/1686
f 5453/4868/1687 5451/4866/1685 5452/4867/1685
f 5454/4869/1687 5453/4868/1687 5452/4867/1685
f 5457/4855/1688 5456/4854/1688 5455/4870/1689
f 5456/4854/1688 5458/4871/1689 5455/4870/1689
f 5455/4870/1689 5458/4871/1689 5459/4872/1690
f 5458/4871/1689 5460/4873/1690 5459/4872/1690
f 5459/4872/1691 5460/4873/1691 5461/4874/1692
f 5460/4873/1691 5462/4875/1692 5461/4874/1692
f 5461/4874/1692 5462/4875/1692 5463/4876/1693
f 5462/4875/1692 5464/4877/1693 5463/4876/1693
f 5467/4865/1694 5466/4748/1694 5465/4749/1694
f 5468/4864/1694 5467/4865/1694 5465/4749/1694
f 5471/4878/1695 5470/4868/1696 5469/4869/1696
f 5472/4879/1695 5471/4878/1695 5469/4869/1696
f 5473/4880/1697 5471/4878/1695 5472/4879/1695
f 5474/4881/1697 5473/4880/1697 5472/4879/1695
f 5475/4882/1698 5473/4880/1699 5474/4881/1699
f 5476/4883/1698 5475/4882/1698 5474/4881/1699
f 5477/4884/1700 5475/4882/1698 5476/4883/1698
f 5478/4885/1700 5477/4884/1700 5476/4883/1698
f 5481/4876/1701 5480/4877/1701 5479/4886/1702
f 5480/4877/1701 5482/4887/1702 5479/4886/1702
f 5479/4886/1702 5482/4887/1702 5483/4888/1703
f 5482/4887/1702 5484/4889/1703 5483/4888/1703
f 5483/4888/1703 5484/4889/1703 5485/4890/1704
f 5484/4889/1703 5486/4891/1704 5485/4890/1704
f 5485/4890/1704 5486/4891/1704 5487/4892/1705
f 5486/4891/1704 5488/4893/1705 5487/4892/1705
f 5487/4892/1705 5488/4893/1705 5489/4894/1706
f 5488/4893/1705 5490/4895/1706 5489/4894/1706
f 5489/4894/1706 5490/4895/1706 5491/4896/1707
f 5490/4895/1706 5492/4897/1707 5491/4896/1707
f 5491/4896/1707 5492/4897/1707 5493/4898/1708
f 5492/4897/1707 5494/4899/1709 5493/4898/1709
f 5493/4898/1708 5494/4899/1708 5495/4900/1710
f 5494/4899/1708 5496/4901/1710 5495/4900/1710
f 5499/4902/1711 5498/4903/1711 5497/4904/1712
f 5498/4903/1711 5500/4905/1712 5497/4904/1712
f 5497/4904/1713 5500/4905/1713 5501/4906/1714
f 5500/4905/1713 5502/4907/1714 5501/4906/1714
f 5505/4908/1715 5504/4884/1715 5503/4885/1715
f 5506/4909/1715 5505/4908/1715 5503/4885/1715
f 5509/4901/1710 5508/4910/1711 5507/4911/1711
f 5510/4900/1710 5509/4901/1710 5507/4911/1711
f 5513/4912/1716 5512/4908/1717 5511/4909/1717
f 5514/4913/1716 5513/4912/1716 5511/4909/1717
f 5515/4914/1718 5513/4912/1716 5514/4913/1716
f 5516/4915/1718 5515/4914/1718 5514/4913/1716
f 5517/4916/1719 5515/4914/1718 5516/4915/1718
f 5518/4917/1720 5517/4916/1720 5516/4915/1718
f 5519/4918/1721 5517/4916/1722 5518/4917/1722
f 5520/4919/1721 5519/4918/1721 5518/4917/1722
f 5521/4920/1723 5519/4918/1721 5520/4919/1721
f 5522/4921/1723 5521/4920/1723 5520/4919/1721
f 5525/4906/1714 5524/4907/1714 5523/4922/1724
f 5524/4907/1714 5526/4923/1724 5523/4922/1724
f 5523/4922/1725 5526/4923/1725 5527/4924/1726
f 5526/4923/1725 5528/4925/1726 5527/4924/1726
f 5531/4926/1727 5530/4927/1727 5529/4928/1728
f 5530/4927/1727 5532/4929/1728 5529/4928/1728
f 5529/4928/1728 5532/4929/1728 5533/4930/1729
f 5532/4929/1728 5534/4931/1729 5533/4930/1729
f 5533/4930/1729 5534/4931/1729 5535/4932/1730
f 5534/4931/1729 5536/4933/1730 5535/4932/1730
f 5535/4932/1730 5536/4933/1730 5537/4921/1731
f 5536/4933/1730 5538/4920/1731 5537/4921/1731
f 5541/4934/1732 5540/4935/1733 5539/4936/1733
f 5542/4937/1732 5541/4934/1732 5539/4936/1733
f 5543/4938/1734 5541/4934/1732 5542/4937/1732
f 5544/4939/1734 5543/4938/1734 5542/4937/1732
f 5545/4843/1735 5543/4938/1734 5544/4939/1734
f 5546/4842/1735 5545/4843/1735 5544/4939/1734
f 5549/4940/1736 5548/4941/1737 5547/4942/1737
f 5550/4943/1736 5549/4940/1736 5547/4942/1737
f 5551/4944/1738 5549/4940/1739 5550/4943/1739
f 5552/4945/1738 5551/4944/1738 5550/4943/1739
f 5553/4946/1740 5551/4944/1741 5552/4945/1741
f 5554/4947/1740 5553/4946/1740 5552/4945/1741
f 5555/4948/1742 5553/4946/1743 5554/4947/1743
f 5556/4949/1742 5555/4948/1742 5554/4947/1743
f 5557/4950/1744 5555/4948/1742 5556/4949/1742
f 5558/4951/1744 5557/4950/1744 5556/4949/1742
f 5559/4952/1745 5557/4950/1744 5558/4951/1744
f 5560/4953/1745 5559/4952/1745 5558/4951/1744
f 5561/4954/1746 5559/4952/1745 5560/4953/1745
f 5562/4955/1746 5561/4954/1746 5560/4953/1745
f 5563/4956/1747 5561/4954/1748 5562/4955/1748
f 5564/4957/1747 5563/4956/1747 5562/4955/1748
f 5567/4958/1749 5566/4959/1750 5565/4960/1750
f 5568/4961/1749 5567/4958/1749 5565/4960/1750
f 5569/4962/1751 5567/4958/1749 5568/4961/1749
f 5570/4963/1751 5569/4962/1751 5568/4961/1749
f 5571/4941/1752 5569/4962/1751 5570/4963/1751
f 5572/4942/1752 5571/4941/1752 5570/4963/1751
f 5575/4959/1750 5574/4852/1753 5573/4853/1753
f 5576/4960/1750 5575/4959/1750 5573/4853/1753
f 5579/4964/1754 5578/4965/1754 5577/4966/1754
f 5580/4967/1754 5579/4964/1754 5577/4966/1754
f 5583/4936/1755 5582/4935/1755 5581/4968/1756
f 5582/4935/1755 5584/4969/1756 5581/4968/1756
f 5581/4968/1757 5584/4969/1757 5585/4970/1758
f 5584/4969/1757 5586/4971/1758 5585/4970/1758
f 5585/4970/1758 5586/4971/1758 5587/4972/1759
f 5586/4971/1758 5588/4973/1759 5587/4972/1759
f 5587/4972/1759 5588/4973/1759 5589/4974/1760
f 5588/4973/1759 5590/4975/1760 5589/4974/1760
f 5593/4976/1761 5592/4964/1762 5591/4967/1762
f 5594/4977/1761 5593/4976/1761 5591/4967/1762
f 5595/4978/1763 5593/4976/1761 5594/4977/1761
f 5596/4979/1763 5595/4978/1763 5594/4977/1761
f 5597/4980/1764 5595/4978/1763 5596/4979/1763
f 5598/4981/1764 5597/4980/1764 5596/4979/1763
f 5599/4982/1765 5597/4980/1764 5598/4981/1764
f 5600/4983/1765 5599/4982/1765 5598/4981/1764
f 5601/4975/1766 5599/4982/1767 5600/4983/1767
f 5602/4974/1766 5601/4975/1766 5600/4983/1767
f 5605/4984/1768 5604/4985/1769 5603/4986/1769
f 5606/4987/1768 5605/4984/1768 5603/4986/1769
f 5607/4988/1770 5605/4984/1768 5606/4987/1768
f 5608/4989/1770 5607/4988/1770 5606/4987/1768
f 5609/4990/1771 5607/4988/1772 5608/4989/1772
f 5610/4991/1771 5609/4990/1771 5608/4989/1772
f 5611/4992/1773 5609/4990/1774 5610/4991/1774
f 5612/4993/1773 5611/4992/1773 5610/4991/1774
f 5613/4994/1775 5611/4992/1773 5612/4993/1773
f 5614/4995/1775 5613/4994/1775 5612/4993/1773
f 5615/4996/1776 5613/4994/1777 5614/4995/1777
f 5616/4997/1776 5615/4996/1776 5614/4995/1778
f 5617/4998/1779 5615/4996/1776 5616/4997/1776
f 5618/4999/1779 5617/4998/1779 5616/4997/1776
f 5621/5000/1780 5620/4774/1781 5619/4777/1781
f 5622/5001/1780 5621/5000/1780 5619/4777/1781
f 5623/5002/1782 5621/5000/1780 5622/5001/1780
f 5624/5003/1782 5623/5002/1782 5622/5001/1780
f 5625/5004/1783 5623/5002/1782 5624/5003/1782
f 5626/5005/1783 5625/5004/1783 5624/5003/1782
f 5627/5006/1784 5625/5004/1785 5626/5005/1785
f 5628/5007/1784 5627/5006/1784 5626/5005/1785
f 5629/5008/1786 5627/5006/1784 5628/5007/1784
f 5630/5009/1786 5629/5008/1786 5628/5007/1784
f 5633/5010/1787 5632/5011/1787 5631/5012/1788
f 5632/5011/1787 5634/5013/1788 5631/5012/1788
f 5631/5012/1788 5634/5013/1788 5635/5014/1789
f 5634/5013/1788 5636/5015/1789 5635/5014/1789
f 5639/5016/1790 5638/5008/1791 5637/5009/1791
f 5640/5017/1790 5639/5016/1790 5637/5009/1791
f 5641/5018/1792 5639/5016/1790 5640/5017/1790
f 5642/5019/1792 5641/5018/1792 5640/5017/1790
f 5643/5020/1793 5641/5018/1792 5642/5019/1792
f 5644/5021/1793 5643/5020/1793 5642/5019/1792
f 5645/5022/1794 5643/5020/1793 5644/5021/1793
f 5646/5023/1794 5645/5022/1794 5644/5021/1793
f 5647/5024/1795 5645/5022/1794 5646/5023/1794
f 5648/5025/1795 5647/5024/1795 5646/5023/1794
f 5649/5026/1796 5647/5024/1797 5648/5025/1797
f 5650/5027/1796 5649/5026/1796 5648/5025/1797
f 5651/5028/1798 5649/5026/1796 5650/5027/1796
f 5652/5029/1798 5651/5028/1798 5650/5027/1796
f 5655/5030/1799 5654/5028/1800 5653/5029/1800
f 5656/5031/1799 5655/5030/1799 5653/5029/1800
f 5657/5032/1801 5655/5030/1799 5656/5031/1799
f 5658/5033/1801 5657/5032/1801 5656/5031/1799
f 5659/5034/1802 5657/5032/1803 5658/5033/1803
f 5660/5035/1802 5659/5034/1802 5658/5033/1803
f 5661/5015/1804 5659/5034/1805 5660/5035/1805
f 5662/5014/1804 5661/5015/1804 5660/5035/1805
f 5665/5036/1806 5664/5011/1807 5663/5010/1807
f 5666/5037/1806 5665/5036/1806 5663/5010/1807
f 5667/5038/1808 5665/5036/1809 5666/5037/1809
f 5668/5039/1808 5667/5038/1808 5666/5037/1809
f 5671/5040/1810 5670/5041/1808 5669/5042/1808
f 5672/5043/1810 5671/5040/1810 5669/5042/1808
f 5673/5044/1811 5671/5040/1812 5672/5043/1812
f 5674/5045/1813 5673/5044/1813 5672/5043/1812
f 5675/4985/1769 5673/5044/1814 5674/5045/1814
f 5676/4986/1769 5675/4985/1769 5674/5045/1814
f 5679/4759/1815 5678/5046/1816 5677/5047/1816
f 5680/4758/1815 5679/4759/1815 5677/5047/1816
f 5683/5048/1817 5682/4998/1818 5681/4999/1818
f 5684/5049/1817 5683/5048/1817 5681/4999/1818
f 5685/5050/1819 5683/5048/1820 5684/5049/1820
f 5686/5051/1819 5685/5050/1819 5684/5049/1820
f 5687/5052/1821 5685/5050/1819 5686/5051/1819
f 5688/5053/1821 5687/5052/1821 5686/5051/1819
f 5689/5054/1822 5687/5052/1821 5688/5053/1821
f 5690/5055/1822 5689/5054/1822 5688/5053/1821
f 5693/5056/1823 5692/5057/1823 5691/5058/1824
f 5692/5057/1823 5694/5059/1824 5691/5058/1824
f 5691/5058/1824 5694/5059/1824 5695/5060/1825
f 5694/5059/1824 5696/5061/1825 5695/5060/1825
f 5699/5060/1826 5698/5061/1826 5697/5062/1827
f 5698/5061/1826 5700/5063/1827 5697/5062/1827
f 5697/5062/1827 5700/5063/1827 5701/5064/1648
f 5700/5063/1827 5702/5065/1648 5701/5064/1648
f 5705/5065/1828 5704/5054/1828 5703/5055/1828
f 5706/5064/1828 5705/5065/1828 5703/5055/1828
f 5709/5066/1829 5708/5057/1830 5707/5056/1830
f 5710/5067/1829 5709/5066/1829 5707/5056/1830
f 5711/5068/1831 5709/5066/1829 5710/5067/1829
f 5712/5069/1831 5711/5068/1831 5710/5067/1829
f 5713/5070/1832 5711/5068/1831 5712/5069/1831
f 5714/5071/1832 5713/5070/1832 5712/5069/1831
f 5715/5072/1833 5713/5070/1832 5714/5071/1832
f 5716/5073/1833 5715/5072/1833 5714/5071/1832
f 5717/5074/1834 5715/5072/1833 5716/5073/1833
f 5718/5075/1834 5717/5074/1834 5716/5073/1833
f 5719/5076/1835 5717/5074/1834 5718/5075/1834
f 5720/5077/1835 5719/5076/1835 5718/5075/1834
f 5721/5078/1836 5719/5076/1837 5720/5077/1837
f 5722/5079/1836 5721/5078/1836 5720/5077/1837
o Mesh_Cutout_Carley
v -1.251758 3.743854 -3.126665
v -1.409448 3.634374 -3.126665
v -1.348854 3.713512 -3.126665
v -1.147076 3.748406 -3.126665
v -1.407034 3.533958 -3.126665
v -0.918134 3.174035 -3.126665
v -1.526450 3.524396 -3.126665
v -1.457794 3.574765 -3.126665
v -1.533092 3.622055 -3.126665
v -1.600695 3.636139 -3.126665
v -2.014565 3.485309 -3.126665
v -1.650760 3.708961 -3.126665
v -2.060153 4.803993 -3.126665
v -1.540010 3.825779 -3.126665
v -1.464154 3.989628 -3.126665
v -1.465672 4.154994 -3.126665
v -1.479326 4.212645 -3.126665
v -2.596393 3.639800 -3.126665
v -1.414869 4.743875 -3.126665
v -2.583519 3.547542 -3.126665
v -2.577083 3.440266 -3.126665
v -2.617848 3.221422 -3.126665
v -1.273777 4.763597 -3.126665
v -1.354922 4.288500 -3.126665
v -1.262378 4.306706 -3.126665
v -1.096274 4.756011 -3.126665
v -1.416386 4.772699 -3.126665
v -1.107631 4.258158 -3.126665
v -0.867189 4.654364 -3.126665
v -0.720028 4.502652 -3.126665
v -1.033292 4.118583 -3.126665
v -0.616864 4.249293 -3.126665
v -0.601693 4.047517 -3.126665
v -1.028741 3.986594 -3.126665
v -0.615348 3.826017 -3.126665
v -1.090943 3.856122 -3.126665
v -0.688168 3.592381 -3.126665
v -0.804421 3.431498 -3.126665
v -0.789402 3.315639 -3.126665
v -0.817294 3.246982 -3.126665
v -1.098358 2.880097 -3.126665
v -0.946026 3.019556 -3.126665
v -1.006101 2.929444 -3.126665
v -1.119814 2.835041 -3.126665
v -1.351083 2.518886 -3.126665
v -1.126251 2.680563 -3.126665
v -1.207780 2.547539 -3.126665
v -1.879947 2.623827 -3.126665
v -1.335912 2.139606 -3.126665
v -2.033176 2.631412 -3.126665
v -1.849605 2.485769 -3.126665
v -2.140892 2.652652 -3.126665
v -2.630721 2.931775 -3.126665
v -2.174268 2.638998 -3.126665
v -2.703670 2.734386 -3.126665
v -2.187922 2.578313 -3.126665
v -2.847420 2.311716 -3.126665
v -1.869328 2.162622 -3.126665
v -2.295638 2.148968 -3.126665
v -1.341980 1.781566 -3.126665
v -1.284329 2.094093 -3.126665
v -1.287363 1.878662 -3.126665
v -1.904999 1.800779 -3.126665
v -1.311638 1.435663 -3.126665
v -1.971511 1.903765 -3.126665
v -1.961872 2.018496 -3.126665
v -1.920910 2.132280 -3.126665
v -1.952201 1.431748 -3.126665
v -1.298260 0.899638 -3.126666
v -2.033731 0.854602 -3.126666
v -1.535728 -0.167625 -3.126666
v -2.121698 0.556373 -3.126666
v -1.848976 -0.126860 -3.126666
v -2.188210 0.168033 -3.126666
v -2.067820 -0.043185 -3.126666
v -2.177242 0.055510 -3.126666
v -1.138805 -0.165480 -3.126666
v -1.117722 0.845022 -3.126666
v -0.970562 0.726686 -3.126666
v -1.022143 -0.139588 -3.126666
v -0.868915 0.562837 -3.126666
v -0.890154 -0.071318 -3.126666
v -0.826435 0.025778 -3.126666
v -0.817333 0.402023 -3.126666
v -0.800644 0.189627 -3.126666
v -2.679862 7.494558 -3.126665
v -3.031833 7.301883 -3.126665
v -2.848262 7.433871 -3.126665
v -3.197197 7.130446 -3.126665
v -3.276088 6.959013 -3.126665
v -2.452294 7.526418 -3.126665
v -3.298320 6.723744 -3.126665
v -2.211072 7.470284 -3.126665
v -3.264943 6.491623 -3.126665
v -1.971367 7.336778 -3.126665
v -2.025787 5.784369 -3.126665
v -3.313490 6.335360 -3.126665
v -1.275010 7.034871 -3.126665
v -1.701321 7.347397 -3.126665
v -1.246184 7.086452 -3.126665
v -1.253770 7.215407 -3.126665
v -1.687667 7.415668 -3.126665
v -1.344798 7.361052 -3.126665
v -1.602708 7.511246 -3.126665
v -1.314455 7.403532 -3.126665
v -1.309904 7.502143 -3.126665
v -1.490441 7.556759 -3.126665
v -1.358452 7.558276 -3.126665
v -3.091990 5.368954 -3.126665
v -3.428792 6.347497 -3.126665
v -3.016134 5.167177 -3.126665
v -3.324110 5.388675 -3.126665
v -3.545609 6.330809 -3.126665
v -1.191854 4.912275 -3.126665
v -3.521334 5.478186 -3.126665
v -3.671530 6.229163 -3.126665
v -3.748903 6.113860 -3.126665
v -3.651806 5.611692 -3.126665
v -3.754972 5.950010 -3.126665
v -3.729180 5.774024 -3.126665
v -3.108679 4.901681 -3.126665
v -1.076553 5.050333 -3.126665
v -3.176949 4.581569 -3.126665
v -1.024971 5.180804 -3.126665
v -1.015868 5.352240 -3.126665
v -1.033790 6.285411 -3.126665
v -0.828979 5.457062 -3.126665
v -1.065649 6.426503 -3.126665
v -0.942763 6.302099 -3.126665
v -0.812290 6.279341 -3.126665
v -0.677267 5.616360 -3.126665
v -0.663613 6.177695 -3.126665
v -0.605963 5.802966 -3.126665
v -0.596859 6.013846 -3.126665
v -1.155158 6.572146 -3.126665
v -1.164261 6.893775 -3.126665
v -1.136953 6.616144 -3.126665
v -1.129367 6.795164 -3.126665
v -2.965424 2.157238 -3.126665
v -2.918222 2.258078 -3.126665
v -2.966798 2.018677 -3.126665
v -2.379161 1.790052 -3.126665
v -2.289049 1.957403 -3.126665
v -2.445673 1.530441 -3.126665
v -3.063347 1.660374 -3.126665
v -3.151315 1.190501 -3.126665
v -2.488584 1.067007 -3.126665
v -3.196371 0.842925 -3.126666
v -2.492875 0.552080 -3.126666
v -3.213535 -0.139731 -3.126666
v -3.327249 0.890126 -3.126666
v -2.664279 -0.094675 -3.126666
v -3.552528 -0.137585 -3.126666
v -2.505508 -0.060349 -3.126666
v -2.460692 0.187340 -3.126666
v -2.462597 -0.006711 -3.126666
v -3.481726 0.907291 -3.126666
v -3.805701 -0.113984 -3.126666
v -3.865776 -0.086093 -3.126666
v -3.940869 0.057658 -3.126666
v -3.646933 0.879399 -3.126666
v -3.988071 0.242173 -3.126666
v -3.782100 0.800014 -3.126666
v -3.979488 0.448144 -3.126666
v -3.902249 0.641242 -3.126666
v -3.482497 3.105563 -3.126665
v -3.240052 3.019742 -3.126665
v -3.383801 3.026179 -3.126665
v -3.557590 3.217131 -3.126665
v -3.098447 3.056216 -3.126665
v -3.589773 3.405937 -3.126665
v -2.958987 3.144183 -3.126665
v -3.587628 3.601180 -3.126665
v -2.800218 3.300806 -3.126665
v -3.549008 3.774969 -3.126665
v -2.686505 3.470304 -3.126665
v -3.454607 4.021705 -3.126665
v -3.368784 4.191202 -3.126665
v -3.297982 4.300624 -3.126665
v -3.305904 4.413169 -3.126665
v -3.233082 4.548192 -3.126665
v -3.284665 4.487507 -3.126665
v -1.409448 3.634374 -3.314011
v -1.251758 3.743854 -3.314011
v -1.348854 3.713512 -3.314011
v -1.147076 3.748406 -3.314011
v -1.407034 3.533958 -3.314011
v -0.918134 3.174035 -3.314011
v -1.526450 3.524396 -3.314011
v -1.457794 3.574765 -3.314011
v -1.533092 3.622055 -3.314011
v -1.600695 3.636139 -3.314011
v -2.014565 3.485309 -3.314011
v -1.650760 3.708961 -3.314011
v -2.060153 4.803993 -3.314011
v -1.540010 3.825779 -3.314011
v -1.464154 3.989628 -3.314011
v -1.465672 4.154994 -3.314011
v -1.479326 4.212645 -3.314011
v -2.596393 3.639800 -3.314011
v -1.414869 4.743875 -3.314011
v -2.583519 3.547542 -3.314011
v -2.577083 3.440266 -3.314011
v -2.617848 3.221422 -3.314011
v -1.416386 4.772699 -3.314011
v -1.273777 4.763597 -3.314011
v -1.354922 4.288500 -3.314011
v -1.262378 4.306706 -3.314011
v -1.096274 4.756011 -3.314011
v -1.107631 4.258158 -3.314011
v -0.867189 4.654365 -3.314011
v -0.720028 4.502652 -3.314011
v -1.033292 4.118583 -3.314011
v -0.616864 4.249293 -3.314011
v -0.601693 4.047517 -3.314011
v -1.028741 3.986594 -3.314011
v -0.615348 3.826017 -3.314011
v -1.090943 3.856122 -3.314011
v -0.688168 3.592381 -3.314011
v -0.804421 3.431498 -3.314011
v -0.789402 3.315639 -3.314011
v -0.817294 3.246982 -3.314011
v -0.946026 3.019556 -3.314011
v -1.098358 2.880097 -3.314011
v -1.006101 2.929444 -3.314011
v -1.119814 2.835041 -3.314011
v -1.351083 2.518886 -3.314011
v -1.126251 2.680563 -3.314011
v -1.207780 2.547539 -3.314011
v -1.879947 2.623827 -3.314011
v -1.335912 2.139606 -3.314011
v -2.033176 2.631412 -3.314011
v -1.849605 2.485769 -3.314011
v -2.140892 2.652652 -3.314011
v -2.630721 2.931775 -3.314011
v -2.174268 2.638998 -3.314011
v -2.703670 2.734386 -3.314011
v -2.187922 2.578313 -3.314011
v -2.847420 2.311716 -3.314011
v -1.869328 2.162622 -3.314011
v -2.295638 2.148968 -3.314011
v -1.341980 1.781566 -3.314011
v -1.284329 2.094093 -3.314011
v -1.287363 1.878662 -3.314011
v -1.904999 1.800779 -3.314011
v -1.311638 1.435663 -3.314011
v -1.971511 1.903765 -3.314011
v -1.961872 2.018496 -3.314011
v -1.920910 2.132280 -3.314011
v -1.952201 1.431748 -3.314011
v -1.298260 0.899638 -3.314011
v -2.033731 0.854602 -3.314011
v -1.535728 -0.167625 -3.314011
v -2.121698 0.556373 -3.314011
v -1.848976 -0.126860 -3.314011
v -2.188210 0.168033 -3.314011
v -2.067820 -0.043185 -3.314011
v -2.177242 0.055510 -3.314011
v -1.138805 -0.165480 -3.314011
v -1.117722 0.845022 -3.314011
v -0.970562 0.726686 -3.314011
v -1.022143 -0.139588 -3.314011
v -0.868915 0.562837 -3.314011
v -0.890154 -0.071318 -3.314011
v -0.826435 0.025778 -3.314011
v -0.817333 0.402023 -3.314011
v -0.800644 0.189627 -3.314011
v -3.031833 7.301883 -3.314011
v -2.679862 7.494558 -3.314011
v -2.848262 7.433871 -3.314011
v -3.197197 7.130446 -3.314011
v -3.276088 6.959013 -3.314011
v -2.452294 7.526418 -3.314011
v -3.298320 6.723744 -3.314011
v -2.211072 7.470284 -3.314011
v -3.264943 6.491623 -3.314011
v -1.971367 7.336778 -3.314011
v -2.025787 5.784369 -3.314011
v -3.313490 6.335360 -3.314011
v -1.275010 7.034871 -3.314011
v -1.701321 7.347397 -3.314011
v -1.246184 7.086452 -3.314011
v -1.253770 7.215407 -3.314011
v -1.687667 7.415668 -3.314011
v -1.344798 7.361052 -3.314011
v -1.602708 7.511246 -3.314011
v -1.314455 7.403532 -3.314011
v -1.309904 7.502143 -3.314011
v -1.490441 7.556759 -3.314011
v -1.358452 7.558276 -3.314011
v -3.091990 5.368954 -3.314011
v -3.428792 6.347497 -3.314011
v -3.016134 5.167177 -3.314011
v -3.324110 5.388675 -3.314011
v -3.545609 6.330809 -3.314011
v -1.191854 4.912275 -3.314011
v -3.521334 5.478186 -3.314011
v -3.671530 6.229163 -3.314011
v -3.748903 6.113860 -3.314011
v -3.651806 5.611692 -3.314011
v -3.754972 5.950010 -3.314011
v -3.729180 5.774024 -3.314011
v -3.108679 4.901681 -3.314011
v -1.076553 5.050333 -3.314011
v -3.176949 4.581569 -3.314011
v -1.024971 5.180804 -3.314011
v -1.015868 5.352240 -3.314011
v -1.033790 6.285411 -3.314011
v -0.828979 5.457062 -3.314011
v -1.065649 6.426503 -3.314011
v -0.942763 6.302099 -3.314011
v -0.812290 6.279341 -3.314011
v -0.677267 5.616360 -3.314011
v -0.663613 6.177695 -3.314011
v -0.605963 5.802966 -3.314011
v -0.596859 6.013846 -3.314011
v -1.155158 6.572146 -3.314011
v -1.164261 6.893775 -3.314011
v -1.136953 6.616144 -3.314011
v -1.129367 6.795164 -3.314011
v -2.965424 2.157238 -3.314011
v -2.918222 2.258078 -3.314011
v -2.966798 2.018677 -3.314011
v -2.379161 1.790052 -3.314011
v -2.289049 1.957403 -3.314011
v -2.445673 1.530441 -3.314011
v -3.063347 1.660374 -3.314011
v -3.151315 1.190501 -3.314011
v -2.488584 1.067007 -3.314011
v -3.196371 0.842925 -3.314011
v -2.492875 0.552080 -3.314011
v -3.213535 -0.139731 -3.314011
v -3.327249 0.890126 -3.314011
v -2.664279 -0.094675 -3.314011
v -3.552528 -0.137585 -3.314011
v -2.505508 -0.060349 -3.314011
v -2.460692 0.187340 -3.314011
v -2.462597 -0.006711 -3.314011
v -3.481726 0.907291 -3.314011
v -3.805701 -0.113984 -3.314011
v -3.865776 -0.086093 -3.314011
v -3.940869 0.057658 -3.314011
v -3.646933 0.879399 -3.314011
v -3.988071 0.242173 -3.314011
v -3.782100 0.800014 -3.314011
v -3.979488 0.448144 -3.314011
v -3.902249 0.641242 -3.314011
v -3.240052 3.019742 -3.314011
v -3.482497 3.105563 -3.314011
v -3.383801 3.026179 -3.314011
v -3.557590 3.217131 -3.314011
v -3.098447 3.056216 -3.314011
v -3.589773 3.405937 -3.314011
v -2.958987 3.144183 -3.314011
v -3.587628 3.601180 -3.314011
v -2.800218 3.300806 -3.314011
v -3.549008 3.774969 -3.314011
v -2.686505 3.470304 -3.314011
v -3.454607 4.021705 -3.314011
v -3.368784 4.191202 -3.314011
v -3.297982 4.300624 -3.314011
v -3.305904 4.413169 -3.314011
v -3.233082 4.548192 -3.314011
v -3.284665 4.487507 -3.314011
v -1.407034 3.533958 -3.126665
v -1.407034 3.533958 -3.314011
v -1.409448 3.634374 -3.314011
v -1.409448 3.634374 -3.126665
v -1.348854 3.713512 -3.314011
v -1.348854 3.713512 -3.126665
v -1.251758 3.743854 -3.314011
v -1.251758 3.743854 -3.126665
v -1.147076 3.748406 -3.314011
v -1.147076 3.748406 -3.126665
v -2.617848 3.221422 -3.126665
v -2.577083 3.440266 -3.314011
v -2.577083 3.440266 -3.126665
v -2.617848 3.221422 -3.314011
v -2.630721 2.931775 -3.126665
v -2.630721 2.931775 -3.314011
v -2.703670 2.734386 -3.126665
v -2.703670 2.734386 -3.314011
v -2.847420 2.311716 -3.126665
v -2.847420 2.311716 -3.314011
v -2.918222 2.258078 -3.126665
v -2.918222 2.258078 -3.314011
v -2.965424 2.157238 -3.126665
v -2.965424 2.157238 -3.314011
v -2.966798 2.018677 -3.126665
v -2.966798 2.018677 -3.314011
v -3.063347 1.660374 -3.126665
v -3.063347 1.660374 -3.314011
v -3.151315 1.190501 -3.126665
v -3.151315 1.190501 -3.314011
v -3.196371 0.842925 -3.126666
v -3.196371 0.842925 -3.314011
v -0.804421 3.431498 -3.126665
v -0.804421 3.431498 -3.314011
v -0.789402 3.315639 -3.314011
v -0.789402 3.315639 -3.126665
v -0.817294 3.246982 -3.314011
v -0.817294 3.246982 -3.126665
v -0.918134 3.174035 -3.314011
v -0.918134 3.174035 -3.126665
v -0.946026 3.019556 -3.314011
v -0.946026 3.019556 -3.126665
v -1.006101 2.929444 -3.314011
v -1.006101 2.929444 -3.126665
v -1.098358 2.880097 -3.314011
v -1.098358 2.880097 -3.126665
v -1.119814 2.835041 -3.314011
v -1.119814 2.835041 -3.126665
v -1.126251 2.680563 -3.314011
v -1.126251 2.680563 -3.126665
v -1.207780 2.547539 -3.314011
v -1.207780 2.547539 -3.126665
v -1.457794 3.574765 -3.126665
v -1.407034 3.533958 -3.314011
v -1.407034 3.533958 -3.126665
v -1.457794 3.574765 -3.314011
v -1.533092 3.622055 -3.126665
v -1.533092 3.622055 -3.314011
v -1.600695 3.636139 -3.126665
v -1.600695 3.636139 -3.314011
v -1.650760 3.708961 -3.126665
v -1.650760 3.708961 -3.314011
v -1.354922 4.288500 -3.126665
v -1.479326 4.212645 -3.314011
v -1.479326 4.212645 -3.126665
v -1.354922 4.288500 -3.314011
v -1.262378 4.306706 -3.126665
v -1.262378 4.306706 -3.314011
v -1.107631 4.258158 -3.126665
v -1.107631 4.258158 -3.314011
v -1.414869 4.743875 -3.126665
v -1.414869 4.743875 -3.314011
v -1.273777 4.763597 -3.314011
v -1.273777 4.763597 -3.126665
v -1.096274 4.756011 -3.314011
v -1.096274 4.756011 -3.126665
v -0.867189 4.654365 -3.314011
v -0.867189 4.654364 -3.126665
v -0.720028 4.502652 -3.314011
v -0.720028 4.502652 -3.126665
v -1.191854 4.912275 -3.126665
v -1.416386 4.772699 -3.314011
v -1.416386 4.772699 -3.126665
v -1.191854 4.912275 -3.314011
v -1.076553 5.050333 -3.126665
v -1.076553 5.050333 -3.314011
v -1.024971 5.180804 -3.126665
v -1.024971 5.180804 -3.314011
v -1.015868 5.352240 -3.126665
v -1.015868 5.352240 -3.314011
v -3.264943 6.491623 -3.126665
v -3.264943 6.491623 -3.314011
v -3.298320 6.723744 -3.314011
v -3.298320 6.723744 -3.126665
v -3.276088 6.959013 -3.314011
v -3.276088 6.959013 -3.126665
v -3.197197 7.130446 -3.314011
v -3.197197 7.130446 -3.126665
v -3.031833 7.301883 -3.314011
v -3.031833 7.301883 -3.126665
v -2.848262 7.433871 -3.314011
v -2.848262 7.433871 -3.126665
v -2.679862 7.494558 -3.314011
v -2.679862 7.494558 -3.126665
v -2.452294 7.526418 -3.314011
v -2.452294 7.526418 -3.126665
v -2.211072 7.470284 -3.314011
v -2.211072 7.470284 -3.126665
v -1.971367 7.336778 -3.314011
v -1.971367 7.336778 -3.126665
v -1.701321 7.347397 -3.314011
v -1.701321 7.347397 -3.126665
v -3.091990 5.368954 -3.126665
v -3.091990 5.368954 -3.314011
v -3.324110 5.388675 -3.314011
v -3.324110 5.388675 -3.126665
v -3.521334 5.478186 -3.314011
v -3.521334 5.478186 -3.126665
v -3.651806 5.611692 -3.314011
v -3.651806 5.611692 -3.126665
v -3.729180 5.774024 -3.314011
v -3.729180 5.774024 -3.126665
v -3.754972 5.950010 -3.314011
v -3.754972 5.950010 -3.126665
v -3.748903 6.113860 -3.314011
v -3.748903 6.113860 -3.126665
v -3.428792 6.347497 -3.126665
v -3.313490 6.335360 -3.314011
v -3.313490 6.335360 -3.126665
v -3.428792 6.347497 -3.314011
v -3.545609 6.330809 -3.126665
v -3.545609 6.330809 -3.314011
v -3.671530 6.229163 -3.126665
v -3.671530 6.229163 -3.314011
v -3.748903 6.113860 -3.126665
v -3.748903 6.113860 -3.314011
v -1.033790 6.285411 -3.126665
v -1.033790 6.285411 -3.314011
v -0.942763 6.302099 -3.314011
v -0.942763 6.302099 -3.126665
v -0.812290 6.279341 -3.314011
v -0.812290 6.279341 -3.126665
v -0.663613 6.177695 -3.314011
v -0.663613 6.177695 -3.126665
v -0.828979 5.457062 -3.126665
v -1.015868 5.352240 -3.314011
v -1.015868 5.352240 -3.126665
v -0.828979 5.457062 -3.314011
v -0.677267 5.616360 -3.126665
v -0.677267 5.616360 -3.314011
v -0.605963 5.802966 -3.126665
v -0.605963 5.802966 -3.314011
v -0.596859 6.013846 -3.126665
v -0.596859 6.013846 -3.314011
v -0.663613 6.177695 -3.126665
v -0.663613 6.177695 -3.314011
v -3.313490 6.335360 -3.126665
v -3.313490 6.335360 -3.314011
v -3.264943 6.491623 -3.314011
v -3.264943 6.491623 -3.126665
v -3.016134 5.167177 -3.126665
v -3.091990 5.368954 -3.314011
v -3.091990 5.368954 -3.126665
v -3.016134 5.167177 -3.314011
v -3.108679 4.901681 -3.126665
v -3.108679 4.901681 -3.314011
v -3.176949 4.581569 -3.126665
v -3.176949 4.581569 -3.314011
v -1.416386 4.772699 -3.126665
v -1.416386 4.772699 -3.314011
v -1.414869 4.743875 -3.314011
v -1.414869 4.743875 -3.126665
v -1.065649 6.426503 -3.126665
v -1.033790 6.285411 -3.314011
v -1.033790 6.285411 -3.126665
v -1.065649 6.426503 -3.314011
v -1.155158 6.572146 -3.126665
v -1.155158 6.572146 -3.314011
v -1.136953 6.616144 -3.126665
v -1.155158 6.572146 -3.314011
v -1.155158 6.572146 -3.126665
v -1.136953 6.616144 -3.314011
v -1.129367 6.795164 -3.126665
v -1.129367 6.795164 -3.314011
v -1.164261 6.893775 -3.126665
v -1.164261 6.893775 -3.314011
v -1.275010 7.034871 -3.126665
v -1.275010 7.034871 -3.314011
v -1.246184 7.086452 -3.126665
v -1.275010 7.034871 -3.314011
v -1.275010 7.034871 -3.126665
v -1.246184 7.086452 -3.314011
v -1.253770 7.215407 -3.126665
v -1.253770 7.215407 -3.314011
v -1.344798 7.361052 -3.126665
v -1.344798 7.361052 -3.314011
v -1.701321 7.347397 -3.126665
v -1.701321 7.347397 -3.314011
v -1.687667 7.415668 -3.314011
v -1.687667 7.415668 -3.126665
v -1.602708 7.511246 -3.314011
v -1.602708 7.511246 -3.126665
v -1.490441 7.556759 -3.314011
v -1.490441 7.556759 -3.126665
v -1.358452 7.558276 -3.314011
v -1.358452 7.558276 -3.126665
v -1.314455 7.403532 -3.126665
v -1.344798 7.361052 -3.314011
v -1.344798 7.361052 -3.126665
v -1.314455 7.403532 -3.314011
v -1.309904 7.502143 -3.126665
v -1.309904 7.502143 -3.314011
v -1.358452 7.558276 -3.126665
v -1.358452 7.558276 -3.314011
v -1.309904 7.502143 -3.314011
v -1.309904 7.502143 -3.126665
v -2.577083 3.440266 -3.126665
v -2.577083 3.440266 -3.314011
v -2.583519 3.547542 -3.314011
v -2.583519 3.547542 -3.126665
v -2.596393 3.639800 -3.314011
v -2.596393 3.639800 -3.126665
v -1.540010 3.825779 -3.126665
v -1.650760 3.708961 -3.314011
v -1.650760 3.708961 -3.126665
v -1.540010 3.825779 -3.314011
v -1.464154 3.989628 -3.126665
v -1.464154 3.989628 -3.314011
v -1.465672 4.154994 -3.126665
v -1.465672 4.154994 -3.314011
v -1.479326 4.212645 -3.126665
v -1.479326 4.212645 -3.314011
v -1.033292 4.118583 -3.126665
v -1.107631 4.258158 -3.314011
v -1.107631 4.258158 -3.126665
v -1.033292 4.118583 -3.314011
v -1.028741 3.986594 -3.126665
v -1.028741 3.986594 -3.314011
v -1.090943 3.856122 -3.126665
v -1.090943 3.856122 -3.314011
v -1.147076 3.748406 -3.126665
v -1.147076 3.748406 -3.314011
v -0.720028 4.502652 -3.126665
v -0.720028 4.502652 -3.314011
v -0.616864 4.249293 -3.314011
v -0.616864 4.249293 -3.126665
v -0.601693 4.047517 -3.314011
v -0.601693 4.047517 -3.126665
v -0.615348 3.826017 -3.314011
v -0.615348 3.826017 -3.126665
v -0.688168 3.592381 -3.314011
v -0.688168 3.592381 -3.126665
v -0.804421 3.431498 -3.314011
v -0.804421 3.431498 -3.126665
v -2.174268 2.638998 -3.126665
v -2.174268 2.638998 -3.314011
v -2.187922 2.578313 -3.314011
v -2.187922 2.578313 -3.126665
v -2.295638 2.148968 -3.314011
v -2.295638 2.148968 -3.126665
v -2.289049 1.957403 -3.314011
v -2.289049 1.957403 -3.126665
v -2.379161 1.790052 -3.314011
v -2.379161 1.790052 -3.126665
v -2.445673 1.530441 -3.314011
v -2.445673 1.530441 -3.126665
v -2.488584 1.067007 -3.314011
v -2.488584 1.067007 -3.126665
v -2.492875 0.552080 -3.314011
v -2.492875 0.552080 -3.126666
v -2.460692 0.187340 -3.314011
v -2.460692 0.187340 -3.126666
v -2.462597 -0.006711 -3.314011
v -2.462597 -0.006711 -3.126666
v -1.879947 2.623827 -3.126665
v -1.879947 2.623827 -3.314011
v -2.033176 2.631412 -3.314011
v -2.033176 2.631412 -3.126665
v -2.140892 2.652652 -3.314011
v -2.140892 2.652652 -3.126665
v -2.174268 2.638998 -3.314011
v -2.174268 2.638998 -3.126665
v -1.849605 2.485769 -3.126665
v -1.879947 2.623827 -3.314011
v -1.879947 2.623827 -3.126665
v -1.849605 2.485769 -3.314011
v -1.869328 2.162622 -3.126665
v -1.869328 2.162622 -3.314011
v -1.351083 2.518886 -3.126665
v -1.351083 2.518886 -3.314011
v -1.335912 2.139606 -3.314011
v -1.335912 2.139606 -3.126665
v -1.207780 2.547539 -3.126665
v -1.207780 2.547539 -3.314011
v -1.351083 2.518886 -3.314011
v -1.351083 2.518886 -3.126665
v -1.284329 2.094093 -3.126665
v -1.284329 2.094093 -3.314011
v -1.287363 1.878662 -3.314011
v -1.287363 1.878662 -3.126665
v -1.341980 1.781566 -3.314011
v -1.341980 1.781566 -3.126665
v -1.311638 1.435663 -3.314011
v -1.311638 1.435663 -3.126665
v -1.298260 0.899638 -3.314011
v -1.298260 0.899638 -3.126666
v -1.335912 2.139606 -3.126665
v -1.335912 2.139606 -3.314011
v -1.284329 2.094093 -3.314011
v -1.284329 2.094093 -3.126665
v -1.920910 2.132280 -3.126665
v -1.869328 2.162622 -3.314011
v -1.869328 2.162622 -3.126665
v -1.920910 2.132280 -3.314011
v -1.961872 2.018496 -3.126665
v -1.961872 2.018496 -3.314011
v -1.971511 1.903765 -3.126665
v -1.971511 1.903765 -3.314011
v -1.904999 1.800779 -3.126665
v -1.904999 1.800779 -3.314011
v -1.952201 1.431748 -3.126665
v -1.952201 1.431748 -3.314011
v -2.033731 0.854602 -3.126666
v -2.033731 0.854602 -3.314011
v -2.121698 0.556373 -3.126666
v -2.121698 0.556373 -3.314011
v -2.188210 0.168033 -3.126666
v -2.188210 0.168033 -3.314011
v -2.177242 0.055510 -3.126666
v -2.177242 0.055510 -3.314011
v -3.233082 4.548192 -3.126665
v -3.176949 4.581569 -3.314011
v -3.176949 4.581569 -3.126665
v -3.233082 4.548192 -3.314011
v -3.284665 4.487507 -3.126665
v -3.284665 4.487507 -3.314011
v -3.305904 4.413169 -3.126665
v -3.305904 4.413169 -3.314011
v -3.297982 4.300624 -3.126665
v -3.305904 4.413169 -3.314011
v -3.305904 4.413169 -3.126665
v -3.297982 4.300624 -3.314011
v -3.368784 4.191202 -3.126665
v -3.368784 4.191202 -3.314011
v -3.454607 4.021705 -3.126665
v -3.454607 4.021705 -3.314011
v -3.549008 3.774969 -3.126665
v -3.549008 3.774969 -3.314011
v -3.587628 3.601180 -3.126665
v -3.587628 3.601180 -3.314011
v -3.589773 3.405937 -3.126665
v -3.589773 3.405937 -3.314011
v -2.596393 3.639800 -3.126665
v -2.596393 3.639800 -3.314011
v -2.686505 3.470304 -3.314011
v -2.686505 3.470304 -3.126665
v -2.800218 3.300806 -3.314011
v -2.800218 3.300806 -3.126665
v -2.958987 3.144183 -3.314011
v -2.958987 3.144183 -3.126665
v -3.098447 3.056216 -3.314011
v -3.098447 3.056216 -3.126665
v -3.240052 3.019742 -3.314011
v -3.240052 3.019742 -3.126665
v -3.557590 3.217131 -3.126665
v -3.589773 3.405937 -3.314011
v -3.589773 3.405937 -3.126665
v -3.557590 3.217131 -3.314011
v -3.482497 3.105563 -3.126665
v -3.482497 3.105563 -3.314011
v -3.383801 3.026179 -3.126665
v -3.383801 3.026179 -3.314011
v -3.240052 3.019742 -3.126665
v -3.240052 3.019742 -3.314011
v -1.298260 0.899638 -3.126666
v -1.298260 0.899638 -3.314011
v -1.117722 0.845022 -3.314011
v -1.117722 0.845022 -3.126666
v -0.970562 0.726686 -3.314011
v -0.970562 0.726686 -3.126666
v -0.868915 0.562837 -3.314011
v -0.868915 0.562837 -3.126666
v -0.817333 0.402023 -3.314011
v -0.817333 0.402023 -3.126666
v -0.800644 0.189627 -3.314011
v -0.800644 0.189627 -3.126666
v -0.826435 0.025778 -3.314011
v -0.826435 0.025778 -3.126666
v -0.890154 -0.071318 -3.314011
v -0.890154 -0.071318 -3.126666
v -1.848976 -0.126860 -3.126666
v -2.067820 -0.043185 -3.314011
v -2.067820 -0.043185 -3.126666
v -1.848976 -0.126860 -3.314011
v -1.535728 -0.167625 -3.126666
v -1.535728 -0.167625 -3.314011
v -1.138805 -0.165480 -3.126666
v -1.138805 -0.165480 -3.314011
v -1.022143 -0.139588 -3.126666
v -1.022143 -0.139588 -3.314011
v -0.890154 -0.071318 -3.126666
v -0.890154 -0.071318 -3.314011
v -2.067820 -0.043185 -3.126666
v -2.067820 -0.043185 -3.314011
v -2.177242 0.055510 -3.314011
v -2.177242 0.055510 -3.126666
v -3.327249 0.890126 -3.126666
v -3.327249 0.890126 -3.314011
v -3.196371 0.842925 -3.314011
v -3.196371 0.842925 -3.126666
v -3.481726 0.907291 -3.126666
v -3.327249 0.890126 -3.314011
v -3.327249 0.890126 -3.126666
v -3.481726 0.907291 -3.314011
v -3.646933 0.879399 -3.126666
v -3.646933 0.879399 -3.314011
v -3.782100 0.800014 -3.126666
v -3.782100 0.800014 -3.314011
v -2.505508 -0.060349 -3.126666
v -2.505508 -0.060349 -3.314011
v -2.664279 -0.094675 -3.314011
v -2.664279 -0.094675 -3.126666
v -3.213535 -0.139731 -3.314011
v -3.213535 -0.139731 -3.126666
v -3.552528 -0.137585 -3.314011
v -3.552528 -0.137585 -3.126666
v -3.805701 -0.113984 -3.314011
v -3.805701 -0.113984 -3.126666
v -3.865776 -0.086093 -3.314011
v -3.865776 -0.086093 -3.126666
v -2.462597 -0.006711 -3.126666
v -2.462597 -0.006711 -3.314011
v -2.505508 -0.060349 -3.314011
v -2.505508 -0.060349 -3.126666
v -3.865776 -0.086093 -3.126666
v -3.865776 -0.086093 -3.314011
v -3.940869 0.057658 -3.314011
v -3.940869 0.057658 -3.126666
v -3.988071 0.242173 -3.314011
v -3.988071 0.242173 -3.126666
v -3.979488 0.448144 -3.314011
v -3.979488 0.448144 -3.126666
v -3.902249 0.641242 -3.314011
v -3.902249 0.641242 -3.126666
v -3.782100 0.800014 -3.314011
v -3.782100 0.800014 -3.126666
vn -0.0000 -0.0000 1.0000
vn -0.0000 -0.0000 -1.0000
vn -0.9509 0.3095 -0.0000
vn -0.9997 -0.0240 -0.0000
vn -0.5729 0.8196 -0.0000
vn -0.9509 0.3096 -0.0000
vn -0.1723 0.9850 -0.0000
vn -0.5730 0.8196 -0.0000
vn -0.0434 0.9991 -0.0000
vn -0.9981 0.0621 -0.0000
vn -0.9935 0.1140 -0.0000
vn -0.9935 0.1141 -0.0000
vn -0.9802 0.1979 -0.0000
vn -0.9425 0.3343 -0.0000
vn -0.9424 0.3344 -0.0000
vn -0.8109 0.5852 -0.0000
vn -0.7775 0.6289 -0.0000
vn -0.9751 0.2220 -0.0000
vn -0.9750 0.2220 -0.0000
vn -0.9907 0.1361 -0.0000
vn -0.9750 0.2223 -0.0000
vn -0.9877 0.1563 -0.0000
vn -0.9877 0.1564 -0.0000
vn -0.9917 0.1286 -0.0000
vn 0.9918 -0.1281 -0.0000
vn 0.9693 -0.2459 -0.0000
vn 0.7868 -0.6172 -0.0000
vn 0.9918 -0.1282 -0.0000
vn 0.8464 -0.5325 -0.0000
vn 0.9274 -0.3740 -0.0000
vn 0.6720 -0.7405 0.0001
vn 0.6720 -0.7405 -0.0000
vn 0.7234 -0.6904 -0.0000
vn 0.6721 -0.7405 -0.0000
vn 0.9706 -0.2407 -0.0000
vn 0.9566 -0.2915 -0.0000
vn 0.9706 -0.2406 -0.0000
vn 0.8526 -0.5226 -0.0000
vn 0.9566 -0.2914 -0.0000
vn 0.6266 0.7794 -0.0000
vn 0.5802 0.8145 -0.0000
vn 0.3738 0.9275 -0.0000
vn 0.5538 0.8326 -0.0000
vn 0.3738 0.9275 0.0001
vn 0.8240 0.5665 -0.0000
vn 0.5206 -0.8538 -0.0000
vn 0.3625 -0.9320 -0.0000
vn -0.0549 -0.9985 -0.0000
vn -0.0548 -0.9985 -0.0000
vn -0.6386 -0.7695 -0.0000
vn -0.0481 0.9988 -0.0000
vn -0.1384 0.9904 -0.0000
vn 0.2281 0.9736 -0.0000
vn 0.5721 0.8202 -0.0000
vn 0.5721 0.8201 -0.0000
vn 0.8373 0.5467 -0.0000
vn 0.5279 -0.8493 -0.0000
vn 0.6560 -0.7547 -0.0000
vn 0.6561 -0.7547 -0.0000
vn 0.8597 -0.5108 -0.0000
vn 0.9770 -0.2131 -0.0000
vn 0.8597 -0.5109 0.0001
vn 0.9986 -0.0530 -0.0000
vn -0.9997 -0.0243 -0.0000
vn -0.9969 0.0791 -0.0000
vn -0.9657 0.2598 -0.0000
vn -0.8257 0.5641 0.0001
vn -0.9657 0.2597 -0.0000
vn -0.8257 0.5641 -0.0000
vn -0.6544 0.7561 -0.0000
vn -0.4659 0.8848 -0.0000
vn -0.2401 0.9707 -0.0000
vn -0.4659 0.8849 -0.0000
vn 0.0448 0.9990 0.0001
vn 0.0447 0.9990 -0.0000
vn 0.3601 0.9329 -0.0000
vn 0.2323 0.9726 -0.0000
vn -0.0393 0.9992 -0.0000
vn -0.2526 -0.9676 -0.0000
vn -0.0847 -0.9964 -0.0000
vn -0.5741 -0.8188 0.0001
vn -0.5741 -0.8188 -0.0000
vn -0.8200 -0.5723 -0.0000
vn -0.9568 -0.2909 -0.0000
vn -0.9985 -0.0542 -0.0000
vn -0.9511 0.3089 -0.0000
vn 0.1047 0.9945 -0.0000
vn -0.0185 0.9998 -0.0000
vn -0.3991 0.9169 -0.0000
vn -0.7376 0.6753 -0.0000
vn -0.0043 1.0000 -0.0000
vn -0.1803 0.9836 -0.0000
vn 0.3766 0.9264 -0.0000
vn 0.7782 0.6280 -0.0000
vn 0.4892 -0.8722 -0.0000
vn 0.6135 -0.7897 -0.0000
vn 0.8456 -0.5337 -0.0000
vn 0.9793 -0.2026 -0.0000
vn 0.9792 -0.2027 -0.0000
vn 0.9853 0.1710 -0.0000
vn -0.9550 0.2967 -0.0000
vn -0.9360 -0.3519 -0.0000
vn -0.9999 -0.0121 -0.0000
vn -0.9630 0.2694 -0.0000
vn -0.9780 0.2086 -0.0000
vn 0.9986 0.0526 -0.0000
vn 0.9754 0.2203 -0.0000
vn 0.9262 0.3770 -0.0000
vn 0.8520 0.5236 -0.0000
vn 0.9240 -0.3823 -0.0000
vn 0.9765 -0.2156 -0.0000
vn 0.9889 0.1483 -0.0000
vn 0.8762 0.4819 -0.0000
vn 0.7866 0.6174 -0.0000
vn 0.8729 -0.4878 -0.0000
vn 0.9747 -0.2235 -0.0000
vn 0.9527 0.3038 -0.0000
vn 0.8480 0.5300 -0.0000
vn -0.8952 0.4457 -0.0001
vn -0.9806 0.1961 -0.0000
vn -0.8952 0.4457 -0.0000
vn -0.5767 0.8170 -0.0000
vn -0.8952 0.4458 -0.0000
vn -0.1970 0.9804 -0.0000
vn -0.0115 0.9999 -0.0000
vn -0.1970 0.9804 0.0001
vn 0.8137 -0.5812 -0.0000
vn 0.9450 -0.3271 -0.0000
vn 0.9450 -0.3270 -0.0000
vn 0.9449 0.3273 -0.0000
vn 0.7564 0.6542 -0.0000
vn -0.9951 -0.0991 -0.0000
vn -0.9904 -0.1382 -0.0000
vn 0.7257 -0.6880 -0.0000
vn 0.8275 -0.5615 -0.0000
vn 0.9776 -0.2106 -0.0000
vn 0.9927 0.1206 -0.0000
vn 0.9776 -0.2106 0.0001
vn 0.9731 0.2305 -0.0000
vn -0.9659 -0.2589 -0.0000
vn -0.9790 0.2037 -0.0000
vn -0.8949 0.4463 -0.0000
vn -0.8868 0.4621 -0.0000
vn 0.9735 0.2288 -0.0000
vn 1.0000 0.0067 -0.0000
vn 0.9735 0.2288 -0.0001
vn 0.9835 -0.1808 -0.0000
vn 0.8943 -0.4475 -0.0000
vn 0.9835 -0.1809 -0.0000
vn 0.9729 -0.2314 -0.0000
vn 0.9756 -0.2195 -0.0000
vn 0.9944 -0.1055 -0.0000
vn 0.9728 -0.2315 -0.0000
vn 0.9737 -0.2277 -0.0000
vn 0.9315 -0.3638 -0.0000
vn 0.9737 -0.2278 -0.0000
vn 0.9853 -0.1707 -0.0000
vn 0.9987 -0.0503 -0.0000
vn 0.9992 0.0398 -0.0000
vn 0.9992 0.0391 -0.0000
vn 0.9420 -0.3356 -0.0000
vn -0.1218 -0.9926 -0.0000
vn -0.0494 -0.9988 -0.0000
vn 0.0967 -0.9953 -0.0000
vn 0.3786 -0.9255 -0.0000
vn -0.9767 -0.2147 -0.0000
vn -0.9970 -0.0776 -0.0000
vn -0.9981 0.0609 -0.0000
vn 0.9992 0.0400 -0.0000
vn 0.1961 -0.9806 -0.0000
vn 0.9656 -0.2602 -0.0000
vn 0.9999 -0.0141 -0.0000
vn 0.9775 -0.2108 -0.0000
vn 0.9655 -0.2602 -0.0000
vn 0.9984 0.0562 -0.0000
vn 0.9775 -0.2109 -0.0000
vn 0.9997 0.0249 -0.0000
vn 0.6616 0.7498 -0.0000
vn -0.5070 0.8619 -0.0000
vn -0.7698 0.6383 -0.0000
vn -0.9770 0.2130 -0.0000
vn -0.9702 -0.2424 -0.0000
vn -0.9752 -0.2213 -0.0000
vn -0.9911 0.1333 -0.0000
vn -0.9911 0.1334 -0.0000
vn -0.9773 0.2120 -0.0000
vn -0.9741 0.2263 -0.0000
vn -0.9741 0.2262 -0.0000
vn -0.9993 0.0362 -0.0000
vn -0.8929 -0.4502 0.0001
vn -0.8929 -0.4502 -0.0000
vn -0.5111 0.8595 -0.0000
vn -0.6453 0.7640 -0.0000
vn -0.6452 0.7640 -0.0000
vn -0.8817 0.4719 -0.0000
vn -0.9946 0.1038 -0.0000
vn -0.9684 0.2494 -0.0000
vn -0.8671 0.4982 -0.0000
vn -0.9143 0.4051 -0.0000
vn -0.9577 0.2879 -0.0000
vn -0.9934 0.1146 -0.0000
vn -0.9969 -0.0789 -0.0000
vn 0.8578 -0.5140 -0.0000
vn 0.8830 -0.4694 -0.0000
vn 0.7703 -0.6377 -0.0000
vn 0.8578 -0.5139 -0.0000
vn 0.6215 -0.7834 -0.0000
vn 0.7702 -0.6378 -0.0000
vn 0.3962 -0.9181 -0.0000
vn 0.1035 -0.9946 0.0001
vn 0.1035 -0.9946 -0.0000
vn -0.9284 -0.3715 -0.0000
vn -0.7365 -0.6764 0.0001
vn -0.9284 -0.3715 -0.0001
vn -0.7365 -0.6764 -0.0000
vn -0.7365 -0.6765 -0.0000
vn -0.3533 -0.9355 -0.0000
vn 0.4667 0.8844 -0.0000
vn 0.2896 0.9572 -0.0000
vn 0.7489 0.6627 -0.0000
vn 0.4667 0.8844 -0.0001
vn 0.9078 0.4194 -0.0000
vn 0.9812 0.1932 -0.0000
vn 0.9992 -0.0388 -0.0000
vn 0.9329 -0.3602 -0.0000
vn 0.9992 -0.0389 -0.0000
vn 0.6696 -0.7427 -0.0000
vn -0.5223 -0.8527 -0.0000
vn -0.2448 -0.9696 -0.0000
vn -0.5223 -0.8527 -0.0001
vn -0.0620 -0.9981 -0.0000
vn 0.1116 -0.9937 -0.0000
vn 0.1117 -0.9937 -0.0000
vn 0.3409 -0.9401 -0.0000
vn 0.6696 -0.7427 -0.0001
vn -0.8929 -0.4503 -0.0000
vn -0.5223 -0.8528 -0.0000
vn 0.3393 0.9407 -0.0000
vn 0.2264 0.9740 -0.0000
vn -0.0283 0.9996 -0.0000
vn -0.3421 0.9397 -0.0000
vn -0.6646 0.7472 -0.0000
vn 0.1469 -0.9892 -0.0000
vn 0.5265 -0.8502 -0.0000
vn 0.0377 -0.9993 -0.0000
vn 0.1468 -0.9892 -0.0000
vn -0.0496 -0.9988 -0.0000
vn 0.0378 -0.9993 -0.0000
vn -0.2608 -0.9654 -0.0000
vn -0.6904 -0.7234 -0.0000
vn -0.9338 -0.3578 -0.0000
vn -0.9946 -0.1042 -0.0000
vn -0.9778 0.2095 -0.0000
vn -0.8707 0.4918 -0.0000
vn -0.6647 0.7472 -0.0000
vt 0.953386 0.798134
vt 0.950247 0.794034
vt 0.958416 0.799705
vt 0.963838 0.799941
vt 0.950372 0.788832
vt 0.975698 0.770188
vt 0.944186 0.788337
vt 0.947743 0.790946
vt 0.943842 0.793396
vt 0.940340 0.794125
vt 0.918901 0.786312
vt 0.937747 0.797898
vt 0.916540 0.854622
vt 0.943484 0.803949
vt 0.947413 0.812437
vt 0.947335 0.821003
vt 0.946627 0.823989
vt 0.888762 0.794315
vt 0.949966 0.851507
vt 0.889429 0.789536
vt 0.889762 0.783979
vt 0.887650 0.772643
vt 0.957275 0.852529
vt 0.953072 0.827919
vt 0.957865 0.828862
vt 0.966470 0.852136
vt 0.949888 0.853001
vt 0.965882 0.826347
vt 0.978337 0.846871
vt 0.985960 0.839012
vt 0.969733 0.819117
vt 0.991304 0.825888
vt 0.992090 0.815435
vt 0.969968 0.812279
vt 0.991382 0.803961
vt 0.966746 0.805521
vt 0.987610 0.791859
vt 0.981588 0.783525
vt 0.982366 0.777523
vt 0.980921 0.773967
vt 0.974253 0.762186
vt 0.966362 0.754962
vt 0.971141 0.757518
vt 0.965251 0.752628
vt 0.953270 0.736250
vt 0.964917 0.744625
vt 0.960694 0.737735
vt 0.925875 0.741687
vt 0.954056 0.716603
vt 0.917937 0.742079
vt 0.927446 0.734535
vt 0.912357 0.743180
vt 0.886984 0.757639
vt 0.910629 0.742472
vt 0.883205 0.747414
vt 0.909921 0.739329
vt 0.875759 0.725519
vt 0.926425 0.717796
vt 0.904341 0.717088
vt 0.953742 0.698056
vt 0.956728 0.714246
vt 0.956571 0.703086
vt 0.924577 0.699052
vt 0.955314 0.680138
vt 0.921132 0.704386
vt 0.921631 0.710330
vt 0.923753 0.716224
vt 0.922132 0.679935
vt 0.956007 0.652372
vt 0.917908 0.650038
vt 0.943706 0.597086
vt 0.913352 0.634590
vt 0.927479 0.599198
vt 0.909906 0.614474
vt 0.916143 0.603532
vt 0.910474 0.608645
vt 0.964267 0.597197
vt 0.965359 0.649542
vt 0.972982 0.643412
vt 0.970310 0.598538
vt 0.978247 0.634925
vt 0.977147 0.602075
vt 0.980448 0.607104
vt 0.980919 0.626594
vt 0.981784 0.615592
vt 0.875715 0.990852
vt 0.866206 0.984015
vt 0.884438 0.993996
vt 0.857640 0.975135
vt 0.853553 0.966254
vt 0.896227 0.995646
vt 0.852401 0.954067
vt 0.908722 0.992739
vt 0.854130 0.942043
vt 0.921139 0.985823
vt 0.918320 0.905406
vt 0.851615 0.933948
vt 0.957211 0.970184
vt 0.935128 0.986373
vt 0.958704 0.972856
vt 0.958311 0.979536
vt 0.935835 0.989909
vt 0.953596 0.987080
vt 0.940236 0.994860
vt 0.955168 0.989281
vt 0.955404 0.994389
vt 0.946051 0.997218
vt 0.952889 0.997297
vt 0.863089 0.883887
vt 0.845643 0.934577
vt 0.867019 0.873435
vt 0.851066 0.884909
vt 0.839591 0.933712
vt 0.961519 0.860231
vt 0.840849 0.889546
vt 0.833068 0.928447
vt 0.829061 0.922474
vt 0.834090 0.896461
vt 0.828746 0.913987
vt 0.830082 0.904870
vt 0.862225 0.859682
vt 0.967492 0.867382
vt 0.858688 0.843100
vt 0.970164 0.874141
vt 0.970635 0.883021
vt 0.969707 0.931361
vt 0.980316 0.888451
vt 0.968056 0.938670
vt 0.974422 0.932225
vt 0.981181 0.931046
vt 0.988175 0.896703
vt 0.988882 0.925781
vt 0.991869 0.906370
vt 0.992340 0.917293
vt 0.963420 0.946214
vt 0.962948 0.962875
vt 0.964363 0.948493
vt 0.964756 0.957766
vt 0.872091 0.722740
vt 0.869646 0.717517
vt 0.869574 0.710339
vt 0.900015 0.698496
vt 0.904683 0.707165
vt 0.896569 0.685048
vt 0.864573 0.691778
vt 0.860016 0.667439
vt 0.894347 0.661041
vt 0.857682 0.649434
vt 0.894124 0.634368
vt 0.856793 0.598531
vt 0.850903 0.651879
vt 0.885245 0.600865
vt 0.839233 0.598642
vt 0.893470 0.602643
vt 0.895791 0.615474
vt 0.895693 0.605421
vt 0.842901 0.652768
vt 0.826118 0.599865
vt 0.823007 0.601309
vt 0.819116 0.608756
vt 0.834343 0.651323
vt 0.816671 0.618314
vt 0.827341 0.647211
vt 0.817116 0.628983
vt 0.821117 0.638986
vt 0.847973 0.762529
vt 0.855420 0.762195
vt 0.842861 0.766641
vt 0.838971 0.772420
vt 0.862755 0.764085
vt 0.837304 0.782201
vt 0.869979 0.768641
vt 0.837415 0.792315
vt 0.878204 0.776755
vt 0.839415 0.801317
vt 0.884094 0.785535
vt 0.844306 0.814098
vt 0.848751 0.822878
vt 0.852419 0.828547
vt 0.852009 0.834376
vt 0.855781 0.841371
vt 0.853109 0.838227
vt 0.841943 0.485328
vt 0.840702 0.481358
vt 0.845179 0.487806
vt 0.840516 0.477077
vt 0.849285 0.487707
vt 0.864003 0.467715
vt 0.849676 0.492590
vt 0.847616 0.489783
vt 0.845683 0.492862
vt 0.845106 0.495627
vt 0.851274 0.512551
vt 0.842129 0.497674
vt 0.797351 0.514415
vt 0.837352 0.493145
vt 0.830652 0.490043
vt 0.823890 0.490105
vt 0.821532 0.490664
vt 0.844957 0.536343
vt 0.799809 0.488028
vt 0.848729 0.535816
vt 0.853116 0.535553
vt 0.862065 0.537220
vt 0.798630 0.488090
vt 0.799003 0.482258
vt 0.818430 0.485577
vt 0.817686 0.481792
vt 0.799313 0.475000
vt 0.819671 0.475464
vt 0.803469 0.465632
vt 0.809673 0.459614
vt 0.825378 0.472424
vt 0.820033 0.455396
vt 0.828285 0.454775
vt 0.830776 0.472238
vt 0.837342 0.455334
vt 0.836111 0.474782
vt 0.846896 0.458312
vt 0.853475 0.463065
vt 0.858212 0.462451
vt 0.861020 0.463592
vt 0.876023 0.475085
vt 0.870320 0.468856
vt 0.874005 0.471312
vt 0.877865 0.475962
vt 0.890793 0.485420
vt 0.884182 0.476226
vt 0.889622 0.479560
vt 0.886502 0.507046
vt 0.906303 0.484799
vt 0.886192 0.513312
vt 0.892147 0.505805
vt 0.885323 0.517716
vt 0.873909 0.537746
vt 0.885882 0.519081
vt 0.881981 0.540730
vt 0.888363 0.519639
vt 0.899265 0.546608
vt 0.905362 0.506612
vt 0.905920 0.524044
vt 0.920944 0.485047
vt 0.908164 0.482690
vt 0.916973 0.482814
vt 0.920158 0.508070
vt 0.935088 0.483807
vt 0.915947 0.510790
vt 0.911255 0.510396
vt 0.906602 0.508721
vt 0.935249 0.510000
vt 0.957008 0.483259
vt 0.958849 0.513334
vt 1.000650 0.492970
vt 0.971044 0.516932
vt 0.998983 0.505779
vt 0.986925 0.519651
vt 0.995562 0.514728
vt 0.991526 0.519203
vt 1.000562 0.476739
vt 0.959241 0.475877
vt 0.964080 0.469859
vt 0.999504 0.471969
vt 0.970780 0.465703
vt 0.996712 0.466571
vt 0.992742 0.463966
vt 0.977356 0.463593
vt 0.986041 0.462911
vt 0.689810 0.546642
vt 0.687328 0.539756
vt 0.695207 0.554149
vt 0.702217 0.560911
vt 0.709228 0.564137
vt 0.686025 0.530450
vt 0.718848 0.565046
vt 0.688321 0.520586
vt 0.728340 0.563681
vt 0.693780 0.510784
vt 0.757261 0.513009
vt 0.734730 0.565666
vt 0.706126 0.482309
vt 0.693346 0.499741
vt 0.704016 0.481130
vt 0.698743 0.481440
vt 0.690554 0.499183
vt 0.692788 0.485162
vt 0.686646 0.495709
vt 0.691050 0.483922
vt 0.687018 0.483736
vt 0.684785 0.491118
vt 0.684722 0.485721
vt 0.774248 0.556609
vt 0.734234 0.570381
vt 0.782499 0.553507
vt 0.773442 0.566101
vt 0.734916 0.575158
vt 0.792923 0.478908
vt 0.769782 0.574166
vt 0.739073 0.580307
vt 0.743788 0.583471
vt 0.764322 0.579501
vt 0.750488 0.583719
vt 0.757684 0.582665
vt 0.793356 0.557291
vt 0.787277 0.474194
vt 0.806446 0.560083
vt 0.781942 0.472084
vt 0.774932 0.471712
vt 0.736772 0.472445
vt 0.770645 0.464070
vt 0.731003 0.473748
vt 0.736090 0.468722
vt 0.737021 0.463387
vt 0.764131 0.457866
vt 0.741177 0.457307
vt 0.756501 0.454950
vt 0.747877 0.454578
vt 0.725047 0.477408
vt 0.711895 0.477780
vt 0.723248 0.476663
vt 0.715928 0.476353
vt 0.901458 0.549503
vt 0.905582 0.551433
vt 0.911248 0.551489
vt 0.920597 0.527460
vt 0.913753 0.523775
vt 0.931213 0.530180
vt 0.925900 0.555438
vt 0.945114 0.559035
vt 0.950164 0.531934
vt 0.959327 0.560877
vt 0.971220 0.532110
vt 0.999510 0.561579
vt 0.957397 0.566229
vt 0.997667 0.539119
vt 0.999422 0.575441
vt 0.996263 0.532626
vt 0.986135 0.530794
vt 0.994070 0.530872
vt 0.956695 0.572546
vt 0.998457 0.585794
vt 0.997316 0.588250
vt 0.991438 0.591321
vt 0.957835 0.579301
vt 0.983893 0.593251
vt 0.961081 0.584829
vt 0.975470 0.592900
vt 0.967574 0.589742
vt 0.870049 0.568542
vt 0.866803 0.572577
vt 0.870312 0.562663
vt 0.862241 0.575648
vt 0.868821 0.556873
vt 0.854520 0.576964
vt 0.865224 0.551170
vt 0.846536 0.576876
vt 0.858819 0.544678
vt 0.839429 0.575297
vt 0.851888 0.540028
vt 0.829340 0.571437
vt 0.822409 0.567927
vt 0.817935 0.565032
vt 0.813332 0.565356
vt 0.807811 0.562378
vt 0.810292 0.564488
vt 0.632159 0.981644
vt 0.642324 0.981644
vt 0.642324 0.995806
vt 0.632159 0.995806
vt 0.622073 0.981644
vt 0.622073 0.995806
vt 0.611778 0.981645
vt 0.611778 0.995806
vt 0.601175 0.981645
vt 0.601175 0.995807
vt 0.501711 0.994950
vt 0.501711 0.981228
vt 0.523956 0.994950
vt 0.523956 0.981228
vt 0.552937 0.994950
vt 0.552937 0.981228
vt 0.573975 0.994950
vt 0.573975 0.981228
vt 0.618610 0.994950
vt 0.618610 0.981228
vt 0.627499 0.994950
vt 0.627499 0.981228
vt 0.638642 0.994950
vt 0.638642 0.981228
vt 0.652511 0.994950
vt 0.652511 0.981228
vt 0.689628 0.994950
vt 0.689628 0.981228
vt 0.737439 0.994950
vt 0.737439 0.981228
vt 0.772501 0.994950
vt 0.772501 0.981228
vt 0.774644 0.981228
vt 0.786326 0.981228
vt 0.786326 0.994950
vt 0.774644 0.994950
vt 0.767232 0.981228
vt 0.767232 0.994950
vt 0.754787 0.981228
vt 0.754787 0.994950
vt 0.739090 0.981228
vt 0.739090 0.994950
vt 0.728260 0.981228
vt 0.728260 0.994950
vt 0.717796 0.981228
vt 0.717796 0.994950
vt 0.712802 0.981228
vt 0.712802 0.994950
vt 0.697341 0.981228
vt 0.697341 0.994950
vt 0.681740 0.981228
vt 0.681740 0.994950
vt 0.648915 0.995806
vt 0.648915 0.981644
vt 0.657913 0.995805
vt 0.657913 0.981644
vt 0.664901 0.995805
vt 0.664901 0.981644
vt 0.673844 0.995805
vt 0.673844 0.981644
vt 0.504184 0.995808
vt 0.504184 0.981646
vt 0.518930 0.995808
vt 0.518929 0.981646
vt 0.528475 0.995807
vt 0.528475 0.981646
vt 0.544887 0.995807
vt 0.544887 0.981645
vt 0.681304 0.981228
vt 0.695539 0.981228
vt 0.695539 0.994950
vt 0.681304 0.994950
vt 0.663548 0.981228
vt 0.663548 0.994950
vt 0.638498 0.981228
vt 0.638498 0.994950
vt 0.617371 0.981228
vt 0.617371 0.994950
vt 0.698416 0.994950
vt 0.698416 0.981228
vt 0.724835 0.994950
vt 0.724835 0.981228
vt 0.742805 0.994950
vt 0.742805 0.981228
vt 0.756817 0.994950
vt 0.756817 0.981228
vt 0.773964 0.994950
vt 0.773964 0.981228
vt 0.755393 0.981228
vt 0.778726 0.981228
vt 0.778726 0.994950
vt 0.755393 0.994950
vt 0.731878 0.981228
vt 0.731878 0.994950
vt 0.713119 0.981228
vt 0.713119 0.994950
vt 0.689412 0.981228
vt 0.689412 0.994950
vt 0.666912 0.981228
vt 0.666912 0.994950
vt 0.649118 0.981228
vt 0.649118 0.994950
vt 0.626244 0.981228
vt 0.626244 0.994950
vt 0.601580 0.981228
vt 0.601580 0.994950
vt 0.574243 0.981228
vt 0.574243 0.994950
vt 0.547315 0.981228
vt 0.547315 0.994950
vt 0.663418 0.981228
vt 0.686596 0.981228
vt 0.686596 0.994950
vt 0.663418 0.994950
vt 0.641877 0.981228
vt 0.641877 0.994950
vt 0.623328 0.981228
vt 0.623328 0.994950
vt 0.605465 0.981228
vt 0.605465 0.994950
vt 0.587798 0.981228
vt 0.587798 0.994950
vt 0.571522 0.981228
vt 0.571522 0.994950
vt 0.518531 0.994950
vt 0.518531 0.981228
vt 0.530008 0.994950
vt 0.530008 0.981228
vt 0.541691 0.994950
vt 0.541691 0.981228
vt 0.557755 0.994950
vt 0.557755 0.981228
vt 0.634999 0.981228
vt 0.644216 0.981228
vt 0.644216 0.994950
vt 0.634999 0.994950
vt 0.621790 0.981228
vt 0.621790 0.994950
vt 0.603815 0.981228
vt 0.603815 0.994950
vt 0.501753 0.994950
vt 0.501753 0.981228
vt 0.523157 0.994950
vt 0.523157 0.981228
vt 0.545129 0.994950
vt 0.545129 0.981228
vt 0.565077 0.994950
vt 0.565077 0.981228
vt 0.586154 0.994950
vt 0.586154 0.981228
vt 0.502285 0.981228
vt 0.502285 0.994950
vt 0.708038 0.994950
vt 0.708038 0.981228
vt 0.736040 0.994950
vt 0.736040 0.981228
vt 0.768658 0.994950
vt 0.768658 0.981228
vt 0.658638 0.994950
vt 0.658638 0.981228
vt 0.675688 0.994950
vt 0.675688 0.981228
vt 0.680405 0.994950
vt 0.680405 0.981228
vt 0.698272 0.994950
vt 0.698272 0.981228
vt 0.708680 0.994950
vt 0.708680 0.981228
vt 0.726559 0.994950
vt 0.726559 0.981228
vt 0.732411 0.994950
vt 0.732411 0.981228
vt 0.745266 0.994950
vt 0.745266 0.981228
vt 0.762374 0.994950
vt 0.762374 0.981228
vt 0.540441 0.981228
vt 0.540441 0.994950
vt 0.527740 0.981228
vt 0.527740 0.994950
vt 0.515709 0.981228
vt 0.515709 0.994950
vt 0.502590 0.981228
vt 0.502590 0.994950
vt 0.767527 0.994950
vt 0.767527 0.981228
vt 0.777326 0.994950
vt 0.777326 0.981228
vt 0.784673 0.981228
vt 0.784673 0.994950
vt 0.770007 0.981228
vt 0.780738 0.981228
vt 0.780738 0.994950
vt 0.770007 0.994950
vt 0.760712 0.981228
vt 0.760712 0.994950
vt 0.690134 0.995805
vt 0.690134 0.981644
vt 0.708406 0.995805
vt 0.708406 0.981644
vt 0.725142 0.995805
vt 0.725142 0.981644
vt 0.731137 0.995805
vt 0.731137 0.981644
vt 0.560890 0.995807
vt 0.560890 0.981645
vt 0.574256 0.995807
vt 0.574256 0.981645
vt 0.588883 0.995807
vt 0.588883 0.981645
vt 0.590026 0.981228
vt 0.590026 0.994950
vt 0.569798 0.981228
vt 0.569798 0.994950
vt 0.547612 0.981228
vt 0.547612 0.994950
vt 0.523147 0.981228
vt 0.523147 0.994950
vt 0.503302 0.981228
vt 0.503302 0.994950
vt 0.777757 0.981228
vt 0.783976 0.981228
vt 0.783976 0.994950
vt 0.777757 0.994950
vt 0.733500 0.981228
vt 0.733500 0.994950
vt 0.714329 0.981228
vt 0.714329 0.994950
vt 0.695316 0.981228
vt 0.695316 0.994950
vt 0.668511 0.981228
vt 0.668511 0.994950
vt 0.621966 0.981228
vt 0.621966 0.994950
vt 0.570468 0.981228
vt 0.570468 0.994950
vt 0.533842 0.981228
vt 0.533842 0.994950
vt 0.514417 0.981228
vt 0.514417 0.994950
vt 0.514831 0.981228
vt 0.530168 0.981228
vt 0.530168 0.994950
vt 0.514831 0.994950
vt 0.503856 0.981228
vt 0.503856 0.994950
vt 0.500251 0.981228
vt 0.500251 0.994950
vt 0.544298 0.994950
vt 0.544298 0.981228
vt 0.576662 0.994950
vt 0.576662 0.981228
vt 0.629174 0.981228
vt 0.667126 0.981228
vt 0.667126 0.994950
vt 0.629174 0.994950
vt 0.600750 0.981228
vt 0.622293 0.981228
vt 0.622293 0.994950
vt 0.600750 0.994950
vt 0.589609 0.981228
vt 0.589609 0.994950
vt 0.554893 0.981228
vt 0.554893 0.994950
vt 0.501287 0.981228
vt 0.501287 0.994950
vt 0.582644 0.994950
vt 0.582644 0.981228
vt 0.594733 0.994950
vt 0.594733 0.981228
vt 0.606242 0.994950
vt 0.606242 0.981228
vt 0.618497 0.994950
vt 0.618497 0.981228
vt 0.655689 0.994950
vt 0.655689 0.981228
vt 0.713958 0.994950
vt 0.713958 0.981228
vt 0.745040 0.994950
vt 0.745040 0.981228
vt 0.784427 0.994950
vt 0.784427 0.981228
vt 0.795729 0.994950
vt 0.795729 0.981228
vt 0.775087 0.994950
vt 0.775087 0.981228
vt 0.782952 0.994950
vt 0.782952 0.981228
vt 0.790587 0.994950
vt 0.790587 0.981228
vt 0.501922 0.994950
vt 0.501922 0.981228
vt 0.513112 0.994950
vt 0.513112 0.981228
vt 0.526055 0.994950
vt 0.526055 0.981228
vt 0.544966 0.994950
vt 0.544966 0.981228
vt 0.571299 0.994950
vt 0.571299 0.981228
vt 0.589023 0.994950
vt 0.589023 0.981228
vt 0.608474 0.994950
vt 0.608474 0.981228
vt 0.741544 0.981228
vt 0.741544 0.994950
vt 0.721167 0.981228
vt 0.721167 0.994950
vt 0.698905 0.981228
vt 0.698905 0.994950
vt 0.682460 0.981228
vt 0.682460 0.994950
vt 0.667885 0.981228
vt 0.667885 0.994950
vt 0.627557 0.994950
vt 0.627557 0.981228
vt 0.640942 0.994950
vt 0.640942 0.981228
vt 0.653550 0.994950
vt 0.653550 0.981228
vt 0.741004 0.981228
vt 0.759863 0.981228
vt 0.759863 0.994950
vt 0.741004 0.994950
vt 0.722123 0.981228
vt 0.722123 0.994950
vt 0.702845 0.981228
vt 0.702845 0.994950
vt 0.685959 0.981228
vt 0.685959 0.994950
vt 0.664658 0.981228
vt 0.664658 0.994950
vt 0.648075 0.981228
vt 0.648075 0.994950
vt 0.636464 0.981228
vt 0.636464 0.994950
vt 0.514978 0.994950
vt 0.514978 0.981228
vt 0.538400 0.994950
vt 0.538400 0.981228
vt 0.569979 0.994950
vt 0.569979 0.981228
vt 0.609660 0.994950
vt 0.609660 0.981228
vt 0.621607 0.994950
vt 0.621607 0.981228
vt 0.500247 0.981228
vt 0.500247 0.994950
vt 0.786437 0.981228
vt 0.786437 0.994950
vt 0.502003 0.994950
vt 0.502003 0.981228
vt 0.517570 0.994950
vt 0.517570 0.981228
vt 0.534350 0.994950
vt 0.534350 0.981228
vt 0.550052 0.994950
vt 0.550052 0.981228
vt 0.767932 0.981228
vt 0.784200 0.981228
vt 0.784200 0.994950
vt 0.767932 0.994950
vt 0.712808 0.981228
vt 0.712808 0.994950
vt 0.678887 0.981228
vt 0.678887 0.994950
vt 0.653435 0.981228
vt 0.653435 0.994950
vt 0.646780 0.981228
vt 0.646780 0.994950
vt 0.507523 0.981228
vt 0.507523 0.994950
vt 0.630532 0.981228
vt 0.630532 0.994950
vt 0.611458 0.981228
vt 0.611458 0.994950
vt 0.590815 0.981228
vt 0.590815 0.994950
vt 0.569990 0.981228
vt 0.569990 0.994950
s 0
usemtl Matériau.007
f 5725/5080/1838 5724/5081/1838 5723/5082/1838
f 5724/5081/1838 5726/5083/1838 5723/5082/1838
f 5726/5083/1838 5724/5081/1838 5727/5084/1838
f 5726/5083/1838 5727/5084/1838 5728/5085/1838
f 5728/5085/1838 5727/5084/1838 5729/5086/1838
f 5730/5087/1838 5729/5086/1838 5727/5084/1838
f 5731/5088/1838 5729/5086/1838 5730/5087/1838
f 5732/5089/1838 5729/5086/1838 5731/5088/1838
f 5729/5086/1838 5732/5089/1838 5733/5090/1838
f 5732/5089/1838 5734/5091/1838 5733/5090/1838
f 5734/5091/1838 5735/5092/1838 5733/5090/1838
f 5736/5093/1838 5735/5092/1838 5734/5091/1838
f 5737/5094/1838 5735/5092/1838 5736/5093/1838
f 5738/5095/1838 5735/5092/1838 5737/5094/1838
f 5739/5096/1838 5735/5092/1838 5738/5095/1838
f 5740/5097/1838 5733/5090/1838 5735/5092/1838
f 5741/5098/1838 5735/5092/1838 5739/5096/1838
f 5740/5097/1838 5742/5099/1838 5733/5090/1838
f 5743/5100/1838 5733/5090/1838 5742/5099/1838
f 5744/5101/1838 5733/5090/1838 5743/5100/1838
f 5745/5102/1838 5741/5098/1838 5739/5096/1838
f 5746/5103/1838 5745/5102/1838 5739/5096/1838
f 5747/5104/1838 5745/5102/1838 5746/5103/1838
f 5748/5105/1838 5745/5102/1838 5747/5104/1838
f 5741/5098/1838 5749/5106/1838 5735/5092/1838
f 5750/5107/1838 5748/5105/1838 5747/5104/1838
f 5751/5108/1838 5748/5105/1838 5750/5107/1838
f 5752/5109/1838 5751/5108/1838 5750/5107/1838
f 5753/5110/1838 5752/5109/1838 5750/5107/1838
f 5754/5111/1838 5752/5109/1838 5753/5110/1838
f 5755/5112/1838 5754/5111/1838 5753/5110/1838
f 5756/5113/1838 5755/5112/1838 5753/5110/1838
f 5757/5114/1838 5755/5112/1838 5756/5113/1838
f 5757/5114/1838 5756/5113/1838 5758/5115/1838
f 5759/5116/1838 5757/5114/1838 5758/5115/1838
f 5759/5116/1838 5758/5115/1838 5726/5083/1838
f 5760/5117/1838 5759/5116/1838 5726/5083/1838
f 5760/5117/1838 5726/5083/1838 5728/5085/1838
f 5761/5118/1838 5760/5117/1838 5728/5085/1838
f 5762/5119/1838 5761/5118/1838 5728/5085/1838
f 5764/5120/1838 5728/5085/1838 5763/5121/1838
f 5765/5122/1838 5764/5120/1838 5763/5121/1838
f 5763/5121/1838 5728/5085/1838 5729/5086/1838
f 5763/5121/1838 5729/5086/1838 5766/5123/1838
f 5729/5086/1838 5733/5090/1838 5766/5123/1838
f 5766/5123/1838 5733/5090/1838 5767/5124/1838
f 5768/5125/1838 5766/5123/1838 5767/5124/1838
f 5769/5126/1838 5768/5125/1838 5767/5124/1838
f 5767/5124/1838 5733/5090/1838 5770/5127/1838
f 5771/5128/1838 5767/5124/1838 5770/5127/1838
f 5770/5127/1838 5733/5090/1838 5772/5129/1838
f 5773/5130/1838 5771/5128/1838 5770/5127/1838
f 5772/5129/1838 5733/5090/1838 5774/5131/1838
f 5774/5131/1838 5733/5090/1838 5744/5101/1838
f 5774/5131/1838 5744/5101/1838 5775/5132/1838
f 5776/5133/1838 5774/5131/1838 5775/5132/1838
f 5776/5133/1838 5775/5132/1838 5777/5134/1838
f 5778/5135/1838 5776/5133/1838 5777/5134/1838
f 5778/5135/1838 5777/5134/1838 5779/5136/1838
f 5780/5137/1838 5771/5128/1838 5773/5130/1838
f 5781/5138/1838 5778/5135/1838 5779/5136/1838
f 5782/5139/1838 5771/5128/1838 5780/5137/1838
f 5783/5140/1838 5771/5128/1838 5782/5139/1838
f 5784/5141/1838 5783/5140/1838 5782/5139/1838
f 5785/5142/1838 5782/5139/1838 5780/5137/1838
f 5786/5143/1838 5782/5139/1838 5785/5142/1838
f 5787/5144/1838 5785/5142/1838 5780/5137/1838
f 5788/5145/1838 5787/5144/1838 5780/5137/1838
f 5789/5146/1838 5788/5145/1838 5780/5137/1838
f 5790/5147/1838 5786/5143/1838 5785/5142/1838
f 5791/5148/1838 5786/5143/1838 5790/5147/1838
f 5792/5149/1838 5791/5148/1838 5790/5147/1838
f 5793/5150/1838 5791/5148/1838 5792/5149/1838
f 5793/5150/1838 5792/5149/1838 5794/5151/1838
f 5795/5152/1838 5793/5150/1838 5794/5151/1838
f 5795/5152/1838 5794/5151/1838 5796/5153/1838
f 5797/5154/1838 5795/5152/1838 5796/5153/1838
f 5798/5155/1838 5797/5154/1838 5796/5153/1838
f 5791/5148/1838 5793/5150/1838 5799/5156/1838
f 5800/5157/1838 5791/5148/1838 5799/5156/1838
f 5801/5158/1838 5800/5157/1838 5799/5156/1838
f 5802/5159/1838 5801/5158/1838 5799/5156/1838
f 5803/5160/1838 5801/5158/1838 5802/5159/1838
f 5804/5161/1838 5803/5160/1838 5802/5159/1838
f 5803/5160/1838 5804/5161/1838 5805/5162/1838
f 5806/5163/1838 5803/5160/1838 5805/5162/1838
f 5807/5164/1838 5806/5163/1838 5805/5162/1838
f 5810/5165/1838 5809/5166/1838 5808/5167/1838
f 5809/5166/1838 5811/5168/1838 5808/5167/1838
f 5811/5168/1838 5812/5169/1838 5808/5167/1838
f 5812/5169/1838 5813/5170/1838 5808/5167/1838
f 5812/5169/1838 5814/5171/1838 5813/5170/1838
f 5814/5171/1838 5815/5172/1838 5813/5170/1838
f 5814/5171/1838 5816/5173/1838 5815/5172/1838
f 5816/5173/1838 5817/5174/1838 5815/5172/1838
f 5817/5174/1838 5816/5173/1838 5818/5175/1838
f 5816/5173/1838 5819/5176/1838 5818/5175/1838
f 5817/5174/1838 5818/5175/1838 5820/5177/1838
f 5821/5178/1838 5817/5174/1838 5820/5177/1838
f 5822/5179/1838 5821/5178/1838 5820/5177/1838
f 5823/5180/1838 5821/5178/1838 5822/5179/1838
f 5824/5181/1838 5821/5178/1838 5823/5180/1838
f 5825/5182/1838 5824/5181/1838 5823/5180/1838
f 5826/5183/1838 5824/5181/1838 5825/5182/1838
f 5827/5184/1838 5826/5183/1838 5825/5182/1838
f 5826/5183/1838 5827/5184/1838 5828/5185/1838
f 5829/5186/1838 5826/5183/1838 5828/5185/1838
f 5830/5187/1838 5829/5186/1838 5828/5185/1838
f 5831/5188/1838 5818/5175/1838 5819/5176/1838
f 5831/5188/1838 5819/5176/1838 5832/5189/1838
f 5833/5190/1838 5818/5175/1838 5831/5188/1838
f 5834/5191/1838 5831/5188/1838 5832/5189/1838
f 5835/5192/1838 5834/5191/1838 5832/5189/1838
f 5735/5092/1838 5818/5175/1838 5833/5190/1838
f 5836/5193/1838 5818/5175/1838 5735/5092/1838
f 5837/5194/1838 5834/5191/1838 5835/5192/1838
f 5838/5195/1838 5837/5194/1838 5835/5192/1838
f 5839/5196/1838 5837/5194/1838 5838/5195/1838
f 5840/5197/1838 5837/5194/1838 5839/5196/1838
f 5841/5198/1838 5840/5197/1838 5839/5196/1838
f 5842/5199/1838 5840/5197/1838 5841/5198/1838
f 5843/5200/1838 5735/5092/1838 5833/5190/1838
f 5749/5106/1838 5836/5193/1838 5735/5092/1838
f 5844/5201/1838 5818/5175/1838 5836/5193/1838
f 5843/5200/1838 5845/5202/1838 5735/5092/1838
f 5846/5203/1838 5818/5175/1838 5844/5201/1838
f 5847/5204/1838 5818/5175/1838 5846/5203/1838
f 5845/5202/1838 5740/5097/1838 5735/5092/1838
f 5848/5205/1838 5818/5175/1838 5847/5204/1838
f 5848/5205/1838 5847/5204/1838 5849/5206/1838
f 5850/5207/1838 5818/5175/1838 5848/5205/1838
f 5851/5208/1838 5848/5205/1838 5849/5206/1838
f 5852/5209/1838 5851/5208/1838 5849/5206/1838
f 5852/5209/1838 5849/5206/1838 5853/5210/1838
f 5854/5211/1838 5852/5209/1838 5853/5210/1838
f 5854/5211/1838 5853/5210/1838 5855/5212/1838
f 5856/5213/1838 5854/5211/1838 5855/5212/1838
f 5857/5214/1838 5818/5175/1838 5850/5207/1838
f 5820/5177/1838 5818/5175/1838 5857/5214/1838
f 5858/5215/1838 5820/5177/1838 5857/5214/1838
f 5859/5216/1838 5858/5215/1838 5857/5214/1838
f 5860/5217/1838 5858/5215/1838 5859/5216/1838
f 5862/5218/1838 5861/5219/1838 5779/5136/1838
f 5861/5219/1838 5863/5220/1838 5779/5136/1838
f 5781/5138/1838 5779/5136/1838 5863/5220/1838
f 5864/5221/1838 5781/5138/1838 5863/5220/1838
f 5865/5222/1838 5781/5138/1838 5864/5221/1838
f 5866/5223/1838 5864/5221/1838 5863/5220/1838
f 5867/5224/1838 5866/5223/1838 5863/5220/1838
f 5866/5223/1838 5867/5224/1838 5868/5225/1838
f 5869/5226/1838 5866/5223/1838 5868/5225/1838
f 5869/5226/1838 5868/5225/1838 5870/5227/1838
f 5871/5228/1838 5869/5226/1838 5870/5227/1838
f 5871/5228/1838 5870/5227/1838 5872/5229/1838
f 5872/5229/1838 5870/5227/1838 5873/5230/1838
f 5874/5231/1838 5871/5228/1838 5872/5229/1838
f 5875/5232/1838 5872/5229/1838 5873/5230/1838
f 5871/5228/1838 5874/5231/1838 5876/5233/1838
f 5877/5234/1838 5871/5228/1838 5876/5233/1838
f 5878/5235/1838 5877/5234/1838 5876/5233/1838
f 5875/5232/1838 5873/5230/1838 5879/5236/1838
f 5880/5237/1838 5875/5232/1838 5879/5236/1838
f 5881/5238/1838 5880/5237/1838 5879/5236/1838
f 5882/5239/1838 5881/5238/1838 5879/5236/1838
f 5883/5240/1838 5882/5239/1838 5879/5236/1838
f 5884/5241/1838 5882/5239/1838 5883/5240/1838
f 5885/5242/1838 5884/5241/1838 5883/5240/1838
f 5886/5243/1838 5884/5241/1838 5885/5242/1838
f 5887/5244/1838 5886/5243/1838 5885/5242/1838
f 5890/5245/1838 5889/5246/1838 5888/5247/1838
f 5889/5246/1838 5891/5248/1838 5888/5247/1838
f 5889/5246/1838 5892/5249/1838 5891/5248/1838
f 5892/5249/1838 5893/5250/1838 5891/5248/1838
f 5892/5249/1838 5894/5251/1838 5893/5250/1838
f 5894/5251/1838 5895/5252/1838 5893/5250/1838
f 5894/5251/1838 5896/5253/1838 5895/5252/1838
f 5896/5253/1838 5897/5254/1838 5895/5252/1838
f 5896/5253/1838 5898/5255/1838 5897/5254/1838
f 5898/5255/1838 5899/5256/1838 5897/5254/1838
f 5899/5256/1838 5898/5255/1838 5900/5257/1838
f 5898/5255/1838 5740/5097/1838 5900/5257/1838
f 5740/5097/1838 5901/5258/1838 5900/5257/1838
f 5901/5258/1838 5740/5097/1838 5845/5202/1838
f 5902/5259/1838 5901/5258/1838 5845/5202/1838
f 5903/5260/1838 5902/5259/1838 5845/5202/1838
f 5904/5261/1838 5902/5259/1838 5903/5260/1838
f 5907/5262/1839 5906/5263/1839 5905/5264/1839
f 5906/5263/1839 5908/5265/1839 5905/5264/1839
f 5908/5265/1839 5909/5266/1839 5905/5264/1839
f 5910/5267/1839 5909/5266/1839 5908/5265/1839
f 5911/5268/1839 5909/5266/1839 5910/5267/1839
f 5912/5269/1839 5909/5266/1839 5911/5268/1839
f 5913/5270/1839 5912/5269/1839 5911/5268/1839
f 5914/5271/1839 5913/5270/1839 5911/5268/1839
f 5911/5268/1839 5915/5272/1839 5914/5271/1839
f 5914/5271/1839 5915/5272/1839 5916/5273/1839
f 5916/5273/1839 5915/5272/1839 5917/5274/1839
f 5918/5275/1839 5916/5273/1839 5917/5274/1839
f 5919/5276/1839 5918/5275/1839 5917/5274/1839
f 5920/5277/1839 5919/5276/1839 5917/5274/1839
f 5921/5278/1839 5920/5277/1839 5917/5274/1839
f 5917/5274/1839 5915/5272/1839 5922/5279/1839
f 5923/5280/1839 5921/5278/1839 5917/5274/1839
f 5922/5279/1839 5915/5272/1839 5924/5281/1839
f 5925/5282/1839 5924/5281/1839 5915/5272/1839
f 5926/5283/1839 5925/5282/1839 5915/5272/1839
f 5923/5280/1839 5917/5274/1839 5927/5284/1839
f 5921/5278/1839 5923/5280/1839 5928/5285/1839
f 5929/5286/1839 5921/5278/1839 5928/5285/1839
f 5930/5287/1839 5929/5286/1839 5928/5285/1839
f 5930/5287/1839 5928/5285/1839 5931/5288/1839
f 5932/5289/1839 5930/5287/1839 5931/5288/1839
f 5933/5290/1839 5932/5289/1839 5931/5288/1839
f 5932/5289/1839 5933/5290/1839 5934/5291/1839
f 5935/5292/1839 5932/5289/1839 5934/5291/1839
f 5936/5293/1839 5935/5292/1839 5934/5291/1839
f 5935/5292/1839 5936/5293/1839 5937/5294/1839
f 5938/5295/1839 5935/5292/1839 5937/5294/1839
f 5939/5296/1839 5938/5295/1839 5937/5294/1839
f 5940/5297/1839 5938/5295/1839 5939/5296/1839
f 5941/5298/1839 5940/5297/1839 5939/5296/1839
f 5908/5265/1839 5940/5297/1839 5941/5298/1839
f 5942/5299/1839 5908/5265/1839 5941/5298/1839
f 5942/5299/1839 5910/5267/1839 5908/5265/1839
f 5910/5267/1839 5942/5299/1839 5943/5300/1839
f 5944/5301/1839 5910/5267/1839 5943/5300/1839
f 5946/5302/1839 5910/5267/1839 5945/5303/1839
f 5947/5304/1839 5946/5302/1839 5945/5303/1839
f 5946/5302/1839 5911/5268/1839 5910/5267/1839
f 5946/5302/1839 5948/5305/1839 5911/5268/1839
f 5948/5305/1839 5915/5272/1839 5911/5268/1839
f 5948/5305/1839 5949/5306/1839 5915/5272/1839
f 5949/5306/1839 5948/5305/1839 5950/5307/1839
f 5951/5308/1839 5949/5306/1839 5950/5307/1839
f 5949/5306/1839 5952/5309/1839 5915/5272/1839
f 5952/5309/1839 5949/5306/1839 5953/5310/1839
f 5952/5309/1839 5954/5311/1839 5915/5272/1839
f 5955/5312/1839 5952/5309/1839 5953/5310/1839
f 5954/5311/1839 5956/5313/1839 5915/5272/1839
f 5956/5313/1839 5926/5283/1839 5915/5272/1839
f 5957/5314/1839 5926/5283/1839 5956/5313/1839
f 5958/5315/1839 5957/5314/1839 5956/5313/1839
f 5959/5316/1839 5957/5314/1839 5958/5315/1839
f 5960/5317/1839 5959/5316/1839 5958/5315/1839
f 5961/5318/1839 5959/5316/1839 5960/5317/1839
f 5962/5319/1839 5955/5312/1839 5953/5310/1839
f 5963/5320/1839 5961/5318/1839 5960/5317/1839
f 5962/5319/1839 5953/5310/1839 5964/5321/1839
f 5964/5321/1839 5953/5310/1839 5965/5322/1839
f 5966/5323/1839 5964/5321/1839 5965/5322/1839
f 5967/5324/1839 5962/5319/1839 5964/5321/1839
f 5967/5324/1839 5964/5321/1839 5968/5325/1839
f 5969/5326/1839 5962/5319/1839 5967/5324/1839
f 5962/5319/1839 5969/5326/1839 5970/5327/1839
f 5971/5328/1839 5962/5319/1839 5970/5327/1839
f 5972/5329/1839 5967/5324/1839 5968/5325/1839
f 5972/5329/1839 5968/5325/1839 5973/5330/1839
f 5974/5331/1839 5972/5329/1839 5973/5330/1839
f 5975/5332/1839 5974/5331/1839 5973/5330/1839
f 5976/5333/1839 5974/5331/1839 5975/5332/1839
f 5977/5334/1839 5976/5333/1839 5975/5332/1839
f 5978/5335/1839 5976/5333/1839 5977/5334/1839
f 5979/5336/1839 5978/5335/1839 5977/5334/1839
f 5980/5337/1839 5978/5335/1839 5979/5336/1839
f 5981/5338/1839 5975/5332/1839 5973/5330/1839
f 5982/5339/1839 5981/5338/1839 5973/5330/1839
f 5981/5338/1839 5982/5339/1839 5983/5340/1839
f 5984/5341/1839 5981/5338/1839 5983/5340/1839
f 5984/5341/1839 5983/5340/1839 5985/5342/1839
f 5986/5343/1839 5984/5341/1839 5985/5342/1839
f 5987/5344/1839 5986/5343/1839 5985/5342/1839
f 5988/5345/1839 5987/5344/1839 5985/5342/1839
f 5989/5346/1839 5987/5344/1839 5988/5345/1839
f 5992/5347/1839 5991/5348/1839 5990/5349/1839
f 5991/5348/1839 5993/5350/1839 5990/5349/1839
f 5993/5350/1839 5991/5348/1839 5994/5351/1839
f 5991/5348/1839 5995/5352/1839 5994/5351/1839
f 5994/5351/1839 5995/5352/1839 5996/5353/1839
f 5995/5352/1839 5997/5354/1839 5996/5353/1839
f 5996/5353/1839 5997/5354/1839 5998/5355/1839
f 5997/5354/1839 5999/5356/1839 5998/5355/1839
f 5999/5356/1839 6000/5357/1839 5998/5355/1839
f 5998/5355/1839 6000/5357/1839 6001/5358/1839
f 5999/5356/1839 6002/5359/1839 6000/5357/1839
f 6002/5359/1839 5999/5356/1839 6003/5360/1839
f 6004/5361/1839 6002/5359/1839 6003/5360/1839
f 6005/5362/1839 6004/5361/1839 6003/5360/1839
f 6005/5362/1839 6003/5360/1839 6006/5363/1839
f 6007/5364/1839 6005/5362/1839 6006/5363/1839
f 6007/5364/1839 6006/5363/1839 6008/5365/1839
f 6009/5366/1839 6007/5364/1839 6008/5365/1839
f 6010/5367/1839 6009/5366/1839 6008/5365/1839
f 6011/5368/1839 6010/5367/1839 6008/5365/1839
f 6012/5369/1839 6010/5367/1839 6011/5368/1839
f 6013/5370/1839 6001/5358/1839 6000/5357/1839
f 6014/5371/1839 6001/5358/1839 6013/5370/1839
f 6015/5372/1839 6013/5370/1839 6000/5357/1839
f 6016/5373/1839 6014/5371/1839 6013/5370/1839
f 6017/5374/1839 6014/5371/1839 6016/5373/1839
f 5917/5274/1839 6015/5372/1839 6000/5357/1839
f 5917/5274/1839 6000/5357/1839 6018/5375/1839
f 6017/5374/1839 6016/5373/1839 6019/5376/1839
f 6020/5377/1839 6017/5374/1839 6019/5376/1839
f 6021/5378/1839 6020/5377/1839 6019/5376/1839
f 6021/5378/1839 6019/5376/1839 6022/5379/1839
f 6023/5380/1839 6021/5378/1839 6022/5379/1839
f 6024/5381/1839 6023/5380/1839 6022/5379/1839
f 6025/5382/1839 6015/5372/1839 5917/5274/1839
f 5927/5284/1839 5917/5274/1839 6018/5375/1839
f 6026/5383/1839 6018/5375/1839 6000/5357/1839
f 6025/5382/1839 5917/5274/1839 6027/5384/1839
f 6028/5385/1839 6026/5383/1839 6000/5357/1839
f 6029/5386/1839 6028/5385/1839 6000/5357/1839
f 6027/5384/1839 5917/5274/1839 5922/5279/1839
f 6030/5387/1839 6029/5386/1839 6000/5357/1839
f 6031/5388/1839 6029/5386/1839 6030/5387/1839
f 6032/5389/1839 6030/5387/1839 6000/5357/1839
f 6033/5390/1839 6031/5388/1839 6030/5387/1839
f 6034/5391/1839 6031/5388/1839 6033/5390/1839
f 6035/5392/1839 6031/5388/1839 6034/5391/1839
f 6036/5393/1839 6035/5392/1839 6034/5391/1839
f 6037/5394/1839 6035/5392/1839 6036/5393/1839
f 6038/5395/1839 6037/5394/1839 6036/5393/1839
f 6039/5396/1839 6032/5389/1839 6000/5357/1839
f 6002/5359/1839 6039/5396/1839 6000/5357/1839
f 6039/5396/1839 6002/5359/1839 6040/5397/1839
f 6041/5398/1839 6039/5396/1839 6040/5397/1839
f 6042/5399/1839 6041/5398/1839 6040/5397/1839
f 6044/5400/1839 5961/5318/1839 6043/5401/1839
f 5961/5318/1839 6045/5402/1839 6043/5401/1839
f 6045/5402/1839 5961/5318/1839 5963/5320/1839
f 6046/5403/1839 6045/5402/1839 5963/5320/1839
f 6047/5404/1839 6046/5403/1839 5963/5320/1839
f 6045/5402/1839 6046/5403/1839 6048/5405/1839
f 6049/5406/1839 6045/5402/1839 6048/5405/1839
f 6050/5407/1839 6049/5406/1839 6048/5405/1839
f 6051/5408/1839 6050/5407/1839 6048/5405/1839
f 6052/5409/1839 6050/5407/1839 6051/5408/1839
f 6053/5410/1839 6052/5409/1839 6051/5408/1839
f 6054/5411/1839 6052/5409/1839 6053/5410/1839
f 6055/5412/1839 6052/5409/1839 6054/5411/1839
f 6056/5413/1839 6054/5411/1839 6053/5410/1839
f 6057/5414/1839 6055/5412/1839 6054/5411/1839
f 6058/5415/1839 6056/5413/1839 6053/5410/1839
f 6059/5416/1839 6058/5415/1839 6053/5410/1839
f 6060/5417/1839 6058/5415/1839 6059/5416/1839
f 6061/5418/1839 6055/5412/1839 6057/5414/1839
f 6062/5419/1839 6061/5418/1839 6057/5414/1839
f 6063/5420/1839 6061/5418/1839 6062/5419/1839
f 6061/5418/1839 6063/5420/1839 6064/5421/1839
f 6065/5422/1839 6061/5418/1839 6064/5421/1839
f 6065/5422/1839 6064/5421/1839 6066/5423/1839
f 6067/5424/1839 6065/5422/1839 6066/5423/1839
f 6067/5424/1839 6066/5423/1839 6068/5425/1839
f 6069/5426/1839 6067/5424/1839 6068/5425/1839
f 6072/5427/1839 6071/5428/1839 6070/5429/1839
f 6071/5428/1839 6073/5430/1839 6070/5429/1839
f 6070/5429/1839 6073/5430/1839 6074/5431/1839
f 6073/5430/1839 6075/5432/1839 6074/5431/1839
f 6074/5431/1839 6075/5432/1839 6076/5433/1839
f 6075/5432/1839 6077/5434/1839 6076/5433/1839
f 6076/5433/1839 6077/5434/1839 6078/5435/1839
f 6077/5434/1839 6079/5436/1839 6078/5435/1839
f 6078/5435/1839 6079/5436/1839 6080/5437/1839
f 6079/5436/1839 6081/5438/1839 6080/5437/1839
f 6081/5438/1839 6082/5439/1839 6080/5437/1839
f 6080/5437/1839 6082/5439/1839 5922/5279/1839
f 6082/5439/1839 6083/5440/1839 5922/5279/1839
f 6083/5440/1839 6027/5384/1839 5922/5279/1839
f 6027/5384/1839 6083/5440/1839 6084/5441/1839
f 6085/5442/1839 6027/5384/1839 6084/5441/1839
f 6086/5443/1839 6085/5442/1839 6084/5441/1839
f 6089/5444/1840 6088/5445/1841 6087/5446/1841
f 6090/5447/1840 6089/5444/1840 6087/5446/1841
f 6091/5448/1842 6089/5444/1843 6090/5447/1843
f 6092/5449/1842 6091/5448/1842 6090/5447/1843
f 6093/5450/1844 6091/5448/1845 6092/5449/1845
f 6094/5451/1844 6093/5450/1844 6092/5449/1845
f 6095/5452/1846 6093/5450/1844 6094/5451/1844
f 6096/5453/1846 6095/5452/1846 6094/5451/1844
f 6099/5454/1847 6098/5455/1847 6097/5456/1848
f 6098/5455/1847 6100/5457/1848 6097/5456/1848
f 6097/5456/1849 6100/5457/1849 6101/5458/1850
f 6100/5457/1849 6102/5459/1850 6101/5458/1850
f 6101/5458/1850 6102/5459/1850 6103/5460/1851
f 6102/5459/1850 6104/5461/1851 6103/5460/1851
f 6103/5460/1852 6104/5461/1852 6105/5462/1853
f 6104/5461/1852 6106/5463/1853 6105/5462/1853
f 6105/5462/1853 6106/5463/1853 6107/5464/1854
f 6106/5463/1853 6108/5465/1854 6107/5464/1854
f 6107/5464/1854 6108/5465/1854 6109/5466/1855
f 6108/5465/1854 6110/5467/1855 6109/5466/1855
f 6109/5466/1856 6110/5467/1856 6111/5468/1857
f 6110/5467/1856 6112/5469/1857 6111/5468/1857
f 6111/5468/1857 6112/5469/1857 6113/5470/1858
f 6112/5469/1857 6114/5471/1858 6113/5470/1858
f 6113/5470/1858 6114/5471/1858 6115/5472/1859
f 6114/5471/1858 6116/5473/1859 6115/5472/1859
f 6115/5472/1860 6116/5473/1860 6117/5474/1861
f 6116/5473/1860 6118/5475/1861 6117/5474/1861
f 6121/5476/1862 6120/5477/1863 6119/5478/1863
f 6122/5479/1862 6121/5476/1862 6119/5478/1863
f 6123/5480/1864 6121/5476/1862 6122/5479/1862
f 6124/5481/1864 6123/5480/1864 6122/5479/1865
f 6125/5482/1866 6123/5480/1864 6124/5481/1864
f 6126/5483/1866 6125/5482/1866 6124/5481/1864
f 6127/5484/1867 6125/5482/1866 6126/5483/1866
f 6128/5485/1867 6127/5484/1867 6126/5483/1866
f 6129/5486/1868 6127/5484/1867 6128/5485/1867
f 6130/5487/1869 6129/5486/1869 6128/5485/1867
f 6131/5488/1870 6129/5486/1871 6130/5487/1871
f 6132/5489/1870 6131/5488/1870 6130/5487/1871
f 6133/5490/1872 6131/5488/1870 6132/5489/1870
f 6134/5491/1872 6133/5490/1872 6132/5489/1870
f 6135/5492/1873 6133/5490/1874 6134/5491/1874
f 6136/5493/1873 6135/5492/1873 6134/5491/1874
f 6137/5494/1875 6135/5492/1876 6136/5493/1876
f 6138/5495/1875 6137/5494/1875 6136/5493/1876
f 6141/5446/1877 6140/5445/1877 6139/5496/1878
f 6140/5445/1877 6142/5497/1878 6139/5496/1878
f 6139/5496/1878 6142/5497/1878 6143/5498/1879
f 6142/5497/1878 6144/5499/1879 6143/5498/1879
f 6143/5498/1879 6144/5499/1879 6145/5500/1880
f 6144/5499/1881 6146/5501/1880 6145/5500/1880
f 6145/5500/1880 6146/5501/1880 6147/5502/1882
f 6146/5501/1880 6148/5503/1882 6147/5502/1882
f 6151/5504/1883 6150/5505/1883 6149/5506/1884
f 6150/5505/1883 6152/5507/1884 6149/5506/1884
f 6149/5506/1884 6152/5507/1884 6153/5508/1885
f 6152/5507/1884 6154/5509/1885 6153/5508/1885
f 6153/5508/1886 6154/5509/1886 6155/5510/1887
f 6154/5509/1886 6156/5511/1887 6155/5510/1887
f 6159/5512/1888 6158/5513/1889 6157/5514/1889
f 6160/5515/1888 6159/5512/1888 6157/5514/1889
f 6161/5516/1890 6159/5512/1888 6160/5515/1888
f 6162/5517/1890 6161/5516/1890 6160/5515/1888
f 6163/5518/1891 6161/5516/1890 6162/5517/1890
f 6164/5519/1891 6163/5518/1892 6162/5517/1890
f 6165/5520/1893 6163/5518/1891 6164/5519/1891
f 6166/5521/1893 6165/5520/1893 6164/5519/1891
f 6169/5522/1894 6168/5523/1894 6167/5524/1895
f 6168/5523/1894 6170/5525/1895 6167/5524/1895
f 6167/5524/1896 6170/5525/1896 6171/5526/1897
f 6170/5525/1896 6172/5527/1897 6171/5526/1897
f 6171/5526/1897 6172/5527/1897 6173/5528/1898
f 6172/5527/1899 6174/5529/1898 6173/5528/1898
f 6173/5528/1898 6174/5529/1898 6175/5530/1900
f 6174/5529/1898 6176/5531/1900 6175/5530/1900
f 6179/5532/1901 6178/5533/1902 6177/5534/1902
f 6180/5535/1901 6179/5532/1901 6177/5534/1902
f 6181/5536/1903 6179/5532/1901 6180/5535/1901
f 6182/5537/1903 6181/5536/1903 6180/5535/1901
f 6183/5538/1904 6181/5536/1905 6182/5537/1905
f 6184/5539/1906 6183/5538/1906 6182/5537/1905
f 6185/5540/1907 6183/5538/1906 6184/5539/1906
f 6186/5541/1907 6185/5540/1907 6184/5539/1906
f 6187/5542/1908 6185/5540/1907 6186/5541/1907
f 6188/5543/1908 6187/5542/1908 6186/5541/1907
f 6189/5544/1909 6187/5542/1910 6188/5543/1910
f 6190/5545/1909 6189/5544/1909 6188/5543/1910
f 6191/5546/1911 6189/5544/1909 6190/5545/1909
f 6192/5547/1912 6191/5546/1912 6190/5545/1909
f 6193/5548/1913 6191/5546/1912 6192/5547/1912
f 6194/5549/1913 6193/5548/1913 6192/5547/1912
f 6195/5550/1914 6193/5548/1913 6194/5549/1913
f 6196/5551/1914 6195/5550/1914 6194/5549/1913
f 6197/5552/1915 6195/5550/1914 6196/5551/1914
f 6198/5553/1915 6197/5552/1915 6196/5551/1914
f 6201/5554/1916 6200/5555/1917 6199/5556/1917
f 6202/5557/1916 6201/5554/1916 6199/5556/1917
f 6203/5558/1918 6201/5554/1916 6202/5557/1916
f 6204/5559/1919 6203/5558/1919 6202/5557/1916
f 6205/5560/1920 6203/5558/1919 6204/5559/1919
f 6206/5561/1920 6205/5560/1920 6204/5559/1919
f 6207/5562/1921 6205/5560/1920 6206/5561/1920
f 6208/5563/1921 6207/5562/1921 6206/5561/1920
f 6209/5564/1922 6207/5562/1921 6208/5563/1921
f 6210/5565/1922 6209/5564/1922 6208/5563/1921
f 6211/5566/1923 6209/5564/1922 6210/5565/1922
f 6212/5567/1923 6211/5566/1923 6210/5565/1922
f 6215/5568/1924 6214/5569/1924 6213/5570/1925
f 6214/5569/1924 6216/5571/1925 6213/5570/1925
f 6213/5570/1925 6216/5571/1925 6217/5572/1926
f 6216/5571/1925 6218/5573/1926 6217/5572/1926
f 6217/5572/1926 6218/5573/1926 6219/5574/1927
f 6218/5573/1926 6220/5575/1927 6219/5574/1927
f 6219/5574/1927 6220/5575/1927 6221/5567/1923
f 6220/5575/1927 6222/5566/1923 6221/5567/1923
f 6225/5576/1928 6224/5577/1929 6223/5578/1929
f 6226/5579/1928 6225/5576/1928 6223/5578/1929
f 6227/5580/1930 6225/5576/1928 6226/5579/1928
f 6228/5581/1930 6227/5580/1930 6226/5579/1928
f 6229/5582/1931 6227/5580/1930 6228/5581/1930
f 6230/5583/1931 6229/5582/1931 6228/5581/1930
f 6233/5584/1932 6232/5585/1932 6231/5586/1933
f 6232/5585/1932 6234/5587/1933 6231/5586/1933
f 6231/5586/1933 6234/5587/1933 6235/5588/1934
f 6234/5587/1933 6236/5589/1934 6235/5588/1934
f 6235/5588/1934 6236/5589/1934 6237/5590/1935
f 6236/5589/1934 6238/5591/1935 6237/5590/1935
f 6237/5590/1936 6238/5591/1936 6239/5592/1937
f 6238/5591/1936 6240/5593/1937 6239/5592/1937
f 6239/5592/1937 6240/5593/1937 6241/5583/1931
f 6240/5593/1937 6242/5582/1931 6241/5583/1931
f 6245/5594/1902 6244/5569/1938 6243/5568/1938
f 6246/5595/1902 6245/5594/1902 6243/5568/1938
f 6249/5556/1939 6248/5555/1939 6247/5596/1940
f 6248/5555/1939 6250/5597/1940 6247/5596/1940
f 6247/5596/1940 6250/5597/1940 6251/5598/1941
f 6250/5597/1940 6252/5599/1941 6251/5598/1941
f 6251/5598/1941 6252/5599/1941 6253/5600/1942
f 6252/5599/1941 6254/5601/1942 6253/5600/1942
f 6257/5513/1943 6256/5523/1943 6255/5522/1943
f 6258/5514/1943 6257/5513/1943 6255/5522/1943
f 6261/5578/1944 6260/5577/1944 6259/5602/1945
f 6260/5577/1944 6262/5603/1945 6259/5602/1945
f 6259/5602/1945 6262/5603/1945 6263/5604/1946
f 6262/5603/1945 6264/5605/1946 6263/5604/1946
f 6267/5604/1947 6266/5605/1947 6265/5606/1948
f 6266/5605/1947 6268/5607/1948 6265/5606/1948
f 6265/5606/1948 6268/5607/1948 6269/5608/1949
f 6268/5607/1948 6270/5609/1949 6269/5608/1949
f 6269/5608/1949 6270/5609/1949 6271/5610/1950
f 6270/5609/1949 6272/5611/1950 6271/5610/1950
f 6271/5610/1950 6272/5611/1950 6273/5612/1951
f 6272/5611/1950 6274/5613/1951 6273/5612/1951
f 6277/5612/1952 6276/5613/1952 6275/5614/1953
f 6276/5613/1952 6278/5615/1953 6275/5614/1953
f 6275/5614/1953 6278/5615/1953 6279/5616/1954
f 6278/5615/1953 6280/5617/1954 6279/5616/1954
f 6279/5616/1954 6280/5617/1954 6281/5618/1955
f 6280/5617/1954 6282/5619/1955 6281/5618/1955
f 6285/5620/1956 6284/5552/1957 6283/5553/1957
f 6286/5621/1958 6285/5620/1958 6283/5553/1957
f 6287/5622/1959 6285/5620/1960 6286/5621/1960
f 6288/5623/1959 6287/5622/1959 6286/5621/1960
f 6289/5624/1961 6287/5622/1959 6288/5623/1959
f 6290/5625/1961 6289/5624/1961 6288/5623/1959
f 6291/5626/1962 6289/5624/1961 6290/5625/1961
f 6292/5627/1962 6291/5626/1962 6290/5625/1963
f 6295/5618/1964 6294/5619/1964 6293/5628/1965
f 6294/5619/1964 6296/5629/1965 6293/5628/1965
f 6293/5628/1966 6296/5629/1966 6297/5630/1967
f 6296/5629/1966 6298/5631/1967 6297/5630/1967
f 6301/5631/1967 6300/5632/1968 6299/5633/1968
f 6302/5630/1967 6301/5631/1967 6299/5633/1968
f 6305/5634/1969 6304/5635/1847 6303/5636/1847
f 6306/5637/1969 6305/5634/1969 6303/5636/1847
f 6307/5638/1970 6305/5634/1969 6306/5637/1969
f 6308/5639/1970 6307/5638/1970 6306/5637/1969
f 6311/5502/1971 6310/5503/1971 6309/5640/1972
f 6310/5503/1971 6312/5641/1972 6309/5640/1972
f 6309/5640/1972 6312/5641/1972 6313/5642/1973
f 6312/5641/1972 6314/5643/1973 6313/5642/1973
f 6313/5642/1973 6314/5643/1973 6315/5644/1974
f 6314/5643/1975 6316/5645/1974 6315/5644/1974
f 6315/5644/1974 6316/5645/1974 6317/5646/1976
f 6316/5645/1974 6318/5647/1976 6317/5646/1976
f 6321/5510/1887 6320/5511/1887 6319/5648/1977
f 6320/5511/1887 6322/5649/1977 6319/5648/1977
f 6319/5648/1977 6322/5649/1977 6323/5650/1978
f 6322/5649/1977 6324/5651/1978 6323/5650/1978
f 6323/5650/1978 6324/5651/1978 6325/5652/1979
f 6324/5651/1978 6326/5653/1979 6325/5652/1979
f 6325/5652/1979 6326/5653/1979 6327/5453/1980
f 6326/5653/1979 6328/5452/1980 6327/5453/1980
f 6331/5654/1981 6330/5520/1893 6329/5521/1893
f 6332/5655/1981 6331/5654/1981 6329/5521/1893
f 6333/5656/1982 6331/5654/1981 6332/5655/1981
f 6334/5657/1982 6333/5656/1982 6332/5655/1983
f 6335/5658/1984 6333/5656/1982 6334/5657/1982
f 6336/5659/1984 6335/5658/1984 6334/5657/1982
f 6337/5660/1985 6335/5658/1986 6336/5659/1986
f 6338/5661/1985 6337/5660/1985 6336/5659/1986
f 6339/5662/1863 6337/5660/1985 6338/5661/1985
f 6340/5663/1863 6339/5662/1863 6338/5661/1985
f 6343/5664/1987 6342/5665/1988 6341/5666/1988
f 6344/5667/1987 6343/5664/1987 6341/5666/1988
f 6345/5668/1989 6343/5664/1990 6344/5667/1990
f 6346/5669/1989 6345/5668/1989 6344/5667/1990
f 6347/5670/1991 6345/5668/1989 6346/5669/1989
f 6348/5671/1991 6347/5670/1991 6346/5669/1989
f 6349/5672/1992 6347/5670/1993 6348/5671/1993
f 6350/5673/1992 6349/5672/1992 6348/5671/1993
f 6351/5674/1994 6349/5672/1992 6350/5673/1992
f 6352/5675/1994 6351/5674/1994 6350/5673/1992
f 6353/5676/1995 6351/5674/1994 6352/5675/1994
f 6354/5677/1995 6353/5676/1995 6352/5675/1994
f 6355/5678/1996 6353/5676/1995 6354/5677/1995
f 6356/5679/1996 6355/5678/1996 6354/5677/1995
f 6357/5680/1997 6355/5678/1996 6356/5679/1996
f 6358/5681/1997 6357/5680/1997 6356/5679/1996
f 6359/5682/1998 6357/5680/1997 6358/5681/1997
f 6360/5683/1998 6359/5682/1998 6358/5681/1997
f 6363/5684/1999 6362/5685/2000 6361/5686/2000
f 6364/5687/1999 6363/5684/1999 6361/5686/2000
f 6365/5688/2001 6363/5684/1999 6364/5687/1999
f 6366/5689/2001 6365/5688/2001 6364/5687/1999
f 6367/5690/2002 6365/5688/2001 6366/5689/2001
f 6368/5691/2002 6367/5690/2002 6366/5689/2001
f 6371/5686/2003 6370/5685/2003 6369/5692/2004
f 6370/5685/2003 6372/5693/2004 6369/5692/2004
f 6369/5692/2004 6372/5693/2004 6373/5694/2005
f 6372/5693/2004 6374/5695/2005 6373/5694/2005
f 6377/5696/2006 6376/5697/2006 6375/5698/2006
f 6378/5699/2006 6377/5696/2006 6375/5698/2006
f 6381/5697/2007 6380/5494/2007 6379/5495/2007
f 6382/5698/2007 6381/5697/2007 6379/5495/2007
f 6385/5700/2008 6384/5701/2009 6383/5702/2009
f 6386/5703/2008 6385/5700/2008 6383/5702/2009
f 6387/5704/2010 6385/5700/2011 6386/5703/2011
f 6388/5705/2010 6387/5704/2010 6386/5703/2011
f 6389/5706/2012 6387/5704/2013 6388/5705/2013
f 6390/5707/2012 6389/5706/2012 6388/5705/2013
f 6391/5708/2014 6389/5706/2012 6390/5707/2012
f 6392/5709/2014 6391/5708/2014 6390/5707/2012
f 6395/5701/2015 6394/5696/2015 6393/5699/2015
f 6396/5702/2015 6395/5701/2015 6393/5699/2015
f 6399/5694/2016 6398/5695/2016 6397/5710/2017
f 6398/5695/2016 6400/5711/2017 6397/5710/2017
f 6397/5710/2017 6400/5711/2017 6401/5712/2018
f 6400/5711/2017 6402/5713/2018 6401/5712/2018
f 6401/5712/2018 6402/5713/2018 6403/5714/2019
f 6402/5713/2018 6404/5715/2019 6403/5714/2019
f 6403/5714/2019 6404/5715/2019 6405/5716/2020
f 6404/5715/2019 6406/5717/2020 6405/5716/2020
f 6405/5716/2020 6406/5717/2020 6407/5718/2021
f 6406/5717/2020 6408/5719/2021 6407/5718/2021
f 6407/5718/2022 6408/5719/2022 6409/5720/2023
f 6408/5719/2022 6410/5721/2023 6409/5720/2023
f 6409/5720/2023 6410/5721/2023 6411/5722/2024
f 6410/5721/2023 6412/5723/2024 6411/5722/2024
f 6411/5722/2025 6412/5723/2025 6413/5724/2026
f 6412/5723/2025 6414/5725/2026 6413/5724/2026
f 6413/5724/2026 6414/5725/2026 6415/5726/2027
f 6414/5725/2026 6416/5727/2028 6415/5726/2028
f 6419/5600/2029 6418/5601/2029 6417/5728/2030
f 6418/5601/2029 6420/5729/2030 6417/5728/2030
f 6417/5728/2031 6420/5729/2031 6421/5730/2032
f 6420/5729/2031 6422/5731/2032 6421/5730/2032
f 6421/5730/2032 6422/5731/2032 6423/5732/2033
f 6422/5731/2032 6424/5733/2033 6423/5732/2033
f 6427/5734/2033 6426/5735/2033 6425/5736/2034
f 6426/5735/2033 6428/5737/2034 6425/5736/2034
f 6425/5736/2034 6428/5737/2034 6429/5738/2035
f 6428/5737/2034 6430/5739/2035 6429/5738/2035
f 6429/5738/2035 6430/5739/2035 6431/5740/2036
f 6430/5739/2035 6432/5741/2036 6431/5740/2036
f 6431/5740/2036 6432/5741/2036 6433/5742/2037
f 6432/5741/2036 6434/5743/2037 6433/5742/2037
f 6433/5742/2037 6434/5743/2037 6435/5744/2038
f 6434/5743/2037 6436/5745/2038 6435/5744/2038
f 6435/5744/2038 6436/5745/2038 6437/5746/2039
f 6436/5745/2038 6438/5747/2039 6437/5746/2039
f 6441/5748/2040 6440/5638/2041 6439/5639/2041
f 6442/5749/2040 6441/5748/2040 6439/5639/2041
f 6443/5750/2042 6441/5748/2043 6442/5749/2043
f 6444/5751/2042 6443/5750/2042 6442/5749/2043
f 6445/5752/2044 6443/5750/2045 6444/5751/2045
f 6446/5753/2044 6445/5752/2044 6444/5751/2045
f 6447/5754/2046 6445/5752/2044 6446/5753/2044
f 6448/5755/2046 6447/5754/2046 6446/5753/2044
f 6449/5756/2047 6447/5754/2046 6448/5755/2046
f 6450/5757/2048 6449/5756/2048 6448/5755/2046
f 6453/5746/2039 6452/5747/2039 6451/5758/2049
f 6452/5747/2039 6454/5759/2049 6451/5758/2049
f 6451/5758/2049 6454/5759/2049 6455/5760/2050
f 6454/5759/2051 6456/5761/2052 6455/5760/2052
f 6455/5760/2053 6456/5761/2053 6457/5762/2054
f 6456/5761/2053 6458/5763/2054 6457/5762/2054
f 6457/5762/2054 6458/5763/2054 6459/5757/2048
f 6458/5763/2054 6460/5756/2048 6459/5757/2048
f 6463/5764/2055 6462/5765/2056 6461/5766/2056
f 6464/5767/2055 6463/5764/2055 6461/5766/2056
f 6465/5768/2057 6463/5764/2055 6464/5767/2055
f 6466/5769/2057 6465/5768/2057 6464/5767/2058
f 6467/5770/2059 6465/5768/2057 6466/5769/2057
f 6468/5771/2059 6467/5770/2059 6466/5769/2057
f 6469/5772/2060 6467/5770/2059 6468/5771/2059
f 6470/5773/2060 6469/5772/2060 6468/5771/2059
f 6471/5774/2061 6469/5772/2060 6470/5773/2060
f 6472/5775/2061 6471/5774/2061 6470/5773/2060
f 6473/5776/2062 6471/5774/2063 6472/5775/2063
f 6474/5777/2062 6473/5776/2062 6472/5775/2063
f 6475/5778/2064 6473/5776/2062 6474/5777/2062
f 6476/5779/2064 6475/5778/2064 6474/5777/2062
f 6479/5780/2065 6478/5781/2065 6477/5782/2066
f 6478/5781/2067 6480/5783/2066 6477/5782/2066
f 6477/5782/2066 6480/5783/2066 6481/5784/2068
f 6480/5783/2066 6482/5785/2068 6481/5784/2068
f 6481/5784/2068 6482/5785/2068 6483/5786/2069
f 6482/5785/2068 6484/5787/2070 6483/5786/2070
f 6483/5786/2070 6484/5787/2070 6485/5788/2071
f 6484/5787/2069 6486/5789/2071 6485/5788/2071
f 6485/5788/2071 6486/5789/2071 6487/5779/2072
f 6486/5789/2071 6488/5778/2064 6487/5779/2064
f 6491/5790/2073 6490/5781/2074 6489/5780/2074
f 6492/5791/2073 6491/5790/2073 6489/5780/2074
f 6495/5475/2075 6494/5792/2076 6493/5793/2076
f 6496/5474/2075 6495/5475/2075 6493/5793/2076
f 6499/5794/2076 6498/5795/2076 6497/5796/2077
f 6498/5795/2076 6500/5797/2077 6497/5796/2077
f 6497/5796/2077 6500/5797/2077 6501/5798/2078
f 6500/5797/2077 6502/5799/2078 6501/5798/2078
f 6501/5798/2078 6502/5799/2078 6503/5800/2079
f 6502/5799/2078 6504/5801/2079 6503/5800/2079
f 6507/5802/2080 6506/5803/2081 6505/5804/2081
f 6508/5805/2080 6507/5802/2080 6505/5804/2081
f 6509/5806/2082 6507/5802/2083 6508/5805/2083
f 6510/5807/2082 6509/5806/2082 6508/5805/2083
f 6511/5808/2084 6509/5806/2085 6510/5807/2085
f 6512/5809/2084 6511/5808/2084 6510/5807/2085
f 6513/5810/2086 6511/5808/2084 6512/5809/2084
f 6514/5811/2086 6513/5810/2086 6512/5809/2084
f 6515/5812/2087 6513/5810/2086 6514/5811/2086
f 6516/5813/2087 6515/5812/2087 6514/5811/2086
f 6519/5814/2081 6518/5682/1998 6517/5683/1998
f 6520/5815/2081 6519/5814/2081 6517/5683/1998
f 6523/5816/2088 6522/5812/2087 6521/5813/2087
f 6524/5817/2088 6523/5816/2088 6521/5813/2087
f 6525/5818/2089 6523/5816/2088 6524/5817/2088
f 6526/5819/2089 6525/5818/2089 6524/5817/2088
f 6527/5820/2090 6525/5818/2089 6526/5819/2089
f 6528/5821/2090 6527/5820/2090 6526/5819/2089
f 6529/5822/2091 6527/5820/2090 6528/5821/2090
f 6530/5823/2091 6529/5822/2091 6528/5821/2090
f 6531/5801/2092 6529/5822/2091 6530/5823/2091
f 6532/5800/2079 6531/5801/2079 6530/5823/2091
o Mesh_Cutout_Edgar
v -8.823808 4.066264 -3.303854
v -8.723314 4.137747 -3.123854
v -8.823808 4.066264 -3.123854
v -9.930961 0.009597 -3.303854
v -9.899234 -0.028365 -3.303854
v -9.087763 -0.032763 -3.303854
v -9.039409 -0.007816 -3.303854
v -9.010106 0.041266 -3.303854
v -9.970329 0.075901 -3.303854
v -9.006445 0.124778 -3.303854
v -9.996225 0.189862 -3.303854
v -9.993117 0.303822 -3.303854
v -9.955817 0.368054 -3.303854
v -9.155755 0.416056 -3.303854
v -9.489759 0.468045 -3.303854
v -9.239340 0.597459 -3.303854
v -9.581054 0.642392 -3.303853
v -9.330174 0.846530 -3.303854
v -9.649914 0.866556 -3.303853
v -9.381447 1.121973 -3.303854
v -9.689472 1.103907 -3.303853
v -9.377052 1.305114 -3.303854
v -9.708524 1.427700 -3.303854
v -9.338959 1.486789 -3.303854
v -9.692410 1.650399 -3.303854
v -9.617682 0.501740 -3.303853
v -9.295004 1.653813 -3.303854
v -9.762726 0.510534 -3.303853
v -9.641132 1.915587 -3.303854
v -9.585458 2.081146 -3.303854
v -9.831586 0.728837 -3.303853
v -8.855082 2.510457 -3.303854
v -9.237865 1.599604 -3.303854
v -9.155817 1.536603 -3.303854
v -9.070842 1.486789 -3.303854
v -8.960957 1.444301 -3.303854
v -8.832026 1.416464 -3.303854
v -8.695768 1.398882 -3.303854
v -8.546325 1.400347 -3.303854
v -8.426190 1.425254 -3.303854
v -8.300190 1.470673 -3.303854
v -8.182981 1.538069 -3.303854
v -8.081886 1.623046 -3.303854
v -9.674821 2.163194 -3.303854
v -7.963124 1.770005 -3.303854
v -9.898232 2.501800 -3.303854
v -9.917914 2.580536 -3.303854
v -9.989398 2.384732 -3.303854
v -9.930346 2.731791 -3.303854
v -9.780312 2.015217 -3.303854
v -10.097958 2.206415 -3.303854
v -10.178539 2.024739 -3.303854
v -9.874074 1.833541 -3.303854
v -10.251894 1.777699 -3.303854
v -9.937074 1.657726 -3.303854
v -9.973700 1.477515 -3.303854
v -10.270939 1.629721 -3.303854
v -10.274567 1.411310 -3.303854
v -9.964909 1.278259 -3.303853
v -10.257990 1.183390 -3.303854
v -9.926815 1.084862 -3.303853
v -10.204118 0.996910 -3.303854
v -10.303573 1.059070 -3.303854
v -10.485214 0.512058 -3.303854
v -10.641314 0.572150 -3.303854
v -10.454831 1.065287 -3.303854
v -10.676537 0.677822 -3.303854
v -10.668248 0.862230 -3.303854
v -10.595727 0.988622 -3.303854
v -7.389186 2.603407 -3.303854
v -7.334245 2.680326 -3.303854
v -7.321791 2.737465 -3.303854
v -7.496626 2.966296 -3.303854
v -7.450722 2.550662 -3.303854
v -7.321791 2.807059 -3.303854
v -7.333991 2.900650 -3.303854
v -7.358898 2.963650 -3.303854
v -7.312760 3.042033 -3.303854
v -7.300307 3.088185 -3.303854
v -7.304701 3.208325 -3.303854
v -7.327404 3.284512 -3.303854
v -7.387475 3.354105 -3.303854
v -7.523239 2.521509 -3.303854
v -7.469521 3.419303 -3.303854
v -8.989845 2.994989 -3.303854
v -9.114914 3.444664 -3.303854
v -9.260990 3.450880 -3.303854
v -9.357338 3.448808 -3.303854
v -7.495890 3.592189 -3.303854
v -9.110770 3.544120 -3.303854
v -7.553666 3.804155 -3.303854
v -9.075551 3.699520 -3.303854
v -7.647941 3.962663 -3.303854
v -9.007176 3.850775 -3.303854
v -7.768119 4.079731 -3.303854
v -8.932587 3.965771 -3.303854
v -7.895546 4.165720 -3.303854
v -8.823808 4.066264 -3.303854
v -8.042658 4.223735 -3.303854
v -8.723314 4.137747 -3.303854
v -9.479587 3.422908 -3.303854
v -8.191847 4.250671 -3.303854
v -8.602103 4.196800 -3.303854
v -8.463281 4.243419 -3.303854
v -8.332744 4.251708 -3.303854
v -9.591474 3.365928 -3.303854
v -9.708969 3.274457 -3.303854
v -9.805668 3.169701 -3.303854
v -9.885507 3.012199 -3.303854
v -9.928727 2.878873 -3.303854
v -7.861039 1.944409 -3.303854
v -7.499796 2.505393 -3.303854
v -7.425075 2.487811 -3.303854
v -7.353896 1.655621 -3.303854
v -7.335702 2.398438 -3.303854
v -7.304936 2.396973 -3.303854
v -7.211166 2.320787 -3.303854
v -7.158422 2.206507 -3.303854
v -7.028026 2.086366 -3.303854
v -7.233756 1.553062 -3.303854
v -6.859538 1.919343 -3.303854
v -7.062336 1.446108 -3.303854
v -7.320199 1.450503 -3.303854
v -6.761374 1.781621 -3.303855
v -6.918754 1.413875 -3.303854
v -7.899928 1.617714 -3.303854
v -7.860758 1.487064 -3.303854
v -7.832187 1.350074 -3.303854
v -7.304081 1.229269 -3.303854
v -7.820477 1.208690 -3.303854
v -6.814731 1.413875 -3.303855
v -6.707165 1.633643 -3.303855
v -6.704845 1.523760 -3.303855
v -6.731217 1.454899 -3.303855
v -7.314867 0.989702 -3.303854
v -7.817548 1.058515 -3.303854
v -7.824132 0.946718 -3.303854
v -7.364589 0.797005 -3.303854
v -7.848998 0.831722 -3.303854
v -7.891474 0.714654 -3.303854
v -7.485797 0.516249 -3.303854
v -7.949489 0.560290 -3.303854
v -8.046872 0.380026 -3.303854
v -7.297298 -0.042467 -3.303854
v -8.157719 0.134494 -3.303854
v -8.158756 0.057830 -3.303854
v -8.150468 0.015353 -3.303854
v -8.115243 -0.021942 -3.303854
v -8.081050 -0.038219 -3.303854
v -7.238696 0.016138 -3.303854
v -7.421835 0.514281 -3.303854
v -7.307555 0.589002 -3.303854
v -6.853366 0.109906 -3.303855
v -6.813808 0.136278 -3.303855
v -7.171298 0.625630 -3.303854
v -6.797692 0.285721 -3.303855
v -7.048229 0.628561 -3.303854
v -6.810878 0.424908 -3.303855
v -6.944203 0.600723 -3.303854
v -6.859228 0.527467 -3.303855
v -9.087763 -0.032763 -3.123854
v -9.899234 -0.028365 -3.123854
v -9.930961 0.009597 -3.123854
v -9.039409 -0.007816 -3.123854
v -9.010106 0.041266 -3.123854
v -9.970329 0.075901 -3.123854
v -9.006445 0.124778 -3.123854
v -9.996225 0.189862 -3.123854
v -9.993117 0.303822 -3.123854
v -9.955817 0.368054 -3.123854
v -9.155755 0.416056 -3.123854
v -9.489759 0.468044 -3.123853
v -9.239340 0.597459 -3.123854
v -9.581054 0.642392 -3.123853
v -9.330174 0.846530 -3.123854
v -9.649914 0.866556 -3.123853
v -9.381447 1.121973 -3.123854
v -9.689471 1.103907 -3.123853
v -9.377052 1.305114 -3.123854
v -9.708524 1.427700 -3.123853
v -9.338959 1.486789 -3.123854
v -9.692410 1.650399 -3.123853
v -9.617682 0.501739 -3.123853
v -9.295004 1.653813 -3.123854
v -9.762726 0.510533 -3.123853
v -9.641131 1.915587 -3.123854
v -9.585458 2.081146 -3.123854
v -9.831586 0.728837 -3.123853
v -8.855082 2.510457 -3.123854
v -9.237865 1.599604 -3.123854
v -9.155817 1.536603 -3.123854
v -9.070842 1.486789 -3.123854
v -8.960957 1.444301 -3.123854
v -8.832026 1.416464 -3.123854
v -8.695768 1.398882 -3.123854
v -8.546325 1.400347 -3.123854
v -8.426190 1.425254 -3.123854
v -8.300190 1.470673 -3.123854
v -8.182981 1.538069 -3.123854
v -8.081886 1.623046 -3.123854
v -9.674821 2.163194 -3.123854
v -7.963124 1.770005 -3.123854
v -9.898232 2.501800 -3.123854
v -9.917914 2.580536 -3.123854
v -9.989398 2.384732 -3.123854
v -9.930346 2.731791 -3.123854
v -9.780312 2.015217 -3.123854
v -10.097958 2.206415 -3.123854
v -10.178539 2.024739 -3.123854
v -9.874074 1.833541 -3.123854
v -10.251894 1.777699 -3.123854
v -9.937074 1.657726 -3.123853
v -9.973700 1.477515 -3.123853
v -10.270939 1.629721 -3.123854
v -10.274567 1.411310 -3.123854
v -9.964909 1.278259 -3.123853
v -10.257990 1.183390 -3.123854
v -9.926816 1.084862 -3.123853
v -10.204118 0.996910 -3.123854
v -10.303573 1.059070 -3.123854
v -10.485214 0.512058 -3.123854
v -10.641314 0.572150 -3.123854
v -10.454831 1.065287 -3.123854
v -10.676537 0.677822 -3.123854
v -10.668248 0.862230 -3.123854
v -10.595727 0.988622 -3.123854
v -7.321791 2.737465 -3.123854
v -7.334245 2.680326 -3.123854
v -7.389186 2.603407 -3.123854
v -7.496626 2.966296 -3.123854
v -7.321791 2.807059 -3.123854
v -7.450722 2.550662 -3.123854
v -7.333991 2.900650 -3.123854
v -7.358898 2.963650 -3.123854
v -7.312760 3.042033 -3.123854
v -7.300307 3.088185 -3.123854
v -7.304701 3.208325 -3.123854
v -7.327404 3.284512 -3.123854
v -7.387475 3.354105 -3.123854
v -7.523239 2.521509 -3.123854
v -7.469521 3.419303 -3.123854
v -8.989845 2.994989 -3.123854
v -9.114914 3.444664 -3.123854
v -9.260990 3.450880 -3.123854
v -9.357338 3.448808 -3.123854
v -7.495890 3.592189 -3.123854
v -9.110770 3.544120 -3.123854
v -7.553666 3.804155 -3.123854
v -9.075551 3.699520 -3.123854
v -7.647941 3.962663 -3.123854
v -9.007176 3.850775 -3.123854
v -7.768119 4.079731 -3.123854
v -8.932587 3.965771 -3.123854
v -7.895546 4.165720 -3.123854
v -8.823808 4.066264 -3.123854
v -8.042658 4.223735 -3.123854
v -8.723314 4.137747 -3.123854
v -8.191847 4.250671 -3.123854
v -8.602103 4.196800 -3.123854
v -8.463281 4.243419 -3.123854
v -8.332744 4.251708 -3.123854
v -6.704845 1.523760 -3.123855
v -6.731217 1.454899 -3.123855
v -6.814731 1.413875 -3.123855
v -6.707165 1.633643 -3.123855
v -6.761374 1.781621 -3.123855
v -6.918754 1.413875 -3.123855
v -7.062336 1.446108 -3.123855
v -6.859538 1.919343 -3.123855
v -7.233756 1.553062 -3.123855
v -7.028026 2.086366 -3.123855
v -7.353896 1.655621 -3.123854
v -7.158422 2.206507 -3.123854
v -7.211166 2.320787 -3.123854
v -7.304936 2.396973 -3.123854
v -7.335702 2.398438 -3.123854
v -7.425075 2.487811 -3.123854
v -7.861039 1.944409 -3.123854
v -7.499796 2.505393 -3.123854
v -7.320199 1.450503 -3.123854
v -7.899928 1.617714 -3.123854
v -7.860758 1.487064 -3.123854
v -7.832187 1.350074 -3.123854
v -7.304081 1.229269 -3.123854
v -7.820477 1.208690 -3.123854
v -7.314867 0.989702 -3.123854
v -7.817548 1.058515 -3.123854
v -7.824132 0.946718 -3.123854
v -7.364589 0.797005 -3.123854
v -7.848998 0.831722 -3.123854
v -7.891474 0.714654 -3.123854
v -7.485797 0.516249 -3.123854
v -7.949489 0.560290 -3.123854
v -8.046872 0.380026 -3.123854
v -7.297298 -0.042467 -3.123855
v -8.157719 0.134494 -3.123854
v -8.158756 0.057830 -3.123854
v -8.150468 0.015353 -3.123854
v -8.115243 -0.021942 -3.123854
v -8.081050 -0.038219 -3.123854
v -7.238696 0.016138 -3.123855
v -7.421835 0.514281 -3.123854
v -7.307555 0.589002 -3.123854
v -6.853366 0.109906 -3.123855
v -6.813808 0.136278 -3.123855
v -7.171298 0.625630 -3.123855
v -6.797692 0.285721 -3.123855
v -7.048229 0.628561 -3.123855
v -6.810878 0.424908 -3.123855
v -6.944203 0.600723 -3.123855
v -6.859228 0.527467 -3.123855
v -9.955817 0.368054 -3.303854
v -10.485214 0.512058 -3.123854
v -9.955817 0.368054 -3.123854
v -10.485214 0.512058 -3.303854
v -10.641314 0.572150 -3.123854
v -10.641314 0.572150 -3.303854
v -10.303573 1.059070 -3.303854
v -10.204118 0.996910 -3.303854
v -10.204118 0.996910 -3.123854
v -10.303573 1.059070 -3.123854
v -10.454831 1.065287 -3.303854
v -10.454831 1.065287 -3.123854
v -10.595727 0.988622 -3.303854
v -10.595727 0.988622 -3.123854
v -9.993117 0.303822 -3.303854
v -9.955817 0.368054 -3.303854
v -9.955817 0.368054 -3.123854
v -9.993117 0.303822 -3.123854
v -9.996225 0.189862 -3.303854
v -9.996225 0.189862 -3.123854
v -9.970329 0.075901 -3.303854
v -9.970329 0.075901 -3.123854
v -9.930961 0.009597 -3.303854
v -9.930961 0.009597 -3.123854
v -9.899234 -0.028365 -3.303854
v -9.899234 -0.028365 -3.123854
v -9.260990 3.450880 -3.303854
v -9.114914 3.444664 -3.303854
v -9.114914 3.444664 -3.123854
v -9.260990 3.450880 -3.123854
v -9.357338 3.448808 -3.303854
v -9.357338 3.448808 -3.123854
v -9.479587 3.422908 -3.303854
v -9.479587 3.422908 -3.123854
v -9.591474 3.365928 -3.303854
v -9.591474 3.365928 -3.123854
v -9.585458 2.081146 -3.303854
v -9.674821 2.163194 -3.303854
v -9.674821 2.163194 -3.123854
v -9.585458 2.081146 -3.123854
v -9.762726 0.510534 -3.303853
v -9.617682 0.501739 -3.123853
v -9.762726 0.510533 -3.123853
v -9.617682 0.501740 -3.303853
v -9.489759 0.468044 -3.123853
v -9.489759 0.468045 -3.303854
v -9.831586 0.728837 -3.303853
v -9.762726 0.510534 -3.303853
v -9.762726 0.510533 -3.123853
v -9.831586 0.728837 -3.123853
v -9.926815 1.084862 -3.303853
v -9.926816 1.084862 -3.123853
v -9.964909 1.278259 -3.303853
v -9.964909 1.278259 -3.123853
v -9.973700 1.477515 -3.303854
v -9.973700 1.477515 -3.123853
v -9.937074 1.657726 -3.303854
v -9.937074 1.657726 -3.123853
v -9.874074 1.833541 -3.303854
v -9.874074 1.833541 -3.123854
v -9.780312 2.015217 -3.303854
v -9.780312 2.015217 -3.123854
v -9.674821 2.163194 -3.303854
v -9.674821 2.163194 -3.123854
v -9.006445 0.124778 -3.303854
v -9.010106 0.041266 -3.303854
v -9.010106 0.041266 -3.123854
v -9.006445 0.124778 -3.123854
v -9.155755 0.416056 -3.303854
v -9.155755 0.416056 -3.123854
v -9.239340 0.597459 -3.303854
v -9.239340 0.597459 -3.123854
v -9.330174 0.846530 -3.303854
v -9.330174 0.846530 -3.123854
v -9.381447 1.121973 -3.303854
v -9.381447 1.121973 -3.123854
v -9.377052 1.305114 -3.303854
v -9.377052 1.305114 -3.123854
v -9.338959 1.486789 -3.303854
v -9.338959 1.486789 -3.123854
v -9.295004 1.653813 -3.303854
v -9.295004 1.653813 -3.123854
v -9.010106 0.041266 -3.303854
v -9.039409 -0.007816 -3.123854
v -9.010106 0.041266 -3.123854
v -9.039409 -0.007816 -3.303854
v -9.087763 -0.032763 -3.123854
v -9.087763 -0.032763 -3.303854
v -9.899234 -0.028365 -3.123854
v -9.899234 -0.028365 -3.303854
v -10.204118 0.996910 -3.303854
v -10.257990 1.183390 -3.123854
v -10.204118 0.996910 -3.123854
v -10.257990 1.183390 -3.303854
v -10.274567 1.411310 -3.123854
v -10.274567 1.411310 -3.303854
v -10.270939 1.629721 -3.123854
v -10.270939 1.629721 -3.303854
v -10.251894 1.777699 -3.123854
v -10.251894 1.777699 -3.303854
v -10.178539 2.024739 -3.123854
v -10.178539 2.024739 -3.303854
v -10.097958 2.206415 -3.123854
v -10.097958 2.206415 -3.303854
v -9.989398 2.384732 -3.123854
v -9.989398 2.384732 -3.303854
v -9.898232 2.501800 -3.123854
v -9.898232 2.501800 -3.303854
v -9.641132 1.915587 -3.303854
v -9.585458 2.081146 -3.303854
v -9.585458 2.081146 -3.123854
v -9.641131 1.915587 -3.123854
v -9.692410 1.650399 -3.303854
v -9.692410 1.650399 -3.123853
v -9.708524 1.427700 -3.303854
v -9.708524 1.427700 -3.123853
v -9.689472 1.103907 -3.303853
v -9.689471 1.103907 -3.123853
v -9.649914 0.866556 -3.303853
v -9.649914 0.866556 -3.123853
v -9.581054 0.642392 -3.303853
v -9.581054 0.642392 -3.123853
v -9.489759 0.468045 -3.303854
v -9.489759 0.468044 -3.123853
v -10.641314 0.572150 -3.303854
v -10.676537 0.677822 -3.123854
v -10.641314 0.572150 -3.123854
v -10.676537 0.677822 -3.303854
v -10.668248 0.862230 -3.123854
v -10.668248 0.862230 -3.303854
v -10.595727 0.988622 -3.123854
v -10.595727 0.988622 -3.303854
v -9.114914 3.444664 -3.303854
v -9.110770 3.544120 -3.123854
v -9.114914 3.444664 -3.123854
v -9.110770 3.544120 -3.303854
v -9.075551 3.699520 -3.123854
v -9.075551 3.699520 -3.303854
v -9.007176 3.850775 -3.123854
v -9.007176 3.850775 -3.303854
v -8.932587 3.965771 -3.123854
v -8.932587 3.965771 -3.303854
v -8.823808 4.066264 -3.123854
v -8.823808 4.066264 -3.303854
v -7.312760 3.042033 -3.303854
v -7.358898 2.963650 -3.303854
v -7.358898 2.963650 -3.123854
v -7.312760 3.042033 -3.123854
v -7.300307 3.088185 -3.303854
v -7.300307 3.088185 -3.123854
v -7.304701 3.208325 -3.303854
v -7.304701 3.208325 -3.123854
v -7.327404 3.284512 -3.303854
v -7.327404 3.284512 -3.123854
v -7.387475 3.354105 -3.303854
v -7.387475 3.354105 -3.123854
v -7.469521 3.419303 -3.303854
v -7.469521 3.419303 -3.123854
v -7.495890 3.592189 -3.303854
v -7.495890 3.592189 -3.123854
v -7.553666 3.804155 -3.303854
v -7.553666 3.804155 -3.123854
v -7.647941 3.962663 -3.303854
v -7.647941 3.962663 -3.123854
v -7.768119 4.079731 -3.303854
v -7.768119 4.079731 -3.123854
v -7.895546 4.165720 -3.303854
v -7.895546 4.165720 -3.123854
v -7.358898 2.963650 -3.303854
v -7.333991 2.900650 -3.123854
v -7.358898 2.963650 -3.123854
v -7.333991 2.900650 -3.303854
v -7.321791 2.807059 -3.123854
v -7.321791 2.807059 -3.303854
v -7.321791 2.737465 -3.123854
v -7.321791 2.737465 -3.303854
v -7.334245 2.680326 -3.123854
v -7.334245 2.680326 -3.303854
v -7.389186 2.603407 -3.123854
v -7.389186 2.603407 -3.303854
v -7.523239 2.521509 -3.303854
v -7.499796 2.505393 -3.123854
v -7.523239 2.521509 -3.123854
v -7.499796 2.505393 -3.303854
v -7.425075 2.487811 -3.123854
v -7.425075 2.487811 -3.303854
v -7.335702 2.398438 -3.123854
v -7.335702 2.398438 -3.303854
v -7.304936 2.396973 -3.123854
v -7.304936 2.396973 -3.303854
v -7.211166 2.320787 -3.123854
v -7.211166 2.320787 -3.303854
v -7.158422 2.206507 -3.123854
v -7.158422 2.206507 -3.303854
v -7.028026 2.086366 -3.123855
v -7.028026 2.086366 -3.303854
v -6.859538 1.919343 -3.123855
v -6.859538 1.919343 -3.303854
v -6.761374 1.781621 -3.123855
v -6.761374 1.781621 -3.303855
v -6.707165 1.633643 -3.123855
v -6.707165 1.633643 -3.303855
v -7.233756 1.553062 -3.303854
v -7.353896 1.655621 -3.303854
v -7.353896 1.655621 -3.123854
v -7.233756 1.553062 -3.123855
v -7.062336 1.446108 -3.303854
v -7.062336 1.446108 -3.123855
v -6.918754 1.413875 -3.303854
v -6.918754 1.413875 -3.123855
v -6.814731 1.413875 -3.303855
v -6.814731 1.413875 -3.123855
v -7.899928 1.617714 -3.303854
v -7.963124 1.770005 -3.303854
v -7.963124 1.770005 -3.123854
v -7.899928 1.617714 -3.123854
v -7.860758 1.487064 -3.303854
v -7.860758 1.487064 -3.123854
v -7.832187 1.350074 -3.303854
v -7.832187 1.350074 -3.123854
v -7.820477 1.208690 -3.303854
v -7.820477 1.208690 -3.123854
v -7.817548 1.058515 -3.303854
v -7.817548 1.058515 -3.123854
v -7.824132 0.946718 -3.303854
v -7.824132 0.946718 -3.123854
v -7.848998 0.831722 -3.303854
v -7.848998 0.831722 -3.123854
v -7.891474 0.714654 -3.303854
v -7.891474 0.714654 -3.123854
v -7.949489 0.560290 -3.303854
v -7.949489 0.560290 -3.123854
v -8.046872 0.380026 -3.303854
v -8.046872 0.380026 -3.123854
v -8.157719 0.134494 -3.303854
v -8.157719 0.134494 -3.123854
v -8.158756 0.057830 -3.303854
v -8.158756 0.057830 -3.123854
v -8.150468 0.015353 -3.303854
v -8.150468 0.015353 -3.123854
v -8.115243 -0.021942 -3.303854
v -8.115243 -0.021942 -3.123854
v -7.353896 1.655621 -3.303854
v -7.320199 1.450503 -3.123854
v -7.353896 1.655621 -3.123854
v -7.320199 1.450503 -3.303854
v -7.304081 1.229269 -3.123854
v -7.304081 1.229269 -3.303854
v -7.314867 0.989702 -3.123854
v -7.314867 0.989702 -3.303854
v -7.364589 0.797005 -3.123854
v -7.364589 0.797005 -3.303854
v -7.485797 0.516249 -3.123854
v -7.485797 0.516249 -3.303854
v -7.963124 1.770005 -3.303854
v -8.081886 1.623046 -3.123854
v -7.963124 1.770005 -3.123854
v -8.081886 1.623046 -3.303854
v -8.182981 1.538069 -3.123854
v -8.182981 1.538069 -3.303854
v -8.300190 1.470673 -3.123854
v -8.300190 1.470673 -3.303854
v -8.426190 1.425254 -3.123854
v -8.426190 1.425254 -3.303854
v -8.546325 1.400347 -3.123854
v -8.546325 1.400347 -3.303854
v -8.695768 1.398882 -3.123854
v -8.695768 1.398882 -3.303854
v -8.832026 1.416464 -3.123854
v -8.832026 1.416464 -3.303854
v -8.960957 1.444301 -3.123854
v -8.960957 1.444301 -3.303854
v -9.070842 1.486789 -3.123854
v -9.070842 1.486789 -3.303854
v -9.155817 1.536603 -3.123854
v -9.155817 1.536603 -3.303854
v -9.237865 1.599604 -3.123854
v -9.237865 1.599604 -3.303854
v -9.295004 1.653813 -3.123854
v -9.295004 1.653813 -3.303854
v -7.450722 2.550662 -3.303854
v -7.523239 2.521509 -3.303854
v -7.523239 2.521509 -3.123854
v -7.450722 2.550662 -3.123854
v -7.389186 2.603407 -3.303854
v -7.389186 2.603407 -3.123854
v -9.898232 2.501800 -3.303854
v -9.917914 2.580536 -3.123854
v -9.898232 2.501800 -3.123854
v -9.917914 2.580536 -3.303854
v -9.930346 2.731791 -3.123854
v -9.930346 2.731791 -3.303854
v -9.928727 2.878873 -3.123854
v -9.928727 2.878873 -3.303854
v -9.885507 3.012199 -3.123854
v -9.885507 3.012199 -3.303854
v -9.805668 3.169701 -3.123854
v -9.805668 3.169701 -3.303854
v -9.708969 3.274457 -3.123854
v -9.708969 3.274457 -3.303854
v -9.591474 3.365928 -3.123854
v -9.591474 3.365928 -3.303854
v -8.823808 4.066264 -3.303854
v -8.723314 4.137747 -3.303854
v -8.723314 4.137747 -3.123854
v -8.602103 4.196800 -3.123854
v -8.602103 4.196800 -3.303854
v -8.463281 4.243419 -3.123854
v -8.463281 4.243419 -3.303854
v -8.332744 4.251708 -3.123854
v -8.332744 4.251708 -3.303854
v -8.191847 4.250671 -3.123854
v -8.191847 4.250671 -3.303854
v -8.042658 4.223735 -3.123854
v -8.042658 4.223735 -3.303854
v -7.895546 4.165720 -3.123854
v -7.895546 4.165720 -3.303854
v -6.731217 1.454899 -3.303855
v -6.814731 1.413875 -3.303855
v -6.814731 1.413875 -3.123855
v -6.731217 1.454899 -3.123855
v -6.704845 1.523760 -3.303855
v -6.704845 1.523760 -3.123855
v -6.707165 1.633643 -3.303855
v -6.704845 1.523760 -3.303855
v -6.704845 1.523760 -3.123855
v -6.707165 1.633643 -3.123855
v -7.238696 0.016138 -3.303854
v -7.297298 -0.042467 -3.303854
v -7.297298 -0.042467 -3.123855
v -7.238696 0.016138 -3.123855
v -6.853366 0.109906 -3.303855
v -6.853366 0.109906 -3.123855
v -6.813808 0.136278 -3.303855
v -6.813808 0.136278 -3.123855
v -7.485797 0.516249 -3.303854
v -7.421835 0.514281 -3.123854
v -7.485797 0.516249 -3.123854
v -7.421835 0.514281 -3.303854
v -7.307555 0.589002 -3.123854
v -7.307555 0.589002 -3.303854
v -7.171298 0.625630 -3.123855
v -7.171298 0.625630 -3.303854
v -7.048229 0.628561 -3.123855
v -7.048229 0.628561 -3.303854
v -6.944203 0.600723 -3.123855
v -6.944203 0.600723 -3.303854
v -6.859228 0.527467 -3.123855
v -6.859228 0.527467 -3.303855
v -8.081050 -0.038219 -3.303854
v -8.115243 -0.021942 -3.303854
v -8.115243 -0.021942 -3.123854
v -8.081050 -0.038219 -3.123854
v -7.297298 -0.042467 -3.303854
v -7.297298 -0.042467 -3.123855
v -6.797692 0.285721 -3.303855
v -6.813808 0.136278 -3.303855
v -6.813808 0.136278 -3.123855
v -6.797692 0.285721 -3.123855
v -6.810878 0.424908 -3.303855
v -6.797692 0.285721 -3.303855
v -6.797692 0.285721 -3.123855
v -6.810878 0.424908 -3.123855
v -6.859228 0.527467 -3.303855
v -6.859228 0.527467 -3.123855
v -9.928727 2.878873 -3.123854
v -9.885507 3.012199 -3.123854
v -9.805668 3.169701 -3.123854
v -9.708969 3.274457 -3.123854
v -9.591474 3.365928 -3.123854
v -9.479587 3.422908 -3.123854
vn -0.6304 0.7763 -0.0000
vn -0.5106 0.8598 -0.0000
vn -0.0000 -0.0000 -1.0000
vn -0.0000 -0.0000 1.0000
vn -0.2625 -0.9649 -0.0000
vn -0.3113 -0.9503 -0.0000
vn -0.3593 -0.9332 -0.0000
vn 0.5300 0.8480 -0.0000
vn 0.2954 0.9554 -0.0000
vn -0.2266 0.9740 -0.0000
vn -0.6991 0.7150 -0.0000
vn -0.8648 0.5022 -0.0000
vn -0.9620 0.2732 -0.0000
vn -0.9952 -0.0979 -0.0000
vn -0.9288 -0.3706 -0.0000
vn -0.9288 -0.3706 -0.0001
vn -0.8162 -0.5778 -0.0000
vn -0.7673 -0.6413 -0.0000
vn 0.0425 0.9991 -0.0000
vn 0.0105 0.9999 -0.0000
vn -0.1149 0.9934 -0.0000
vn -0.3334 0.9428 -0.0000
vn -0.5365 0.8439 -0.0000
vn -0.6763 -0.7366 -0.0000
vn 0.0605 0.9982 -0.0000
vn 0.1584 0.9874 -0.0000
vn 0.2547 0.9670 -0.0000
vn 0.9537 0.3008 -0.0000
vn 0.9601 0.2797 -0.0000
vn 0.9741 0.2259 -0.0000
vn 0.9929 0.1190 -0.0000
vn 0.9741 0.2260 -0.0000
vn 0.9969 -0.0781 -0.0000
vn 0.9632 -0.2689 -0.0000
vn 0.9632 -0.2690 -0.0000
vn 0.9170 -0.3989 -0.0000
vn 0.9170 -0.3988 -0.0000
vn 0.8536 -0.5209 -0.0000
vn 0.8143 -0.5805 -0.0000
vn 0.9579 -0.2869 -0.0000
vn 0.9770 0.2133 -0.0000
vn 0.9580 -0.2869 -0.0000
vn 0.8993 0.4374 -0.0000
vn 0.9246 0.3809 -0.0000
vn 0.9646 0.2637 -0.0000
vn 0.9968 0.0799 -0.0000
vn 0.9968 0.0800 -0.0000
vn 0.9934 -0.1151 -0.0000
vn 0.9732 -0.2299 -0.0000
vn 0.9671 -0.2545 -0.0000
vn 0.9580 -0.2869 0.0001
vn 0.6849 -0.7287 -0.0000
vn 0.2333 -0.9724 -0.0000
vn -0.0054 -1.0000 -0.0000
vn -0.9607 -0.2775 -0.0000
vn -0.9844 -0.1760 -0.0000
vn -0.9996 -0.0280 -0.0000
vn -0.9974 0.0723 -0.0000
vn -0.9974 0.0722 -0.0000
vn -0.9784 0.2068 -0.0000
vn -0.9383 0.3458 -0.0000
vn -0.8860 0.4637 -0.0000
vn -0.8229 0.5681 -0.0000
vn -0.8229 0.5682 -0.0000
vn -0.7890 0.6144 -0.0000
vn -0.9478 0.3187 -0.0000
vn -0.9670 0.2549 -0.0000
vn -0.9670 0.2548 -0.0000
vn -0.9914 0.1312 -0.0000
vn -0.9913 0.1313 -0.0000
vn -1.0000 0.0068 -0.0000
vn -1.0000 0.0067 -0.0000
vn -0.9937 -0.1117 -0.0000
vn -0.9733 -0.2295 -0.0000
vn -0.9248 -0.3804 -0.0000
vn -0.8859 -0.4639 -0.0000
vn -0.9487 -0.3162 -0.0000
vn -0.9904 -0.1380 -0.0000
vn -0.9602 0.2792 -0.0000
vn -0.9603 0.2791 -0.0000
vn -0.6991 0.7151 -0.0000
vn -0.9991 0.0416 -0.0000
vn -0.9913 0.1319 -0.0000
vn -0.9481 0.3181 -0.0000
vn -0.8776 0.4794 -0.0000
vn -0.7647 0.6444 -0.0000
vn 0.8618 -0.5073 -0.0000
vn 0.9219 -0.3874 -0.0000
vn 0.9936 -0.1133 -0.0000
vn 0.9936 -0.1132 -0.0000
vn 0.9867 0.1623 -0.0000
vn 0.9867 0.1624 -0.0000
vn 0.8772 0.4802 -0.0000
vn 0.6926 0.7213 -0.0000
vn 0.8651 0.5015 -0.0000
vn 0.8652 0.5015 -0.0000
vn 0.9783 0.2072 -0.0000
vn 0.9205 0.3907 -0.0000
vn 0.9205 0.3906 -0.0000
vn 0.7854 0.6190 -0.0000
vn 0.7853 0.6191 -0.0000
vn 0.6311 0.7757 -0.0000
vn 0.4659 0.8849 -0.0000
vn 0.9300 0.3677 -0.0000
vn 0.9682 0.2504 -0.0000
vn 0.9681 0.2504 -0.0000
vn 0.9979 0.0648 -0.0000
vn 0.9943 -0.1071 -0.0000
vn 0.9942 -0.1071 -0.0000
vn 0.9141 -0.4054 -0.0000
vn 0.7377 -0.6752 -0.0000
vn 0.5665 0.8241 -0.0000
vn 0.4047 0.9144 -0.0000
vn 0.4866 0.8736 -0.0000
vn 0.4866 0.8736 0.0001
vn 0.4867 0.8736 -0.0000
vn 0.4046 0.9145 -0.0000
vn 0.3569 0.9341 -0.0000
vn 0.7897 0.6135 -0.0000
vn 0.7897 0.6135 -0.0001
vn 0.8084 0.5886 -0.0000
vn 0.6909 0.7229 -0.0000
vn 0.7619 0.6476 -0.0000
vn 0.7619 0.6477 -0.0000
vn 0.8846 0.4664 -0.0000
vn 0.9827 0.1851 -0.0000
vn 0.9827 0.1851 0.0001
vn -0.6493 -0.7606 -0.0000
vn -0.5909 -0.8067 -0.0000
vn -0.3796 -0.9252 -0.0000
vn -0.3796 -0.9252 -0.0001
vn -0.1102 -0.9939 -0.0000
vn 0.2263 -0.9741 -0.0000
vn 0.2263 -0.9741 0.0001
vn -0.9236 -0.3833 -0.0000
vn -0.9420 -0.3356 -0.0000
vn -0.9420 -0.3357 -0.0000
vn -0.9693 -0.2459 -0.0000
vn -0.9896 -0.1436 -0.0000
vn -0.9987 -0.0511 -0.0000
vn -0.9987 -0.0510 -0.0000
vn -0.9998 0.0197 -0.0000
vn -0.9908 0.1355 -0.0000
vn -0.9908 0.1354 -0.0000
vn -0.9609 0.2768 -0.0000
vn -0.9381 0.3464 -0.0000
vn -0.9381 0.3465 -0.0000
vn -0.9101 0.4145 -0.0000
vn -0.9100 0.4145 -0.0000
vn -0.8962 0.4437 -0.0000
vn -0.9762 0.2171 -0.0000
vn -0.9960 -0.0895 -0.0000
vn -0.8894 -0.4571 -0.0000
vn -0.5884 -0.8086 -0.0000
vn 0.9868 0.1621 -0.0000
vn 0.9931 0.1175 -0.0000
vn 0.9999 0.0139 -0.0000
vn 0.9890 -0.1482 -0.0000
vn 0.9460 -0.3241 -0.0000
vn 0.9181 -0.3964 -0.0000
vn 0.7778 -0.6285 -0.0000
vn 0.7139 -0.7003 -0.0000
vn 0.7139 -0.7002 -0.0000
vn 0.5732 -0.8194 -0.0000
vn 0.4204 -0.9073 -0.0000
vn 0.2717 -0.9624 -0.0000
vn 0.1069 -0.9943 -0.0000
vn 0.1069 -0.9943 -0.0001
vn -0.0592 -0.9982 -0.0000
vn -0.1696 -0.9855 -0.0000
vn -0.1697 -0.9855 -0.0000
vn -0.2867 -0.9580 -0.0000
vn -0.4346 -0.9006 -0.0000
vn -0.5585 -0.8295 -0.0000
vn -0.5584 -0.8295 -0.0000
vn -0.6495 -0.7603 -0.0000
vn -0.6495 -0.7604 -0.0000
vn -0.6883 -0.7255 -0.0000
vn 0.3730 -0.9278 -0.0000
vn 0.5188 -0.8549 -0.0000
vn 0.7376 -0.6752 -0.0000
vn -0.9701 -0.2425 -0.0000
vn -0.9867 -0.1627 -0.0000
vn -0.9867 -0.1628 -0.0000
vn -0.9994 -0.0355 -0.0000
vn -0.9869 0.1615 -0.0000
vn -0.9869 0.1615 0.0001
vn -0.9244 0.3814 -0.0000
vn -0.8212 0.5706 -0.0000
vn -0.8212 0.5707 0.0001
vn -0.6768 0.7361 -0.0000
vn -0.8212 0.5707 -0.0000
vn -0.6768 0.7362 -0.0000
vn -0.5105 0.8599 -0.0000
vn -0.3790 0.9254 -0.0000
vn -0.3789 0.9254 -0.0000
vn -0.1925 0.9813 -0.0000
vn -0.0280 0.9996 -0.0000
vn 0.0928 0.9957 -0.0000
vn 0.0929 0.9957 -0.0000
vn 0.2736 0.9618 -0.0000
vn 0.4659 0.8848 -0.0000
vn 0.2263 -0.9740 -0.0000
vn 0.7385 -0.6743 -0.0000
vn 0.9852 -0.1715 -0.0000
vn 0.9827 0.1850 -0.0000
vn 0.9827 0.1850 -0.0001
vn 0.7071 -0.7071 -0.0000
vn 0.4900 -0.8717 -0.0000
vn 0.4017 -0.9158 -0.0000
vn 0.5547 -0.8320 -0.0000
vn 0.0307 0.9995 -0.0000
vn -0.2708 0.9626 -0.0000
vn -0.4085 0.9128 -0.0000
vn -0.4085 0.9127 -0.0000
vn -0.1427 0.9898 -0.0000
vn 0.1185 0.9930 -0.0000
vn 0.1186 0.9929 -0.0000
vn 0.4675 0.8840 -0.0000
vn 0.7961 0.6051 -0.0000
vn -0.5884 -0.8085 -0.0000
vn -0.2230 -0.9748 -0.0000
vn -0.2229 -0.9748 -0.0000
vn 0.9942 -0.1072 -0.0000
vn 1.0000 -0.0065 -0.0000
vn 0.9644 0.2643 -0.0000
vt 0.500489 0.995611
vt 0.509177 0.995611
vt 0.500489 0.982898
vt 0.566675 0.496371
vt 0.526101 0.496151
vt 0.524515 0.494253
vt 0.569093 0.495123
vt 0.570558 0.492669
vt 0.522547 0.490937
vt 0.570741 0.488494
vt 0.521252 0.485239
vt 0.521407 0.479541
vt 0.523272 0.476330
vt 0.563275 0.473930
vt 0.546575 0.471330
vt 0.559096 0.464859
vt 0.542010 0.462613
vt 0.554554 0.452406
vt 0.538567 0.451405
vt 0.551991 0.438634
vt 0.536589 0.439537
vt 0.552211 0.429477
vt 0.535637 0.423347
vt 0.554115 0.420393
vt 0.536443 0.412212
vt 0.540179 0.469645
vt 0.556313 0.412042
vt 0.532927 0.469206
vt 0.539006 0.398953
vt 0.541790 0.390675
vt 0.529484 0.458290
vt 0.578309 0.369209
vt 0.559170 0.414752
vt 0.563272 0.417902
vt 0.567521 0.420393
vt 0.573015 0.422517
vt 0.579462 0.423909
vt 0.586275 0.424788
vt 0.593747 0.424715
vt 0.599753 0.423470
vt 0.606053 0.421199
vt 0.611914 0.417829
vt 0.616969 0.413580
vt 0.537322 0.386573
vt 0.622907 0.406232
vt 0.526152 0.369642
vt 0.525167 0.365705
vt 0.521593 0.375496
vt 0.524546 0.358143
vt 0.532048 0.393972
vt 0.516165 0.384412
vt 0.512136 0.393495
vt 0.527359 0.403055
vt 0.508468 0.405847
vt 0.524209 0.411846
vt 0.522378 0.420857
vt 0.507516 0.413246
vt 0.507335 0.424167
vt 0.522818 0.430819
vt 0.508164 0.435563
vt 0.524722 0.440489
vt 0.510857 0.444887
vt 0.505884 0.441779
vt 0.496802 0.469130
vt 0.488997 0.466125
vt 0.498322 0.441468
vt 0.487236 0.460841
vt 0.487651 0.451621
vt 0.491277 0.445301
vt 0.654973 0.357859
vt 0.654351 0.360716
vt 0.651604 0.364562
vt 0.646232 0.346417
vt 0.648527 0.367199
vt 0.654973 0.354379
vt 0.654363 0.349700
vt 0.653118 0.346550
vt 0.655425 0.342631
vt 0.656048 0.340323
vt 0.655828 0.334316
vt 0.654693 0.330507
vt 0.651689 0.327027
vt 0.644901 0.368657
vt 0.647587 0.323767
vt 0.571571 0.344983
vt 0.565318 0.322499
vt 0.558014 0.322188
vt 0.553196 0.322292
vt 0.646268 0.315123
vt 0.565525 0.317526
vt 0.643380 0.304525
vt 0.567286 0.309756
vt 0.638666 0.296599
vt 0.570704 0.302193
vt 0.632657 0.290746
vt 0.574434 0.296444
vt 0.626286 0.286446
vt 0.579873 0.291419
vt 0.618930 0.283545
vt 0.584897 0.287845
vt 0.547084 0.323587
vt 0.611471 0.282199
vt 0.590958 0.284892
vt 0.597899 0.282561
vt 0.604426 0.282147
vt 0.541489 0.326436
vt 0.535615 0.331009
vt 0.530780 0.336247
vt 0.526788 0.344122
vt 0.524627 0.350789
vt 0.628011 0.397512
vt 0.646073 0.369463
vt 0.649809 0.370342
vt 0.653368 0.411951
vt 0.654278 0.374810
vt 0.655816 0.374884
vt 0.660505 0.378693
vt 0.663142 0.384407
vt 0.669662 0.390414
vt 0.659375 0.417079
vt 0.678086 0.398765
vt 0.667946 0.422427
vt 0.655053 0.422207
vt 0.682994 0.405652
vt 0.675125 0.424039
vt 0.626067 0.413847
vt 0.628025 0.420379
vt 0.629454 0.427229
vt 0.655859 0.433269
vt 0.630039 0.434298
vt 0.680327 0.424039
vt 0.685705 0.413050
vt 0.685821 0.418544
vt 0.684502 0.421988
vt 0.655320 0.445247
vt 0.630186 0.441807
vt 0.629856 0.447396
vt 0.652834 0.454882
vt 0.628613 0.453146
vt 0.626489 0.459000
vt 0.646773 0.468920
vt 0.623589 0.466718
vt 0.618720 0.475731
vt 0.656198 0.496856
vt 0.613177 0.488008
vt 0.613125 0.491841
vt 0.613540 0.493965
vt 0.615301 0.495829
vt 0.617011 0.496643
vt 0.659128 0.493926
vt 0.649971 0.469018
vt 0.655685 0.465282
vt 0.678395 0.489237
vt 0.680373 0.487918
vt 0.662498 0.463451
vt 0.681178 0.480446
vt 0.668652 0.463304
vt 0.680519 0.473487
vt 0.673853 0.464696
vt 0.678101 0.468359
vt 0.444693 0.018524
vt 0.446280 0.016626
vt 0.486853 0.016406
vt 0.489271 0.017654
vt 0.490736 0.020108
vt 0.442725 0.021839
vt 0.490919 0.024283
vt 0.441430 0.027537
vt 0.441586 0.033235
vt 0.443451 0.036447
vt 0.483454 0.038847
vt 0.466753 0.041447
vt 0.479274 0.047917
vt 0.462189 0.050164
vt 0.474733 0.060371
vt 0.458746 0.061372
vt 0.472169 0.074143
vt 0.456768 0.073240
vt 0.472389 0.083300
vt 0.455815 0.089429
vt 0.474293 0.092384
vt 0.456621 0.100564
vt 0.460357 0.043131
vt 0.476491 0.100735
vt 0.453105 0.043571
vt 0.459185 0.113824
vt 0.461969 0.122102
vt 0.449662 0.054486
vt 0.498487 0.143567
vt 0.479348 0.098025
vt 0.483451 0.094875
vt 0.487699 0.092384
vt 0.493194 0.090259
vt 0.499640 0.088868
vt 0.506453 0.087988
vt 0.513925 0.088062
vt 0.519932 0.089307
vt 0.526232 0.091578
vt 0.532092 0.094948
vt 0.537147 0.099197
vt 0.457500 0.126204
vt 0.543085 0.106545
vt 0.446330 0.143134
vt 0.445346 0.147071
vt 0.441772 0.137281
vt 0.444724 0.154634
vt 0.452226 0.118805
vt 0.436343 0.128365
vt 0.432314 0.119281
vt 0.447538 0.109721
vt 0.428647 0.106929
vt 0.444388 0.100931
vt 0.442556 0.091920
vt 0.427694 0.099530
vt 0.427513 0.088610
vt 0.442996 0.081957
vt 0.428342 0.077214
vt 0.444901 0.072288
vt 0.431035 0.067890
vt 0.426063 0.070998
vt 0.416981 0.043647
vt 0.409176 0.046652
vt 0.418500 0.071309
vt 0.407414 0.051935
vt 0.407829 0.061156
vt 0.411455 0.067475
vt 0.571782 0.148215
vt 0.574529 0.152061
vt 0.575152 0.154918
vt 0.566410 0.166359
vt 0.575152 0.158397
vt 0.568705 0.145578
vt 0.574542 0.163077
vt 0.573296 0.166227
vt 0.575603 0.170146
vt 0.576226 0.172454
vt 0.576006 0.178461
vt 0.574871 0.182270
vt 0.571868 0.185750
vt 0.565079 0.144120
vt 0.567765 0.189010
vt 0.491749 0.167794
vt 0.485496 0.190278
vt 0.478192 0.190589
vt 0.473374 0.190485
vt 0.566447 0.197654
vt 0.485703 0.195250
vt 0.563558 0.208252
vt 0.487464 0.203020
vt 0.558844 0.216178
vt 0.490883 0.210583
vt 0.552835 0.222031
vt 0.494612 0.216333
vt 0.546464 0.226331
vt 0.500051 0.221358
vt 0.539108 0.229231
vt 0.505076 0.224932
vt 0.531649 0.230578
vt 0.511136 0.227884
vt 0.518077 0.230216
vt 0.524604 0.230630
vt 0.600505 0.088738
vt 0.604680 0.090789
vt 0.605999 0.094232
vt 0.605883 0.099726
vt 0.603173 0.107125
vt 0.595304 0.088738
vt 0.588125 0.090350
vt 0.598265 0.114011
vt 0.579553 0.095697
vt 0.589840 0.122363
vt 0.573547 0.100825
vt 0.583320 0.128370
vt 0.580683 0.134084
vt 0.575994 0.137893
vt 0.574456 0.137966
vt 0.569987 0.142435
vt 0.548189 0.115265
vt 0.566251 0.143314
vt 0.575231 0.090570
vt 0.546245 0.098930
vt 0.548203 0.092398
vt 0.549632 0.085548
vt 0.576037 0.079508
vt 0.550217 0.078479
vt 0.575498 0.067529
vt 0.550364 0.070970
vt 0.550035 0.065380
vt 0.573012 0.057895
vt 0.548791 0.059630
vt 0.546668 0.053777
vt 0.566951 0.043857
vt 0.543767 0.046059
vt 0.538898 0.037046
vt 0.576376 0.015921
vt 0.533355 0.024769
vt 0.533303 0.020936
vt 0.533718 0.018812
vt 0.535479 0.016947
vt 0.537189 0.016133
vt 0.579306 0.018851
vt 0.570149 0.043758
vt 0.575863 0.047494
vt 0.598573 0.023540
vt 0.600551 0.024858
vt 0.582676 0.049326
vt 0.601357 0.032330
vt 0.588830 0.049472
vt 0.600697 0.039290
vt 0.594031 0.048080
vt 0.598280 0.044418
vt 0.715127 0.995611
vt 0.753651 0.995611
vt 0.715127 0.982898
vt 0.753651 0.982898
vt 0.765420 0.995611
vt 0.765420 0.982898
vt 0.530973 0.995611
vt 0.530973 0.982898
vt 0.522705 0.982898
vt 0.522705 0.995611
vt 0.512044 0.982898
vt 0.512044 0.995611
vt 0.500753 0.982898
vt 0.500753 0.995611
vt 0.709886 0.982898
vt 0.709886 0.995611
vt 0.701860 0.982898
vt 0.701860 0.995611
vt 0.693634 0.982898
vt 0.693634 0.995611
vt 0.688199 0.982898
vt 0.688199 0.995611
vt 0.684705 0.982898
vt 0.684705 0.995611
vt 0.748261 0.995611
vt 0.748261 0.982898
vt 0.737961 0.982898
vt 0.737961 0.995611
vt 0.731157 0.982898
vt 0.731157 0.995611
vt 0.722346 0.982898
vt 0.722346 0.995611
vt 0.713493 0.982898
vt 0.713493 0.995611
vt 0.742009 0.995844
vt 0.742009 0.982825
vt 0.734339 0.982825
vt 0.734340 0.995844
vt 0.611563 0.995894
vt 0.620751 0.995894
vt 0.611565 0.982875
vt 0.620751 0.982875
vt 0.629115 0.995894
vt 0.629114 0.982875
vt 0.597093 0.982872
vt 0.597090 0.995891
vt 0.573794 0.982862
vt 0.573789 0.995881
vt 0.561333 0.982854
vt 0.561326 0.995873
vt 0.548723 0.982845
vt 0.548715 0.995864
vt 0.537097 0.982835
vt 0.537089 0.995854
vt 0.525290 0.982910
vt 0.525281 0.995928
vt 0.512365 0.982897
vt 0.512355 0.995916
vt 0.500875 0.982801
vt 0.500866 0.995820
vt 0.619884 0.995611
vt 0.619884 0.982898
vt 0.614004 0.982898
vt 0.614004 0.995611
vt 0.591025 0.982898
vt 0.591025 0.995611
vt 0.577000 0.982898
vt 0.577000 0.995611
vt 0.558390 0.982898
vt 0.558390 0.995611
vt 0.538725 0.982898
vt 0.538725 0.995611
vt 0.525867 0.982898
vt 0.525867 0.995611
vt 0.512839 0.982898
vt 0.512839 0.995611
vt 0.500721 0.982898
vt 0.500721 0.995611
vt 0.623912 0.995611
vt 0.623912 0.982898
vt 0.627749 0.995611
vt 0.627749 0.982898
vt 0.544633 0.995611
vt 0.544633 0.982898
vt 0.560708 0.995611
vt 0.560708 0.982898
vt 0.576076 0.995611
vt 0.576076 0.982898
vt 0.586587 0.995611
vt 0.586587 0.982898
vt 0.604711 0.995611
vt 0.604711 0.982898
vt 0.618699 0.995611
vt 0.618699 0.982898
vt 0.633391 0.995611
vt 0.633391 0.982898
vt 0.643846 0.995611
vt 0.643846 0.982898
vt 0.723295 0.982828
vt 0.723298 0.995847
vt 0.706217 0.982835
vt 0.706222 0.995854
vt 0.692100 0.982843
vt 0.692106 0.995862
vt 0.671593 0.982856
vt 0.671599 0.995875
vt 0.656381 0.982865
vt 0.656386 0.995884
vt 0.641555 0.982872
vt 0.641559 0.995891
vt 0.773269 0.995611
vt 0.773269 0.982898
vt 0.786255 0.995611
vt 0.786255 0.982898
vt 0.794856 0.995611
vt 0.794856 0.982898
vt 0.755285 0.995611
vt 0.755285 0.982898
vt 0.766505 0.995611
vt 0.766505 0.982898
vt 0.778190 0.995611
vt 0.778190 0.982898
vt 0.787845 0.995611
vt 0.787845 0.982898
vt 0.794981 0.995611
vt 0.794981 0.982898
vt 0.670796 0.995611
vt 0.670796 0.982898
vt 0.664408 0.982898
vt 0.664408 0.995611
vt 0.661046 0.982898
vt 0.661046 0.995611
vt 0.652601 0.982898
vt 0.652601 0.995611
vt 0.647011 0.982898
vt 0.647011 0.995611
vt 0.640547 0.982898
vt 0.640547 0.995611
vt 0.633178 0.982898
vt 0.633178 0.995611
vt 0.620890 0.982898
vt 0.620890 0.995611
vt 0.605456 0.982898
vt 0.605456 0.995611
vt 0.592495 0.982898
vt 0.592495 0.995611
vt 0.580700 0.982898
vt 0.580700 0.995611
vt 0.569889 0.982898
vt 0.569889 0.995611
vt 0.675554 0.995611
vt 0.675554 0.982898
vt 0.682178 0.995611
vt 0.682178 0.982898
vt 0.687061 0.995611
vt 0.687061 0.982898
vt 0.691162 0.995611
vt 0.691162 0.982898
vt 0.697790 0.995611
vt 0.697790 0.982898
vt 0.708946 0.995611
vt 0.710931 0.995611
vt 0.708946 0.982898
vt 0.710931 0.982898
vt 0.716305 0.995611
vt 0.716305 0.982898
vt 0.725158 0.995611
vt 0.725158 0.982898
vt 0.727303 0.995611
vt 0.727303 0.982898
vt 0.735761 0.995611
vt 0.735761 0.982898
vt 0.744572 0.995611
vt 0.744572 0.982898
vt 0.756989 0.995611
vt 0.756989 0.982898
vt 0.773610 0.995611
vt 0.773610 0.982898
vt 0.785451 0.995611
vt 0.785451 0.982898
vt 0.795198 0.995611
vt 0.795198 0.982898
vt 0.562739 0.995611
vt 0.562739 0.982898
vt 0.551694 0.982898
vt 0.551694 0.995611
vt 0.537555 0.982898
vt 0.537555 0.995611
vt 0.527266 0.982898
vt 0.527266 0.995611
vt 0.520002 0.982898
vt 0.520002 0.995611
vt 0.689714 0.995611
vt 0.689714 0.982898
vt 0.678267 0.982898
vt 0.678267 0.995611
vt 0.668804 0.982898
vt 0.668804 0.995611
vt 0.659097 0.982898
vt 0.659097 0.995611
vt 0.649257 0.982898
vt 0.649257 0.995611
vt 0.638839 0.982898
vt 0.638839 0.995611
vt 0.631081 0.982898
vt 0.631081 0.995611
vt 0.622930 0.982898
vt 0.622930 0.995611
vt 0.614302 0.982898
vt 0.614302 0.995611
vt 0.602866 0.982898
vt 0.602866 0.995611
vt 0.588649 0.982898
vt 0.588649 0.995611
vt 0.569945 0.982898
vt 0.569945 0.995611
vt 0.564652 0.982898
vt 0.564652 0.995611
vt 0.561683 0.982898
vt 0.561683 0.995611
vt 0.558158 0.982898
vt 0.558158 0.995611
vt 0.577284 0.995611
vt 0.577284 0.982898
vt 0.592807 0.995611
vt 0.592807 0.982898
vt 0.609591 0.995611
vt 0.609591 0.982898
vt 0.623511 0.995611
vt 0.623511 0.982898
vt 0.644923 0.995611
vt 0.644923 0.982898
vt 0.702837 0.995611
vt 0.702837 0.982898
vt 0.712004 0.995611
vt 0.712004 0.982898
vt 0.721391 0.995611
vt 0.721391 0.982898
vt 0.730691 0.995611
vt 0.730691 0.982898
vt 0.739210 0.995611
vt 0.739210 0.982898
vt 0.749594 0.995611
vt 0.749594 0.982898
vt 0.759141 0.995611
vt 0.759141 0.982898
vt 0.768309 0.995611
vt 0.768309 0.982898
vt 0.776499 0.995611
vt 0.776499 0.982898
vt 0.783348 0.995611
vt 0.783348 0.982898
vt 0.790543 0.995611
vt 0.790543 0.982898
vt 0.795039 0.995611
vt 0.795039 0.982898
vt 0.703470 0.982898
vt 0.703470 0.995611
vt 0.649585 0.995612
vt 0.649585 0.982898
vt 0.660278 0.995612
vt 0.660278 0.982898
vt 0.670643 0.995611
vt 0.670643 0.982898
vt 0.680521 0.995611
vt 0.680521 0.982898
vt 0.692955 0.995611
vt 0.692955 0.982898
vt 0.703002 0.995611
vt 0.703002 0.982898
vt 0.509177 0.982898
vt 0.518671 0.995611
vt 0.518671 0.982898
vt 0.528978 0.995611
vt 0.528978 0.982898
vt 0.538187 0.995611
vt 0.538187 0.982898
vt 0.548102 0.995611
vt 0.548102 0.982898
vt 0.558767 0.995611
vt 0.558767 0.982898
vt 0.513506 0.982898
vt 0.513506 0.995611
vt 0.508364 0.982898
vt 0.508364 0.995611
vt 0.500683 0.982898
vt 0.500683 0.995611
vt 0.757689 0.995611
vt 0.757689 0.982898
vt 0.751921 0.982898
vt 0.751921 0.995611
vt 0.724143 0.982898
vt 0.724143 0.995611
vt 0.720853 0.982898
vt 0.720853 0.995611
vt 0.649369 0.995611
vt 0.649369 0.982898
vt 0.658904 0.995611
vt 0.658904 0.982898
vt 0.668758 0.995611
vt 0.668758 0.982898
vt 0.677349 0.995611
vt 0.677349 0.982898
vt 0.684858 0.995611
vt 0.684858 0.982898
vt 0.692683 0.995611
vt 0.692683 0.982898
vt 0.555567 0.982898
vt 0.555567 0.995611
vt 0.501073 0.982898
vt 0.501073 0.995611
vt 0.710354 0.982898
vt 0.710354 0.995611
vt 0.700592 0.982898
vt 0.700592 0.995611
vt 0.444805 0.161988
vt 0.446966 0.168655
vt 0.450958 0.176530
vt 0.455793 0.181767
vt 0.461668 0.186341
vt 0.467262 0.189190
s 0
usemtl Matériau.008
f 6535/5824/2093 6534/5825/2094 6533/5826/2093
f 6538/5827/2095 6537/5828/2095 6536/5829/2095
f 6539/5830/2095 6538/5827/2095 6536/5829/2095
f 6540/5831/2095 6539/5830/2095 6536/5829/2095
f 6541/5832/2095 6540/5831/2095 6536/5829/2095
f 6542/5833/2095 6540/5831/2095 6541/5832/2095
f 6543/5834/2095 6542/5833/2095 6541/5832/2095
f 6542/5833/2095 6543/5834/2095 6544/5835/2095
f 6542/5833/2095 6544/5835/2095 6545/5836/2095
f 6546/5837/2095 6542/5833/2095 6545/5836/2095
f 6547/5838/2095 6546/5837/2095 6545/5836/2095
f 6548/5839/2095 6546/5837/2095 6547/5838/2095
f 6549/5840/2095 6548/5839/2095 6547/5838/2095
f 6550/5841/2095 6548/5839/2095 6549/5840/2095
f 6551/5842/2095 6550/5841/2095 6549/5840/2095
f 6552/5843/2095 6550/5841/2095 6551/5842/2095
f 6553/5844/2095 6552/5843/2095 6551/5842/2095
f 6554/5845/2095 6552/5843/2095 6553/5844/2095
f 6555/5846/2095 6554/5845/2095 6553/5844/2095
f 6556/5847/2095 6554/5845/2095 6555/5846/2095
f 6557/5848/2095 6556/5847/2095 6555/5846/2095
f 6558/5849/2095 6547/5838/2095 6545/5836/2095
f 6559/5850/2095 6556/5847/2095 6557/5848/2095
f 6558/5849/2095 6545/5836/2095 6560/5851/2095
f 6561/5852/2095 6559/5850/2095 6557/5848/2095
f 6559/5850/2095 6561/5852/2095 6562/5853/2095
f 6560/5851/2095 6545/5836/2095 6563/5854/2095
f 6564/5855/2095 6559/5850/2095 6562/5853/2095
f 6564/5855/2095 6565/5856/2095 6559/5850/2095
f 6564/5855/2095 6566/5857/2095 6565/5856/2095
f 6564/5855/2095 6567/5858/2095 6566/5857/2095
f 6564/5855/2095 6568/5859/2095 6567/5858/2095
f 6564/5855/2095 6569/5860/2095 6568/5859/2095
f 6564/5855/2095 6570/5861/2095 6569/5860/2095
f 6564/5855/2095 6571/5862/2095 6570/5861/2095
f 6564/5855/2095 6572/5863/2095 6571/5862/2095
f 6564/5855/2095 6573/5864/2095 6572/5863/2095
f 6564/5855/2095 6574/5865/2095 6573/5864/2095
f 6564/5855/2095 6575/5866/2095 6574/5865/2095
f 6576/5867/2095 6564/5855/2095 6562/5853/2095
f 6564/5855/2095 6577/5868/2095 6575/5866/2095
f 6576/5867/2095 6578/5869/2095 6564/5855/2095
f 6564/5855/2095 6578/5869/2095 6579/5870/2095
f 6580/5871/2095 6578/5869/2095 6576/5867/2095
f 6564/5855/2095 6579/5870/2095 6581/5872/2095
f 6582/5873/2095 6580/5871/2095 6576/5867/2095
f 6583/5874/2095 6580/5871/2095 6582/5873/2095
f 6584/5875/2095 6583/5874/2095 6582/5873/2095
f 6585/5876/2095 6584/5875/2095 6582/5873/2095
f 6586/5877/2095 6584/5875/2095 6585/5876/2095
f 6587/5878/2095 6586/5877/2095 6585/5876/2095
f 6586/5877/2095 6587/5878/2095 6588/5879/2095
f 6589/5880/2095 6586/5877/2095 6588/5879/2095
f 6590/5881/2095 6589/5880/2095 6588/5879/2095
f 6591/5882/2095 6590/5881/2095 6588/5879/2095
f 6592/5883/2095 6590/5881/2095 6591/5882/2095
f 6592/5883/2095 6591/5882/2095 6593/5884/2095
f 6594/5885/2095 6592/5883/2095 6593/5884/2095
f 6563/5854/2095 6594/5885/2095 6593/5884/2095
f 6545/5836/2095 6594/5885/2095 6563/5854/2095
f 6594/5885/2095 6545/5836/2095 6595/5886/2095
f 6545/5836/2095 6596/5887/2095 6595/5886/2095
f 6596/5887/2095 6597/5888/2095 6595/5886/2095
f 6595/5886/2095 6597/5888/2095 6598/5889/2095
f 6597/5888/2095 6599/5890/2095 6598/5889/2095
f 6599/5890/2095 6600/5891/2095 6598/5889/2095
f 6600/5891/2095 6601/5892/2095 6598/5889/2095
f 6604/5893/2095 6603/5894/2095 6602/5895/2095
f 6604/5893/2095 6602/5895/2095 6605/5896/2095
f 6602/5895/2095 6606/5897/2095 6605/5896/2095
f 6607/5898/2095 6604/5893/2095 6605/5896/2095
f 6608/5899/2095 6607/5898/2095 6605/5896/2095
f 6609/5900/2095 6608/5899/2095 6605/5896/2095
f 6605/5896/2095 6610/5901/2095 6609/5900/2095
f 6605/5896/2095 6611/5902/2095 6610/5901/2095
f 6605/5896/2095 6612/5903/2095 6611/5902/2095
f 6605/5896/2095 6613/5904/2095 6612/5903/2095
f 6605/5896/2095 6614/5905/2095 6613/5904/2095
f 6606/5897/2095 6615/5906/2095 6605/5896/2095
f 6605/5896/2095 6616/5907/2095 6614/5905/2095
f 6605/5896/2095 6615/5906/2095 6564/5855/2095
f 6605/5896/2095 6617/5908/2095 6616/5907/2095
f 6617/5908/2095 6605/5896/2095 6564/5855/2095
f 6617/5908/2095 6618/5909/2095 6616/5907/2095
f 6617/5908/2095 6619/5910/2095 6618/5909/2095
f 6617/5908/2095 6620/5911/2095 6619/5910/2095
f 6616/5907/2095 6618/5909/2095 6621/5912/2095
f 6618/5909/2095 6622/5913/2095 6621/5912/2095
f 6621/5912/2095 6622/5913/2095 6623/5914/2095
f 6622/5913/2095 6624/5915/2095 6623/5914/2095
f 6623/5914/2095 6624/5915/2095 6625/5916/2095
f 6624/5915/2095 6626/5917/2095 6625/5916/2095
f 6625/5916/2095 6626/5917/2095 6627/5918/2095
f 6626/5917/2095 6628/5919/2095 6627/5918/2095
f 6627/5918/2095 6628/5919/2095 6629/5920/2095
f 6628/5919/2095 6630/5921/2095 6629/5920/2095
f 6629/5920/2095 6630/5921/2095 6631/5922/2095
f 6630/5921/2095 6632/5923/2095 6631/5922/2095
f 6617/5908/2095 6633/5924/2095 6620/5911/2095
f 6631/5922/2095 6632/5923/2095 6634/5925/2095
f 6632/5923/2095 6635/5926/2095 6634/5925/2095
f 6635/5926/2095 6636/5927/2095 6634/5925/2095
f 6636/5927/2095 6637/5928/2095 6634/5925/2095
f 6617/5908/2095 6638/5929/2095 6633/5924/2095
f 6617/5908/2095 6639/5930/2095 6638/5929/2095
f 6617/5908/2095 6640/5931/2095 6639/5930/2095
f 6617/5908/2095 6641/5932/2095 6640/5931/2095
f 6641/5932/2095 6617/5908/2095 6642/5933/2095
f 6617/5908/2095 6564/5855/2095 6642/5933/2095
f 6564/5855/2095 6581/5872/2095 6642/5933/2095
f 6564/5855/2095 6615/5906/2095 6643/5934/2095
f 6643/5934/2095 6615/5906/2095 6644/5935/2095
f 6644/5935/2095 6645/5936/2095 6643/5934/2095
f 6643/5934/2095 6645/5936/2095 6646/5937/2095
f 6645/5936/2095 6647/5938/2095 6646/5937/2095
f 6564/5855/2095 6643/5934/2095 6577/5868/2095
f 6643/5934/2095 6646/5937/2095 6577/5868/2095
f 6647/5938/2095 6648/5939/2095 6646/5937/2095
f 6648/5939/2095 6649/5940/2095 6646/5937/2095
f 6649/5940/2095 6650/5941/2095 6646/5937/2095
f 6650/5941/2095 6651/5942/2095 6646/5937/2095
f 6646/5937/2095 6651/5942/2095 6652/5943/2095
f 6651/5942/2095 6653/5944/2095 6652/5943/2095
f 6653/5944/2095 6654/5945/2095 6652/5943/2095
f 6646/5937/2095 6655/5946/2095 6577/5868/2095
f 6653/5944/2095 6656/5947/2095 6654/5945/2095
f 6656/5947/2095 6657/5948/2095 6654/5945/2095
f 6655/5946/2095 6658/5949/2095 6577/5868/2095
f 6655/5946/2095 6659/5950/2095 6658/5949/2095
f 6659/5950/2095 6655/5946/2095 6660/5951/2095
f 6655/5946/2095 6661/5952/2095 6660/5951/2095
f 6661/5952/2095 6662/5953/2095 6660/5951/2095
f 6657/5948/2095 6656/5947/2095 6663/5954/2095
f 6656/5947/2095 6664/5955/2095 6663/5954/2095
f 6664/5955/2095 6665/5956/2095 6663/5954/2095
f 6665/5956/2095 6666/5957/2095 6663/5954/2095
f 6661/5952/2095 6667/5958/2095 6662/5953/2095
f 6667/5958/2095 6668/5959/2095 6662/5953/2095
f 6667/5958/2095 6669/5960/2095 6668/5959/2095
f 6667/5958/2095 6670/5961/2095 6669/5960/2095
f 6670/5961/2095 6671/5962/2095 6669/5960/2095
f 6670/5961/2095 6672/5963/2095 6671/5962/2095
f 6670/5961/2095 6673/5964/2095 6672/5963/2095
f 6673/5964/2095 6674/5965/2095 6672/5963/2095
f 6674/5965/2095 6673/5964/2095 6675/5966/2095
f 6673/5964/2095 6676/5967/2095 6675/5966/2095
f 6676/5967/2095 6677/5968/2095 6675/5966/2095
f 6676/5967/2095 6678/5969/2095 6677/5968/2095
f 6676/5967/2095 6679/5970/2095 6678/5969/2095
f 6676/5967/2095 6680/5971/2095 6679/5970/2095
f 6676/5967/2095 6681/5972/2095 6680/5971/2095
f 6673/5964/2095 6682/5973/2095 6676/5967/2095
f 6673/5964/2095 6683/5974/2095 6682/5973/2095
f 6683/5974/2095 6684/5975/2095 6682/5973/2095
f 6684/5975/2095 6685/5976/2095 6682/5973/2095
f 6685/5976/2095 6684/5975/2095 6686/5977/2095
f 6684/5975/2095 6687/5978/2095 6686/5977/2095
f 6686/5977/2095 6687/5978/2095 6688/5979/2095
f 6687/5978/2095 6689/5980/2095 6688/5979/2095
f 6688/5979/2095 6689/5980/2095 6690/5981/2095
f 6689/5980/2095 6691/5982/2095 6690/5981/2095
f 6691/5982/2095 6692/5983/2095 6690/5981/2095
f 6695/5984/2096 6694/5985/2096 6693/5986/2096
f 6696/5987/2096 6695/5984/2096 6693/5986/2096
f 6695/5984/2096 6696/5987/2096 6697/5988/2096
f 6698/5989/2096 6695/5984/2096 6697/5988/2096
f 6698/5989/2096 6697/5988/2096 6699/5990/2096
f 6700/5991/2096 6698/5989/2096 6699/5990/2096
f 6701/5992/2096 6700/5991/2096 6699/5990/2096
f 6702/5993/2096 6701/5992/2096 6699/5990/2096
f 6703/5994/2096 6702/5993/2096 6699/5990/2096
f 6702/5993/2096 6703/5994/2096 6704/5995/2096
f 6704/5995/2096 6703/5994/2096 6705/5996/2096
f 6706/5997/2096 6704/5995/2096 6705/5996/2096
f 6706/5997/2096 6705/5996/2096 6707/5998/2096
f 6708/5999/2096 6706/5997/2096 6707/5998/2096
f 6708/5999/2096 6707/5998/2096 6709/6000/2096
f 6710/6001/2096 6708/5999/2096 6709/6000/2096
f 6710/6001/2096 6709/6000/2096 6711/6002/2096
f 6712/6003/2096 6710/6001/2096 6711/6002/2096
f 6712/6003/2096 6711/6002/2096 6713/6004/2096
f 6714/6005/2096 6712/6003/2096 6713/6004/2096
f 6702/5993/2096 6704/5995/2096 6715/6006/2096
f 6714/6005/2096 6713/6004/2096 6716/6007/2096
f 6717/6008/2096 6702/5993/2096 6715/6006/2096
f 6718/6009/2096 6714/6005/2096 6716/6007/2096
f 6719/6010/2096 6718/6009/2096 6716/6007/2096
f 6717/6008/2096 6720/6011/2096 6702/5993/2096
f 6719/6010/2096 6716/6007/2096 6721/6012/2096
f 6716/6007/2096 6722/6013/2096 6721/6012/2096
f 6722/6013/2096 6723/6014/2096 6721/6012/2096
f 6723/6014/2096 6724/6015/2096 6721/6012/2096
f 6724/6015/2096 6725/6016/2096 6721/6012/2096
f 6725/6016/2096 6726/6017/2096 6721/6012/2096
f 6726/6017/2096 6727/6018/2096 6721/6012/2096
f 6727/6018/2096 6728/6019/2096 6721/6012/2096
f 6728/6019/2096 6729/6020/2096 6721/6012/2096
f 6729/6020/2096 6730/6021/2096 6721/6012/2096
f 6730/6021/2096 6731/6022/2096 6721/6012/2096
f 6731/6022/2096 6732/6023/2096 6721/6012/2096
f 6719/6010/2096 6721/6012/2096 6733/6024/2096
f 6732/6023/2096 6734/6025/2096 6721/6012/2096
f 6721/6012/2096 6735/6026/2096 6733/6024/2096
f 6736/6027/2096 6735/6026/2096 6721/6012/2096
f 6733/6024/2096 6735/6026/2096 6737/6028/2096
f 6738/6029/2096 6736/6027/2096 6721/6012/2096
f 6739/6030/2096 6733/6024/2096 6737/6028/2096
f 6739/6030/2096 6737/6028/2096 6740/6031/2096
f 6739/6030/2096 6740/6031/2096 6741/6032/2096
f 6742/6033/2096 6739/6030/2096 6741/6032/2096
f 6742/6033/2096 6741/6032/2096 6743/6034/2096
f 6744/6035/2096 6742/6033/2096 6743/6034/2096
f 6745/6036/2096 6744/6035/2096 6743/6034/2096
f 6745/6036/2096 6743/6034/2096 6746/6037/2096
f 6745/6036/2096 6746/6037/2096 6747/6038/2096
f 6748/6039/2096 6745/6036/2096 6747/6038/2096
f 6748/6039/2096 6747/6038/2096 6749/6040/2096
f 6750/6041/2096 6748/6039/2096 6749/6040/2096
f 6750/6041/2096 6749/6040/2096 6751/6042/2096
f 6720/6011/2096 6750/6041/2096 6751/6042/2096
f 6720/6011/2096 6751/6042/2096 6702/5993/2096
f 6751/6042/2096 6752/6043/2096 6702/5993/2096
f 6752/6043/2096 6753/6044/2096 6702/5993/2096
f 6752/6043/2096 6754/6045/2096 6753/6044/2096
f 6752/6043/2096 6755/6046/2096 6754/6045/2096
f 6755/6046/2096 6756/6047/2096 6754/6045/2096
f 6756/6047/2096 6755/6046/2096 6757/6048/2096
f 6755/6046/2096 6758/6049/2096 6757/6048/2096
f 6761/6050/2096 6760/6051/2096 6759/6052/2096
f 6762/6053/2096 6761/6050/2096 6759/6052/2096
f 6762/6053/2096 6759/6052/2096 6763/6054/2096
f 6762/6053/2096 6764/6055/2096 6761/6050/2096
f 6762/6053/2096 6763/6054/2096 6765/6056/2096
f 6762/6053/2096 6765/6056/2096 6766/6057/2096
f 6766/6057/2096 6767/6058/2096 6762/6053/2096
f 6767/6058/2096 6768/6059/2096 6762/6053/2096
f 6768/6059/2096 6769/6060/2096 6762/6053/2096
f 6769/6060/2096 6770/6061/2096 6762/6053/2096
f 6770/6061/2096 6771/6062/2096 6762/6053/2096
f 6762/6053/2096 6772/6063/2096 6764/6055/2096
f 6771/6062/2096 6773/6064/2096 6762/6053/2096
f 6721/6012/2096 6772/6063/2096 6762/6053/2096
f 6762/6053/2096 6773/6064/2096 6774/6065/2096
f 6774/6065/2096 6721/6012/2096 6762/6053/2096
f 6773/6064/2096 6775/6066/2096 6774/6065/2096
f 6775/6066/2096 6776/6067/2096 6774/6065/2096
f 6776/6067/2096 6777/6068/2096 6774/6065/2096
f 6773/6064/2096 6778/6069/2096 6775/6066/2096
f 6778/6069/2096 6779/6070/2096 6775/6066/2096
f 6778/6069/2096 6780/6071/2096 6779/6070/2096
f 6780/6071/2096 6781/6072/2096 6779/6070/2096
f 6780/6071/2096 6782/6073/2096 6781/6072/2096
f 6782/6073/2096 6783/6074/2096 6781/6072/2096
f 6782/6073/2096 6784/6075/2096 6783/6074/2096
f 6784/6075/2096 6785/6076/2096 6783/6074/2096
f 6784/6075/2096 6786/6077/2096 6785/6076/2096
f 6786/6077/2096 6787/6078/2096 6785/6076/2096
f 6786/6077/2096 6788/6079/2096 6787/6078/2096
f 6788/6079/2096 6789/6080/2096 6787/6078/2096
f 6788/6079/2096 6790/6081/2096 6789/6080/2096
f 6790/6081/2096 6791/6082/2096 6789/6080/2096
f 6791/6082/2096 6790/6081/2096 6792/6083/2096
f 6790/6081/2096 6793/6084/2096 6792/6083/2096
f 6796/6085/2096 6795/6086/2096 6794/6087/2096
f 6797/6088/2096 6796/6085/2096 6794/6087/2096
f 6796/6085/2096 6797/6088/2096 6798/6089/2096
f 6799/6090/2096 6796/6085/2096 6798/6089/2096
f 6800/6091/2096 6799/6090/2096 6798/6089/2096
f 6801/6092/2096 6800/6091/2096 6798/6089/2096
f 6802/6093/2096 6800/6091/2096 6801/6092/2096
f 6802/6093/2096 6801/6092/2096 6803/6094/2096
f 6804/6095/2096 6802/6093/2096 6803/6094/2096
f 6804/6095/2096 6803/6094/2096 6805/6096/2096
f 6804/6095/2096 6805/6096/2096 6806/6097/2096
f 6804/6095/2096 6806/6097/2096 6807/6098/2096
f 6804/6095/2096 6807/6098/2096 6808/6099/2096
f 6804/6095/2096 6808/6099/2096 6809/6100/2096
f 6810/6101/2096 6804/6095/2096 6809/6100/2096
f 6810/6101/2096 6809/6100/2096 6811/6102/2096
f 6811/6102/2096 6772/6063/2096 6810/6101/2096
f 6810/6101/2096 6772/6063/2096 6721/6012/2096
f 6734/6025/2096 6804/6095/2096 6810/6101/2096
f 6734/6025/2096 6810/6101/2096 6721/6012/2096
f 6804/6095/2096 6734/6025/2096 6812/6103/2096
f 6734/6025/2096 6813/6104/2096 6812/6103/2096
f 6813/6104/2096 6814/6105/2096 6812/6103/2096
f 6814/6105/2096 6815/6106/2096 6812/6103/2096
f 6815/6106/2096 6816/6107/2096 6812/6103/2096
f 6815/6106/2096 6817/6108/2096 6816/6107/2096
f 6816/6107/2096 6817/6108/2096 6818/6109/2096
f 6817/6108/2096 6819/6110/2096 6818/6109/2096
f 6819/6110/2096 6820/6111/2096 6818/6109/2096
f 6818/6109/2096 6820/6111/2096 6821/6112/2096
f 6820/6111/2096 6822/6113/2096 6821/6112/2096
f 6822/6113/2096 6823/6114/2096 6821/6112/2096
f 6821/6112/2096 6823/6114/2096 6824/6115/2096
f 6823/6114/2096 6825/6116/2096 6824/6115/2096
f 6825/6116/2096 6826/6117/2096 6824/6115/2096
f 6826/6117/2096 6827/6118/2096 6824/6115/2096
f 6826/6117/2096 6828/6119/2096 6827/6118/2096
f 6828/6119/2096 6829/6120/2096 6827/6118/2096
f 6829/6120/2096 6830/6121/2096 6827/6118/2096
f 6830/6121/2096 6831/6122/2096 6827/6118/2096
f 6831/6122/2096 6832/6123/2096 6827/6118/2096
f 6827/6118/2096 6833/6124/2096 6824/6115/2096
f 6833/6124/2096 6834/6125/2096 6824/6115/2096
f 6834/6125/2096 6833/6124/2096 6835/6126/2096
f 6833/6124/2096 6836/6127/2096 6835/6126/2096
f 6836/6127/2096 6837/6128/2096 6835/6126/2096
f 6837/6128/2096 6838/6129/2096 6835/6126/2096
f 6837/6128/2096 6839/6130/2096 6838/6129/2096
f 6839/6130/2096 6840/6131/2096 6838/6129/2096
f 6839/6130/2096 6841/6132/2096 6840/6131/2096
f 6841/6132/2096 6842/6133/2096 6840/6131/2096
f 6841/6132/2096 6843/6134/2096 6842/6133/2096
f 6846/6135/2097 6845/6136/2098 6844/6137/2097
f 6845/6136/2098 6847/6138/2098 6844/6137/2097
f 6845/6136/2098 6848/6139/2099 6847/6138/2098
f 6848/6139/2099 6849/6140/2099 6847/6138/2098
f 6852/6141/2100 6851/6142/2100 6850/6143/2101
f 6853/6144/2101 6852/6141/2100 6850/6143/2101
f 6853/6144/2101 6850/6143/2101 6854/6145/2102
f 6855/6146/2102 6853/6144/2101 6854/6145/2102
f 6855/6146/2102 6854/6145/2102 6856/6147/2103
f 6857/6148/2103 6855/6146/2102 6856/6147/2103
f 6860/6135/2104 6859/6137/2104 6858/6149/2105
f 6861/6150/2105 6860/6135/2104 6858/6149/2105
f 6861/6150/2105 6858/6149/2105 6862/6151/2106
f 6863/6152/2106 6861/6150/2105 6862/6151/2106
f 6863/6152/2106 6862/6151/2106 6864/6153/2107
f 6865/6154/2108 6863/6152/2106 6864/6153/2107
f 6865/6154/2107 6864/6153/2108 6866/6155/2109
f 6867/6156/2109 6865/6154/2107 6866/6155/2109
f 6867/6156/2109 6866/6155/2109 6868/6157/2110
f 6869/6158/2110 6867/6156/2109 6868/6157/2110
f 6872/6159/2111 6871/6160/2111 6870/6161/2112
f 6873/6162/2112 6872/6159/2111 6870/6161/2112
f 6873/6162/2112 6870/6161/2112 6874/6163/2113
f 6875/6164/2113 6873/6162/2112 6874/6163/2113
f 6875/6164/2113 6874/6163/2113 6876/6165/2114
f 6877/6166/2114 6875/6164/2113 6876/6165/2114
f 6877/6166/2114 6876/6165/2114 6878/6167/2115
f 6879/6168/2115 6877/6166/2114 6878/6167/2115
f 6882/6169/2116 6881/6170/2116 6880/6171/2116
f 6883/6172/2116 6882/6169/2116 6880/6171/2116
f 6886/6173/2117 6885/6174/2118 6884/6175/2117
f 6885/6174/2118 6887/6176/2118 6884/6175/2117
f 6885/6174/2118 6888/6177/2119 6887/6176/2118
f 6888/6177/2119 6889/6178/2119 6887/6176/2118
f 6892/6173/2120 6891/6175/2120 6890/6179/2121
f 6893/6180/2121 6892/6173/2120 6890/6179/2121
f 6893/6180/2121 6890/6179/2121 6894/6181/2122
f 6895/6182/2122 6893/6180/2121 6894/6181/2122
f 6895/6182/2122 6894/6181/2122 6896/6183/2123
f 6897/6184/2123 6895/6182/2124 6896/6183/2123
f 6897/6184/2123 6896/6183/2123 6898/6185/2125
f 6899/6186/2125 6897/6184/2123 6898/6185/2125
f 6899/6186/2125 6898/6185/2125 6900/6187/2126
f 6901/6188/2126 6899/6186/2125 6900/6187/2126
f 6901/6188/2127 6900/6187/2127 6902/6189/2128
f 6903/6190/2128 6901/6188/2127 6902/6189/2128
f 6903/6190/2129 6902/6189/2128 6904/6191/2130
f 6905/6192/2130 6903/6190/2128 6904/6191/2130
f 6905/6192/2130 6904/6191/2130 6906/6193/2131
f 6907/6194/2131 6905/6192/2130 6906/6193/2131
f 6910/6195/2132 6909/6196/2132 6908/6197/2133
f 6911/6198/2133 6910/6195/2134 6908/6197/2133
f 6911/6198/2133 6908/6197/2133 6912/6199/2135
f 6913/6200/2135 6911/6198/2133 6912/6199/2135
f 6913/6200/2135 6912/6199/2135 6914/6201/2136
f 6915/6202/2136 6913/6200/2135 6914/6201/2136
f 6915/6202/2136 6914/6201/2136 6916/6203/2137
f 6917/6204/2137 6915/6202/2136 6916/6203/2137
f 6917/6204/2137 6916/6203/2137 6918/6205/2138
f 6919/6206/2138 6917/6204/2137 6918/6205/2138
f 6919/6206/2139 6918/6205/2139 6920/6207/2140
f 6921/6208/2140 6919/6206/2138 6920/6207/2140
f 6921/6208/2140 6920/6207/2140 6922/6209/2141
f 6923/6210/2141 6921/6208/2140 6922/6209/2141
f 6923/6210/2141 6922/6209/2141 6924/6211/2142
f 6925/6212/2142 6923/6210/2141 6924/6211/2142
f 6928/6195/2143 6927/6213/2144 6926/6196/2134
f 6927/6213/2144 6929/6214/2144 6926/6196/2132
f 6927/6213/2144 6930/6215/2145 6929/6214/2144
f 6930/6215/2145 6931/6216/2145 6929/6214/2144
f 6930/6215/2145 6932/6158/2146 6931/6216/2145
f 6932/6158/2146 6933/6157/2146 6931/6216/2145
f 6936/6141/2147 6935/6217/2148 6934/6142/2147
f 6935/6217/2148 6937/6218/2148 6934/6142/2147
f 6935/6217/2148 6938/6219/2149 6937/6218/2148
f 6938/6219/2149 6939/6220/2149 6937/6218/2148
f 6938/6219/2149 6940/6221/2150 6939/6220/2149
f 6940/6221/2150 6941/6222/2150 6939/6220/2149
f 6940/6221/2151 6942/6223/2152 6941/6222/2151
f 6942/6223/2152 6943/6224/2152 6941/6222/2151
f 6942/6223/2152 6944/6225/2153 6943/6224/2152
f 6944/6225/2153 6945/6226/2153 6943/6224/2152
f 6944/6225/2153 6946/6227/2154 6945/6226/2153
f 6946/6227/2154 6947/6228/2154 6945/6226/2153
f 6946/6227/2154 6948/6229/2155 6947/6228/2154
f 6948/6229/2155 6949/6230/2155 6947/6228/2154
f 6948/6229/2156 6950/6231/2157 6949/6230/2156
f 6950/6231/2157 6951/6232/2157 6949/6230/2156
f 6954/6172/2158 6953/6171/2158 6952/6233/2159
f 6955/6234/2159 6954/6172/2158 6952/6233/2159
f 6955/6234/2160 6952/6233/2160 6956/6235/2161
f 6957/6236/2161 6955/6234/2160 6956/6235/2161
f 6957/6236/2162 6956/6235/2162 6958/6237/2163
f 6959/6238/2163 6957/6236/2162 6958/6237/2163
f 6959/6238/2164 6958/6237/2164 6960/6239/2165
f 6961/6240/2165 6959/6238/2164 6960/6239/2165
f 6961/6240/2165 6960/6239/2165 6962/6241/2166
f 6963/6242/2166 6961/6240/2165 6962/6241/2166
f 6963/6242/2166 6962/6241/2166 6964/6243/2167
f 6965/6244/2167 6963/6242/2166 6964/6243/2167
f 6965/6244/2167 6964/6243/2167 6966/6178/2168
f 6967/6177/2168 6965/6244/2167 6966/6178/2168
f 6970/6139/2169 6969/6245/2170 6968/6140/2169
f 6969/6245/2170 6971/6246/2170 6968/6140/2169
f 6969/6245/2170 6972/6247/2171 6971/6246/2170
f 6972/6247/2171 6973/6248/2171 6971/6246/2170
f 6972/6247/2172 6974/6249/2173 6973/6248/2172
f 6974/6249/2173 6975/6250/2173 6973/6248/2172
f 6978/6159/2174 6977/6251/2175 6976/6160/2174
f 6977/6251/2175 6979/6252/2175 6976/6160/2174
f 6977/6251/2175 6980/6253/2176 6979/6252/2175
f 6980/6253/2176 6981/6254/2176 6979/6252/2175
f 6980/6253/2176 6982/6255/2177 6981/6254/2176
f 6982/6255/2177 6983/6256/2177 6981/6254/2176
f 6982/6255/2177 6984/6257/2178 6983/6256/2177
f 6984/6257/2178 6985/6258/2178 6983/6256/2177
f 6984/6257/2178 6986/6259/2093 6985/6258/2178
f 6986/6259/2093 6987/6260/2093 6985/6258/2178
f 6990/6261/2179 6989/6262/2179 6988/6263/2180
f 6991/6264/2180 6990/6261/2179 6988/6263/2180
f 6991/6264/2180 6988/6263/2180 6992/6265/2181
f 6993/6266/2181 6991/6264/2180 6992/6265/2181
f 6993/6266/2182 6992/6265/2182 6994/6267/2183
f 6995/6268/2183 6993/6266/2182 6994/6267/2183
f 6995/6268/2184 6994/6267/2184 6996/6269/2185
f 6997/6270/2185 6995/6268/2184 6996/6269/2185
f 6997/6270/2185 6996/6269/2185 6998/6271/2186
f 6999/6272/2186 6997/6270/2185 6998/6271/2186
f 6999/6272/2186 6998/6271/2186 7000/6273/2187
f 7001/6274/2187 6999/6272/2186 7000/6273/2187
f 7001/6274/2188 7000/6273/2188 7002/6275/2189
f 7003/6276/2189 7001/6274/2188 7002/6275/2189
f 7003/6276/2189 7002/6275/2189 7004/6277/2190
f 7005/6278/2190 7003/6276/2189 7004/6277/2190
f 7005/6278/2191 7004/6277/2191 7006/6279/2192
f 7007/6280/2192 7005/6278/2191 7006/6279/2192
f 7007/6280/2193 7006/6279/2193 7008/6281/2194
f 7009/6282/2194 7007/6280/2193 7008/6281/2194
f 7009/6282/2194 7008/6281/2194 7010/6283/2195
f 7011/6284/2195 7009/6282/2194 7010/6283/2195
f 7014/6261/2196 7013/6285/2197 7012/6262/2196
f 7013/6285/2197 7015/6286/2197 7012/6262/2196
f 7013/6285/2198 7016/6287/2199 7015/6286/2198
f 7016/6287/2199 7017/6288/2199 7015/6286/2198
f 7016/6287/2199 7018/6289/2200 7017/6288/2199
f 7018/6289/2200 7019/6290/2200 7017/6288/2199
f 7018/6289/2201 7020/6291/2202 7019/6290/2201
f 7020/6291/2202 7021/6292/2202 7019/6290/2201
f 7020/6291/2202 7022/6293/2203 7021/6292/2202
f 7022/6293/2203 7023/6294/2203 7021/6292/2202
f 7026/6295/2204 7025/6296/2205 7024/6297/2204
f 7025/6296/2205 7027/6298/2205 7024/6297/2204
f 7025/6296/2205 7028/6299/2206 7027/6298/2205
f 7028/6299/2206 7029/6300/2207 7027/6298/2205
f 7028/6299/2208 7030/6301/2209 7029/6300/2208
f 7030/6301/2209 7031/6302/2209 7029/6300/2206
f 7030/6301/2209 7032/6303/2210 7031/6302/2209
f 7032/6303/2210 7033/6304/2210 7031/6302/2209
f 7032/6303/2210 7034/6305/2211 7033/6304/2210
f 7034/6305/2211 7035/6306/2211 7033/6304/2210
f 7034/6305/2212 7036/6307/2213 7035/6306/2211
f 7036/6307/2213 7037/6308/2213 7035/6306/2211
f 7036/6307/2213 7038/6309/2214 7037/6308/2213
f 7038/6309/2214 7039/6310/2214 7037/6308/2213
f 7038/6309/2214 7040/6311/2215 7039/6310/2214
f 7040/6311/2215 7041/6312/2215 7039/6310/2214
f 7040/6311/2216 7042/6313/2217 7041/6312/2216
f 7042/6313/2217 7043/6314/2217 7041/6312/2216
f 7042/6313/2217 7044/6315/2218 7043/6314/2217
f 7044/6315/2218 7045/6316/2219 7043/6314/2217
f 7048/6317/2220 7047/6318/2220 7046/6319/2221
f 7049/6320/2221 7048/6317/2220 7046/6319/2221
f 7049/6320/2221 7046/6319/2221 7050/6321/2222
f 7051/6322/2222 7049/6320/2221 7050/6321/2222
f 7051/6322/2222 7050/6321/2223 7052/6323/2224
f 7053/6324/2224 7051/6322/2222 7052/6323/2224
f 7053/6324/2224 7052/6323/2224 7054/6325/2225
f 7055/6326/2226 7053/6324/2224 7054/6325/2225
f 7058/6327/2227 7057/6328/2227 7056/6329/2228
f 7059/6330/2229 7058/6327/2227 7056/6329/2229
f 7059/6330/2228 7056/6329/2228 7060/6331/2230
f 7061/6332/2230 7059/6330/2229 7060/6331/2230
f 7061/6332/2230 7060/6331/2230 7062/6333/2231
f 7063/6334/2231 7061/6332/2230 7062/6333/2231
f 7063/6334/2231 7062/6333/2231 7064/6335/2232
f 7065/6336/2232 7063/6334/2231 7064/6335/2232
f 7065/6336/2233 7064/6335/2233 7066/6337/2234
f 7067/6338/2234 7065/6336/2233 7066/6337/2234
f 7067/6338/2234 7066/6337/2234 7068/6339/2235
f 7069/6340/2236 7067/6338/2234 7068/6339/2236
f 7069/6340/2235 7068/6339/2235 7070/6341/2237
f 7071/6342/2237 7069/6340/2235 7070/6341/2237
f 7071/6342/2237 7070/6341/2237 7072/6343/2238
f 7073/6344/2239 7071/6342/2237 7072/6343/2239
f 7073/6344/2239 7072/6343/2239 7074/6345/2240
f 7075/6346/2240 7073/6344/2239 7074/6345/2240
f 7075/6346/2241 7074/6345/2241 7076/6347/2242
f 7077/6348/2242 7075/6346/2241 7076/6347/2242
f 7077/6348/2242 7076/6347/2242 7078/6349/2243
f 7079/6350/2243 7077/6348/2242 7078/6349/2243
f 7079/6350/2243 7078/6349/2243 7080/6351/2244
f 7081/6352/2244 7079/6350/2243 7080/6351/2244
f 7081/6352/2244 7080/6351/2244 7082/6353/2245
f 7083/6354/2245 7081/6352/2244 7082/6353/2245
f 7083/6354/2245 7082/6353/2245 7084/6355/2246
f 7085/6356/2246 7083/6354/2245 7084/6355/2246
f 7088/6317/2247 7087/6357/2248 7086/6318/2247
f 7087/6357/2248 7089/6358/2248 7086/6318/2247
f 7087/6357/2248 7090/6359/2249 7089/6358/2248
f 7090/6359/2249 7091/6360/2249 7089/6358/2248
f 7090/6359/2249 7092/6361/2250 7091/6360/2249
f 7092/6361/2250 7093/6362/2250 7091/6360/2249
f 7092/6361/2250 7094/6363/2251 7093/6362/2250
f 7094/6363/2251 7095/6364/2251 7093/6362/2250
f 7094/6363/2251 7096/6365/2252 7095/6364/2251
f 7096/6365/2252 7097/6366/2252 7095/6364/2251
f 7100/6327/2253 7099/6367/2254 7098/6328/2253
f 7099/6367/2254 7101/6368/2254 7098/6328/2253
f 7099/6367/2255 7102/6369/2256 7101/6368/2255
f 7102/6369/2256 7103/6370/2256 7101/6368/2255
f 7102/6369/2256 7104/6371/2257 7103/6370/2256
f 7104/6371/2257 7105/6372/2257 7103/6370/2256
f 7104/6371/2257 7106/6373/2258 7105/6372/2257
f 7106/6373/2258 7107/6374/2258 7105/6372/2257
f 7106/6373/2258 7108/6375/2259 7107/6374/2258
f 7108/6375/2259 7109/6376/2260 7107/6374/2258
f 7108/6375/2259 7110/6377/2261 7109/6376/2259
f 7110/6377/2261 7111/6378/2261 7109/6376/2259
f 7110/6377/2261 7112/6379/2262 7111/6378/2261
f 7112/6379/2262 7113/6380/2262 7111/6378/2261
f 7112/6379/2263 7114/6381/2264 7113/6380/2263
f 7114/6381/2264 7115/6382/2264 7113/6380/2263
f 7114/6381/2264 7116/6383/2265 7115/6382/2264
f 7116/6383/2265 7117/6384/2265 7115/6382/2264
f 7116/6383/2265 7118/6385/2266 7117/6384/2265
f 7118/6385/2266 7119/6386/2266 7117/6384/2265
f 7118/6385/2267 7120/6387/2268 7119/6386/2267
f 7120/6387/2269 7121/6388/2269 7119/6386/2267
f 7120/6387/2268 7122/6389/2270 7121/6388/2268
f 7122/6389/2270 7123/6390/2270 7121/6388/2268
f 7126/6295/2271 7125/6297/2271 7124/6391/2272
f 7127/6392/2272 7126/6295/2271 7124/6391/2272
f 7127/6392/2272 7124/6391/2272 7128/6294/2273
f 7129/6293/2273 7127/6392/2272 7128/6294/2273
f 7132/6231/2274 7131/6393/2275 7130/6232/2274
f 7131/6393/2275 7133/6394/2275 7130/6232/2274
f 7131/6393/2276 7134/6395/2277 7133/6394/2276
f 7134/6395/2277 7135/6396/2277 7133/6394/2276
f 7134/6395/2277 7136/6397/2278 7135/6396/2277
f 7136/6397/2278 7137/6398/2279 7135/6396/2277
f 7136/6397/2278 7138/6399/2280 7137/6398/2278
f 7138/6399/2280 7139/6400/2280 7137/6398/2278
f 7138/6399/2280 7140/6401/2281 7139/6400/2280
f 7140/6401/2281 7141/6402/2281 7139/6400/2280
f 7140/6401/2282 7142/6403/2283 7141/6402/2284
f 7142/6403/2283 7143/6404/2283 7141/6402/2284
f 7142/6403/2285 7144/6168/2115 7143/6404/2285
f 7144/6168/2115 7145/6167/2115 7143/6404/2285
f 7148/5825/2094 7147/6405/2094 7146/5826/2093
f 7148/5825/2286 7149/6406/2287 7147/6405/2286
f 7149/6406/2287 7150/6407/2287 7147/6405/2286
f 7149/6406/2288 7151/6408/2289 7150/6407/2288
f 7151/6408/2289 7152/6409/2289 7150/6407/2288
f 7151/6408/2289 7153/6410/2290 7152/6409/2289
f 7153/6410/2290 7154/6411/2290 7152/6409/2289
f 7153/6410/2290 7155/6412/2291 7154/6411/2290
f 7155/6412/2291 7156/6413/2291 7154/6411/2290
f 7155/6412/2292 7157/6414/2293 7156/6413/2292
f 7157/6414/2293 7158/6415/2293 7156/6413/2292
f 7157/6414/2293 7159/6284/2294 7158/6415/2293
f 7159/6284/2294 7160/6283/2294 7158/6415/2293
f 7163/6326/2295 7162/6325/2295 7161/6416/2296
f 7164/6417/2296 7163/6326/2295 7161/6416/2296
f 7164/6417/2296 7161/6416/2296 7165/6418/2297
f 7166/6419/2297 7164/6417/2296 7165/6418/2297
f 7169/6419/2297 7168/6418/2297 7167/6420/2298
f 7170/6421/2299 7169/6419/2297 7167/6420/2298
f 7173/6422/2300 7172/6423/2300 7171/6424/2301
f 7174/6425/2301 7173/6422/2300 7171/6424/2301
f 7174/6425/2301 7171/6424/2301 7175/6426/2302
f 7176/6427/2302 7174/6425/2301 7175/6426/2302
f 7176/6427/2302 7175/6426/2302 7177/6428/2303
f 7178/6429/2303 7176/6427/2302 7177/6428/2303
f 7181/6365/2304 7180/6430/2305 7179/6366/2304
f 7180/6430/2305 7182/6431/2305 7179/6366/2304
f 7180/6430/2305 7183/6432/2306 7182/6431/2305
f 7183/6432/2306 7184/6433/2306 7182/6431/2305
f 7183/6432/2307 7185/6434/2308 7184/6433/2307
f 7185/6434/2308 7186/6435/2308 7184/6433/2307
f 7185/6434/2308 7187/6436/2309 7186/6435/2308
f 7187/6436/2309 7188/6437/2309 7186/6435/2308
f 7187/6436/2310 7189/6438/2311 7188/6437/2310
f 7189/6438/2311 7190/6439/2311 7188/6437/2310
f 7189/6438/2311 7191/6440/2312 7190/6439/2311
f 7191/6440/2312 7192/6441/2312 7190/6439/2311
f 7195/6356/2313 7194/6355/2313 7193/6442/2314
f 7196/6443/2314 7195/6356/2313 7193/6442/2314
f 7196/6443/2315 7193/6442/2315 7197/6444/2146
f 7198/6445/2146 7196/6443/2315 7197/6444/2146
f 7201/6429/2316 7200/6428/2316 7199/6446/2317
f 7202/6447/2317 7201/6429/2316 7199/6446/2317
f 7205/6447/2317 7204/6446/2317 7203/6448/2318
f 7206/6449/2318 7205/6447/2317 7203/6448/2318
f 7206/6449/2318 7203/6448/2318 7207/6441/2312
f 7208/6440/2312 7206/6449/2318 7207/6441/2312
f 7209/6450/2096 6738/6029/2096 6721/6012/2096
f 7209/6450/2096 6721/6012/2096 6774/6065/2096
f 7210/6451/2096 7209/6450/2096 6774/6065/2096
f 7211/6452/2096 7210/6451/2096 6774/6065/2096
f 7212/6453/2096 7211/6452/2096 6774/6065/2096
f 7213/6454/2096 7212/6453/2096 6774/6065/2096
f 7214/6455/2096 7213/6454/2096 6774/6065/2096
f 6777/6068/2096 7214/6455/2096 6774/6065/2096
